strike,oi_c,oi_p,vol_c,vol_p,oi_net,vol_net,gex,vex,dex,inv_gex,inv_vex_call,inv_vex_put,inv_net
29980.0,29970.0,29960.0,29950.0,29940.0,10.0,10.0,1.2664506166875323e-05,1.2656181005136774e-05,-2995999.9999999986,1.451534895164893e-12,6.754799364460205e-11,-6.609645874943716e-11,59868.0
