Time,CallPremiumBuy,CallPremiumSell,PutPremiumBuy,PutPremiumSell,NetDeltaFlow,NetGammaFlow,NetCharmFlow,FlowVelocity,FlowAcceleration,FlowImbalance,FlowImbalance5m,FlowImbalance15m,FlowImbalanceCycle,CycleCallPremBuy,CyclePutPremBuy,CharmVelocity,CharmAcceleration,GammaRegime,DealerState,Regime,Confidence,Bias,Risk,BullishScore,BearishScore,VolatilityScore,SqueezeScore,PanicScore,BullishScoreRaw,BearishScoreRaw,Events,MaxCallFlowStrike,MaxPutFlowStrike,SPOT,DealerRegime,DealerRegimeConf,DealerRegimeTrans,LongScore,ShortScore,TradeBias,TradeConfidence
2026-07-22 17:44:00,0.0,0.0,0.0,0.0,0.0,0.0,0.0,0.0,0.0,0.0,0.0,0.0,0.0,0,0,0.0,0.0,NEGATIVE,SHORT_GAMMA,DEALER_SHORT_GAMMA,0.39,BEARISH,LOW,0.0,35.0,30.0,0.0,15.0,0.0,35.0,,0.0,0.0,745.47,LONG_GAMMA_PINNING,0.0,0.0,35.1,35.1,NEUTRAL,0.0
2026-07-22 17:45:00,0.0,0.0,0.0,0.0,0.0,0.0,0.0,0.0,0.0,0.0,0.0,0.0,0.0,0.0,0.0,0.0,0.0,NEGATIVE,SHORT_GAMMA,DEALER_SHORT_GAMMA,0.39,BEARISH,LOW,0.0,35.0,30.0,0.0,15.0,0.0,35.0,,0.0,0.0,745.47,CHARM_DOMINATED,40.6,0.0,39.7,42.2,NEUTRAL,5.0
2026-07-22 17:46:00,0.0,0.0,0.0,0.0,0.0,0.0,0.0,0.0,0.0,0.0,0.0,0.0,0.0,0.0,0.0,0.0,0.0,NEGATIVE,SHORT_GAMMA,DEALER_SHORT_GAMMA,0.39,BEARISH,LOW,0.0,35.0,30.0,0.0,15.0,0.0,35.0,,0.0,0.0,745.42,CHARM_DOMINATED,40.7,0.178,39.7,42.2,NEUTRAL,5.0
2026-07-22 17:47:00,0.0,0.0,0.0,0.0,0.0,0.0,0.0,0.0,0.0,0.0,0.0,0.0,0.0,0.0,0.0,0.0,0.0,NEGATIVE,SHORT_GAMMA,DEALER_SHORT_GAMMA,0.39,BEARISH,LOW,0.0,35.0,30.0,0.0,15.0,0.0,35.0,,0.0,0.0,745.5,CHARM_DOMINATED,40.9,0.177,39.8,42.2,NEUTRAL,4.8
2026-07-22 17:48:00,0.0,0.0,0.0,0.0,0.0,0.0,0.0,0.0,0.0,0.0,0.0,0.0,0.0,0.0,0.0,0.0,0.0,NEGATIVE,SHORT_GAMMA,DEALER_SHORT_GAMMA,0.39,BEARISH,LOW,0.0,35.0,30.0,0.0,15.0,0.0,35.0,,0.0,0.0,745.49,CHARM_DOMINATED,40.9,0.177,39.8,42.2,NEUTRAL,4.8
2026-07-22 17:49:00,0.0,0.0,0.0,0.0,0.0,0.0,0.0,0.0,0.0,0.0,0.0,0.0,0.0,0.0,0.0,0.0,0.0,NEGATIVE,SHORT_GAMMA,DEALER_SHORT_GAMMA,0.39,BEARISH,LOW,0.0,35.0,30.0,0.0,15.0,0.0,35.0,,0.0,0.0,745.57,CHARM_DOMINATED,41.0,0.177,39.8,42.3,NEUTRAL,5.0
2026-07-22 17:50:00,0.0,0.0,0.0,0.0,0.0,0.0,0.0,0.0,0.0,0.0,0.0,0.0,0.0,0.0,0.0,0.0,0.0,NEGATIVE,SHORT_GAMMA,DEALER_LONG_GAMMA,0.33,NEUTRAL,LOW,5.2,29.8,30.0,0.0,15.0,15.0,20.0,,0.0,0.0,745.77,CHARM_DOMINATED,41.0,0.177,42.2,39.8,NEUTRAL,4.8
2026-07-22 17:51:00,0.0,0.0,0.0,0.0,0.0,0.0,0.0,0.0,0.0,0.0,0.0,0.0,0.0,0.0,0.0,0.0,0.0,NEGATIVE,SHORT_GAMMA,DEALER_LONG_GAMMA,0.33,NEUTRAL,LOW,8.6,26.4,30.0,0.0,15.0,15.0,20.0,,0.0,0.0,745.8,CHARM_DOMINATED,41.0,0.177,42.2,39.8,NEUTRAL,4.8
2026-07-22 17:52:00,0.0,0.0,0.0,0.0,0.0,0.0,0.0,0.0,0.0,0.0,0.0,0.0,0.0,0.0,0.0,0.0,0.0,NEGATIVE,SHORT_GAMMA,DEALER_LONG_GAMMA,0.33,NEUTRAL,LOW,10.8,24.2,30.0,0.0,15.0,15.0,20.0,,0.0,0.0,745.92,CHARM_DOMINATED,41.0,0.177,39.8,42.3,NEUTRAL,5.0
2026-07-22 17:53:00,0.0,0.0,0.0,0.0,0.0,0.0,0.0,0.0,0.0,0.0,0.0,0.0,0.0,0.0,0.0,0.0,0.0,NEGATIVE,SHORT_GAMMA,DEALER_SHORT_GAMMA,0.39,BEARISH,LOW,7.0,28.0,30.0,0.0,15.0,0.0,35.0,,0.0,0.0,745.97,CHARM_DOMINATED,41.0,0.177,39.8,42.3,NEUTRAL,5.0
2026-07-22 17:54:00,0.0,0.0,0.0,0.0,0.0,0.0,0.0,0.0,0.0,0.0,0.0,0.0,0.0,0.0,0.0,0.0,0.0,NEGATIVE,SHORT_GAMMA,DEALER_SHORT_GAMMA,0.39,BEARISH,LOW,4.5,30.4,30.0,0.0,15.0,0.0,35.0,,0.0,0.0,746.0,CHARM_DOMINATED,41.2,0.176,39.8,42.3,NEUTRAL,5.0
2026-07-22 17:55:00,0.0,0.0,0.0,0.0,0.0,0.0,0.0,0.0,0.0,0.0,0.0,0.0,0.0,0.0,0.0,0.0,0.0,NEGATIVE,SHORT_GAMMA,DEALER_SHORT_GAMMA,0.39,BEARISH,LOW,2.9,32.0,30.0,0.0,15.0,0.0,35.0,,0.0,0.0,746.02,CHARM_DOMINATED,41.2,0.176,39.8,42.3,NEUTRAL,5.0
2026-07-22 17:56:00,0.0,0.0,0.0,0.0,0.0,0.0,0.0,0.0,0.0,0.0,0.0,0.0,0.0,0.0,0.0,0.0,0.0,NEGATIVE,SHORT_GAMMA,DEALER_SHORT_GAMMA,0.39,BEARISH,LOW,1.9,33.0,30.0,0.0,15.0,0.0,35.0,,0.0,0.0,746.11,CHARM_DOMINATED,41.2,0.176,39.8,42.3,NEUTRAL,5.0
2026-07-22 17:57:00,0.0,0.0,0.0,0.0,0.0,0.0,0.0,0.0,0.0,0.0,0.0,0.0,0.0,0.0,0.0,0.0,0.0,NEGATIVE,SHORT_GAMMA,DEALER_SHORT_GAMMA,0.39,BEARISH,LOW,1.2,33.7,30.0,0.0,15.0,0.0,35.0,,0.0,0.0,746.13,CHARM_DOMINATED,41.2,0.176,39.8,42.3,NEUTRAL,5.0
2026-07-22 17:58:00,0.0,0.0,0.0,0.0,0.0,0.0,0.0,0.0,0.0,0.0,0.0,0.0,0.0,0.0,0.0,0.0,0.0,NEGATIVE,SHORT_GAMMA,DEALER_SHORT_GAMMA,0.39,BEARISH,LOW,0.8,34.2,30.0,0.0,15.0,0.0,35.0,,0.0,0.0,746.06,CHARM_DOMINATED,41.2,0.176,39.8,42.3,NEUTRAL,5.0
2026-07-22 17:59:00,0.0,0.0,0.0,0.0,0.0,0.0,0.0,0.0,0.0,0.0,0.0,0.0,0.0,0.0,0.0,0.0,0.0,NEGATIVE,SHORT_GAMMA,DEALER_LONG_GAMMA,0.33,NEUTRAL,LOW,5.8,29.2,30.0,0.0,15.0,15.0,20.0,,0.0,0.0,745.99,CHARM_DOMINATED,41.2,0.176,38.7,42.3,NEUTRAL,7.2
2026-07-22 18:00:00,0.0,0.0,0.0,0.0,0.0,0.0,0.0,0.0,0.0,0.0,0.0,0.0,0.0,0.0,0.0,0.0,0.0,NEGATIVE,SHORT_GAMMA,DEALER_LONG_GAMMA,0.33,NEUTRAL,LOW,9.0,26.0,30.0,0.0,15.0,15.0,20.0,,0.0,0.0,745.93,CHARM_DOMINATED,41.2,0.176,38.7,42.3,NEUTRAL,7.2
2026-07-22 18:01:00,0.0,0.0,0.0,0.0,0.0,0.0,0.0,0.0,0.0,0.0,0.0,0.0,0.0,0.0,0.0,0.0,0.0,NEGATIVE,SHORT_GAMMA,DEALER_LONG_GAMMA,0.33,NEUTRAL,LOW,11.1,23.9,30.0,0.0,15.0,15.0,20.0,,0.0,0.0,745.93,CHARM_DOMINATED,41.2,0.176,39.8,42.3,NEUTRAL,5.0
2026-07-22 18:02:00,0.0,0.0,0.0,0.0,0.0,0.0,0.0,0.0,0.0,0.0,0.0,0.0,0.0,0.0,0.0,0.0,0.0,NEGATIVE,SHORT_GAMMA,DEALER_LONG_GAMMA,0.33,NEUTRAL,LOW,12.5,22.5,30.0,0.0,15.0,15.0,20.0,,0.0,0.0,745.78,CHARM_DOMINATED,41.2,0.176,42.3,39.8,NEUTRAL,5.0
2026-07-22 18:03:00,0.0,0.0,0.0,0.0,0.0,0.0,0.0,0.0,0.0,0.0,0.0,0.0,0.0,0.0,0.0,0.0,0.0,NEGATIVE,SHORT_GAMMA,DEALER_SHORT_GAMMA,0.39,BEARISH,LOW,8.1,26.9,30.0,0.0,15.0,0.0,35.0,,0.0,0.0,745.87,CHARM_DOMINATED,41.2,0.176,39.8,42.3,NEUTRAL,5.0
2026-07-22 18:04:00,0.0,0.0,0.0,0.0,0.0,0.0,0.0,0.0,0.0,0.0,0.0,0.0,0.0,0.0,0.0,0.0,0.0,NEGATIVE,SHORT_GAMMA,DEALER_SHORT_GAMMA,0.39,BEARISH,LOW,5.3,29.7,30.0,0.0,15.0,0.0,35.0,,0.0,0.0,745.75,CHARM_DOMINATED,41.2,0.176,42.3,39.8,NEUTRAL,5.0
2026-07-22 18:05:00,0.0,0.0,0.0,0.0,0.0,0.0,0.0,0.0,0.0,0.0,0.0,0.0,0.0,0.0,0.0,0.0,0.0,NEGATIVE,SHORT_GAMMA,DEALER_SHORT_GAMMA,0.39,BEARISH,LOW,3.4,31.6,30.0,0.0,15.0,0.0,35.0,,0.0,0.0,745.64,CHARM_DOMINATED,41.3,0.176,39.8,42.3,NEUTRAL,5.0
2026-07-22 18:06:00,0.0,0.0,0.0,0.0,0.0,0.0,0.0,0.0,0.0,0.0,0.0,0.0,0.0,0.0,0.0,0.0,0.0,NEGATIVE,SHORT_GAMMA,DEALER_SHORT_GAMMA,0.39,BEARISH,LOW,2.2,32.8,30.0,0.0,15.0,0.0,35.0,,0.0,0.0,745.54,CHARM_DOMINATED,41.3,0.176,39.8,42.3,NEUTRAL,5.0
2026-07-22 18:07:00,0.0,0.0,0.0,0.0,0.0,0.0,0.0,0.0,0.0,0.0,0.0,0.0,0.0,0.0,0.0,0.0,0.0,NEGATIVE,SHORT_GAMMA,DEALER_SHORT_GAMMA,0.39,BEARISH,LOW,1.4,33.6,30.0,0.0,15.0,0.0,35.0,,0.0,0.0,745.59,CHARM_DOMINATED,41.3,0.176,39.8,42.3,NEUTRAL,5.0
2026-07-22 18:08:00,0.0,0.0,0.0,0.0,0.0,0.0,0.0,0.0,0.0,0.0,0.0,0.0,0.0,0.0,0.0,0.0,0.0,NEGATIVE,SHORT_GAMMA,DEALER_LONG_GAMMA,0.33,NEUTRAL,LOW,6.2,28.8,30.0,0.0,15.0,15.0,20.0,,0.0,0.0,745.61,CHARM_DOMINATED,41.3,0.176,39.8,42.3,NEUTRAL,5.0
2026-07-22 18:09:00,0.0,0.0,0.0,0.0,0.0,0.0,0.0,0.0,0.0,0.0,0.0,0.0,0.0,0.0,0.0,0.0,0.0,NEGATIVE,SHORT_GAMMA,DEALER_SHORT_GAMMA,0.39,BEARISH,LOW,4.0,31.0,30.0,0.0,15.0,0.0,35.0,,0.0,0.0,745.65,CHARM_DOMINATED,41.3,0.176,39.8,42.3,NEUTRAL,5.0
2026-07-22 18:10:00,0.0,0.0,0.0,0.0,0.0,0.0,0.0,0.0,0.0,0.0,0.0,0.0,0.0,0.0,0.0,0.0,0.0,NEGATIVE,SHORT_GAMMA,DEALER_LONG_GAMMA,0.33,NEUTRAL,LOW,7.8,27.2,30.0,0.0,15.0,15.0,20.0,,0.0,0.0,745.58,CHARM_DOMINATED,41.3,0.176,39.8,42.3,NEUTRAL,5.0
2026-07-22 18:11:00,0.0,0.0,0.0,0.0,0.0,0.0,0.0,0.0,0.0,0.0,0.0,0.0,0.0,0.0,0.0,0.0,0.0,NEGATIVE,SHORT_GAMMA,DEALER_LONG_GAMMA,0.33,NEUTRAL,LOW,10.3,24.7,30.0,0.0,15.0,15.0,20.0,,0.0,0.0,745.69,CHARM_DOMINATED,41.3,0.176,42.3,39.8,NEUTRAL,5.0
2026-07-22 18:12:00,0.0,0.0,0.0,0.0,0.0,0.0,0.0,0.0,0.0,0.0,0.0,0.0,0.0,0.0,0.0,0.0,0.0,NEGATIVE,SHORT_GAMMA,DEALER_LONG_GAMMA,0.33,NEUTRAL,LOW,11.9,23.1,30.0,0.0,15.0,15.0,20.0,,0.0,0.0,745.67,CHARM_DOMINATED,41.3,0.176,39.8,42.3,NEUTRAL,5.0
2026-07-22 18:13:00,0.0,0.0,0.0,0.0,0.0,0.0,0.0,0.0,0.0,0.0,0.0,0.0,0.0,0.0,0.0,0.0,0.0,NEGATIVE,SHORT_GAMMA,DEALER_LONG_GAMMA,0.33,NEUTRAL,LOW,13.0,22.0,30.0,0.0,15.0,15.0,20.0,,0.0,0.0,745.81,CHARM_DOMINATED,41.3,0.176,42.3,39.8,NEUTRAL,5.0
2026-07-22 18:14:00,0.0,0.0,0.0,0.0,0.0,0.0,0.0,0.0,0.0,0.0,0.0,0.0,0.0,0.0,0.0,0.0,0.0,NEGATIVE,SHORT_GAMMA,DEALER_LONG_GAMMA,0.33,NEUTRAL,LOW,13.7,21.3,30.0,0.0,15.0,15.0,20.0,,0.0,0.0,745.87,CHARM_DOMINATED,41.3,0.176,39.8,42.3,NEUTRAL,5.0
2026-07-22 18:15:00,0.0,0.0,0.0,0.0,0.0,0.0,0.0,0.0,0.0,0.0,0.0,0.0,0.0,0.0,0.0,0.0,0.0,NEGATIVE,SHORT_GAMMA,DEALER_LONG_GAMMA,0.33,NEUTRAL,LOW,14.2,20.8,30.0,0.0,15.0,15.0,20.0,,0.0,0.0,745.83,CHARM_DOMINATED,41.3,0.176,42.3,39.8,NEUTRAL,5.0
2026-07-22 18:16:00,0.0,0.0,0.0,0.0,0.0,0.0,0.0,0.0,0.0,0.0,0.0,0.0,0.0,0.0,0.0,0.0,0.0,NEGATIVE,SHORT_GAMMA,DEALER_SHORT_GAMMA,0.39,BEARISH,LOW,9.2,25.8,30.0,0.0,15.0,0.0,35.0,,0.0,0.0,745.78,CHARM_DOMINATED,41.3,0.176,42.3,39.8,NEUTRAL,5.0
2026-07-22 18:17:00,0.0,0.0,0.0,0.0,0.0,0.0,0.0,0.0,0.0,0.0,0.0,0.0,0.0,0.0,0.0,0.0,0.0,NEGATIVE,SHORT_GAMMA,DEALER_SHORT_GAMMA,0.39,BEARISH,LOW,6.0,29.0,30.0,0.0,15.0,0.0,35.0,,0.0,0.0,745.69,CHARM_DOMINATED,41.3,0.176,42.3,39.8,NEUTRAL,5.0
2026-07-22 18:18:00,0.0,0.0,0.0,0.0,0.0,0.0,0.0,0.0,0.0,0.0,0.0,0.0,0.0,0.0,0.0,0.0,0.0,NEGATIVE,SHORT_GAMMA,DEALER_SHORT_GAMMA,0.39,BEARISH,LOW,3.9,31.1,30.0,0.0,15.0,0.0,35.0,,0.0,0.0,745.52,CHARM_DOMINATED,41.3,0.176,39.8,42.3,NEUTRAL,5.0
2026-07-22 18:19:00,0.0,0.0,0.0,0.0,0.0,0.0,0.0,0.0,0.0,0.0,0.0,0.0,0.0,0.0,0.0,0.0,0.0,NEGATIVE,SHORT_GAMMA,DEALER_SHORT_GAMMA,0.39,BEARISH,LOW,2.5,32.5,30.0,0.0,15.0,0.0,35.0,,0.0,0.0,745.57,CHARM_DOMINATED,41.3,0.176,39.8,42.3,NEUTRAL,5.0
2026-07-22 18:20:00,0.0,0.0,0.0,0.0,0.0,0.0,0.0,0.0,0.0,0.0,0.0,0.0,0.0,0.0,0.0,0.0,0.0,NEGATIVE,SHORT_GAMMA,DEALER_SHORT_GAMMA,0.39,BEARISH,LOW,1.6,33.4,30.0,0.0,15.0,0.0,35.0,,0.0,0.0,745.57,CHARM_DOMINATED,41.3,0.176,39.8,42.3,NEUTRAL,5.0
2026-07-22 18:21:00,0.0,0.0,0.0,0.0,0.0,0.0,0.0,0.0,0.0,0.0,0.0,0.0,0.0,0.0,0.0,0.0,0.0,NEGATIVE,SHORT_GAMMA,DEALER_SHORT_GAMMA,0.39,BEARISH,LOW,1.0,34.0,30.0,0.0,15.0,0.0,35.0,,0.0,0.0,745.59,CHARM_DOMINATED,41.3,0.176,39.8,42.3,NEUTRAL,5.0
2026-07-22 18:22:00,0.0,0.0,0.0,0.0,0.0,0.0,0.0,0.0,0.0,0.0,0.0,0.0,0.0,0.0,0.0,0.0,0.0,NEGATIVE,SHORT_GAMMA,DEALER_SHORT_GAMMA,0.39,BEARISH,LOW,0.7,34.4,30.0,0.0,15.0,0.0,35.0,,0.0,0.0,745.59,CHARM_DOMINATED,41.3,0.176,39.8,42.3,NEUTRAL,5.0
2026-07-22 18:23:00,0.0,0.0,0.0,0.0,0.0,0.0,0.0,0.0,0.0,0.0,0.0,0.0,0.0,0.0,0.0,0.0,0.0,NEGATIVE,SHORT_GAMMA,DEALER_SHORT_GAMMA,0.39,BEARISH,LOW,0.5,34.6,30.0,0.0,15.0,0.0,35.0,,0.0,0.0,745.57,CHARM_DOMINATED,41.3,0.176,39.8,42.3,NEUTRAL,5.0
2026-07-22 18:24:00,0.0,0.0,0.0,0.0,0.0,0.0,0.0,0.0,0.0,0.0,0.0,0.0,0.0,0.0,0.0,0.0,0.0,NEGATIVE,SHORT_GAMMA,DEALER_SHORT_GAMMA,0.39,BEARISH,LOW,0.3,34.7,30.0,0.0,15.0,0.0,35.0,,0.0,0.0,745.61,CHARM_DOMINATED,41.3,0.176,39.8,42.3,NEUTRAL,5.0
2026-07-22 18:25:00,0.0,0.0,0.0,0.0,0.0,0.0,0.0,0.0,0.0,0.0,0.0,0.0,0.0,0.0,0.0,0.0,0.0,NEGATIVE,SHORT_GAMMA,DEALER_LONG_GAMMA,0.33,NEUTRAL,LOW,5.4,29.6,30.0,0.0,15.0,15.0,20.0,,0.0,0.0,745.72,CHARM_DOMINATED,41.3,0.176,42.3,39.8,NEUTRAL,5.0
2026-07-22 18:26:00,0.0,0.0,0.0,0.0,0.0,0.0,0.0,0.0,0.0,0.0,0.0,0.0,0.0,0.0,0.0,0.0,0.0,NEGATIVE,SHORT_GAMMA,DEALER_LONG_GAMMA,0.33,NEUTRAL,LOW,8.8,26.2,30.0,0.0,15.0,15.0,20.0,,0.0,0.0,745.71,CHARM_DOMINATED,41.3,0.176,42.3,39.8,NEUTRAL,5.0
2026-07-22 18:27:00,0.0,0.0,0.0,0.0,0.0,0.0,0.0,0.0,0.0,0.0,0.0,0.0,0.0,0.0,0.0,0.0,0.0,NEGATIVE,SHORT_GAMMA,DEALER_LONG_GAMMA,0.33,NEUTRAL,LOW,11.0,24.0,30.0,0.0,15.0,15.0,20.0,,0.0,0.0,745.72,CHARM_DOMINATED,41.3,0.176,42.3,39.8,NEUTRAL,5.0
2026-07-22 18:28:00,0.0,0.0,0.0,0.0,0.0,0.0,0.0,0.0,0.0,0.0,0.0,0.0,0.0,0.0,0.0,0.0,0.0,NEGATIVE,SHORT_GAMMA,DEALER_SHORT_GAMMA,0.39,BEARISH,LOW,7.2,27.9,30.0,0.0,15.0,0.0,35.0,,0.0,0.0,745.66,CHARM_DOMINATED,41.3,0.176,39.8,42.3,NEUTRAL,5.0
2026-07-22 18:29:00,0.0,0.0,0.0,0.0,0.0,0.0,0.0,0.0,0.0,0.0,0.0,0.0,0.0,0.0,0.0,0.0,0.0,NEGATIVE,SHORT_GAMMA,DEALER_SHORT_GAMMA,0.39,BEARISH,LOW,4.7,30.4,30.0,0.0,15.0,0.0,35.0,,0.0,0.0,745.66,CHARM_DOMINATED,41.3,0.176,39.8,42.3,NEUTRAL,5.0
2026-07-22 18:30:00,0.0,0.0,0.0,0.0,0.0,0.0,0.0,0.0,0.0,0.0,0.0,0.0,0.0,0.0,0.0,0.0,0.0,NEGATIVE,SHORT_GAMMA,DEALER_LONG_GAMMA,0.33,NEUTRAL,LOW,8.3,26.8,30.0,0.0,15.0,15.0,20.0,,0.0,0.0,745.72,CHARM_DOMINATED,41.3,0.176,42.3,39.8,NEUTRAL,5.0
2026-07-22 18:31:00,0.0,0.0,0.0,0.0,0.0,0.0,0.0,0.0,0.0,0.0,0.0,0.0,0.0,0.0,0.0,0.0,0.0,NEGATIVE,SHORT_GAMMA,DEALER_LONG_GAMMA,0.33,NEUTRAL,LOW,10.6,24.4,30.0,0.0,15.0,15.0,20.0,,0.0,0.0,745.77,CHARM_DOMINATED,41.3,0.176,42.3,39.8,NEUTRAL,5.0
2026-07-22 18:32:00,0.0,0.0,0.0,0.0,0.0,0.0,0.0,0.0,0.0,0.0,0.0,0.0,0.0,0.0,0.0,0.0,0.0,NEGATIVE,SHORT_GAMMA,DEALER_LONG_GAMMA,0.33,NEUTRAL,LOW,12.1,22.9,30.0,0.0,15.0,15.0,20.0,,0.0,0.0,745.82,CHARM_DOMINATED,41.3,0.176,42.3,39.8,NEUTRAL,5.0
2026-07-22 18:33:00,0.0,0.0,0.0,0.0,0.0,0.0,0.0,0.0,0.0,0.0,0.0,0.0,0.0,0.0,0.0,0.0,0.0,NEGATIVE,SHORT_GAMMA,DEALER_LONG_GAMMA,0.33,NEUTRAL,LOW,13.1,21.9,30.0,0.0,15.0,15.0,20.0,,0.0,0.0,745.87,CHARM_DOMINATED,41.3,0.176,39.8,42.3,NEUTRAL,5.0
2026-07-22 18:34:00,0.0,0.0,0.0,0.0,0.0,0.0,0.0,0.0,0.0,0.0,0.0,0.0,0.0,0.0,0.0,0.0,0.0,NEGATIVE,SHORT_GAMMA,DEALER_SHORT_GAMMA,0.39,BEARISH,LOW,8.5,26.5,30.0,0.0,15.0,0.0,35.0,,0.0,0.0,745.87,CHARM_DOMINATED,41.3,0.176,39.8,42.3,NEUTRAL,5.0
2026-07-22 18:35:00,0.0,0.0,0.0,0.0,0.0,0.0,0.0,0.0,0.0,0.0,0.0,0.0,0.0,0.0,0.0,0.0,0.0,NEGATIVE,SHORT_GAMMA,DEALER_SHORT_GAMMA,0.39,BEARISH,LOW,5.5,29.5,30.0,0.0,15.0,0.0,35.0,,0.0,0.0,745.82,CHARM_DOMINATED,41.3,0.176,42.3,39.8,NEUTRAL,5.0
2026-07-22 18:36:00,0.0,0.0,0.0,0.0,0.0,0.0,0.0,0.0,0.0,0.0,0.0,0.0,0.0,0.0,0.0,0.0,0.0,NEGATIVE,SHORT_GAMMA,DEALER_SHORT_GAMMA,0.39,BEARISH,LOW,3.6,31.4,30.0,0.0,15.0,0.0,35.0,,0.0,0.0,745.86,CHARM_DOMINATED,41.3,0.176,39.8,42.3,NEUTRAL,5.0
2026-07-22 18:37:00,0.0,0.0,0.0,0.0,0.0,0.0,0.0,0.0,0.0,0.0,0.0,0.0,0.0,0.0,0.0,0.0,0.0,NEGATIVE,SHORT_GAMMA,DEALER_SHORT_GAMMA,0.39,BEARISH,LOW,2.3,32.7,30.0,0.0,15.0,0.0,35.0,,0.0,0.0,745.95,CHARM_DOMINATED,41.3,0.176,39.8,42.3,NEUTRAL,5.0
2026-07-22 18:38:00,0.0,0.0,0.0,0.0,0.0,0.0,0.0,0.0,0.0,0.0,0.0,0.0,0.0,0.0,0.0,0.0,0.0,NEGATIVE,SHORT_GAMMA,DEALER_SHORT_GAMMA,0.39,BEARISH,LOW,1.5,33.5,30.0,0.0,15.0,0.0,35.0,,0.0,0.0,745.91,CHARM_DOMINATED,41.3,0.176,39.8,42.3,NEUTRAL,5.0
2026-07-22 18:39:00,0.0,0.0,0.0,0.0,0.0,0.0,0.0,0.0,0.0,0.0,0.0,0.0,0.0,0.0,0.0,0.0,0.0,NEGATIVE,SHORT_GAMMA,DEALER_SHORT_GAMMA,0.39,BEARISH,LOW,1.0,34.0,30.0,0.0,15.0,0.0,35.0,,0.0,0.0,745.91,CHARM_DOMINATED,41.3,0.176,39.8,42.3,NEUTRAL,5.0
2026-07-22 18:40:00,0.0,0.0,0.0,0.0,0.0,0.0,0.0,0.0,0.0,0.0,0.0,0.0,0.0,0.0,0.0,0.0,0.0,NEGATIVE,SHORT_GAMMA,DEALER_SHORT_GAMMA,0.39,BEARISH,LOW,0.7,34.4,30.0,0.0,15.0,0.0,35.0,,0.0,0.0,745.98,CHARM_DOMINATED,41.3,0.176,39.8,42.3,NEUTRAL,5.0
2026-07-22 18:41:00,0.0,0.0,0.0,0.0,0.0,0.0,0.0,0.0,0.0,0.0,0.0,0.0,0.0,0.0,0.0,0.0,0.0,NEGATIVE,SHORT_GAMMA,DEALER_SHORT_GAMMA,0.39,BEARISH,LOW,0.5,34.6,30.0,0.0,15.0,0.0,35.0,,0.0,0.0,746.05,CHARM_DOMINATED,41.3,0.176,39.8,42.3,NEUTRAL,5.0
2026-07-22 18:42:00,0.0,0.0,0.0,0.0,0.0,0.0,0.0,0.0,0.0,0.0,0.0,0.0,0.0,0.0,0.0,0.0,0.0,NEGATIVE,SHORT_GAMMA,DEALER_SHORT_GAMMA,0.39,BEARISH,LOW,0.3,34.7,30.0,0.0,15.0,0.0,35.0,,0.0,0.0,745.99,CHARM_DOMINATED,41.3,0.176,39.8,42.3,NEUTRAL,5.0
2026-07-22 18:43:00,0.0,0.0,0.0,0.0,0.0,0.0,0.0,0.0,0.0,0.0,0.0,0.0,0.0,0.0,0.0,0.0,0.0,NEGATIVE,SHORT_GAMMA,DEALER_LONG_GAMMA,0.33,NEUTRAL,LOW,5.4,29.6,30.0,0.0,15.0,15.0,20.0,,0.0,0.0,745.99,CHARM_DOMINATED,41.3,0.176,38.7,42.3,NEUTRAL,7.2
2026-07-22 18:44:00,0.0,0.0,0.0,0.0,0.0,0.0,0.0,0.0,0.0,0.0,0.0,0.0,0.0,0.0,0.0,0.0,0.0,NEGATIVE,SHORT_GAMMA,DEALER_SHORT_GAMMA,0.39,BEARISH,LOW,3.5,31.5,30.0,0.0,15.0,0.0,35.0,,0.0,0.0,746.04,CHARM_DOMINATED,41.3,0.176,39.8,42.3,NEUTRAL,5.0
2026-07-22 18:45:00,0.0,0.0,0.0,0.0,0.0,0.0,0.0,0.0,0.0,0.0,0.0,0.0,0.0,0.0,0.0,0.0,0.0,NEGATIVE,SHORT_GAMMA,DEALER_SHORT_GAMMA,0.39,BEARISH,LOW,2.3,32.7,30.0,0.0,15.0,0.0,35.0,,0.0,0.0,746.07,CHARM_DOMINATED,41.3,0.176,39.8,42.3,NEUTRAL,5.0
2026-07-22 18:46:00,0.0,0.0,0.0,0.0,0.0,0.0,0.0,0.0,0.0,0.0,0.0,0.0,0.0,0.0,0.0,0.0,0.0,NEGATIVE,SHORT_GAMMA,DEALER_LONG_GAMMA,0.33,NEUTRAL,LOW,6.7,28.3,30.0,0.0,15.0,15.0,20.0,,0.0,0.0,746.4,CHARM_DOMINATED,42.0,0.174,42.4,39.9,NEUTRAL,5.0
2026-07-22 18:47:00,0.0,0.0,0.0,0.0,0.0,0.0,0.0,0.0,0.0,0.0,0.0,0.0,0.0,0.0,0.0,0.0,0.0,NEGATIVE,SHORT_GAMMA,DEALER_LONG_GAMMA,0.33,NEUTRAL,LOW,9.6,25.4,30.0,0.0,15.0,15.0,20.0,,0.0,0.0,746.44,CHARM_DOMINATED,42.0,0.174,42.4,39.9,NEUTRAL,5.0
2026-07-22 18:48:00,0.0,0.0,0.0,0.0,0.0,0.0,0.0,0.0,0.0,0.0,0.0,0.0,0.0,0.0,0.0,0.0,0.0,NEGATIVE,SHORT_GAMMA,DEALER_LONG_GAMMA,0.33,NEUTRAL,LOW,11.5,23.5,30.0,0.0,15.0,15.0,20.0,,0.0,0.0,746.46,CHARM_DOMINATED,42.0,0.174,42.4,39.9,NEUTRAL,5.0
2026-07-22 18:49:00,0.0,0.0,0.0,0.0,0.0,0.0,0.0,0.0,0.0,0.0,0.0,0.0,0.0,0.0,0.0,0.0,0.0,NEGATIVE,SHORT_GAMMA,DEALER_LONG_GAMMA,0.33,NEUTRAL,LOW,12.7,22.3,30.0,0.0,15.0,15.0,20.0,,0.0,0.0,746.58,CHARM_DOMINATED,42.0,0.174,42.4,39.9,NEUTRAL,5.0
2026-07-22 18:50:00,0.0,0.0,0.0,0.0,0.0,0.0,0.0,0.0,0.0,0.0,0.0,0.0,0.0,0.0,0.0,0.0,0.0,NEGATIVE,SHORT_GAMMA,DEALER_LONG_GAMMA,0.33,NEUTRAL,LOW,13.5,21.5,30.0,0.0,15.0,15.0,20.0,,0.0,0.0,746.45,CHARM_DOMINATED,42.0,0.174,42.4,39.9,NEUTRAL,5.0
2026-07-22 18:51:00,0.0,0.0,0.0,0.0,0.0,0.0,0.0,0.0,0.0,0.0,0.0,0.0,0.0,0.0,0.0,0.0,0.0,NEGATIVE,SHORT_GAMMA,DEALER_SHORT_GAMMA,0.39,BEARISH,LOW,8.8,26.2,30.0,0.0,15.0,0.0,35.0,,0.0,0.0,746.41,CHARM_DOMINATED,42.0,0.174,42.4,39.9,NEUTRAL,5.0
2026-07-22 18:52:00,0.0,0.0,0.0,0.0,0.0,0.0,0.0,0.0,0.0,0.0,0.0,0.0,0.0,0.0,0.0,0.0,0.0,NEGATIVE,SHORT_GAMMA,DEALER_LONG_GAMMA,0.33,NEUTRAL,LOW,11.0,24.0,30.0,0.0,15.0,15.0,20.0,,0.0,0.0,746.55,CHARM_DOMINATED,42.0,0.174,42.4,39.9,NEUTRAL,5.0
2026-07-22 18:53:00,0.0,0.0,0.0,0.0,0.0,0.0,0.0,0.0,0.0,0.0,0.0,0.0,0.0,0.0,0.0,0.0,0.0,NEGATIVE,SHORT_GAMMA,DEALER_LONG_GAMMA,0.33,NEUTRAL,LOW,12.4,22.6,30.0,0.0,15.0,15.0,20.0,,0.0,0.0,746.45,CHARM_DOMINATED,42.0,0.174,42.4,39.9,NEUTRAL,5.0
2026-07-22 18:54:00,0.0,0.0,0.0,0.0,0.0,0.0,0.0,0.0,0.0,0.0,0.0,0.0,0.0,0.0,0.0,0.0,0.0,NEGATIVE,SHORT_GAMMA,DEALER_SHORT_GAMMA,0.39,BEARISH,LOW,8.1,26.9,30.0,0.0,15.0,0.0,35.0,,0.0,0.0,746.42,CHARM_DOMINATED,42.0,0.174,42.4,39.9,NEUTRAL,5.0
2026-07-22 18:55:00,0.0,0.0,0.0,0.0,0.0,0.0,0.0,0.0,0.0,0.0,0.0,0.0,0.0,0.0,0.0,0.0,0.0,NEGATIVE,SHORT_GAMMA,DEALER_SHORT_GAMMA,0.39,BEARISH,LOW,5.3,29.7,30.0,0.0,15.0,0.0,35.0,,0.0,0.0,746.33,CHARM_DOMINATED,42.0,0.174,39.9,42.4,NEUTRAL,5.0
2026-07-22 18:56:00,0.0,0.0,0.0,0.0,0.0,0.0,0.0,0.0,0.0,0.0,0.0,0.0,0.0,0.0,0.0,0.0,0.0,NEGATIVE,SHORT_GAMMA,DEALER_LONG_GAMMA,0.33,NEUTRAL,LOW,8.7,26.3,30.0,0.0,15.0,15.0,20.0,,0.0,0.0,746.39,CHARM_DOMINATED,42.0,0.174,42.4,39.9,NEUTRAL,5.0
2026-07-22 18:57:00,0.0,0.0,0.0,0.0,0.0,0.0,0.0,0.0,0.0,0.0,0.0,0.0,0.0,0.0,0.0,0.0,0.0,NEGATIVE,SHORT_GAMMA,DEALER_LONG_GAMMA,0.33,NEUTRAL,LOW,10.9,24.1,30.0,0.0,15.0,15.0,20.0,,0.0,0.0,746.48,CHARM_DOMINATED,42.0,0.174,42.4,39.9,NEUTRAL,5.0
2026-07-22 18:58:00,0.0,0.0,0.0,0.0,0.0,0.0,0.0,0.0,0.0,0.0,0.0,0.0,0.0,0.0,0.0,0.0,0.0,NEGATIVE,SHORT_GAMMA,DEALER_LONG_GAMMA,0.33,NEUTRAL,LOW,12.3,22.7,30.0,0.0,15.0,15.0,20.0,,0.0,0.0,746.6,CHARM_DOMINATED,42.0,0.174,42.4,39.9,NEUTRAL,5.0
2026-07-22 18:59:00,0.0,0.0,0.0,0.0,0.0,0.0,0.0,0.0,0.0,0.0,0.0,0.0,0.0,0.0,0.0,0.0,0.0,NEGATIVE,SHORT_GAMMA,DEALER_LONG_GAMMA,0.33,NEUTRAL,LOW,13.2,21.8,30.0,0.0,15.0,15.0,20.0,,0.0,0.0,746.6,CHARM_DOMINATED,42.0,0.174,42.4,39.9,NEUTRAL,5.0
2026-07-22 19:00:00,0.0,0.0,0.0,0.0,0.0,0.0,0.0,0.0,0.0,0.0,0.0,0.0,0.0,0.0,0.0,0.0,0.0,NEGATIVE,SHORT_GAMMA,DEALER_SHORT_GAMMA,0.39,BEARISH,LOW,8.6,26.4,30.0,0.0,15.0,0.0,35.0,,0.0,0.0,746.92,CHARM_DOMINATED,42.0,0.174,39.9,42.4,NEUTRAL,5.0
2026-07-22 19:01:00,0.0,0.0,0.0,0.0,0.0,0.0,0.0,0.0,0.0,0.0,0.0,0.0,0.0,0.0,0.0,0.0,0.0,NEGATIVE,SHORT_GAMMA,DEALER_SHORT_GAMMA,0.39,BEARISH,LOW,5.6,29.4,30.0,0.0,15.0,0.0,35.0,,0.0,0.0,746.8,CHARM_DOMINATED,42.0,0.174,42.4,39.9,NEUTRAL,5.0
2026-07-22 19:02:00,0.0,0.0,0.0,0.0,0.0,0.0,0.0,0.0,0.0,0.0,0.0,0.0,0.0,0.0,0.0,0.0,0.0,NEGATIVE,SHORT_GAMMA,DEALER_SHORT_GAMMA,0.39,BEARISH,LOW,3.6,31.4,30.0,0.0,15.0,0.0,35.0,,0.0,0.0,746.93,CHARM_DOMINATED,42.0,0.174,39.9,42.4,NEUTRAL,5.0
2026-07-22 19:03:00,0.0,0.0,0.0,0.0,0.0,0.0,0.0,0.0,0.0,0.0,0.0,0.0,0.0,0.0,0.0,0.0,0.0,NEGATIVE,SHORT_GAMMA,DEALER_LONG_GAMMA,0.33,NEUTRAL,LOW,7.6,27.4,30.0,0.0,15.0,15.0,20.0,,0.0,0.0,746.7,CHARM_DOMINATED,42.0,0.174,42.4,39.9,NEUTRAL,5.0
2026-07-22 19:04:00,0.0,0.0,0.0,0.0,0.0,0.0,0.0,0.0,0.0,0.0,0.0,0.0,0.0,0.0,0.0,0.0,0.0,NEGATIVE,SHORT_GAMMA,DEALER_SHORT_GAMMA,0.39,BEARISH,LOW,4.9,30.1,30.0,0.0,15.0,0.0,35.0,,0.0,0.0,746.9,CHARM_DOMINATED,42.0,0.174,39.9,42.4,NEUTRAL,5.0
2026-07-22 19:05:00,0.0,0.0,0.0,0.0,0.0,0.0,0.0,0.0,0.0,0.0,0.0,0.0,0.0,0.0,0.0,0.0,0.0,NEGATIVE,SHORT_GAMMA,DEALER_SHORT_GAMMA,0.39,BEARISH,LOW,3.2,31.8,30.0,0.0,15.0,0.0,35.0,,0.0,0.0,746.93,CHARM_DOMINATED,42.0,0.174,39.9,42.4,NEUTRAL,5.0
2026-07-22 19:06:00,0.0,0.0,0.0,0.0,0.0,0.0,0.0,0.0,0.0,0.0,0.0,0.0,0.0,0.0,0.0,0.0,0.0,NEGATIVE,SHORT_GAMMA,DEALER_LONG_GAMMA,0.33,NEUTRAL,LOW,7.3,27.7,30.0,0.0,15.0,15.0,20.0,,0.0,0.0,746.98,CHARM_DOMINATED,42.0,0.174,39.9,42.4,NEUTRAL,5.0
2026-07-22 19:07:00,0.0,0.0,0.0,0.0,0.0,0.0,0.0,0.0,0.0,0.0,0.0,0.0,0.0,0.0,0.0,0.0,0.0,NEGATIVE,SHORT_GAMMA,DEALER_LONG_GAMMA,0.33,NEUTRAL,LOW,10.0,25.0,30.0,0.0,15.0,15.0,20.0,,0.0,0.0,747.01,CHARM_DOMINATED,42.0,0.174,42.4,39.9,NEUTRAL,5.0
2026-07-22 19:08:00,0.0,0.0,0.0,0.0,0.0,0.0,0.0,0.0,0.0,0.0,0.0,0.0,0.0,0.0,0.0,0.0,0.0,NEGATIVE,SHORT_GAMMA,DEALER_LONG_GAMMA,0.33,NEUTRAL,LOW,11.8,23.2,30.0,0.0,15.0,15.0,20.0,,0.0,0.0,747.0,CHARM_DOMINATED,42.0,0.174,39.9,42.4,NEUTRAL,5.0
2026-07-22 19:09:00,0.0,0.0,0.0,0.0,0.0,0.0,0.0,0.0,0.0,0.0,0.0,0.0,0.0,0.0,0.0,0.0,0.0,NEGATIVE,SHORT_GAMMA,DEALER_LONG_GAMMA,0.33,NEUTRAL,LOW,12.9,22.1,30.0,0.0,15.0,15.0,20.0,,0.0,0.0,747.08,CHARM_DOMINATED,42.0,0.174,42.4,39.9,NEUTRAL,5.0
2026-07-22 19:10:00,0.0,0.0,0.0,0.0,0.0,0.0,0.0,0.0,0.0,0.0,0.0,0.0,0.0,0.0,0.0,0.0,0.0,NEGATIVE,SHORT_GAMMA,DEALER_SHORT_GAMMA,0.39,BEARISH,LOW,8.4,26.6,30.0,0.0,15.0,0.0,35.0,,0.0,0.0,746.99,CHARM_DOMINATED,42.0,0.174,38.8,42.4,NEUTRAL,7.2
2026-07-22 19:11:00,0.0,0.0,0.0,0.0,0.0,0.0,0.0,0.0,0.0,0.0,0.0,0.0,0.0,0.0,0.0,0.0,0.0,NEGATIVE,SHORT_GAMMA,DEALER_SHORT_GAMMA,0.39,BEARISH,LOW,5.5,29.5,30.0,0.0,15.0,0.0,35.0,,0.0,0.0,747.0,CHARM_DOMINATED,42.0,0.174,38.8,42.4,NEUTRAL,7.2
2026-07-22 19:12:00,0.0,0.0,0.0,0.0,0.0,0.0,0.0,0.0,0.0,0.0,0.0,0.0,0.0,0.0,0.0,0.0,0.0,NEGATIVE,SHORT_GAMMA,DEALER_SHORT_GAMMA,0.39,BEARISH,LOW,3.6,31.4,30.0,0.0,15.0,0.0,35.0,,0.0,0.0,746.91,CHARM_DOMINATED,42.0,0.174,39.9,42.4,NEUTRAL,5.0
2026-07-22 19:13:00,0.0,0.0,0.0,0.0,0.0,0.0,0.0,0.0,0.0,0.0,0.0,0.0,0.0,0.0,0.0,0.0,0.0,NEGATIVE,SHORT_GAMMA,DEALER_SHORT_GAMMA,0.39,BEARISH,LOW,2.3,32.7,30.0,0.0,15.0,0.0,35.0,,0.0,0.0,746.86,CHARM_DOMINATED,42.0,0.174,38.8,42.4,NEUTRAL,7.2
2026-07-22 19:14:00,0.0,0.0,0.0,0.0,0.0,0.0,0.0,0.0,0.0,0.0,0.0,0.0,0.0,0.0,0.0,0.0,0.0,NEGATIVE,SHORT_GAMMA,DEALER_SHORT_GAMMA,0.39,BEARISH,LOW,1.5,33.5,30.0,0.0,15.0,0.0,35.0,,0.0,0.0,746.89,CHARM_DOMINATED,42.0,0.174,39.9,42.4,NEUTRAL,5.0
2026-07-22 19:15:00,0.0,0.0,0.0,0.0,0.0,0.0,0.0,0.0,0.0,0.0,0.0,0.0,0.0,0.0,0.0,0.0,0.0,NEGATIVE,SHORT_GAMMA,DEALER_LONG_GAMMA,0.33,NEUTRAL,LOW,6.2,28.8,30.0,0.0,15.0,15.0,20.0,,0.0,0.0,746.86,CHARM_DOMINATED,42.0,0.174,39.9,42.4,NEUTRAL,5.0
2026-07-22 19:16:00,0.0,0.0,0.0,0.0,0.0,0.0,0.0,0.0,0.0,0.0,0.0,0.0,0.0,0.0,0.0,0.0,0.0,NEGATIVE,SHORT_GAMMA,DEALER_LONG_GAMMA,0.33,NEUTRAL,LOW,9.3,25.7,30.0,0.0,15.0,15.0,20.0,,0.0,0.0,746.83,CHARM_DOMINATED,42.0,0.174,42.4,39.9,NEUTRAL,5.0
2026-07-22 19:17:00,0.0,0.0,0.0,0.0,0.0,0.0,0.0,0.0,0.0,0.0,0.0,0.0,0.0,0.0,0.0,0.0,0.0,NEGATIVE,SHORT_GAMMA,DEALER_LONG_GAMMA,0.33,NEUTRAL,LOW,11.3,23.7,30.0,0.0,15.0,15.0,20.0,,0.0,0.0,747.29,CHARM_DOMINATED,42.0,0.174,39.9,42.4,NEUTRAL,5.0
2026-07-22 19:18:00,0.0,0.0,0.0,0.0,0.0,0.0,0.0,0.0,0.0,0.0,0.0,0.0,0.0,0.0,0.0,0.0,0.0,NEGATIVE,SHORT_GAMMA,DEALER_LONG_GAMMA,0.33,NEUTRAL,LOW,12.6,22.4,30.0,0.0,15.0,15.0,20.0,,0.0,0.0,747.41,CHARM_DOMINATED,42.0,0.174,39.9,42.4,NEUTRAL,5.0
2026-07-22 19:19:00,0.0,0.0,0.0,0.0,0.0,0.0,0.0,0.0,0.0,0.0,0.0,0.0,0.0,0.0,0.0,0.0,0.0,NEGATIVE,SHORT_GAMMA,DEALER_LONG_GAMMA,0.33,NEUTRAL,LOW,13.4,21.6,30.0,0.0,15.0,15.0,20.0,,0.0,0.0,747.41,CHARM_DOMINATED,42.0,0.174,39.9,42.4,NEUTRAL,5.0
2026-07-22 19:20:00,0.0,0.0,0.0,0.0,0.0,0.0,0.0,0.0,0.0,0.0,0.0,0.0,0.0,0.0,0.0,0.0,0.0,NEGATIVE,SHORT_GAMMA,DEALER_SHORT_GAMMA,0.39,BEARISH,LOW,8.7,26.3,30.0,0.0,15.0,0.0,35.0,,0.0,0.0,747.41,CHARM_DOMINATED,42.0,0.174,39.9,42.4,NEUTRAL,5.0
2026-07-22 19:21:00,0.0,0.0,0.0,0.0,0.0,0.0,0.0,0.0,0.0,0.0,0.0,0.0,0.0,0.0,0.0,0.0,0.0,NEGATIVE,SHORT_GAMMA,DEALER_LONG_GAMMA,0.33,NEUTRAL,LOW,10.9,24.1,30.0,0.0,15.0,15.0,20.0,,0.0,0.0,747.55,CHARM_DOMINATED,42.0,0.174,39.9,42.4,NEUTRAL,5.0
2026-07-22 19:22:00,0.0,0.0,0.0,0.0,0.0,0.0,0.0,0.0,0.0,0.0,0.0,0.0,0.0,0.0,0.0,0.0,0.0,NEGATIVE,SHORT_GAMMA,DEALER_SHORT_GAMMA,0.39,BEARISH,LOW,7.1,27.9,30.0,0.0,15.0,0.0,35.0,,0.0,0.0,747.47,CHARM_DOMINATED,42.0,0.174,39.9,42.4,NEUTRAL,5.0
2026-07-22 19:23:00,0.0,0.0,0.0,0.0,0.0,0.0,0.0,0.0,0.0,0.0,0.0,0.0,0.0,0.0,0.0,0.0,0.0,NEGATIVE,SHORT_GAMMA,DEALER_LONG_GAMMA,0.33,NEUTRAL,LOW,9.9,25.1,30.0,0.0,15.0,15.0,20.0,,0.0,0.0,747.7,CHARM_DOMINATED,42.0,0.174,39.9,42.4,NEUTRAL,5.0
2026-07-22 19:24:00,0.0,0.0,0.0,0.0,0.0,0.0,0.0,0.0,0.0,0.0,0.0,0.0,0.0,0.0,0.0,0.0,0.0,NEGATIVE,SHORT_GAMMA,DEALER_LONG_GAMMA,0.33,NEUTRAL,LOW,11.7,23.3,30.0,0.0,15.0,15.0,20.0,,0.0,0.0,747.77,CHARM_DOMINATED,42.0,0.174,39.9,42.4,NEUTRAL,5.0
2026-07-22 19:25:00,0.0,0.0,0.0,0.0,0.0,0.0,0.0,0.0,0.0,0.0,0.0,0.0,0.0,0.0,0.0,0.0,0.0,NEGATIVE,SHORT_GAMMA,DEALER_LONG_GAMMA,0.33,NEUTRAL,LOW,12.9,22.1,30.0,0.0,15.0,15.0,20.0,,0.0,0.0,747.89,CHARM_DOMINATED,42.0,0.174,39.9,42.4,NEUTRAL,5.0
2026-07-22 19:26:00,0.0,0.0,0.0,0.0,0.0,0.0,0.0,0.0,0.0,0.0,0.0,0.0,0.0,0.0,0.0,0.0,0.0,NEGATIVE,SHORT_GAMMA,DEALER_SHORT_GAMMA,0.39,BEARISH,LOW,8.4,26.6,30.0,0.0,15.0,0.0,35.0,,0.0,0.0,747.87,CHARM_DOMINATED,42.0,0.174,39.9,42.4,NEUTRAL,5.0
2026-07-22 19:27:00,0.0,0.0,0.0,0.0,0.0,0.0,0.0,0.0,0.0,0.0,0.0,0.0,0.0,0.0,0.0,0.0,0.0,NEGATIVE,SHORT_GAMMA,DEALER_SHORT_GAMMA,0.39,BEARISH,LOW,5.5,29.5,30.0,0.0,15.0,0.0,35.0,,0.0,0.0,748.09,CHARM_DOMINATED,42.0,0.174,39.9,42.4,NEUTRAL,5.0
2026-07-22 19:28:00,0.0,0.0,0.0,0.0,0.0,0.0,0.0,0.0,0.0,0.0,0.0,0.0,0.0,0.0,0.0,0.0,0.0,NEGATIVE,SHORT_GAMMA,DEALER_SHORT_GAMMA,0.39,BEARISH,LOW,3.6,31.4,30.0,0.0,15.0,0.0,35.0,,0.0,0.0,748.14,CHARM_DOMINATED,42.0,0.174,39.9,42.4,NEUTRAL,5.0
2026-07-22 19:29:00,0.0,0.0,0.0,0.0,0.0,0.0,0.0,0.0,0.0,0.0,0.0,0.0,0.0,0.0,0.0,0.0,0.0,NEGATIVE,SHORT_GAMMA,DEALER_LONG_GAMMA,0.33,NEUTRAL,LOW,7.6,27.4,30.0,0.0,15.0,15.0,20.0,,0.0,0.0,748.0,CHARM_DOMINATED,42.0,0.174,38.8,42.4,NEUTRAL,7.2
2026-07-22 19:30:00,0.0,0.0,0.0,0.0,0.0,0.0,0.0,0.0,0.0,0.0,0.0,0.0,0.0,0.0,0.0,0.0,0.0,NEGATIVE,SHORT_GAMMA,DEALER_LONG_GAMMA,0.33,NEUTRAL,LOW,10.2,24.8,30.0,0.0,15.0,15.0,20.0,,0.0,0.0,747.89,CHARM_DOMINATED,42.0,0.174,38.8,42.4,NEUTRAL,7.2
2026-07-22 19:31:00,0.0,0.0,0.0,0.0,0.0,0.0,0.0,0.0,0.0,0.0,0.0,0.0,0.0,0.0,0.0,0.0,0.0,NEGATIVE,SHORT_GAMMA,DEALER_LONG_GAMMA,0.33,NEUTRAL,LOW,11.9,23.1,30.0,0.0,15.0,15.0,20.0,,0.0,0.0,747.84,CHARM_DOMINATED,42.0,0.174,38.8,42.4,NEUTRAL,7.2
2026-07-22 19:32:00,0.0,0.0,0.0,0.0,0.0,0.0,0.0,0.0,0.0,0.0,0.0,0.0,0.0,0.0,0.0,0.0,0.0,NEGATIVE,SHORT_GAMMA,DEALER_SHORT_GAMMA,0.39,BEARISH,LOW,7.7,27.3,30.0,0.0,15.0,0.0,35.0,,0.0,0.0,747.99,CHARM_DOMINATED,42.0,0.174,39.9,42.4,NEUTRAL,5.0
2026-07-22 19:33:00,0.0,0.0,0.0,0.0,0.0,0.0,0.0,0.0,0.0,0.0,0.0,0.0,0.0,0.0,0.0,0.0,0.0,NEGATIVE,SHORT_GAMMA,DEALER_LONG_GAMMA,0.33,NEUTRAL,LOW,10.3,24.7,30.0,0.0,15.0,15.0,20.0,,0.0,0.0,747.87,CHARM_DOMINATED,42.0,0.174,39.9,42.4,NEUTRAL,5.0
2026-07-22 19:34:00,0.0,0.0,0.0,0.0,0.0,0.0,0.0,0.0,0.0,0.0,0.0,0.0,0.0,0.0,0.0,0.0,0.0,NEGATIVE,SHORT_GAMMA,DEALER_SHORT_GAMMA,0.39,BEARISH,LOW,6.7,28.3,30.0,0.0,15.0,0.0,35.0,,0.0,0.0,748.01,CHARM_DOMINATED,42.0,0.174,39.9,42.4,NEUTRAL,5.0
2026-07-22 19:35:00,0.0,0.0,0.0,0.0,0.0,0.0,0.0,0.0,0.0,0.0,0.0,0.0,0.0,0.0,0.0,0.0,0.0,NEGATIVE,SHORT_GAMMA,DEALER_SHORT_GAMMA,0.39,BEARISH,LOW,4.4,30.6,30.0,0.0,15.0,0.0,35.0,,0.0,0.0,748.05,CHARM_DOMINATED,42.0,0.174,39.9,42.4,NEUTRAL,5.0
2026-07-22 19:36:00,0.0,0.0,0.0,0.0,0.0,0.0,0.0,0.0,0.0,0.0,0.0,0.0,0.0,0.0,0.0,0.0,0.0,NEGATIVE,SHORT_GAMMA,DEALER_SHORT_GAMMA,0.39,BEARISH,LOW,2.9,32.1,30.0,0.0,15.0,0.0,35.0,,0.0,0.0,748.01,CHARM_DOMINATED,42.0,0.174,39.9,42.4,NEUTRAL,5.0
2026-07-22 19:37:00,0.0,0.0,0.0,0.0,0.0,0.0,0.0,0.0,0.0,0.0,0.0,0.0,0.0,0.0,0.0,0.0,0.0,NEGATIVE,SHORT_GAMMA,DEALER_SHORT_GAMMA,0.39,BEARISH,LOW,1.9,33.1,30.0,0.0,15.0,0.0,35.0,,0.0,0.0,748.06,CHARM_DOMINATED,42.0,0.174,39.9,42.4,NEUTRAL,5.0
2026-07-22 19:38:00,0.0,0.0,0.0,0.0,0.0,0.0,0.0,0.0,0.0,0.0,0.0,0.0,0.0,0.0,0.0,0.0,0.0,NEGATIVE,SHORT_GAMMA,DEALER_LONG_GAMMA,0.33,NEUTRAL,LOW,6.5,28.5,30.0,0.0,15.0,15.0,20.0,,0.0,0.0,748.0,CHARM_DOMINATED,42.0,0.174,38.8,42.4,NEUTRAL,7.2
2026-07-22 19:39:00,0.0,0.0,0.0,0.0,0.0,0.0,0.0,0.0,0.0,0.0,0.0,0.0,0.0,0.0,0.0,0.0,0.0,NEGATIVE,SHORT_GAMMA,DEALER_SHORT_GAMMA,0.39,BEARISH,LOW,4.2,30.8,30.0,0.0,15.0,0.0,35.0,,0.0,0.0,748.06,CHARM_DOMINATED,42.0,0.174,39.9,42.4,NEUTRAL,5.0
2026-07-22 19:40:00,0.0,0.0,0.0,0.0,0.0,0.0,0.0,0.0,0.0,0.0,0.0,0.0,0.0,0.0,0.0,0.0,0.0,NEGATIVE,SHORT_GAMMA,DEALER_SHORT_GAMMA,0.39,BEARISH,LOW,2.7,32.3,30.0,0.0,15.0,0.0,35.0,,0.0,0.0,748.18,CHARM_DOMINATED,42.0,0.174,39.9,42.4,NEUTRAL,5.0
2026-07-22 19:41:00,0.0,0.0,0.0,0.0,0.0,0.0,0.0,0.0,0.0,0.0,0.0,0.0,0.0,0.0,0.0,0.0,0.0,NEGATIVE,SHORT_GAMMA,DEALER_SHORT_GAMMA,0.39,BEARISH,LOW,1.8,33.2,30.0,0.0,15.0,0.0,35.0,,0.0,0.0,748.12,CHARM_DOMINATED,42.0,0.174,39.9,42.4,NEUTRAL,5.0
2026-07-22 19:42:00,0.0,0.0,0.0,0.0,0.0,0.0,0.0,0.0,0.0,0.0,0.0,0.0,0.0,0.0,0.0,0.0,0.0,NEGATIVE,SHORT_GAMMA,DEALER_SHORT_GAMMA,0.39,BEARISH,LOW,1.2,33.8,30.0,0.0,15.0,0.0,35.0,,0.0,0.0,748.34,CHARM_DOMINATED,42.0,0.174,39.9,42.4,NEUTRAL,5.0
2026-07-22 19:43:00,0.0,0.0,0.0,0.0,0.0,0.0,0.0,0.0,0.0,0.0,0.0,0.0,0.0,0.0,0.0,0.0,0.0,NEGATIVE,SHORT_GAMMA,DEALER_LONG_GAMMA,0.33,NEUTRAL,LOW,6.0,29.0,30.0,0.0,15.0,15.0,20.0,,0.0,0.0,748.15,CHARM_DOMINATED,42.0,0.174,39.9,42.4,NEUTRAL,5.0
2026-07-22 19:44:00,0.0,0.0,0.0,0.0,0.0,0.0,0.0,0.0,0.0,0.0,0.0,0.0,0.0,0.0,0.0,0.0,0.0,NEGATIVE,SHORT_GAMMA,DEALER_LONG_GAMMA,0.33,NEUTRAL,LOW,9.2,25.9,30.0,0.0,15.0,15.0,20.0,,0.0,0.0,748.16,CHARM_DOMINATED,42.0,0.174,39.9,42.4,NEUTRAL,5.0
2026-07-22 19:45:00,0.0,0.0,0.0,0.0,0.0,0.0,0.0,0.0,0.0,0.0,0.0,0.0,0.0,0.0,0.0,0.0,0.0,NEGATIVE,SHORT_GAMMA,DEALER_LONG_GAMMA,0.33,NEUTRAL,LOW,11.2,23.8,30.0,0.0,15.0,15.0,20.0,,0.0,0.0,748.16,CHARM_DOMINATED,42.0,0.174,39.9,42.4,NEUTRAL,5.0
2026-07-22 19:46:00,0.0,0.0,0.0,0.0,0.0,0.0,0.0,0.0,0.0,0.0,0.0,0.0,0.0,0.0,0.0,0.0,0.0,NEGATIVE,SHORT_GAMMA,DEALER_SHORT_GAMMA,0.39,BEARISH,LOW,7.3,27.7,30.0,0.0,15.0,0.0,35.0,,0.0,0.0,748.21,CHARM_DOMINATED,42.0,0.174,39.9,42.4,NEUTRAL,5.0
2026-07-22 19:47:00,0.0,0.0,0.0,0.0,0.0,0.0,0.0,0.0,0.0,0.0,0.0,0.0,0.0,0.0,0.0,0.0,0.0,NEGATIVE,SHORT_GAMMA,DEALER_SHORT_GAMMA,0.39,BEARISH,LOW,4.7,30.3,30.0,0.0,15.0,0.0,35.0,,0.0,0.0,748.19,CHARM_DOMINATED,42.0,0.174,39.9,42.4,NEUTRAL,5.0
2026-07-22 19:48:00,0.0,0.0,0.0,0.0,0.0,0.0,0.0,0.0,0.0,0.0,0.0,0.0,0.0,0.0,0.0,0.0,0.0,NEGATIVE,SHORT_GAMMA,DEALER_LONG_GAMMA,0.33,NEUTRAL,LOW,8.3,26.7,30.0,0.0,15.0,15.0,20.0,,0.0,0.0,748.19,CHARM_DOMINATED,42.0,0.174,39.9,42.4,NEUTRAL,5.0
2026-07-22 19:49:00,0.0,0.0,0.0,0.0,0.0,0.0,0.0,0.0,0.0,0.0,0.0,0.0,0.0,0.0,0.0,0.0,0.0,NEGATIVE,SHORT_GAMMA,DEALER_SHORT_GAMMA,0.39,BEARISH,LOW,5.4,29.6,30.0,0.0,15.0,0.0,35.0,,0.0,0.0,748.2,CHARM_DOMINATED,42.0,0.174,39.9,42.4,NEUTRAL,5.0
2026-07-22 19:50:00,0.0,0.0,0.0,0.0,0.0,0.0,0.0,0.0,0.0,0.0,0.0,0.0,0.0,0.0,0.0,0.0,0.0,NEGATIVE,SHORT_GAMMA,DEALER_LONG_GAMMA,0.33,NEUTRAL,LOW,8.8,26.2,30.0,0.0,15.0,15.0,20.0,,0.0,0.0,748.19,CHARM_DOMINATED,42.0,0.174,39.9,42.4,NEUTRAL,5.0
2026-07-22 19:51:00,0.0,0.0,0.0,0.0,0.0,0.0,0.0,0.0,0.0,0.0,0.0,0.0,0.0,0.0,0.0,0.0,0.0,NEGATIVE,SHORT_GAMMA,DEALER_SHORT_GAMMA,0.39,BEARISH,LOW,5.7,29.3,30.0,0.0,15.0,0.0,35.0,,0.0,0.0,748.26,CHARM_DOMINATED,42.0,0.174,39.9,42.4,NEUTRAL,5.0
2026-07-22 19:52:00,0.0,0.0,0.0,0.0,0.0,0.0,0.0,0.0,0.0,0.0,0.0,0.0,0.0,0.0,0.0,0.0,0.0,NEGATIVE,SHORT_GAMMA,DEALER_SHORT_GAMMA,0.39,BEARISH,LOW,3.7,31.3,30.0,0.0,15.0,0.0,35.0,,0.0,0.0,748.51,CHARM_DOMINATED,39.0,0.683,39.5,41.9,NEUTRAL,4.8
2026-07-22 19:53:00,0.0,0.0,0.0,0.0,0.0,0.0,0.0,0.0,0.0,0.0,0.0,0.0,0.0,0.0,0.0,0.0,0.0,NEGATIVE,SHORT_GAMMA,DEALER_SHORT_GAMMA,0.39,BEARISH,LOW,2.4,32.6,30.0,0.0,15.0,0.0,35.0,,0.0,0.0,748.42,LONG_GAMMA_PINNING,59.9,0.62,43.8,43.9,NEUTRAL,0.2
2026-07-22 19:54:00,0.0,0.0,0.0,0.0,0.0,0.0,0.0,0.0,0.0,0.0,0.0,0.0,0.0,0.0,0.0,0.0,0.0,NEGATIVE,SHORT_GAMMA,DEALER_SHORT_GAMMA,0.39,BEARISH,LOW,1.6,33.4,30.0,0.0,15.0,0.0,35.0,,0.0,0.0,748.47,LONG_GAMMA_PINNING,60.3,0.119,43.9,43.9,NEUTRAL,0.0
2026-07-22 19:55:00,0.0,0.0,0.0,0.0,0.0,0.0,0.0,0.0,0.0,0.0,0.0,0.0,0.0,0.0,0.0,0.0,0.0,NEGATIVE,SHORT_GAMMA,DEALER_LONG_GAMMA,0.33,NEUTRAL,LOW,6.3,28.7,30.0,0.0,15.0,15.0,20.0,,0.0,0.0,748.46,LONG_GAMMA_PINNING,60.7,0.118,43.9,44.0,NEUTRAL,0.2
2026-07-22 19:56:00,0.0,0.0,0.0,0.0,0.0,0.0,0.0,0.0,0.0,0.0,0.0,0.0,0.0,0.0,0.0,0.0,0.0,NEGATIVE,SHORT_GAMMA,DEALER_SHORT_GAMMA,0.39,BEARISH,LOW,4.1,30.9,30.0,0.0,15.0,0.0,35.0,,0.0,0.0,748.52,LONG_GAMMA_PINNING,60.7,0.118,43.9,44.0,NEUTRAL,0.2
2026-07-22 19:57:00,0.0,0.0,0.0,0.0,0.0,0.0,0.0,0.0,0.0,0.0,0.0,0.0,0.0,0.0,0.0,0.0,0.0,NEGATIVE,SHORT_GAMMA,DEALER_SHORT_GAMMA,0.39,BEARISH,LOW,2.7,32.3,30.0,0.0,15.0,0.0,35.0,,0.0,0.0,748.49,LONG_GAMMA_PINNING,60.7,0.118,43.9,44.0,NEUTRAL,0.2
2026-07-22 19:58:00,0.0,0.0,0.0,0.0,0.0,0.0,0.0,0.0,0.0,0.0,0.0,0.0,0.0,0.0,0.0,0.0,0.0,NEGATIVE,SHORT_GAMMA,DEALER_SHORT_GAMMA,0.39,BEARISH,LOW,1.8,33.2,30.0,0.0,15.0,0.0,35.0,,0.0,0.0,748.51,LONG_GAMMA_PINNING,60.7,0.118,43.9,44.0,NEUTRAL,0.2
2026-07-22 19:59:00,0.0,0.0,0.0,0.0,0.0,0.0,0.0,0.0,0.0,0.0,0.0,0.0,0.0,0.0,0.0,0.0,0.0,NEGATIVE,SHORT_GAMMA,DEALER_SHORT_GAMMA,0.39,BEARISH,LOW,1.2,33.8,30.0,0.0,15.0,0.0,35.0,,0.0,0.0,748.52,LONG_GAMMA_PINNING,60.7,0.118,43.9,44.0,NEUTRAL,0.2
2026-07-22 20:00:00,0.0,0.0,0.0,0.0,0.0,0.0,0.0,0.0,0.0,0.0,0.0,0.0,0.0,0.0,0.0,0.0,0.0,NEGATIVE,SHORT_GAMMA,DEALER_LONG_GAMMA,0.33,NEUTRAL,LOW,6.0,29.0,30.0,0.0,15.0,15.0,20.0,,0.0,0.0,748.23,LONG_GAMMA_PINNING,57.7,0.627,43.5,43.6,NEUTRAL,0.2
2026-07-22 20:01:00,0.0,0.0,0.0,0.0,0.0,0.0,0.0,0.0,0.0,0.0,0.0,0.0,0.0,0.0,0.0,0.0,0.0,NEGATIVE,SHORT_GAMMA,DEALER_SHORT_GAMMA,0.39,BEARISH,LOW,3.9,31.1,30.0,0.0,15.0,0.0,35.0,,0.0,0.0,748.45,LONG_GAMMA_PINNING,58.6,1.0,43.6,43.7,NEUTRAL,0.2
2026-07-22 20:02:00,0.0,0.0,0.0,0.0,0.0,0.0,0.0,0.0,0.0,0.0,0.0,0.0,0.0,0.0,0.0,0.0,0.0,NEGATIVE,SHORT_GAMMA,DEALER_SHORT_GAMMA,0.39,BEARISH,LOW,2.5,32.5,30.0,0.0,15.0,0.0,35.0,,0.0,0.0,748.51,LONG_GAMMA_PINNING,60.2,0.619,43.9,43.9,NEUTRAL,0.0
2026-07-22 20:03:00,0.0,0.0,0.0,0.0,0.0,0.0,0.0,0.0,0.0,0.0,0.0,0.0,0.0,0.0,0.0,0.0,0.0,NEGATIVE,SHORT_GAMMA,DEALER_SHORT_GAMMA,0.39,BEARISH,LOW,1.6,33.4,30.0,0.0,15.0,0.0,35.0,,0.0,0.0,748.59,LONG_GAMMA_PINNING,60.2,0.119,43.9,43.9,NEUTRAL,0.0
2026-07-22 20:04:00,0.0,0.0,0.0,0.0,0.0,0.0,0.0,0.0,0.0,0.0,0.0,0.0,0.0,0.0,0.0,0.0,0.0,NEGATIVE,SHORT_GAMMA,DEALER_SHORT_GAMMA,0.39,BEARISH,LOW,1.0,34.0,30.0,0.0,15.0,0.0,35.0,,0.0,0.0,748.62,LONG_GAMMA_PINNING,60.5,0.119,43.9,43.9,NEUTRAL,0.0
2026-07-22 20:05:00,0.0,0.0,0.0,0.0,0.0,0.0,0.0,0.0,0.0,0.0,0.0,0.0,0.0,0.0,0.0,0.0,0.0,NEGATIVE,SHORT_GAMMA,DEALER_LONG_GAMMA,0.33,NEUTRAL,LOW,5.9,29.1,30.0,0.0,15.0,15.0,20.0,,0.0,0.0,748.57,LONG_GAMMA_PINNING,60.5,0.119,43.9,43.9,NEUTRAL,0.0
2026-07-22 20:06:00,0.0,0.0,0.0,0.0,0.0,0.0,0.0,0.0,0.0,0.0,0.0,0.0,0.0,0.0,0.0,0.0,0.0,NEGATIVE,SHORT_GAMMA,DEALER_LONG_GAMMA,0.33,NEUTRAL,LOW,9.1,25.9,30.0,0.0,15.0,15.0,20.0,,0.0,0.0,748.59,LONG_GAMMA_PINNING,60.6,0.118,43.9,44.0,NEUTRAL,0.2
2026-07-22 20:07:00,0.0,0.0,0.0,0.0,0.0,0.0,0.0,0.0,0.0,0.0,0.0,0.0,0.0,0.0,0.0,0.0,0.0,NEGATIVE,SHORT_GAMMA,DEALER_LONG_GAMMA,0.33,NEUTRAL,LOW,11.2,23.8,30.0,0.0,15.0,15.0,20.0,,0.0,0.0,748.4,LONG_GAMMA_PINNING,60.6,0.118,43.9,44.0,NEUTRAL,0.2
2026-07-22 20:08:00,0.0,0.0,0.0,0.0,0.0,0.0,0.0,0.0,0.0,0.0,0.0,0.0,0.0,0.0,0.0,0.0,0.0,NEGATIVE,SHORT_GAMMA,DEALER_LONG_GAMMA,0.33,NEUTRAL,LOW,12.5,22.5,30.0,0.0,15.0,15.0,20.0,,0.0,0.0,748.47,LONG_GAMMA_PINNING,60.6,0.118,43.9,44.0,NEUTRAL,0.2
2026-07-22 20:09:00,0.0,0.0,0.0,0.0,0.0,0.0,0.0,0.0,0.0,0.0,0.0,0.0,0.0,0.0,0.0,0.0,0.0,NEGATIVE,SHORT_GAMMA,DEALER_LONG_GAMMA,0.33,NEUTRAL,LOW,13.4,21.6,30.0,0.0,15.0,15.0,20.0,,0.0,0.0,748.4,LONG_GAMMA_PINNING,60.6,0.118,43.9,44.0,NEUTRAL,0.2
2026-07-22 20:10:00,0.0,0.0,0.0,0.0,0.0,0.0,0.0,0.0,0.0,0.0,0.0,0.0,0.0,0.0,0.0,0.0,0.0,NEGATIVE,SHORT_GAMMA,DEALER_SHORT_GAMMA,0.39,BEARISH,LOW,8.7,26.3,30.0,0.0,15.0,0.0,35.0,,0.0,0.0,748.44,LONG_GAMMA_PINNING,60.6,0.118,43.9,44.0,NEUTRAL,0.2
2026-07-22 20:11:00,0.0,0.0,0.0,0.0,0.0,0.0,0.0,0.0,0.0,0.0,0.0,0.0,0.0,0.0,0.0,0.0,0.0,NEGATIVE,SHORT_GAMMA,DEALER_SHORT_GAMMA,0.39,BEARISH,LOW,5.7,29.3,30.0,0.0,15.0,0.0,35.0,,0.0,0.0,748.5,LONG_GAMMA_PINNING,60.6,0.118,43.9,44.0,NEUTRAL,0.2
2026-07-22 20:12:00,0.0,0.0,0.0,0.0,0.0,0.0,0.0,0.0,0.0,0.0,0.0,0.0,0.0,0.0,0.0,0.0,0.0,NEGATIVE,SHORT_GAMMA,DEALER_SHORT_GAMMA,0.39,BEARISH,LOW,3.7,31.3,30.0,0.0,15.0,0.0,35.0,,0.0,0.0,748.48,LONG_GAMMA_PINNING,60.6,0.118,43.9,44.0,NEUTRAL,0.2
2026-07-22 20:13:00,0.0,0.0,0.0,0.0,0.0,0.0,0.0,0.0,0.0,0.0,0.0,0.0,0.0,0.0,0.0,0.0,0.0,NEGATIVE,SHORT_GAMMA,DEALER_SHORT_GAMMA,0.39,BEARISH,LOW,2.4,32.6,30.0,0.0,15.0,0.0,35.0,,0.0,0.0,748.49,LONG_GAMMA_PINNING,60.7,0.118,43.9,44.0,NEUTRAL,0.2
2026-07-22 20:14:00,0.0,0.0,0.0,0.0,0.0,0.0,0.0,0.0,0.0,0.0,0.0,0.0,0.0,0.0,0.0,0.0,0.0,NEGATIVE,SHORT_GAMMA,DEALER_SHORT_GAMMA,0.39,BEARISH,LOW,1.6,33.4,30.0,0.0,15.0,0.0,35.0,,0.0,0.0,748.5,LONG_GAMMA_PINNING,60.7,0.118,43.9,44.0,NEUTRAL,0.2
2026-07-22 20:15:00,0.0,0.0,0.0,0.0,0.0,0.0,0.0,0.0,0.0,0.0,0.0,0.0,0.0,0.0,0.0,0.0,0.0,NEGATIVE,SHORT_GAMMA,DEALER_SHORT_GAMMA,0.39,BEARISH,LOW,1.0,34.0,30.0,0.0,15.0,0.0,35.0,,0.0,0.0,748.49,LONG_GAMMA_PINNING,60.7,0.118,43.9,44.0,NEUTRAL,0.2
2026-07-22 20:16:00,0.0,0.0,0.0,0.0,0.0,0.0,0.0,0.0,0.0,0.0,0.0,0.0,0.0,0.0,0.0,0.0,0.0,NEGATIVE,SHORT_GAMMA,DEALER_LONG_GAMMA,0.33,NEUTRAL,LOW,5.9,29.1,30.0,0.0,15.0,15.0,20.0,,0.0,0.0,748.39,LONG_GAMMA_PINNING,60.7,0.118,43.9,44.0,NEUTRAL,0.2
2026-07-22 20:17:00,0.0,0.0,0.0,0.0,0.0,0.0,0.0,0.0,0.0,0.0,0.0,0.0,0.0,0.0,0.0,0.0,0.0,NEGATIVE,SHORT_GAMMA,DEALER_LONG_GAMMA,0.33,NEUTRAL,LOW,9.1,25.9,30.0,0.0,15.0,15.0,20.0,,0.0,0.0,748.29,LONG_GAMMA_PINNING,57.7,0.627,43.5,43.6,NEUTRAL,0.2
2026-07-22 20:18:00,0.0,0.0,0.0,0.0,0.0,0.0,0.0,0.0,0.0,0.0,0.0,0.0,0.0,0.0,0.0,0.0,0.0,NEGATIVE,SHORT_GAMMA,DEALER_LONG_GAMMA,0.33,NEUTRAL,LOW,11.2,23.8,30.0,0.0,15.0,15.0,20.0,,0.0,0.0,748.28,CHARM_DOMINATED,40.5,0.678,39.7,42.2,NEUTRAL,5.0
2026-07-22 20:19:00,0.0,0.0,0.0,0.0,0.0,0.0,0.0,0.0,0.0,0.0,0.0,0.0,0.0,0.0,0.0,0.0,0.0,NEGATIVE,SHORT_GAMMA,DEALER_LONG_GAMMA,0.33,NEUTRAL,LOW,12.5,22.5,30.0,0.0,15.0,15.0,20.0,,0.0,0.0,748.18,CHARM_DOMINATED,40.8,0.178,39.7,42.2,NEUTRAL,5.0
2026-07-22 20:20:00,0.0,0.0,0.0,0.0,0.0,0.0,0.0,0.0,0.0,0.0,0.0,0.0,0.0,0.0,0.0,0.0,0.0,NEGATIVE,SHORT_GAMMA,DEALER_LONG_GAMMA,0.33,NEUTRAL,LOW,13.4,21.6,30.0,0.0,15.0,15.0,20.0,,0.0,0.0,748.16,CHARM_DOMINATED,40.8,0.178,39.7,42.2,NEUTRAL,5.0
2026-07-22 20:21:00,0.0,0.0,0.0,0.0,0.0,0.0,0.0,0.0,0.0,0.0,0.0,0.0,0.0,0.0,0.0,0.0,0.0,NEGATIVE,SHORT_GAMMA,DEALER_SHORT_GAMMA,0.39,BEARISH,LOW,8.7,26.3,30.0,0.0,15.0,0.0,35.0,,0.0,0.0,748.22,CHARM_DOMINATED,40.8,0.178,39.7,42.2,NEUTRAL,5.0
2026-07-22 20:22:00,0.0,0.0,0.0,0.0,0.0,0.0,0.0,0.0,0.0,0.0,0.0,0.0,0.0,0.0,0.0,0.0,0.0,NEGATIVE,SHORT_GAMMA,DEALER_SHORT_GAMMA,0.39,BEARISH,LOW,5.7,29.3,30.0,0.0,15.0,0.0,35.0,,0.0,0.0,748.33,CHARM_DOMINATED,40.9,0.177,39.8,42.2,NEUTRAL,4.8
2026-07-22 20:23:00,0.0,0.0,0.0,0.0,0.0,0.0,0.0,0.0,0.0,0.0,0.0,0.0,0.0,0.0,0.0,0.0,0.0,NEGATIVE,SHORT_GAMMA,DEALER_SHORT_GAMMA,0.39,BEARISH,LOW,3.7,31.3,30.0,0.0,15.0,0.0,35.0,,0.0,0.0,748.27,CHARM_DOMINATED,40.9,0.177,39.8,42.2,NEUTRAL,4.8
2026-07-22 20:24:00,0.0,0.0,0.0,0.0,0.0,0.0,0.0,0.0,0.0,0.0,0.0,0.0,0.0,0.0,0.0,0.0,0.0,NEGATIVE,SHORT_GAMMA,DEALER_LONG_GAMMA,0.33,NEUTRAL,LOW,7.7,27.3,30.0,0.0,15.0,15.0,20.0,,0.0,0.0,748.24,CHARM_DOMINATED,40.9,0.177,39.8,42.2,NEUTRAL,4.8
2026-07-22 20:25:00,0.0,0.0,0.0,0.0,0.0,0.0,0.0,0.0,0.0,0.0,0.0,0.0,0.0,0.0,0.0,0.0,0.0,NEGATIVE,SHORT_GAMMA,DEALER_LONG_GAMMA,0.33,NEUTRAL,LOW,10.3,24.7,30.0,0.0,15.0,15.0,20.0,,0.0,0.0,748.12,CHARM_DOMINATED,40.9,0.177,39.8,42.2,NEUTRAL,4.8
2026-07-22 20:26:00,0.0,0.0,0.0,0.0,0.0,0.0,0.0,0.0,0.0,0.0,0.0,0.0,0.0,0.0,0.0,0.0,0.0,NEGATIVE,SHORT_GAMMA,DEALER_LONG_GAMMA,0.33,NEUTRAL,LOW,11.9,23.1,30.0,0.0,15.0,15.0,20.0,,0.0,0.0,748.13,CHARM_DOMINATED,40.9,0.177,39.8,42.2,NEUTRAL,4.8
2026-07-22 20:27:00,0.0,0.0,0.0,0.0,0.0,0.0,0.0,0.0,0.0,0.0,0.0,0.0,0.0,0.0,0.0,0.0,0.0,NEGATIVE,SHORT_GAMMA,DEALER_SHORT_GAMMA,0.39,BEARISH,LOW,7.7,27.3,30.0,0.0,15.0,0.0,35.0,,0.0,0.0,748.18,CHARM_DOMINATED,40.9,0.177,39.8,42.2,NEUTRAL,4.8
2026-07-22 20:28:00,0.0,0.0,0.0,0.0,0.0,0.0,0.0,0.0,0.0,0.0,0.0,0.0,0.0,0.0,0.0,0.0,0.0,NEGATIVE,SHORT_GAMMA,DEALER_SHORT_GAMMA,0.39,BEARISH,LOW,5.0,30.0,30.0,0.0,15.0,0.0,35.0,,0.0,0.0,748.26,CHARM_DOMINATED,40.9,0.177,39.8,42.2,NEUTRAL,4.8
2026-07-22 20:29:00,0.0,0.0,0.0,0.0,0.0,0.0,0.0,0.0,0.0,0.0,0.0,0.0,0.0,0.0,0.0,0.0,0.0,NEGATIVE,SHORT_GAMMA,DEALER_LONG_GAMMA,0.33,NEUTRAL,LOW,8.5,26.5,30.0,0.0,15.0,15.0,20.0,,0.0,0.0,748.19,CHARM_DOMINATED,40.9,0.177,39.8,42.2,NEUTRAL,4.8
2026-07-22 20:30:00,0.0,0.0,0.0,0.0,0.0,0.0,0.0,0.0,0.0,0.0,0.0,0.0,0.0,0.0,0.0,0.0,0.0,NEGATIVE,SHORT_GAMMA,DEALER_LONG_GAMMA,0.33,NEUTRAL,LOW,10.8,24.2,30.0,0.0,15.0,15.0,20.0,,0.0,0.0,748.06,CHARM_DOMINATED,40.9,0.177,39.8,42.2,NEUTRAL,4.8
2026-07-22 20:31:00,0.0,0.0,0.0,0.0,0.0,0.0,0.0,0.0,0.0,0.0,0.0,0.0,0.0,0.0,0.0,0.0,0.0,NEGATIVE,SHORT_GAMMA,DEALER_LONG_GAMMA,0.33,NEUTRAL,LOW,12.3,22.7,30.0,0.0,15.0,15.0,20.0,,0.0,0.0,747.86,CHARM_DOMINATED,41.5,0.176,38.7,42.4,NEUTRAL,7.4
2026-07-22 20:32:00,0.0,0.0,0.0,0.0,0.0,0.0,0.0,0.0,0.0,0.0,0.0,0.0,0.0,0.0,0.0,0.0,0.0,NEGATIVE,SHORT_GAMMA,DEALER_LONG_GAMMA,0.33,NEUTRAL,LOW,13.2,21.8,30.0,0.0,15.0,15.0,20.0,,0.0,0.0,747.83,CHARM_DOMINATED,41.5,0.176,38.7,42.4,NEUTRAL,7.4
2026-07-22 20:33:00,0.0,0.0,0.0,0.0,0.0,0.0,0.0,0.0,0.0,0.0,0.0,0.0,0.0,0.0,0.0,0.0,0.0,NEGATIVE,SHORT_GAMMA,DEALER_SHORT_GAMMA,0.39,BEARISH,LOW,8.6,26.4,30.0,0.0,15.0,0.0,35.0,,0.0,0.0,748.1,CHARM_DOMINATED,41.5,0.176,39.8,42.4,NEUTRAL,5.2
2026-07-22 20:34:00,0.0,0.0,0.0,0.0,0.0,0.0,0.0,0.0,0.0,0.0,0.0,0.0,0.0,0.0,0.0,0.0,0.0,NEGATIVE,SHORT_GAMMA,DEALER_SHORT_GAMMA,0.39,BEARISH,LOW,5.6,29.4,30.0,0.0,15.0,0.0,35.0,,0.0,0.0,748.2,CHARM_DOMINATED,41.5,0.176,39.8,42.4,NEUTRAL,5.2
2026-07-22 20:35:00,0.0,0.0,0.0,0.0,0.0,0.0,0.0,0.0,0.0,0.0,0.0,0.0,0.0,0.0,0.0,0.0,0.0,NEGATIVE,SHORT_GAMMA,DEALER_SHORT_GAMMA,0.39,BEARISH,LOW,3.6,31.4,30.0,0.0,15.0,0.0,35.0,,0.0,0.0,748.2,CHARM_DOMINATED,41.5,0.176,39.8,42.4,NEUTRAL,5.2
2026-07-22 20:36:00,0.0,0.0,0.0,0.0,0.0,0.0,0.0,0.0,0.0,0.0,0.0,0.0,0.0,0.0,0.0,0.0,0.0,NEGATIVE,SHORT_GAMMA,DEALER_SHORT_GAMMA,0.39,BEARISH,LOW,2.3,32.7,30.0,0.0,15.0,0.0,35.0,,0.0,0.0,748.18,CHARM_DOMINATED,41.5,0.176,39.8,42.4,NEUTRAL,5.2
2026-07-22 20:37:00,0.0,0.0,0.0,0.0,0.0,0.0,0.0,0.0,0.0,0.0,0.0,0.0,0.0,0.0,0.0,0.0,0.0,NEGATIVE,SHORT_GAMMA,DEALER_SHORT_GAMMA,0.39,BEARISH,LOW,1.5,33.5,30.0,0.0,15.0,0.0,35.0,,0.0,0.0,748.29,CHARM_DOMINATED,41.5,0.176,39.8,42.4,NEUTRAL,5.2
2026-07-22 20:38:00,0.0,0.0,0.0,0.0,0.0,0.0,0.0,0.0,0.0,0.0,0.0,0.0,0.0,0.0,0.0,0.0,0.0,NEGATIVE,SHORT_GAMMA,DEALER_LONG_GAMMA,0.33,NEUTRAL,LOW,6.2,28.8,30.0,0.0,15.0,15.0,20.0,,0.0,0.0,748.15,CHARM_DOMINATED,41.5,0.176,39.8,42.4,NEUTRAL,5.2
2026-07-22 20:39:00,0.0,0.0,0.0,0.0,0.0,0.0,0.0,0.0,0.0,0.0,0.0,0.0,0.0,0.0,0.0,0.0,0.0,NEGATIVE,SHORT_GAMMA,DEALER_LONG_GAMMA,0.33,NEUTRAL,LOW,9.3,25.7,30.0,0.0,15.0,15.0,20.0,,0.0,0.0,748.15,CHARM_DOMINATED,41.5,0.176,39.8,42.4,NEUTRAL,5.2
2026-07-22 20:40:00,0.0,0.0,0.0,0.0,0.0,0.0,0.0,0.0,0.0,0.0,0.0,0.0,0.0,0.0,0.0,0.0,0.0,NEGATIVE,SHORT_GAMMA,DEALER_LONG_GAMMA,0.33,NEUTRAL,LOW,11.3,23.7,30.0,0.0,15.0,15.0,20.0,,0.0,0.0,748.15,CHARM_DOMINATED,41.5,0.176,39.8,42.4,NEUTRAL,5.2
2026-07-22 20:41:00,0.0,0.0,0.0,0.0,0.0,0.0,0.0,0.0,0.0,0.0,0.0,0.0,0.0,0.0,0.0,0.0,0.0,NEGATIVE,SHORT_GAMMA,DEALER_SHORT_GAMMA,0.39,BEARISH,LOW,7.3,27.7,30.0,0.0,15.0,0.0,35.0,,0.0,0.0,748.15,CHARM_DOMINATED,41.5,0.176,39.8,42.4,NEUTRAL,5.2
2026-07-22 20:42:00,0.0,0.0,0.0,0.0,0.0,0.0,0.0,0.0,0.0,0.0,0.0,0.0,0.0,0.0,0.0,0.0,0.0,NEGATIVE,SHORT_GAMMA,DEALER_SHORT_GAMMA,0.39,BEARISH,LOW,4.7,30.3,30.0,0.0,15.0,0.0,35.0,,0.0,0.0,748.15,CHARM_DOMINATED,41.5,0.176,39.8,42.4,NEUTRAL,5.2
2026-07-22 20:43:00,0.0,0.0,0.0,0.0,0.0,0.0,0.0,0.0,0.0,0.0,0.0,0.0,0.0,0.0,0.0,0.0,0.0,NEGATIVE,SHORT_GAMMA,DEALER_SHORT_GAMMA,0.39,BEARISH,LOW,3.1,31.9,30.0,0.0,15.0,0.0,35.0,,0.0,0.0,748.15,CHARM_DOMINATED,41.5,0.176,39.8,42.4,NEUTRAL,5.2
2026-07-22 20:44:00,0.0,0.0,0.0,0.0,0.0,0.0,0.0,0.0,0.0,0.0,0.0,0.0,0.0,0.0,0.0,0.0,0.0,NEGATIVE,SHORT_GAMMA,DEALER_SHORT_GAMMA,0.39,BEARISH,LOW,2.0,33.0,30.0,0.0,15.0,0.0,35.0,,0.0,0.0,748.15,CHARM_DOMINATED,41.5,0.176,39.8,42.4,NEUTRAL,5.2
2026-07-22 20:45:00,0.0,0.0,0.0,0.0,0.0,0.0,0.0,0.0,0.0,0.0,0.0,0.0,0.0,0.0,0.0,0.0,0.0,NEGATIVE,SHORT_GAMMA,DEALER_SHORT_GAMMA,0.39,BEARISH,LOW,1.3,33.7,30.0,0.0,15.0,0.0,35.0,,0.0,0.0,748.15,CHARM_DOMINATED,41.5,0.176,39.8,42.4,NEUTRAL,5.2
2026-07-22 20:46:00,0.0,0.0,0.0,0.0,0.0,0.0,0.0,0.0,0.0,0.0,0.0,0.0,0.0,0.0,0.0,0.0,0.0,NEGATIVE,SHORT_GAMMA,DEALER_SHORT_GAMMA,0.39,BEARISH,LOW,0.8,34.2,30.0,0.0,15.0,0.0,35.0,,0.0,0.0,748.15,CHARM_DOMINATED,41.5,0.176,39.8,42.4,NEUTRAL,5.2
2026-07-22 20:47:00,0.0,0.0,0.0,0.0,0.0,0.0,0.0,0.0,0.0,0.0,0.0,0.0,0.0,0.0,0.0,0.0,0.0,NEGATIVE,SHORT_GAMMA,DEALER_SHORT_GAMMA,0.39,BEARISH,LOW,0.5,34.5,30.0,0.0,15.0,0.0,35.0,,0.0,0.0,748.15,CHARM_DOMINATED,41.5,0.176,39.8,42.4,NEUTRAL,5.2
2026-07-22 20:48:00,0.0,0.0,0.0,0.0,0.0,0.0,0.0,0.0,0.0,0.0,0.0,0.0,0.0,0.0,0.0,0.0,0.0,NEGATIVE,SHORT_GAMMA,DEALER_SHORT_GAMMA,0.39,BEARISH,LOW,0.3,34.7,30.0,0.0,15.0,0.0,35.0,,0.0,0.0,748.15,CHARM_DOMINATED,41.5,0.176,39.8,42.4,NEUTRAL,5.2
2026-07-22 20:49:00,0.0,0.0,0.0,0.0,0.0,0.0,0.0,0.0,0.0,0.0,0.0,0.0,0.0,0.0,0.0,0.0,0.0,NEGATIVE,SHORT_GAMMA,DEALER_SHORT_GAMMA,0.39,BEARISH,LOW,0.2,34.8,30.0,0.0,15.0,0.0,35.0,,0.0,0.0,748.15,CHARM_DOMINATED,41.5,0.176,39.8,42.4,NEUTRAL,5.2
2026-07-22 20:50:00,0.0,0.0,0.0,0.0,0.0,0.0,0.0,0.0,0.0,0.0,0.0,0.0,0.0,0.0,0.0,0.0,0.0,NEGATIVE,SHORT_GAMMA,DEALER_SHORT_GAMMA,0.39,BEARISH,LOW,0.1,34.9,30.0,0.0,15.0,0.0,35.0,,0.0,0.0,748.15,CHARM_DOMINATED,41.5,0.176,39.8,42.4,NEUTRAL,5.2
2026-07-22 20:51:00,0.0,0.0,0.0,0.0,0.0,0.0,0.0,0.0,0.0,0.0,0.0,0.0,0.0,0.0,0.0,0.0,0.0,NEGATIVE,SHORT_GAMMA,DEALER_SHORT_GAMMA,0.39,BEARISH,LOW,0.1,34.9,30.0,0.0,15.0,0.0,35.0,,0.0,0.0,748.15,CHARM_DOMINATED,41.5,0.176,39.8,42.4,NEUTRAL,5.2
2026-07-22 20:52:00,0.0,0.0,0.0,0.0,0.0,0.0,0.0,0.0,0.0,0.0,0.0,0.0,0.0,0.0,0.0,0.0,0.0,NEGATIVE,SHORT_GAMMA,DEALER_SHORT_GAMMA,0.39,BEARISH,LOW,0.1,34.9,30.0,0.0,15.0,0.0,35.0,,0.0,0.0,748.15,CHARM_DOMINATED,41.5,0.176,39.8,42.4,NEUTRAL,5.2
2026-07-22 20:53:00,0.0,0.0,0.0,0.0,0.0,0.0,0.0,0.0,0.0,0.0,0.0,0.0,0.0,0.0,0.0,0.0,0.0,NEGATIVE,SHORT_GAMMA,DEALER_SHORT_GAMMA,0.39,BEARISH,LOW,0.1,34.9,30.0,0.0,15.0,0.0,35.0,,0.0,0.0,748.15,CHARM_DOMINATED,41.5,0.176,39.8,42.4,NEUTRAL,5.2
2026-07-22 20:54:00,0.0,0.0,0.0,0.0,0.0,0.0,0.0,0.0,0.0,0.0,0.0,0.0,0.0,0.0,0.0,0.0,0.0,NEGATIVE,SHORT_GAMMA,DEALER_SHORT_GAMMA,0.39,BEARISH,LOW,0.1,34.9,30.0,0.0,15.0,0.0,35.0,,0.0,0.0,748.15,CHARM_DOMINATED,41.5,0.176,39.8,42.4,NEUTRAL,5.2
2026-07-22 20:55:00,0.0,0.0,0.0,0.0,0.0,0.0,0.0,0.0,0.0,0.0,0.0,0.0,0.0,0.0,0.0,0.0,0.0,NEGATIVE,SHORT_GAMMA,DEALER_SHORT_GAMMA,0.39,BEARISH,LOW,0.1,34.9,30.0,0.0,15.0,0.0,35.0,,0.0,0.0,748.15,CHARM_DOMINATED,41.5,0.176,39.8,42.4,NEUTRAL,5.2
2026-07-22 20:56:00,0.0,0.0,0.0,0.0,0.0,0.0,0.0,0.0,0.0,0.0,0.0,0.0,0.0,0.0,0.0,0.0,0.0,NEGATIVE,SHORT_GAMMA,DEALER_SHORT_GAMMA,0.39,BEARISH,LOW,0.1,34.9,30.0,0.0,15.0,0.0,35.0,,0.0,0.0,748.15,CHARM_DOMINATED,41.5,0.176,39.8,42.4,NEUTRAL,5.2
2026-07-22 20:57:00,0.0,0.0,0.0,0.0,0.0,0.0,0.0,0.0,0.0,0.0,0.0,0.0,0.0,0.0,0.0,0.0,0.0,NEGATIVE,SHORT_GAMMA,DEALER_SHORT_GAMMA,0.39,BEARISH,LOW,0.1,34.9,30.0,0.0,15.0,0.0,35.0,,0.0,0.0,748.15,CHARM_DOMINATED,41.5,0.176,39.8,42.4,NEUTRAL,5.2
2026-07-22 20:58:00,0.0,0.0,0.0,0.0,0.0,0.0,0.0,0.0,0.0,0.0,0.0,0.0,0.0,0.0,0.0,0.0,0.0,NEGATIVE,SHORT_GAMMA,DEALER_SHORT_GAMMA,0.39,BEARISH,LOW,0.1,34.9,30.0,0.0,15.0,0.0,35.0,,0.0,0.0,748.15,CHARM_DOMINATED,41.5,0.176,39.8,42.4,NEUTRAL,5.2
2026-07-22 20:59:00,0.0,0.0,0.0,0.0,0.0,0.0,0.0,0.0,0.0,0.0,0.0,0.0,0.0,0.0,0.0,0.0,0.0,NEGATIVE,SHORT_GAMMA,DEALER_SHORT_GAMMA,0.39,BEARISH,LOW,0.1,34.9,30.0,0.0,15.0,0.0,35.0,,0.0,0.0,748.15,CHARM_DOMINATED,41.5,0.176,39.8,42.4,NEUTRAL,5.2
2026-07-22 21:00:00,0.0,0.0,0.0,0.0,0.0,0.0,0.0,0.0,0.0,0.0,0.0,0.0,0.0,0.0,0.0,0.0,0.0,NEGATIVE,SHORT_GAMMA,DEALER_SHORT_GAMMA,0.39,BEARISH,LOW,0.1,34.9,30.0,0.0,15.0,0.0,35.0,,0.0,0.0,748.15,CHARM_DOMINATED,41.5,0.176,39.8,42.4,NEUTRAL,5.2
2026-07-22 21:01:00,0.0,0.0,0.0,0.0,0.0,0.0,0.0,0.0,0.0,0.0,0.0,0.0,0.0,0.0,0.0,0.0,0.0,NEGATIVE,SHORT_GAMMA,DEALER_SHORT_GAMMA,0.39,BEARISH,LOW,0.1,34.9,30.0,0.0,15.0,0.0,35.0,,0.0,0.0,748.15,CHARM_DOMINATED,41.5,0.176,39.8,42.4,NEUTRAL,5.2
2026-07-22 21:02:00,0.0,0.0,0.0,0.0,0.0,0.0,0.0,0.0,0.0,0.0,0.0,0.0,0.0,0.0,0.0,0.0,0.0,NEGATIVE,SHORT_GAMMA,DEALER_SHORT_GAMMA,0.39,BEARISH,LOW,0.1,34.9,30.0,0.0,15.0,0.0,35.0,,0.0,0.0,748.15,CHARM_DOMINATED,41.5,0.176,39.8,42.4,NEUTRAL,5.2
2026-07-22 21:03:00,0.0,0.0,0.0,0.0,0.0,0.0,0.0,0.0,0.0,0.0,0.0,0.0,0.0,0.0,0.0,0.0,0.0,NEGATIVE,SHORT_GAMMA,DEALER_SHORT_GAMMA,0.39,BEARISH,LOW,0.1,34.9,30.0,0.0,15.0,0.0,35.0,,0.0,0.0,748.15,CHARM_DOMINATED,41.5,0.176,39.8,42.4,NEUTRAL,5.2
2026-07-22 21:04:00,0.0,0.0,0.0,0.0,0.0,0.0,0.0,0.0,0.0,0.0,0.0,0.0,0.0,0.0,0.0,0.0,0.0,NEGATIVE,SHORT_GAMMA,DEALER_SHORT_GAMMA,0.39,BEARISH,LOW,0.1,34.9,30.0,0.0,15.0,0.0,35.0,,0.0,0.0,748.15,CHARM_DOMINATED,41.5,0.176,39.8,42.4,NEUTRAL,5.2
2026-07-22 21:05:00,0.0,0.0,0.0,0.0,0.0,0.0,0.0,0.0,0.0,0.0,0.0,0.0,0.0,0.0,0.0,0.0,0.0,NEGATIVE,SHORT_GAMMA,DEALER_SHORT_GAMMA,0.39,BEARISH,LOW,0.1,34.9,30.0,0.0,15.0,0.0,35.0,,0.0,0.0,748.15,CHARM_DOMINATED,41.5,0.176,39.8,42.4,NEUTRAL,5.2
2026-07-22 21:06:00,0.0,0.0,0.0,0.0,0.0,0.0,0.0,0.0,0.0,0.0,0.0,0.0,0.0,0.0,0.0,0.0,0.0,NEGATIVE,SHORT_GAMMA,DEALER_SHORT_GAMMA,0.39,BEARISH,LOW,0.1,34.9,30.0,0.0,15.0,0.0,35.0,,0.0,0.0,748.15,CHARM_DOMINATED,41.5,0.176,39.8,42.4,NEUTRAL,5.2
2026-07-22 21:07:00,0.0,0.0,0.0,0.0,0.0,0.0,0.0,0.0,0.0,0.0,0.0,0.0,0.0,0.0,0.0,0.0,0.0,NEGATIVE,SHORT_GAMMA,DEALER_SHORT_GAMMA,0.39,BEARISH,LOW,0.1,34.9,30.0,0.0,15.0,0.0,35.0,,0.0,0.0,748.15,CHARM_DOMINATED,41.5,0.176,39.8,42.4,NEUTRAL,5.2
2026-07-22 21:08:00,0.0,0.0,0.0,0.0,0.0,0.0,0.0,0.0,0.0,0.0,0.0,0.0,0.0,0.0,0.0,0.0,0.0,NEGATIVE,SHORT_GAMMA,DEALER_SHORT_GAMMA,0.39,BEARISH,LOW,0.1,34.9,30.0,0.0,15.0,0.0,35.0,,0.0,0.0,748.15,CHARM_DOMINATED,41.5,0.176,39.8,42.4,NEUTRAL,5.2
2026-07-22 21:09:00,0.0,0.0,0.0,0.0,0.0,0.0,0.0,0.0,0.0,0.0,0.0,0.0,0.0,0.0,0.0,0.0,0.0,NEGATIVE,SHORT_GAMMA,DEALER_SHORT_GAMMA,0.39,BEARISH,LOW,0.1,34.9,30.0,0.0,15.0,0.0,35.0,,0.0,0.0,748.15,CHARM_DOMINATED,41.5,0.176,39.8,42.4,NEUTRAL,5.2
2026-07-22 21:10:00,0.0,0.0,0.0,0.0,0.0,0.0,0.0,0.0,0.0,0.0,0.0,0.0,0.0,0.0,0.0,0.0,0.0,NEGATIVE,SHORT_GAMMA,DEALER_SHORT_GAMMA,0.39,BEARISH,LOW,0.1,34.9,30.0,0.0,15.0,0.0,35.0,,0.0,0.0,748.15,CHARM_DOMINATED,41.5,0.176,39.8,42.4,NEUTRAL,5.2
2026-07-22 21:12:00,0.0,0.0,0.0,0.0,0.0,0.0,0.0,0.0,0.0,0.0,0.0,0.0,0.0,0,0,0.0,0.0,NEGATIVE,SHORT_GAMMA,DEALER_SHORT_GAMMA,0.39,BEARISH,LOW,0.0,35.0,30.0,0.0,15.0,0.0,35.0,,0.0,0.0,747.41,LONG_GAMMA_PINNING,0.0,0.0,35.1,35.1,NEUTRAL,0.0
2026-07-22 21:13:00,0.0,0.0,0.0,0.0,0.0,0.0,0.0,0.0,0.0,0.0,0.0,0.0,0.0,0.0,0.0,0.0,0.0,NEGATIVE,SHORT_GAMMA,DEALER_SHORT_GAMMA,0.39,BEARISH,LOW,0.0,35.0,30.0,0.0,15.0,0.0,35.0,,0.0,0.0,747.44,CHARM_DOMINATED,40.3,0.0,39.7,42.1,NEUTRAL,4.8
2026-07-22 21:14:00,0.0,0.0,0.0,0.0,0.0,0.0,0.0,0.0,0.0,0.0,0.0,0.0,0.0,0.0,0.0,0.0,0.0,NEGATIVE,SHORT_GAMMA,DEALER_SHORT_GAMMA,0.39,BEARISH,LOW,0.0,35.0,30.0,0.0,15.0,0.0,35.0,,0.0,0.0,747.42,CHARM_DOMINATED,40.3,0.179,39.7,42.1,NEUTRAL,4.8
2026-07-22 21:15:00,0.0,0.0,0.0,0.0,0.0,0.0,0.0,0.0,0.0,0.0,0.0,0.0,0.0,0.0,0.0,0.0,0.0,NEGATIVE,SHORT_GAMMA,DEALER_LONG_GAMMA,0.33,NEUTRAL,LOW,5.2,29.8,30.0,0.0,15.0,15.0,20.0,,0.0,0.0,747.44,CHARM_DOMINATED,40.3,0.179,39.7,42.1,NEUTRAL,4.8
2026-07-22 21:16:00,0.0,0.0,0.0,0.0,0.0,0.0,0.0,0.0,0.0,0.0,0.0,0.0,0.0,0.0,0.0,0.0,0.0,NEGATIVE,SHORT_GAMMA,DEALER_LONG_GAMMA,0.33,NEUTRAL,LOW,8.6,26.4,30.0,0.0,15.0,15.0,20.0,,0.0,0.0,747.41,CHARM_DOMINATED,40.3,0.179,39.7,42.1,NEUTRAL,4.8
2026-07-22 21:17:00,0.0,0.0,0.0,0.0,0.0,0.0,0.0,0.0,0.0,0.0,0.0,0.0,0.0,0.0,0.0,0.0,0.0,NEGATIVE,SHORT_GAMMA,DEALER_LONG_GAMMA,0.33,NEUTRAL,LOW,10.8,24.2,30.0,0.0,15.0,15.0,20.0,,0.0,0.0,747.37,CHARM_DOMINATED,40.3,0.179,39.7,42.1,NEUTRAL,4.8
2026-07-22 21:18:00,0.0,0.0,0.0,0.0,0.0,0.0,0.0,0.0,0.0,0.0,0.0,0.0,0.0,0.0,0.0,0.0,0.0,NEGATIVE,SHORT_GAMMA,DEALER_LONG_GAMMA,0.33,NEUTRAL,LOW,12.3,22.7,30.0,0.0,15.0,15.0,20.0,,0.0,0.0,747.24,CHARM_DOMINATED,40.6,0.178,42.2,39.7,NEUTRAL,5.0
2026-07-22 21:19:00,0.0,0.0,0.0,0.0,0.0,0.0,0.0,0.0,0.0,0.0,0.0,0.0,0.0,0.0,0.0,0.0,0.0,NEGATIVE,SHORT_GAMMA,DEALER_LONG_GAMMA,0.33,NEUTRAL,LOW,13.2,21.8,30.0,0.0,15.0,15.0,20.0,,0.0,0.0,747.21,CHARM_DOMINATED,40.6,0.178,42.2,39.7,NEUTRAL,5.0
2026-07-22 21:20:00,0.0,0.0,0.0,0.0,0.0,0.0,0.0,0.0,0.0,0.0,0.0,0.0,0.0,0.0,0.0,0.0,0.0,NEGATIVE,SHORT_GAMMA,DEALER_LONG_GAMMA,0.33,NEUTRAL,LOW,13.8,21.2,30.0,0.0,15.0,15.0,20.0,,0.0,0.0,747.17,CHARM_DOMINATED,40.6,0.178,42.2,39.7,NEUTRAL,5.0
2026-07-22 21:21:00,0.0,0.0,0.0,0.0,0.0,0.0,0.0,0.0,0.0,0.0,0.0,0.0,0.0,0.0,0.0,0.0,0.0,NEGATIVE,SHORT_GAMMA,DEALER_SHORT_GAMMA,0.39,BEARISH,LOW,9.0,26.0,30.0,0.0,15.0,0.0,35.0,,0.0,0.0,747.17,CHARM_DOMINATED,40.6,0.178,42.2,39.7,NEUTRAL,5.0
2026-07-22 21:22:00,0.0,0.0,0.0,0.0,0.0,0.0,0.0,0.0,0.0,0.0,0.0,0.0,0.0,0.0,0.0,0.0,0.0,NEGATIVE,SHORT_GAMMA,DEALER_SHORT_GAMMA,0.39,BEARISH,LOW,5.9,29.2,30.0,0.0,15.0,0.0,35.0,,0.0,0.0,747.02,CHARM_DOMINATED,40.9,0.177,42.2,39.8,NEUTRAL,4.8
2026-07-22 21:23:00,0.0,0.0,0.0,0.0,0.0,0.0,0.0,0.0,0.0,0.0,0.0,0.0,0.0,0.0,0.0,0.0,0.0,NEGATIVE,SHORT_GAMMA,DEALER_SHORT_GAMMA,0.39,BEARISH,LOW,3.8,31.2,30.0,0.0,15.0,0.0,35.0,,0.0,0.0,747.02,CHARM_DOMINATED,40.9,0.177,42.2,39.8,NEUTRAL,4.8
2026-07-22 21:24:00,0.0,0.0,0.0,0.0,0.0,0.0,0.0,0.0,0.0,0.0,0.0,0.0,0.0,0.0,0.0,0.0,0.0,NEGATIVE,SHORT_GAMMA,DEALER_SHORT_GAMMA,0.39,BEARISH,LOW,2.5,32.5,30.0,0.0,15.0,0.0,35.0,,0.0,0.0,746.99,CHARM_DOMINATED,40.9,0.177,38.6,42.2,NEUTRAL,7.2
2026-07-22 21:25:00,0.0,0.0,0.0,0.0,0.0,0.0,0.0,0.0,0.0,0.0,0.0,0.0,0.0,0.0,0.0,0.0,0.0,NEGATIVE,SHORT_GAMMA,DEALER_SHORT_GAMMA,0.39,BEARISH,LOW,1.6,33.4,30.0,0.0,15.0,0.0,35.0,,0.0,0.0,746.8,CHARM_DOMINATED,40.9,0.177,41.1,39.8,NEUTRAL,2.6
2026-07-22 21:26:00,0.0,0.0,0.0,0.0,0.0,0.0,0.0,0.0,0.0,0.0,0.0,0.0,0.0,0.0,0.0,0.0,0.0,NEGATIVE,SHORT_GAMMA,DEALER_SHORT_GAMMA,0.39,BEARISH,LOW,1.0,34.0,30.0,0.0,15.0,0.0,35.0,,0.0,0.0,746.92,CHARM_DOMINATED,40.9,0.177,39.8,42.2,NEUTRAL,4.8
2026-07-22 21:27:00,0.0,0.0,0.0,0.0,0.0,0.0,0.0,0.0,0.0,0.0,0.0,0.0,0.0,0.0,0.0,0.0,0.0,NEGATIVE,SHORT_GAMMA,DEALER_SHORT_GAMMA,0.39,BEARISH,LOW,0.7,34.4,30.0,0.0,15.0,0.0,35.0,,0.0,0.0,746.82,CHARM_DOMINATED,40.9,0.177,42.2,39.8,NEUTRAL,4.8
2026-07-22 21:28:00,0.0,0.0,0.0,0.0,0.0,0.0,0.0,0.0,0.0,0.0,0.0,0.0,0.0,0.0,0.0,0.0,0.0,NEGATIVE,SHORT_GAMMA,DEALER_LONG_GAMMA,0.33,NEUTRAL,LOW,5.7,29.4,30.0,0.0,15.0,15.0,20.0,,0.0,0.0,746.83,CHARM_DOMINATED,40.9,0.177,42.2,39.8,NEUTRAL,4.8
2026-07-22 21:29:00,0.0,0.0,0.0,0.0,0.0,0.0,0.0,0.0,0.0,0.0,0.0,0.0,0.0,0.0,0.0,0.0,0.0,NEGATIVE,SHORT_GAMMA,DEALER_LONG_GAMMA,0.33,NEUTRAL,LOW,9.0,26.1,30.0,0.0,15.0,15.0,20.0,,0.0,0.0,746.82,CHARM_DOMINATED,40.9,0.177,42.2,39.8,NEUTRAL,4.8
2026-07-22 21:30:00,0.0,0.0,0.0,0.0,0.0,0.0,0.0,0.0,0.0,0.0,0.0,0.0,0.0,0.0,0.0,0.0,0.0,NEGATIVE,SHORT_GAMMA,DEALER_SHORT_GAMMA,0.39,BEARISH,LOW,5.9,29.2,30.0,0.0,15.0,0.0,35.0,,0.0,0.0,746.95,CHARM_DOMINATED,40.9,0.177,39.8,42.2,NEUTRAL,4.8
2026-07-22 21:31:00,0.0,0.0,0.0,0.0,0.0,0.0,0.0,0.0,0.0,0.0,0.0,0.0,0.0,0.0,0.0,0.0,0.0,NEGATIVE,SHORT_GAMMA,DEALER_LONG_GAMMA,0.33,NEUTRAL,LOW,9.1,26.0,30.0,0.0,15.0,15.0,20.0,,0.0,0.0,746.99,CHARM_DOMINATED,40.9,0.177,39.8,42.2,NEUTRAL,4.8
2026-07-22 21:32:00,0.0,0.0,0.0,0.0,0.0,0.0,0.0,0.0,0.0,0.0,0.0,0.0,0.0,0.0,0.0,0.0,0.0,NEGATIVE,SHORT_GAMMA,DEALER_LONG_GAMMA,0.33,NEUTRAL,LOW,11.2,23.9,30.0,0.0,15.0,15.0,20.0,,0.0,0.0,747.0,CHARM_DOMINATED,40.9,0.177,39.8,42.2,NEUTRAL,4.8
2026-07-22 21:33:00,0.0,0.0,0.0,0.0,0.0,0.0,0.0,0.0,0.0,0.0,0.0,0.0,0.0,0.0,0.0,0.0,0.0,NEGATIVE,SHORT_GAMMA,DEALER_LONG_GAMMA,0.33,NEUTRAL,LOW,12.5,22.5,30.0,0.0,15.0,15.0,20.0,,0.0,0.0,747.19,CHARM_DOMINATED,40.9,0.177,42.2,39.8,NEUTRAL,4.8
2026-07-22 21:34:00,0.0,0.0,0.0,0.0,0.0,0.0,0.0,0.0,0.0,0.0,0.0,0.0,0.0,0.0,0.0,0.0,0.0,NEGATIVE,SHORT_GAMMA,DEALER_LONG_GAMMA,0.33,NEUTRAL,LOW,13.4,21.6,30.0,0.0,15.0,15.0,20.0,,0.0,0.0,747.21,CHARM_DOMINATED,40.9,0.177,42.2,39.8,NEUTRAL,4.8
2026-07-22 21:35:00,0.0,0.0,0.0,0.0,0.0,0.0,0.0,0.0,0.0,0.0,0.0,0.0,0.0,0.0,0.0,0.0,0.0,NEGATIVE,SHORT_GAMMA,DEALER_LONG_GAMMA,0.33,NEUTRAL,LOW,14.0,21.0,30.0,0.0,15.0,15.0,20.0,,0.0,0.0,747.16,CHARM_DOMINATED,40.9,0.177,42.2,39.8,NEUTRAL,4.8
2026-07-22 21:36:00,0.0,0.0,0.0,0.0,0.0,0.0,0.0,0.0,0.0,0.0,0.0,0.0,0.0,0.0,0.0,0.0,0.0,NEGATIVE,SHORT_GAMMA,DEALER_SHORT_GAMMA,0.39,BEARISH,LOW,9.1,25.9,30.0,0.0,15.0,0.0,35.0,,0.0,0.0,746.92,CHARM_DOMINATED,41.1,0.177,38.6,42.3,NEUTRAL,7.4
2026-07-22 21:37:00,0.0,0.0,0.0,0.0,0.0,0.0,0.0,0.0,0.0,0.0,0.0,0.0,0.0,0.0,0.0,0.0,0.0,NEGATIVE,SHORT_GAMMA,DEALER_SHORT_GAMMA,0.39,BEARISH,LOW,5.9,29.1,30.0,0.0,15.0,0.0,35.0,,0.0,0.0,746.8,CHARM_DOMINATED,41.1,0.177,41.1,39.8,NEUTRAL,2.6
2026-07-22 21:38:00,0.0,0.0,0.0,0.0,0.0,0.0,0.0,0.0,0.0,0.0,0.0,0.0,0.0,0.0,0.0,0.0,0.0,NEGATIVE,SHORT_GAMMA,DEALER_SHORT_GAMMA,0.39,BEARISH,LOW,3.8,31.2,30.0,0.0,15.0,0.0,35.0,,0.0,0.0,746.55,CHARM_DOMINATED,41.7,0.175,42.4,39.9,NEUTRAL,5.0
2026-07-22 21:39:00,0.0,0.0,0.0,0.0,0.0,0.0,0.0,0.0,0.0,0.0,0.0,0.0,0.0,0.0,0.0,0.0,0.0,NEGATIVE,SHORT_GAMMA,DEALER_LONG_GAMMA,0.33,NEUTRAL,LOW,7.7,27.3,30.0,0.0,15.0,15.0,20.0,,0.0,0.0,746.64,CHARM_DOMINATED,41.7,0.175,42.4,39.9,NEUTRAL,5.0
2026-07-22 21:40:00,0.0,0.0,0.0,0.0,0.0,0.0,0.0,0.0,0.0,0.0,0.0,0.0,0.0,0.0,0.0,0.0,0.0,NEGATIVE,SHORT_GAMMA,DEALER_LONG_GAMMA,0.33,NEUTRAL,LOW,10.3,24.7,30.0,0.0,15.0,15.0,20.0,,0.0,0.0,746.6,CHARM_DOMINATED,41.7,0.175,42.4,39.9,NEUTRAL,5.0
2026-07-22 21:41:00,0.0,0.0,0.0,0.0,0.0,0.0,0.0,0.0,0.0,0.0,0.0,0.0,0.0,0.0,0.0,0.0,0.0,NEGATIVE,SHORT_GAMMA,DEALER_SHORT_GAMMA,0.39,BEARISH,LOW,6.7,28.3,30.0,0.0,15.0,0.0,35.0,,0.0,0.0,746.63,CHARM_DOMINATED,41.7,0.175,42.4,39.9,NEUTRAL,5.0
2026-07-22 21:42:00,0.0,0.0,0.0,0.0,0.0,0.0,0.0,0.0,0.0,0.0,0.0,0.0,0.0,0.0,0.0,0.0,0.0,NEGATIVE,SHORT_GAMMA,DEALER_SHORT_GAMMA,0.39,BEARISH,LOW,4.4,30.6,30.0,0.0,15.0,0.0,35.0,,0.0,0.0,746.7,CHARM_DOMINATED,41.7,0.175,42.4,39.9,NEUTRAL,5.0
2026-07-22 21:43:00,0.0,0.0,0.0,0.0,0.0,0.0,0.0,0.0,0.0,0.0,0.0,0.0,0.0,0.0,0.0,0.0,0.0,NEGATIVE,SHORT_GAMMA,DEALER_SHORT_GAMMA,0.39,BEARISH,LOW,2.9,32.1,30.0,0.0,15.0,0.0,35.0,,0.0,0.0,746.56,CHARM_DOMINATED,41.7,0.175,42.4,39.9,NEUTRAL,5.0
2026-07-22 21:44:00,0.0,0.0,0.0,0.0,0.0,0.0,0.0,0.0,0.0,0.0,0.0,0.0,0.0,0.0,0.0,0.0,0.0,NEGATIVE,SHORT_GAMMA,DEALER_SHORT_GAMMA,0.39,BEARISH,LOW,1.9,33.1,30.0,0.0,15.0,0.0,35.0,,0.0,0.0,746.55,CHARM_DOMINATED,41.7,0.175,42.4,39.9,NEUTRAL,5.0
2026-07-22 21:45:00,0.0,0.0,0.0,0.0,0.0,0.0,0.0,0.0,0.0,0.0,0.0,0.0,0.0,0.0,0.0,0.0,0.0,NEGATIVE,SHORT_GAMMA,DEALER_SHORT_GAMMA,0.39,BEARISH,LOW,1.2,33.8,30.0,0.0,15.0,0.0,35.0,,0.0,0.0,746.66,CHARM_DOMINATED,41.7,0.175,42.4,39.9,NEUTRAL,5.0
2026-07-22 21:46:00,0.0,0.0,0.0,0.0,0.0,0.0,0.0,0.0,0.0,0.0,0.0,0.0,0.0,0.0,0.0,0.0,0.0,NEGATIVE,SHORT_GAMMA,DEALER_SHORT_GAMMA,0.39,BEARISH,LOW,0.8,34.2,30.0,0.0,15.0,0.0,35.0,,0.0,0.0,746.69,CHARM_DOMINATED,41.7,0.175,42.4,39.9,NEUTRAL,5.0
2026-07-22 21:47:00,0.0,0.0,0.0,0.0,0.0,0.0,0.0,0.0,0.0,0.0,0.0,0.0,0.0,0.0,0.0,0.0,0.0,NEGATIVE,SHORT_GAMMA,DEALER_SHORT_GAMMA,0.39,BEARISH,LOW,0.5,34.5,30.0,0.0,15.0,0.0,35.0,,0.0,0.0,746.66,CHARM_DOMINATED,41.7,0.175,42.4,39.9,NEUTRAL,5.0
2026-07-22 21:48:00,0.0,0.0,0.0,0.0,0.0,0.0,0.0,0.0,0.0,0.0,0.0,0.0,0.0,0.0,0.0,0.0,0.0,NEGATIVE,SHORT_GAMMA,DEALER_SHORT_GAMMA,0.39,BEARISH,LOW,0.3,34.7,30.0,0.0,15.0,0.0,35.0,,0.0,0.0,746.72,CHARM_DOMINATED,41.7,0.175,42.4,39.9,NEUTRAL,5.0
2026-07-22 21:49:00,0.0,0.0,0.0,0.0,0.0,0.0,0.0,0.0,0.0,0.0,0.0,0.0,0.0,0.0,0.0,0.0,0.0,NEGATIVE,SHORT_GAMMA,DEALER_SHORT_GAMMA,0.39,BEARISH,LOW,0.2,34.8,30.0,0.0,15.0,0.0,35.0,,0.0,0.0,746.75,CHARM_DOMINATED,41.7,0.175,42.4,39.9,NEUTRAL,5.0
2026-07-22 21:50:00,0.0,0.0,0.0,0.0,0.0,0.0,0.0,0.0,0.0,0.0,0.0,0.0,0.0,0.0,0.0,0.0,0.0,NEGATIVE,SHORT_GAMMA,DEALER_LONG_GAMMA,0.33,NEUTRAL,LOW,5.4,29.6,30.0,0.0,15.0,15.0,20.0,,0.0,0.0,746.63,CHARM_DOMINATED,41.7,0.175,42.4,39.9,NEUTRAL,5.0
2026-07-22 21:51:00,0.0,0.0,0.0,0.0,0.0,0.0,0.0,0.0,0.0,0.0,0.0,0.0,0.0,0.0,0.0,0.0,0.0,NEGATIVE,SHORT_GAMMA,DEALER_SHORT_GAMMA,0.39,BEARISH,LOW,3.5,31.5,30.0,0.0,15.0,0.0,35.0,,0.0,0.0,746.71,CHARM_DOMINATED,41.7,0.175,42.4,39.9,NEUTRAL,5.0
2026-07-22 21:52:00,0.0,0.0,0.0,0.0,0.0,0.0,0.0,0.0,0.0,0.0,0.0,0.0,0.0,0.0,0.0,0.0,0.0,NEGATIVE,SHORT_GAMMA,DEALER_SHORT_GAMMA,0.39,BEARISH,LOW,2.3,32.7,30.0,0.0,15.0,0.0,35.0,,0.0,0.0,746.8,CHARM_DOMINATED,41.7,0.175,42.4,39.9,NEUTRAL,5.0
2026-07-22 21:53:00,0.0,0.0,0.0,0.0,0.0,0.0,0.0,0.0,0.0,0.0,0.0,0.0,0.0,0.0,0.0,0.0,0.0,NEGATIVE,SHORT_GAMMA,DEALER_SHORT_GAMMA,0.39,BEARISH,LOW,1.5,33.5,30.0,0.0,15.0,0.0,35.0,,0.0,0.0,746.9,CHARM_DOMINATED,41.7,0.175,39.9,42.4,NEUTRAL,5.0
2026-07-22 21:54:00,0.0,0.0,0.0,0.0,0.0,0.0,0.0,0.0,0.0,0.0,0.0,0.0,0.0,0.0,0.0,0.0,0.0,NEGATIVE,SHORT_GAMMA,DEALER_SHORT_GAMMA,0.39,BEARISH,LOW,1.0,34.0,30.0,0.0,15.0,0.0,35.0,,0.0,0.0,746.9,CHARM_DOMINATED,41.7,0.175,39.9,42.4,NEUTRAL,5.0
2026-07-22 21:55:00,0.0,0.0,0.0,0.0,0.0,0.0,0.0,0.0,0.0,0.0,0.0,0.0,0.0,0.0,0.0,0.0,0.0,NEGATIVE,SHORT_GAMMA,DEALER_SHORT_GAMMA,0.39,BEARISH,LOW,0.7,34.4,30.0,0.0,15.0,0.0,35.0,,0.0,0.0,746.92,CHARM_DOMINATED,41.7,0.175,39.9,42.4,NEUTRAL,5.0
2026-07-22 21:56:00,0.0,0.0,0.0,0.0,0.0,0.0,0.0,0.0,0.0,0.0,0.0,0.0,0.0,0.0,0.0,0.0,0.0,NEGATIVE,SHORT_GAMMA,DEALER_SHORT_GAMMA,0.39,BEARISH,LOW,0.5,34.6,30.0,0.0,15.0,0.0,35.0,,0.0,0.0,746.9,CHARM_DOMINATED,41.7,0.175,39.9,42.4,NEUTRAL,5.0
2026-07-22 21:57:00,0.0,0.0,0.0,0.0,0.0,0.0,0.0,0.0,0.0,0.0,0.0,0.0,0.0,0.0,0.0,0.0,0.0,NEGATIVE,SHORT_GAMMA,DEALER_SHORT_GAMMA,0.39,BEARISH,LOW,0.3,34.7,30.0,0.0,15.0,0.0,35.0,,0.0,0.0,746.88,CHARM_DOMINATED,41.7,0.175,39.9,42.4,NEUTRAL,5.0
2026-07-22 21:58:00,0.0,0.0,0.0,0.0,0.0,0.0,0.0,0.0,0.0,0.0,0.0,0.0,0.0,0.0,0.0,0.0,0.0,NEGATIVE,SHORT_GAMMA,DEALER_SHORT_GAMMA,0.39,BEARISH,LOW,0.2,34.8,30.0,0.0,15.0,0.0,35.0,,0.0,0.0,746.97,CHARM_DOMINATED,41.7,0.175,39.9,42.4,NEUTRAL,5.0
2026-07-22 21:59:00,0.0,0.0,0.0,0.0,0.0,0.0,0.0,0.0,0.0,0.0,0.0,0.0,0.0,0.0,0.0,0.0,0.0,NEGATIVE,SHORT_GAMMA,DEALER_LONG_GAMMA,0.33,NEUTRAL,LOW,5.4,29.6,30.0,0.0,15.0,15.0,20.0,,0.0,0.0,746.94,CHARM_DOMINATED,41.7,0.175,39.9,42.4,NEUTRAL,5.0
2026-07-22 22:00:00,0.0,0.0,0.0,0.0,0.0,0.0,0.0,0.0,0.0,0.0,0.0,0.0,0.0,0.0,0.0,0.0,0.0,NEGATIVE,SHORT_GAMMA,DEALER_LONG_GAMMA,0.33,NEUTRAL,LOW,8.8,26.2,30.0,0.0,15.0,15.0,20.0,,0.0,0.0,746.88,CHARM_DOMINATED,41.7,0.175,39.9,42.4,NEUTRAL,5.0
2026-07-22 22:01:00,0.0,0.0,0.0,0.0,0.0,0.0,0.0,0.0,0.0,0.0,0.0,0.0,0.0,0.0,0.0,0.0,0.0,NEGATIVE,SHORT_GAMMA,DEALER_LONG_GAMMA,0.33,NEUTRAL,LOW,11.0,24.0,30.0,0.0,15.0,15.0,20.0,,0.0,0.0,746.73,CHARM_DOMINATED,41.7,0.175,42.4,39.9,NEUTRAL,5.0
2026-07-22 22:02:00,0.0,0.0,0.0,0.0,0.0,0.0,0.0,0.0,0.0,0.0,0.0,0.0,0.0,0.0,0.0,0.0,0.0,NEGATIVE,SHORT_GAMMA,DEALER_LONG_GAMMA,0.33,NEUTRAL,LOW,12.4,22.6,30.0,0.0,15.0,15.0,20.0,,0.0,0.0,746.85,CHARM_DOMINATED,41.7,0.175,39.9,42.4,NEUTRAL,5.0
2026-07-22 22:03:00,0.0,0.0,0.0,0.0,0.0,0.0,0.0,0.0,0.0,0.0,0.0,0.0,0.0,0.0,0.0,0.0,0.0,NEGATIVE,SHORT_GAMMA,DEALER_LONG_GAMMA,0.33,NEUTRAL,LOW,13.3,21.7,30.0,0.0,15.0,15.0,20.0,,0.0,0.0,746.78,CHARM_DOMINATED,41.7,0.175,42.4,39.9,NEUTRAL,5.0
2026-07-22 22:04:00,0.0,0.0,0.0,0.0,0.0,0.0,0.0,0.0,0.0,0.0,0.0,0.0,0.0,0.0,0.0,0.0,0.0,NEGATIVE,SHORT_GAMMA,DEALER_LONG_GAMMA,0.33,NEUTRAL,LOW,13.9,21.1,30.0,0.0,15.0,15.0,20.0,,0.0,0.0,746.71,CHARM_DOMINATED,41.7,0.175,42.4,39.9,NEUTRAL,5.0
2026-07-22 22:05:00,0.0,0.0,0.0,0.0,0.0,0.0,0.0,0.0,0.0,0.0,0.0,0.0,0.0,0.0,0.0,0.0,0.0,NEGATIVE,SHORT_GAMMA,DEALER_LONG_GAMMA,0.33,NEUTRAL,LOW,14.3,20.7,30.0,0.0,15.0,15.0,20.0,,0.0,0.0,746.73,CHARM_DOMINATED,41.7,0.175,42.4,39.9,NEUTRAL,5.0
2026-07-22 22:06:00,0.0,0.0,0.0,0.0,0.0,0.0,0.0,0.0,0.0,0.0,0.0,0.0,0.0,0.0,0.0,0.0,0.0,NEGATIVE,SHORT_GAMMA,DEALER_SHORT_GAMMA,0.39,BEARISH,LOW,9.3,25.7,30.0,0.0,15.0,0.0,35.0,,0.0,0.0,746.76,CHARM_DOMINATED,41.7,0.175,42.4,39.9,NEUTRAL,5.0
2026-07-22 22:07:00,0.0,0.0,0.0,0.0,0.0,0.0,0.0,0.0,0.0,0.0,0.0,0.0,0.0,0.0,0.0,0.0,0.0,NEGATIVE,SHORT_GAMMA,DEALER_LONG_GAMMA,0.33,NEUTRAL,LOW,11.3,23.7,30.0,0.0,15.0,15.0,20.0,,0.0,0.0,746.7,CHARM_DOMINATED,41.7,0.175,42.4,39.9,NEUTRAL,5.0
2026-07-22 22:08:00,0.0,0.0,0.0,0.0,0.0,0.0,0.0,0.0,0.0,0.0,0.0,0.0,0.0,0.0,0.0,0.0,0.0,NEGATIVE,SHORT_GAMMA,DEALER_LONG_GAMMA,0.33,NEUTRAL,LOW,12.6,22.4,30.0,0.0,15.0,15.0,20.0,,0.0,0.0,746.56,CHARM_DOMINATED,41.7,0.175,42.4,39.9,NEUTRAL,5.0
2026-07-22 22:09:00,0.0,0.0,0.0,0.0,0.0,0.0,0.0,0.0,0.0,0.0,0.0,0.0,0.0,0.0,0.0,0.0,0.0,NEGATIVE,SHORT_GAMMA,DEALER_SHORT_GAMMA,0.39,BEARISH,LOW,8.2,26.8,30.0,0.0,15.0,0.0,35.0,,0.0,0.0,746.38,CHARM_DOMINATED,41.7,0.175,39.9,42.4,NEUTRAL,5.0
2026-07-22 22:10:00,0.0,0.0,0.0,0.0,0.0,0.0,0.0,0.0,0.0,0.0,0.0,0.0,0.0,0.0,0.0,0.0,0.0,NEGATIVE,SHORT_GAMMA,DEALER_SHORT_GAMMA,0.39,BEARISH,LOW,5.3,29.7,30.0,0.0,15.0,0.0,35.0,,0.0,0.0,746.39,CHARM_DOMINATED,41.7,0.175,42.4,39.9,NEUTRAL,5.0
2026-07-22 22:11:00,0.0,0.0,0.0,0.0,0.0,0.0,0.0,0.0,0.0,0.0,0.0,0.0,0.0,0.0,0.0,0.0,0.0,NEGATIVE,SHORT_GAMMA,DEALER_SHORT_GAMMA,0.39,BEARISH,LOW,3.4,31.6,30.0,0.0,15.0,0.0,35.0,,0.0,0.0,746.16,CHARM_DOMINATED,41.7,0.175,39.9,42.4,NEUTRAL,5.0
2026-07-22 22:12:00,0.0,0.0,0.0,0.0,0.0,0.0,0.0,0.0,0.0,0.0,0.0,0.0,0.0,0.0,0.0,0.0,0.0,NEGATIVE,SHORT_GAMMA,DEALER_SHORT_GAMMA,0.39,BEARISH,LOW,2.2,32.8,30.0,0.0,15.0,0.0,35.0,,0.0,0.0,746.21,CHARM_DOMINATED,41.7,0.175,39.9,42.4,NEUTRAL,5.0
2026-07-22 22:13:00,0.0,0.0,0.0,0.0,0.0,0.0,0.0,0.0,0.0,0.0,0.0,0.0,0.0,0.0,0.0,0.0,0.0,NEGATIVE,SHORT_GAMMA,DEALER_SHORT_GAMMA,0.39,BEARISH,LOW,1.4,33.6,30.0,0.0,15.0,0.0,35.0,,0.0,0.0,746.03,CHARM_DOMINATED,41.7,0.175,39.9,42.4,NEUTRAL,5.0
2026-07-22 22:14:00,0.0,0.0,0.0,0.0,0.0,0.0,0.0,0.0,0.0,0.0,0.0,0.0,0.0,0.0,0.0,0.0,0.0,NEGATIVE,SHORT_GAMMA,DEALER_SHORT_GAMMA,0.39,BEARISH,LOW,0.9,34.1,30.0,0.0,15.0,0.0,35.0,,0.0,0.0,746.23,CHARM_DOMINATED,41.7,0.175,39.9,42.4,NEUTRAL,5.0
2026-07-22 22:15:00,0.0,0.0,0.0,0.0,0.0,0.0,0.0,0.0,0.0,0.0,0.0,0.0,0.0,0.0,0.0,0.0,0.0,NEGATIVE,SHORT_GAMMA,DEALER_SHORT_GAMMA,0.39,BEARISH,LOW,0.6,34.4,30.0,0.0,15.0,0.0,35.0,,0.0,0.0,746.24,CHARM_DOMINATED,41.7,0.175,39.9,42.4,NEUTRAL,5.0
2026-07-22 22:16:00,0.0,0.0,0.0,0.0,0.0,0.0,0.0,0.0,0.0,0.0,0.0,0.0,0.0,0.0,0.0,0.0,0.0,NEGATIVE,SHORT_GAMMA,DEALER_SHORT_GAMMA,0.39,BEARISH,LOW,0.4,34.6,30.0,0.0,15.0,0.0,35.0,,0.0,0.0,746.21,CHARM_DOMINATED,41.7,0.175,39.9,42.4,NEUTRAL,5.0
2026-07-22 22:17:00,0.0,0.0,0.0,0.0,0.0,0.0,0.0,0.0,0.0,0.0,0.0,0.0,0.0,0.0,0.0,0.0,0.0,NEGATIVE,SHORT_GAMMA,DEALER_LONG_GAMMA,0.33,NEUTRAL,LOW,5.5,29.5,30.0,0.0,15.0,15.0,20.0,,0.0,0.0,746.18,CHARM_DOMINATED,41.7,0.175,39.9,42.4,NEUTRAL,5.0
2026-07-22 22:18:00,0.0,0.0,0.0,0.0,0.0,0.0,0.0,0.0,0.0,0.0,0.0,0.0,0.0,0.0,0.0,0.0,0.0,NEGATIVE,SHORT_GAMMA,DEALER_SHORT_GAMMA,0.39,BEARISH,LOW,3.6,31.4,30.0,0.0,15.0,0.0,35.0,,0.0,0.0,746.24,CHARM_DOMINATED,41.7,0.175,39.9,42.4,NEUTRAL,5.0
2026-07-22 22:19:00,0.0,0.0,0.0,0.0,0.0,0.0,0.0,0.0,0.0,0.0,0.0,0.0,0.0,0.0,0.0,0.0,0.0,NEGATIVE,SHORT_GAMMA,DEALER_LONG_GAMMA,0.33,NEUTRAL,LOW,7.6,27.4,30.0,0.0,15.0,15.0,20.0,,0.0,0.0,746.16,CHARM_DOMINATED,41.7,0.175,39.9,42.4,NEUTRAL,5.0
2026-07-22 22:20:00,0.0,0.0,0.0,0.0,0.0,0.0,0.0,0.0,0.0,0.0,0.0,0.0,0.0,0.0,0.0,0.0,0.0,NEGATIVE,SHORT_GAMMA,DEALER_SHORT_GAMMA,0.39,BEARISH,LOW,4.9,30.1,30.0,0.0,15.0,0.0,35.0,,0.0,0.0,746.23,CHARM_DOMINATED,41.7,0.175,39.9,42.4,NEUTRAL,5.0
2026-07-22 22:21:00,0.0,0.0,0.0,0.0,0.0,0.0,0.0,0.0,0.0,0.0,0.0,0.0,0.0,0.0,0.0,0.0,0.0,NEGATIVE,SHORT_GAMMA,DEALER_SHORT_GAMMA,0.39,BEARISH,LOW,3.2,31.8,30.0,0.0,15.0,0.0,35.0,,0.0,0.0,746.3,CHARM_DOMINATED,41.7,0.175,39.9,42.4,NEUTRAL,5.0
2026-07-22 22:22:00,0.0,0.0,0.0,0.0,0.0,0.0,0.0,0.0,0.0,0.0,0.0,0.0,0.0,0.0,0.0,0.0,0.0,NEGATIVE,SHORT_GAMMA,DEALER_SHORT_GAMMA,0.39,BEARISH,LOW,2.1,32.9,30.0,0.0,15.0,0.0,35.0,,0.0,0.0,746.23,CHARM_DOMINATED,41.7,0.175,39.9,42.4,NEUTRAL,5.0
2026-07-22 22:23:00,0.0,0.0,0.0,0.0,0.0,0.0,0.0,0.0,0.0,0.0,0.0,0.0,0.0,0.0,0.0,0.0,0.0,NEGATIVE,SHORT_GAMMA,DEALER_SHORT_GAMMA,0.39,BEARISH,LOW,1.4,33.6,30.0,0.0,15.0,0.0,35.0,,0.0,0.0,746.36,CHARM_DOMINATED,41.7,0.175,39.9,42.4,NEUTRAL,5.0
2026-07-22 22:24:00,0.0,0.0,0.0,0.0,0.0,0.0,0.0,0.0,0.0,0.0,0.0,0.0,0.0,0.0,0.0,0.0,0.0,NEGATIVE,SHORT_GAMMA,DEALER_LONG_GAMMA,0.33,NEUTRAL,LOW,6.2,28.8,30.0,0.0,15.0,15.0,20.0,,0.0,0.0,746.26,CHARM_DOMINATED,41.7,0.175,39.9,42.4,NEUTRAL,5.0
2026-07-22 22:25:00,0.0,0.0,0.0,0.0,0.0,0.0,0.0,0.0,0.0,0.0,0.0,0.0,0.0,0.0,0.0,0.0,0.0,NEGATIVE,SHORT_GAMMA,DEALER_LONG_GAMMA,0.33,NEUTRAL,LOW,9.3,25.7,30.0,0.0,15.0,15.0,20.0,,0.0,0.0,746.13,CHARM_DOMINATED,41.7,0.175,39.9,42.4,NEUTRAL,5.0
2026-07-22 22:26:00,0.0,0.0,0.0,0.0,0.0,0.0,0.0,0.0,0.0,0.0,0.0,0.0,0.0,0.0,0.0,0.0,0.0,NEGATIVE,SHORT_GAMMA,DEALER_LONG_GAMMA,0.33,NEUTRAL,LOW,11.3,23.7,30.0,0.0,15.0,15.0,20.0,,0.0,0.0,746.08,CHARM_DOMINATED,41.7,0.175,39.9,42.4,NEUTRAL,5.0
2026-07-22 22:27:00,0.0,0.0,0.0,0.0,0.0,0.0,0.0,0.0,0.0,0.0,0.0,0.0,0.0,0.0,0.0,0.0,0.0,NEGATIVE,SHORT_GAMMA,DEALER_LONG_GAMMA,0.33,NEUTRAL,LOW,12.6,22.4,30.0,0.0,15.0,15.0,20.0,,0.0,0.0,746.07,CHARM_DOMINATED,41.7,0.175,39.9,42.4,NEUTRAL,5.0
2026-07-22 22:28:00,0.0,0.0,0.0,0.0,0.0,0.0,0.0,0.0,0.0,0.0,0.0,0.0,0.0,0.0,0.0,0.0,0.0,NEGATIVE,SHORT_GAMMA,DEALER_SHORT_GAMMA,0.39,BEARISH,LOW,8.2,26.8,30.0,0.0,15.0,0.0,35.0,,0.0,0.0,746.18,CHARM_DOMINATED,41.7,0.175,39.9,42.4,NEUTRAL,5.0
2026-07-22 22:29:00,0.0,0.0,0.0,0.0,0.0,0.0,0.0,0.0,0.0,0.0,0.0,0.0,0.0,0.0,0.0,0.0,0.0,NEGATIVE,SHORT_GAMMA,DEALER_SHORT_GAMMA,0.39,BEARISH,LOW,5.3,29.7,30.0,0.0,15.0,0.0,35.0,,0.0,0.0,746.32,CHARM_DOMINATED,41.7,0.175,39.9,42.4,NEUTRAL,5.0
2026-07-22 22:30:00,0.0,0.0,0.0,0.0,0.0,0.0,0.0,0.0,0.0,0.0,0.0,0.0,0.0,0.0,0.0,0.0,0.0,NEGATIVE,SHORT_GAMMA,DEALER_LONG_GAMMA,0.33,NEUTRAL,LOW,8.7,26.3,30.0,0.0,15.0,15.0,20.0,,0.0,0.0,746.49,CHARM_DOMINATED,41.7,0.175,42.4,39.9,NEUTRAL,5.0
2026-07-22 22:31:00,0.0,0.0,0.0,0.0,0.0,0.0,0.0,0.0,0.0,0.0,0.0,0.0,0.0,0.0,0.0,0.0,0.0,NEGATIVE,SHORT_GAMMA,DEALER_SHORT_GAMMA,0.39,BEARISH,LOW,5.7,29.3,30.0,0.0,15.0,0.0,35.0,,0.0,0.0,746.36,CHARM_DOMINATED,41.7,0.175,39.9,42.4,NEUTRAL,5.0
2026-07-22 22:32:00,0.0,0.0,0.0,0.0,0.0,0.0,0.0,0.0,0.0,0.0,0.0,0.0,0.0,0.0,0.0,0.0,0.0,NEGATIVE,SHORT_GAMMA,DEALER_SHORT_GAMMA,0.39,BEARISH,LOW,3.7,31.3,30.0,0.0,15.0,0.0,35.0,,0.0,0.0,746.26,CHARM_DOMINATED,41.7,0.175,39.9,42.4,NEUTRAL,5.0
2026-07-22 22:33:00,0.0,0.0,0.0,0.0,0.0,0.0,0.0,0.0,0.0,0.0,0.0,0.0,0.0,0.0,0.0,0.0,0.0,NEGATIVE,SHORT_GAMMA,DEALER_SHORT_GAMMA,0.39,BEARISH,LOW,2.4,32.6,30.0,0.0,15.0,0.0,35.0,,0.0,0.0,746.25,CHARM_DOMINATED,41.7,0.175,39.9,42.4,NEUTRAL,5.0
2026-07-22 22:34:00,0.0,0.0,0.0,0.0,0.0,0.0,0.0,0.0,0.0,0.0,0.0,0.0,0.0,0.0,0.0,0.0,0.0,NEGATIVE,SHORT_GAMMA,DEALER_LONG_GAMMA,0.33,NEUTRAL,LOW,6.8,28.2,30.0,0.0,15.0,15.0,20.0,,0.0,0.0,746.16,CHARM_DOMINATED,41.7,0.175,39.9,42.4,NEUTRAL,5.0
2026-07-22 22:35:00,0.0,0.0,0.0,0.0,0.0,0.0,0.0,0.0,0.0,0.0,0.0,0.0,0.0,0.0,0.0,0.0,0.0,NEGATIVE,SHORT_GAMMA,DEALER_LONG_GAMMA,0.33,NEUTRAL,LOW,9.7,25.3,30.0,0.0,15.0,15.0,20.0,,0.0,0.0,746.19,CHARM_DOMINATED,41.7,0.175,39.9,42.4,NEUTRAL,5.0
2026-07-22 22:36:00,0.0,0.0,0.0,0.0,0.0,0.0,0.0,0.0,0.0,0.0,0.0,0.0,0.0,0.0,0.0,0.0,0.0,NEGATIVE,SHORT_GAMMA,DEALER_SHORT_GAMMA,0.39,BEARISH,LOW,6.3,28.7,30.0,0.0,15.0,0.0,35.0,,0.0,0.0,746.31,CHARM_DOMINATED,41.7,0.175,39.9,42.4,NEUTRAL,5.0
2026-07-22 22:37:00,0.0,0.0,0.0,0.0,0.0,0.0,0.0,0.0,0.0,0.0,0.0,0.0,0.0,0.0,0.0,0.0,0.0,NEGATIVE,SHORT_GAMMA,DEALER_SHORT_GAMMA,0.39,BEARISH,LOW,4.1,30.9,30.0,0.0,15.0,0.0,35.0,,0.0,0.0,746.37,CHARM_DOMINATED,41.7,0.175,39.9,42.4,NEUTRAL,5.0
2026-07-22 22:38:00,0.0,0.0,0.0,0.0,0.0,0.0,0.0,0.0,0.0,0.0,0.0,0.0,0.0,0.0,0.0,0.0,0.0,NEGATIVE,SHORT_GAMMA,DEALER_SHORT_GAMMA,0.39,BEARISH,LOW,2.7,32.3,30.0,0.0,15.0,0.0,35.0,,0.0,0.0,746.34,CHARM_DOMINATED,41.7,0.175,39.9,42.4,NEUTRAL,5.0
2026-07-22 22:39:00,0.0,0.0,0.0,0.0,0.0,0.0,0.0,0.0,0.0,0.0,0.0,0.0,0.0,0.0,0.0,0.0,0.0,NEGATIVE,SHORT_GAMMA,DEALER_LONG_GAMMA,0.33,NEUTRAL,LOW,7.0,28.0,30.0,0.0,15.0,15.0,20.0,,0.0,0.0,746.34,CHARM_DOMINATED,41.7,0.175,39.9,42.4,NEUTRAL,5.0
2026-07-22 22:40:00,0.0,0.0,0.0,0.0,0.0,0.0,0.0,0.0,0.0,0.0,0.0,0.0,0.0,0.0,0.0,0.0,0.0,NEGATIVE,SHORT_GAMMA,DEALER_LONG_GAMMA,0.33,NEUTRAL,LOW,9.8,25.2,30.0,0.0,15.0,15.0,20.0,,0.0,0.0,746.39,CHARM_DOMINATED,41.7,0.175,42.4,39.9,NEUTRAL,5.0
2026-07-22 22:41:00,0.0,0.0,0.0,0.0,0.0,0.0,0.0,0.0,0.0,0.0,0.0,0.0,0.0,0.0,0.0,0.0,0.0,NEGATIVE,SHORT_GAMMA,DEALER_LONG_GAMMA,0.33,NEUTRAL,LOW,11.6,23.4,30.0,0.0,15.0,15.0,20.0,,0.0,0.0,746.5,CHARM_DOMINATED,41.7,0.175,42.4,39.9,NEUTRAL,5.0
2026-07-22 22:42:00,0.0,0.0,0.0,0.0,0.0,0.0,0.0,0.0,0.0,0.0,0.0,0.0,0.0,0.0,0.0,0.0,0.0,NEGATIVE,SHORT_GAMMA,DEALER_LONG_GAMMA,0.33,NEUTRAL,LOW,12.8,22.2,30.0,0.0,15.0,15.0,20.0,,0.0,0.0,746.41,CHARM_DOMINATED,41.7,0.175,42.4,39.9,NEUTRAL,5.0
2026-07-22 22:43:00,0.0,0.0,0.0,0.0,0.0,0.0,0.0,0.0,0.0,0.0,0.0,0.0,0.0,0.0,0.0,0.0,0.0,NEGATIVE,SHORT_GAMMA,DEALER_LONG_GAMMA,0.33,NEUTRAL,LOW,13.6,21.4,30.0,0.0,15.0,15.0,20.0,,0.0,0.0,746.43,CHARM_DOMINATED,41.7,0.175,42.4,39.9,NEUTRAL,5.0
2026-07-22 22:44:00,0.0,0.0,0.0,0.0,0.0,0.0,0.0,0.0,0.0,0.0,0.0,0.0,0.0,0.0,0.0,0.0,0.0,NEGATIVE,SHORT_GAMMA,DEALER_LONG_GAMMA,0.33,NEUTRAL,LOW,14.1,20.9,30.0,0.0,15.0,15.0,20.0,,0.0,0.0,746.5,CHARM_DOMINATED,41.7,0.175,42.4,39.9,NEUTRAL,5.0
2026-07-22 22:45:00,0.0,0.0,0.0,0.0,0.0,0.0,0.0,0.0,0.0,0.0,0.0,0.0,0.0,0.0,0.0,0.0,0.0,NEGATIVE,SHORT_GAMMA,DEALER_LONG_GAMMA,0.33,NEUTRAL,LOW,14.4,20.6,30.0,0.0,15.0,15.0,20.0,,0.0,0.0,746.62,CHARM_DOMINATED,41.7,0.175,42.4,39.9,NEUTRAL,5.0
2026-07-22 22:46:00,0.0,0.0,0.0,0.0,0.0,0.0,0.0,0.0,0.0,0.0,0.0,0.0,0.0,0.0,0.0,0.0,0.0,NEGATIVE,SHORT_GAMMA,DEALER_LONG_GAMMA,0.33,NEUTRAL,LOW,14.6,20.4,30.0,0.0,15.0,15.0,20.0,,0.0,0.0,746.58,CHARM_DOMINATED,41.7,0.175,42.4,39.9,NEUTRAL,5.0
2026-07-22 22:47:00,0.0,0.0,0.0,0.0,0.0,0.0,0.0,0.0,0.0,0.0,0.0,0.0,0.0,0.0,0.0,0.0,0.0,NEGATIVE,SHORT_GAMMA,DEALER_SHORT_GAMMA,0.39,BEARISH,LOW,9.5,25.5,30.0,0.0,15.0,0.0,35.0,,0.0,0.0,746.54,CHARM_DOMINATED,41.7,0.175,42.4,39.9,NEUTRAL,5.0
2026-07-22 22:48:00,0.0,0.0,0.0,0.0,0.0,0.0,0.0,0.0,0.0,0.0,0.0,0.0,0.0,0.0,0.0,0.0,0.0,NEGATIVE,SHORT_GAMMA,DEALER_SHORT_GAMMA,0.39,BEARISH,LOW,6.2,28.8,30.0,0.0,15.0,0.0,35.0,,0.0,0.0,746.54,CHARM_DOMINATED,41.7,0.175,42.4,39.9,NEUTRAL,5.0
2026-07-22 22:49:00,0.0,0.0,0.0,0.0,0.0,0.0,0.0,0.0,0.0,0.0,0.0,0.0,0.0,0.0,0.0,0.0,0.0,NEGATIVE,SHORT_GAMMA,DEALER_SHORT_GAMMA,0.39,BEARISH,LOW,4.0,31.0,30.0,0.0,15.0,0.0,35.0,,0.0,0.0,746.63,CHARM_DOMINATED,41.7,0.175,42.4,39.9,NEUTRAL,5.0
2026-07-22 22:50:00,0.0,0.0,0.0,0.0,0.0,0.0,0.0,0.0,0.0,0.0,0.0,0.0,0.0,0.0,0.0,0.0,0.0,NEGATIVE,SHORT_GAMMA,DEALER_SHORT_GAMMA,0.39,BEARISH,LOW,2.6,32.4,30.0,0.0,15.0,0.0,35.0,,0.0,0.0,746.66,CHARM_DOMINATED,41.7,0.175,42.4,39.9,NEUTRAL,5.0
2026-07-22 22:51:00,0.0,0.0,0.0,0.0,0.0,0.0,0.0,0.0,0.0,0.0,0.0,0.0,0.0,0.0,0.0,0.0,0.0,NEGATIVE,SHORT_GAMMA,DEALER_SHORT_GAMMA,0.39,BEARISH,LOW,1.7,33.3,30.0,0.0,15.0,0.0,35.0,,0.0,0.0,746.61,CHARM_DOMINATED,41.7,0.175,42.4,39.9,NEUTRAL,5.0
2026-07-22 22:52:00,0.0,0.0,0.0,0.0,0.0,0.0,0.0,0.0,0.0,0.0,0.0,0.0,0.0,0.0,0.0,0.0,0.0,NEGATIVE,SHORT_GAMMA,DEALER_SHORT_GAMMA,0.39,BEARISH,LOW,1.1,33.9,30.0,0.0,15.0,0.0,35.0,,0.0,0.0,746.59,CHARM_DOMINATED,41.7,0.175,42.4,39.9,NEUTRAL,5.0
2026-07-22 22:53:00,0.0,0.0,0.0,0.0,0.0,0.0,0.0,0.0,0.0,0.0,0.0,0.0,0.0,0.0,0.0,0.0,0.0,NEGATIVE,SHORT_GAMMA,DEALER_SHORT_GAMMA,0.39,BEARISH,LOW,0.7,34.3,30.0,0.0,15.0,0.0,35.0,,0.0,0.0,746.7,CHARM_DOMINATED,41.7,0.175,42.4,39.9,NEUTRAL,5.0
2026-07-22 22:54:00,0.0,0.0,0.0,0.0,0.0,0.0,0.0,0.0,0.0,0.0,0.0,0.0,0.0,0.0,0.0,0.0,0.0,NEGATIVE,SHORT_GAMMA,DEALER_SHORT_GAMMA,0.39,BEARISH,LOW,0.5,34.5,30.0,0.0,15.0,0.0,35.0,,0.0,0.0,746.7,CHARM_DOMINATED,41.7,0.175,42.4,39.9,NEUTRAL,5.0
2026-07-22 22:55:00,0.0,0.0,0.0,0.0,0.0,0.0,0.0,0.0,0.0,0.0,0.0,0.0,0.0,0.0,0.0,0.0,0.0,NEGATIVE,SHORT_GAMMA,DEALER_SHORT_GAMMA,0.39,BEARISH,LOW,0.3,34.7,30.0,0.0,15.0,0.0,35.0,,0.0,0.0,746.65,CHARM_DOMINATED,41.7,0.175,42.4,39.9,NEUTRAL,5.0
2026-07-22 22:56:00,0.0,0.0,0.0,0.0,0.0,0.0,0.0,0.0,0.0,0.0,0.0,0.0,0.0,0.0,0.0,0.0,0.0,NEGATIVE,SHORT_GAMMA,DEALER_SHORT_GAMMA,0.39,BEARISH,LOW,0.2,34.8,30.0,0.0,15.0,0.0,35.0,,0.0,0.0,746.63,CHARM_DOMINATED,41.7,0.175,42.4,39.9,NEUTRAL,5.0
2026-07-22 22:57:00,0.0,0.0,0.0,0.0,0.0,0.0,0.0,0.0,0.0,0.0,0.0,0.0,0.0,0.0,0.0,0.0,0.0,NEGATIVE,SHORT_GAMMA,DEALER_SHORT_GAMMA,0.39,BEARISH,LOW,0.1,34.9,30.0,0.0,15.0,0.0,35.0,,0.0,0.0,746.6,CHARM_DOMINATED,41.7,0.175,42.4,39.9,NEUTRAL,5.0
2026-07-22 22:58:00,0.0,0.0,0.0,0.0,0.0,0.0,0.0,0.0,0.0,0.0,0.0,0.0,0.0,0.0,0.0,0.0,0.0,NEGATIVE,SHORT_GAMMA,DEALER_SHORT_GAMMA,0.39,BEARISH,LOW,0.1,34.9,30.0,0.0,15.0,0.0,35.0,,0.0,0.0,746.57,CHARM_DOMINATED,41.7,0.175,42.4,39.9,NEUTRAL,5.0
2026-07-22 22:59:00,0.0,0.0,0.0,0.0,0.0,0.0,0.0,0.0,0.0,0.0,0.0,0.0,0.0,0.0,0.0,0.0,0.0,NEGATIVE,SHORT_GAMMA,DEALER_SHORT_GAMMA,0.39,BEARISH,LOW,0.1,34.9,30.0,0.0,15.0,0.0,35.0,,0.0,0.0,746.51,CHARM_DOMINATED,41.7,0.175,42.4,39.9,NEUTRAL,5.0
2026-07-22 23:00:00,0.0,0.0,0.0,0.0,0.0,0.0,0.0,0.0,0.0,0.0,0.0,0.0,0.0,0.0,0.0,0.0,0.0,NEGATIVE,SHORT_GAMMA,DEALER_SHORT_GAMMA,0.39,BEARISH,LOW,0.1,34.9,30.0,0.0,15.0,0.0,35.0,,0.0,0.0,746.34,CHARM_DOMINATED,41.7,0.175,39.9,42.4,NEUTRAL,5.0
2026-07-22 23:01:00,0.0,0.0,0.0,0.0,0.0,0.0,0.0,0.0,0.0,0.0,0.0,0.0,0.0,0.0,0.0,0.0,0.0,NEGATIVE,SHORT_GAMMA,DEALER_SHORT_GAMMA,0.39,BEARISH,LOW,0.1,34.9,30.0,0.0,15.0,0.0,35.0,,0.0,0.0,746.36,CHARM_DOMINATED,41.7,0.175,39.9,42.4,NEUTRAL,5.0
2026-07-22 23:02:00,0.0,0.0,0.0,0.0,0.0,0.0,0.0,0.0,0.0,0.0,0.0,0.0,0.0,0.0,0.0,0.0,0.0,NEGATIVE,SHORT_GAMMA,DEALER_SHORT_GAMMA,0.39,BEARISH,LOW,0.1,34.9,30.0,0.0,15.0,0.0,35.0,,0.0,0.0,746.29,CHARM_DOMINATED,41.7,0.175,39.9,42.4,NEUTRAL,5.0
2026-07-22 23:03:00,0.0,0.0,0.0,0.0,0.0,0.0,0.0,0.0,0.0,0.0,0.0,0.0,0.0,0.0,0.0,0.0,0.0,NEGATIVE,SHORT_GAMMA,DEALER_LONG_GAMMA,0.33,NEUTRAL,LOW,5.3,29.7,30.0,0.0,15.0,15.0,20.0,,0.0,0.0,746.39,CHARM_DOMINATED,41.7,0.175,42.4,39.9,NEUTRAL,5.0
2026-07-22 23:04:00,0.0,0.0,0.0,0.0,0.0,0.0,0.0,0.0,0.0,0.0,0.0,0.0,0.0,0.0,0.0,0.0,0.0,NEGATIVE,SHORT_GAMMA,DEALER_SHORT_GAMMA,0.39,BEARISH,LOW,3.4,31.6,30.0,0.0,15.0,0.0,35.0,,0.0,0.0,746.27,CHARM_DOMINATED,41.7,0.175,39.9,42.4,NEUTRAL,5.0
2026-07-22 23:05:00,0.0,0.0,0.0,0.0,0.0,0.0,0.0,0.0,0.0,0.0,0.0,0.0,0.0,0.0,0.0,0.0,0.0,NEGATIVE,SHORT_GAMMA,DEALER_SHORT_GAMMA,0.39,BEARISH,LOW,2.2,32.8,30.0,0.0,15.0,0.0,35.0,,0.0,0.0,746.19,CHARM_DOMINATED,41.7,0.175,39.9,42.4,NEUTRAL,5.0
2026-07-22 23:06:00,0.0,0.0,0.0,0.0,0.0,0.0,0.0,0.0,0.0,0.0,0.0,0.0,0.0,0.0,0.0,0.0,0.0,NEGATIVE,SHORT_GAMMA,DEALER_SHORT_GAMMA,0.39,BEARISH,LOW,1.4,33.6,30.0,0.0,15.0,0.0,35.0,,0.0,0.0,746.09,CHARM_DOMINATED,41.7,0.175,39.9,42.4,NEUTRAL,5.0
2026-07-22 23:07:00,0.0,0.0,0.0,0.0,0.0,0.0,0.0,0.0,0.0,0.0,0.0,0.0,0.0,0.0,0.0,0.0,0.0,NEGATIVE,SHORT_GAMMA,DEALER_LONG_GAMMA,0.33,NEUTRAL,LOW,6.2,28.8,30.0,0.0,15.0,15.0,20.0,,0.0,0.0,746.03,CHARM_DOMINATED,41.7,0.175,39.9,42.4,NEUTRAL,5.0
2026-07-22 23:08:00,0.0,0.0,0.0,0.0,0.0,0.0,0.0,0.0,0.0,0.0,0.0,0.0,0.0,0.0,0.0,0.0,0.0,NEGATIVE,SHORT_GAMMA,DEALER_SHORT_GAMMA,0.39,BEARISH,LOW,4.0,31.0,30.0,0.0,15.0,0.0,35.0,,0.0,0.0,746.12,CHARM_DOMINATED,41.7,0.175,39.9,42.4,NEUTRAL,5.0
2026-07-22 23:09:00,0.0,0.0,0.0,0.0,0.0,0.0,0.0,0.0,0.0,0.0,0.0,0.0,0.0,0.0,0.0,0.0,0.0,NEGATIVE,SHORT_GAMMA,DEALER_SHORT_GAMMA,0.39,BEARISH,LOW,2.6,32.4,30.0,0.0,15.0,0.0,35.0,,0.0,0.0,746.33,CHARM_DOMINATED,41.7,0.175,39.9,42.4,NEUTRAL,5.0
2026-07-22 23:10:00,0.0,0.0,0.0,0.0,0.0,0.0,0.0,0.0,0.0,0.0,0.0,0.0,0.0,0.0,0.0,0.0,0.0,NEGATIVE,SHORT_GAMMA,DEALER_SHORT_GAMMA,0.39,BEARISH,LOW,1.7,33.3,30.0,0.0,15.0,0.0,35.0,,0.0,0.0,746.34,CHARM_DOMINATED,41.7,0.175,39.9,42.4,NEUTRAL,5.0
2026-07-22 23:11:00,0.0,0.0,0.0,0.0,0.0,0.0,0.0,0.0,0.0,0.0,0.0,0.0,0.0,0.0,0.0,0.0,0.0,NEGATIVE,SHORT_GAMMA,DEALER_SHORT_GAMMA,0.39,BEARISH,LOW,1.1,33.9,30.0,0.0,15.0,0.0,35.0,,0.0,0.0,746.26,CHARM_DOMINATED,41.7,0.175,39.9,42.4,NEUTRAL,5.0
2026-07-22 23:12:00,0.0,0.0,0.0,0.0,0.0,0.0,0.0,0.0,0.0,0.0,0.0,0.0,0.0,0.0,0.0,0.0,0.0,NEGATIVE,SHORT_GAMMA,DEALER_SHORT_GAMMA,0.39,BEARISH,LOW,0.7,34.3,30.0,0.0,15.0,0.0,35.0,,0.0,0.0,746.36,CHARM_DOMINATED,41.7,0.175,39.9,42.4,NEUTRAL,5.0
2026-07-22 23:13:00,0.0,0.0,0.0,0.0,0.0,0.0,0.0,0.0,0.0,0.0,0.0,0.0,0.0,0.0,0.0,0.0,0.0,NEGATIVE,SHORT_GAMMA,DEALER_LONG_GAMMA,0.33,NEUTRAL,LOW,5.7,29.3,30.0,0.0,15.0,15.0,20.0,,0.0,0.0,746.5,CHARM_DOMINATED,41.7,0.175,42.4,39.9,NEUTRAL,5.0
2026-07-22 23:14:00,0.0,0.0,0.0,0.0,0.0,0.0,0.0,0.0,0.0,0.0,0.0,0.0,0.0,0.0,0.0,0.0,0.0,NEGATIVE,SHORT_GAMMA,DEALER_LONG_GAMMA,0.33,NEUTRAL,LOW,9.0,26.0,30.0,0.0,15.0,15.0,20.0,,0.0,0.0,746.67,CHARM_DOMINATED,41.7,0.175,41.2,39.9,NEUTRAL,2.6
2026-07-22 23:15:00,0.0,0.0,0.0,0.0,0.0,0.0,0.0,0.0,0.0,0.0,0.0,0.0,0.0,0.0,0.0,0.0,0.0,NEGATIVE,SHORT_GAMMA,DEALER_LONG_GAMMA,0.33,NEUTRAL,LOW,11.1,23.9,30.0,0.0,15.0,15.0,20.0,,0.0,0.0,746.72,CHARM_DOMINATED,41.7,0.175,42.4,39.9,NEUTRAL,5.0
2026-07-22 23:16:00,0.0,0.0,0.0,0.0,0.0,0.0,0.0,0.0,0.0,0.0,0.0,0.0,0.0,0.0,0.0,0.0,0.0,NEGATIVE,SHORT_GAMMA,DEALER_SHORT_GAMMA,0.39,BEARISH,LOW,7.2,27.8,30.0,0.0,15.0,0.0,35.0,,0.0,0.0,746.71,CHARM_DOMINATED,41.7,0.175,42.4,39.9,NEUTRAL,5.0
2026-07-22 23:17:00,0.0,0.0,0.0,0.0,0.0,0.0,0.0,0.0,0.0,0.0,0.0,0.0,0.0,0.0,0.0,0.0,0.0,NEGATIVE,SHORT_GAMMA,DEALER_LONG_GAMMA,0.33,NEUTRAL,LOW,9.9,25.1,30.0,0.0,15.0,15.0,20.0,,0.0,0.0,746.6,CHARM_DOMINATED,41.7,0.175,42.4,39.9,NEUTRAL,5.0
2026-07-22 23:18:00,0.0,0.0,0.0,0.0,0.0,0.0,0.0,0.0,0.0,0.0,0.0,0.0,0.0,0.0,0.0,0.0,0.0,NEGATIVE,SHORT_GAMMA,DEALER_LONG_GAMMA,0.33,NEUTRAL,LOW,11.7,23.3,30.0,0.0,15.0,15.0,20.0,,0.0,0.0,746.61,CHARM_DOMINATED,41.7,0.175,42.4,39.9,NEUTRAL,5.0
2026-07-22 23:19:00,0.0,0.0,0.0,0.0,0.0,0.0,0.0,0.0,0.0,0.0,0.0,0.0,0.0,0.0,0.0,0.0,0.0,NEGATIVE,SHORT_GAMMA,DEALER_LONG_GAMMA,0.33,NEUTRAL,LOW,12.9,22.1,30.0,0.0,15.0,15.0,20.0,,0.0,0.0,746.65,CHARM_DOMINATED,41.7,0.175,42.4,39.9,NEUTRAL,5.0
2026-07-22 23:20:00,0.0,0.0,0.0,0.0,0.0,0.0,0.0,0.0,0.0,0.0,0.0,0.0,0.0,0.0,0.0,0.0,0.0,NEGATIVE,SHORT_GAMMA,DEALER_SHORT_GAMMA,0.39,BEARISH,LOW,8.4,26.6,30.0,0.0,15.0,0.0,35.0,,0.0,0.0,746.65,CHARM_DOMINATED,41.7,0.175,42.4,39.9,NEUTRAL,5.0
2026-07-22 23:21:00,0.0,0.0,0.0,0.0,0.0,0.0,0.0,0.0,0.0,0.0,0.0,0.0,0.0,0.0,0.0,0.0,0.0,NEGATIVE,SHORT_GAMMA,DEALER_SHORT_GAMMA,0.39,BEARISH,LOW,5.5,29.5,30.0,0.0,15.0,0.0,35.0,,0.0,0.0,746.72,CHARM_DOMINATED,41.7,0.175,42.4,39.9,NEUTRAL,5.0
2026-07-22 23:22:00,0.0,0.0,0.0,0.0,0.0,0.0,0.0,0.0,0.0,0.0,0.0,0.0,0.0,0.0,0.0,0.0,0.0,NEGATIVE,SHORT_GAMMA,DEALER_SHORT_GAMMA,0.39,BEARISH,LOW,3.6,31.4,30.0,0.0,15.0,0.0,35.0,,0.0,0.0,746.75,CHARM_DOMINATED,41.7,0.175,42.4,39.9,NEUTRAL,5.0
2026-07-22 23:23:00,0.0,0.0,0.0,0.0,0.0,0.0,0.0,0.0,0.0,0.0,0.0,0.0,0.0,0.0,0.0,0.0,0.0,NEGATIVE,SHORT_GAMMA,DEALER_SHORT_GAMMA,0.39,BEARISH,LOW,2.3,32.7,30.0,0.0,15.0,0.0,35.0,,0.0,0.0,746.84,CHARM_DOMINATED,41.7,0.175,39.9,42.4,NEUTRAL,5.0
2026-07-22 23:24:00,0.0,0.0,0.0,0.0,0.0,0.0,0.0,0.0,0.0,0.0,0.0,0.0,0.0,0.0,0.0,0.0,0.0,NEGATIVE,SHORT_GAMMA,DEALER_SHORT_GAMMA,0.39,BEARISH,LOW,1.5,33.5,30.0,0.0,15.0,0.0,35.0,,0.0,0.0,746.85,CHARM_DOMINATED,41.7,0.175,39.9,42.4,NEUTRAL,5.0
2026-07-22 23:25:00,0.0,0.0,0.0,0.0,0.0,0.0,0.0,0.0,0.0,0.0,0.0,0.0,0.0,0.0,0.0,0.0,0.0,NEGATIVE,SHORT_GAMMA,DEALER_SHORT_GAMMA,0.39,BEARISH,LOW,1.0,34.0,30.0,0.0,15.0,0.0,35.0,,0.0,0.0,746.85,CHARM_DOMINATED,41.7,0.175,39.9,42.4,NEUTRAL,5.0
2026-07-22 23:26:00,0.0,0.0,0.0,0.0,0.0,0.0,0.0,0.0,0.0,0.0,0.0,0.0,0.0,0.0,0.0,0.0,0.0,NEGATIVE,SHORT_GAMMA,DEALER_LONG_GAMMA,0.33,NEUTRAL,LOW,5.9,29.1,30.0,0.0,15.0,15.0,20.0,,0.0,0.0,747.12,CHARM_DOMINATED,41.7,0.175,42.4,39.9,NEUTRAL,5.0
2026-07-22 23:27:00,0.0,0.0,0.0,0.0,0.0,0.0,0.0,0.0,0.0,0.0,0.0,0.0,0.0,0.0,0.0,0.0,0.0,NEGATIVE,SHORT_GAMMA,DEALER_LONG_GAMMA,0.33,NEUTRAL,LOW,9.1,25.9,30.0,0.0,15.0,15.0,20.0,,0.0,0.0,747.1,CHARM_DOMINATED,41.7,0.175,42.4,39.9,NEUTRAL,5.0
2026-07-22 23:28:00,0.0,0.0,0.0,0.0,0.0,0.0,0.0,0.0,0.0,0.0,0.0,0.0,0.0,0.0,0.0,0.0,0.0,NEGATIVE,SHORT_GAMMA,DEALER_SHORT_GAMMA,0.39,BEARISH,LOW,5.9,29.1,30.0,0.0,15.0,0.0,35.0,,0.0,0.0,747.0,CHARM_DOMINATED,41.7,0.175,38.7,42.4,NEUTRAL,7.4
2026-07-22 23:29:00,0.0,0.0,0.0,0.0,0.0,0.0,0.0,0.0,0.0,0.0,0.0,0.0,0.0,0.0,0.0,0.0,0.0,NEGATIVE,SHORT_GAMMA,DEALER_SHORT_GAMMA,0.39,BEARISH,LOW,3.8,31.2,30.0,0.0,15.0,0.0,35.0,,0.0,0.0,746.91,CHARM_DOMINATED,41.7,0.175,38.7,42.4,NEUTRAL,7.4
2026-07-22 23:30:00,0.0,0.0,0.0,0.0,0.0,0.0,0.0,0.0,0.0,0.0,0.0,0.0,0.0,0.0,0.0,0.0,0.0,NEGATIVE,SHORT_GAMMA,DEALER_LONG_GAMMA,0.33,NEUTRAL,LOW,7.7,27.3,30.0,0.0,15.0,15.0,20.0,,0.0,0.0,747.01,CHARM_DOMINATED,41.7,0.175,42.4,39.9,NEUTRAL,5.0
2026-07-22 23:31:00,0.0,0.0,0.0,0.0,0.0,0.0,0.0,0.0,0.0,0.0,0.0,0.0,0.0,0.0,0.0,0.0,0.0,NEGATIVE,SHORT_GAMMA,DEALER_LONG_GAMMA,0.33,NEUTRAL,LOW,10.3,24.7,30.0,0.0,15.0,15.0,20.0,,0.0,0.0,747.08,CHARM_DOMINATED,41.7,0.175,42.4,39.9,NEUTRAL,5.0
2026-07-22 23:33:00,0.0,0.0,0.0,0.0,0.0,0.0,0.0,0.0,0.0,0.0,0.0,0.0,0.0,0.0,0.0,0.0,0.0,NEGATIVE,SHORT_GAMMA,DEALER_LONG_GAMMA,0.33,NEUTRAL,LOW,11.9,23.1,30.0,0.0,15.0,15.0,20.0,,0.0,0.0,747.06,CHARM_DOMINATED,41.7,0.175,42.4,39.9,NEUTRAL,5.0
2026-07-22 23:34:00,0.0,0.0,0.0,0.0,0.0,0.0,0.0,0.0,0.0,0.0,0.0,0.0,0.0,0.0,0.0,0.0,0.0,NEGATIVE,SHORT_GAMMA,DEALER_LONG_GAMMA,0.33,NEUTRAL,LOW,13.0,22.0,30.0,0.0,15.0,15.0,20.0,,0.0,0.0,747.07,CHARM_DOMINATED,41.7,0.175,42.4,39.9,NEUTRAL,5.0
2026-07-22 23:35:00,0.0,0.0,0.0,0.0,0.0,0.0,0.0,0.0,0.0,0.0,0.0,0.0,0.0,0.0,0.0,0.0,0.0,NEGATIVE,SHORT_GAMMA,DEALER_SHORT_GAMMA,0.39,BEARISH,LOW,8.5,26.6,30.0,0.0,15.0,0.0,35.0,,0.0,0.0,747.06,CHARM_DOMINATED,41.7,0.175,42.4,39.9,NEUTRAL,5.0
2026-07-22 23:36:00,0.0,0.0,0.0,0.0,0.0,0.0,0.0,0.0,0.0,0.0,0.0,0.0,0.0,0.0,0.0,0.0,0.0,NEGATIVE,SHORT_GAMMA,DEALER_SHORT_GAMMA,0.39,BEARISH,LOW,5.5,29.5,30.0,0.0,15.0,0.0,35.0,,0.0,0.0,746.96,CHARM_DOMINATED,41.7,0.175,38.7,42.4,NEUTRAL,7.4
2026-07-22 23:37:00,0.0,0.0,0.0,0.0,0.0,0.0,0.0,0.0,0.0,0.0,0.0,0.0,0.0,0.0,0.0,0.0,0.0,NEGATIVE,SHORT_GAMMA,DEALER_LONG_GAMMA,0.33,NEUTRAL,LOW,8.8,26.2,30.0,0.0,15.0,15.0,20.0,,0.0,0.0,747.09,CHARM_DOMINATED,41.7,0.175,42.4,39.9,NEUTRAL,5.0
2026-07-22 23:38:00,0.0,0.0,0.0,0.0,0.0,0.0,0.0,0.0,0.0,0.0,0.0,0.0,0.0,0.0,0.0,0.0,0.0,NEGATIVE,SHORT_GAMMA,DEALER_LONG_GAMMA,0.33,NEUTRAL,LOW,11.0,24.0,30.0,0.0,15.0,15.0,20.0,,0.0,0.0,747.02,CHARM_DOMINATED,41.7,0.175,42.4,39.9,NEUTRAL,5.0
2026-07-22 23:39:00,0.0,0.0,0.0,0.0,0.0,0.0,0.0,0.0,0.0,0.0,0.0,0.0,0.0,0.0,0.0,0.0,0.0,NEGATIVE,SHORT_GAMMA,DEALER_LONG_GAMMA,0.33,NEUTRAL,LOW,12.4,22.6,30.0,0.0,15.0,15.0,20.0,,0.0,0.0,747.09,CHARM_DOMINATED,41.7,0.175,42.4,39.9,NEUTRAL,5.0
2026-07-22 23:40:00,0.0,0.0,0.0,0.0,0.0,0.0,0.0,0.0,0.0,0.0,0.0,0.0,0.0,0.0,0.0,0.0,0.0,NEGATIVE,SHORT_GAMMA,DEALER_LONG_GAMMA,0.33,NEUTRAL,LOW,13.3,21.7,30.0,0.0,15.0,15.0,20.0,,0.0,0.0,747.09,CHARM_DOMINATED,41.7,0.175,42.4,39.9,NEUTRAL,5.0
2026-07-22 23:41:00,0.0,0.0,0.0,0.0,0.0,0.0,0.0,0.0,0.0,0.0,0.0,0.0,0.0,0.0,0.0,0.0,0.0,NEGATIVE,SHORT_GAMMA,DEALER_SHORT_GAMMA,0.39,BEARISH,LOW,8.6,26.4,30.0,0.0,15.0,0.0,35.0,,0.0,0.0,747.02,CHARM_DOMINATED,41.7,0.175,42.4,39.9,NEUTRAL,5.0
2026-07-22 23:42:00,0.0,0.0,0.0,0.0,0.0,0.0,0.0,0.0,0.0,0.0,0.0,0.0,0.0,0.0,0.0,0.0,0.0,NEGATIVE,SHORT_GAMMA,DEALER_SHORT_GAMMA,0.39,BEARISH,LOW,5.6,29.4,30.0,0.0,15.0,0.0,35.0,,0.0,0.0,746.93,CHARM_DOMINATED,41.7,0.175,38.7,42.4,NEUTRAL,7.4
2026-07-22 23:43:00,0.0,0.0,0.0,0.0,0.0,0.0,0.0,0.0,0.0,0.0,0.0,0.0,0.0,0.0,0.0,0.0,0.0,NEGATIVE,SHORT_GAMMA,DEALER_SHORT_GAMMA,0.39,BEARISH,LOW,3.6,31.4,30.0,0.0,15.0,0.0,35.0,,0.0,0.0,746.92,CHARM_DOMINATED,41.7,0.175,38.7,42.4,NEUTRAL,7.4
2026-07-22 23:44:00,0.0,0.0,0.0,0.0,0.0,0.0,0.0,0.0,0.0,0.0,0.0,0.0,0.0,0.0,0.0,0.0,0.0,NEGATIVE,SHORT_GAMMA,DEALER_SHORT_GAMMA,0.39,BEARISH,LOW,2.3,32.7,30.0,0.0,15.0,0.0,35.0,,0.0,0.0,746.9,CHARM_DOMINATED,41.7,0.175,39.9,42.4,NEUTRAL,5.0
2026-07-22 23:45:00,0.0,0.0,0.0,0.0,0.0,0.0,0.0,0.0,0.0,0.0,0.0,0.0,0.0,0.0,0.0,0.0,0.0,NEGATIVE,SHORT_GAMMA,DEALER_LONG_GAMMA,0.33,NEUTRAL,LOW,6.7,28.3,30.0,0.0,15.0,15.0,20.0,,0.0,0.0,746.86,CHARM_DOMINATED,41.7,0.175,39.9,42.4,NEUTRAL,5.0
2026-07-22 23:46:00,0.0,0.0,0.0,0.0,0.0,0.0,0.0,0.0,0.0,0.0,0.0,0.0,0.0,0.0,0.0,0.0,0.0,NEGATIVE,SHORT_GAMMA,DEALER_SHORT_GAMMA,0.39,BEARISH,LOW,4.4,30.6,30.0,0.0,15.0,0.0,35.0,,0.0,0.0,746.94,CHARM_DOMINATED,41.7,0.175,39.9,42.4,NEUTRAL,5.0
2026-07-22 23:47:00,0.0,0.0,0.0,0.0,0.0,0.0,0.0,0.0,0.0,0.0,0.0,0.0,0.0,0.0,0.0,0.0,0.0,NEGATIVE,SHORT_GAMMA,DEALER_LONG_GAMMA,0.33,NEUTRAL,LOW,8.1,26.9,30.0,0.0,15.0,15.0,20.0,,0.0,0.0,746.99,CHARM_DOMINATED,41.7,0.175,39.9,42.4,NEUTRAL,5.0
2026-07-22 23:48:00,0.0,0.0,0.0,0.0,0.0,0.0,0.0,0.0,0.0,0.0,0.0,0.0,0.0,0.0,0.0,0.0,0.0,NEGATIVE,SHORT_GAMMA,DEALER_SHORT_GAMMA,0.39,BEARISH,LOW,5.3,29.7,30.0,0.0,15.0,0.0,35.0,,0.0,0.0,746.96,CHARM_DOMINATED,41.7,0.175,39.9,42.4,NEUTRAL,5.0
2026-07-22 23:49:00,0.0,0.0,0.0,0.0,0.0,0.0,0.0,0.0,0.0,0.0,0.0,0.0,0.0,0.0,0.0,0.0,0.0,NEGATIVE,SHORT_GAMMA,DEALER_SHORT_GAMMA,0.39,BEARISH,LOW,3.4,31.6,30.0,0.0,15.0,0.0,35.0,,0.0,0.0,746.76,CHARM_DOMINATED,41.7,0.175,42.4,39.9,NEUTRAL,5.0
2026-07-22 23:50:00,0.0,0.0,0.0,0.0,0.0,0.0,0.0,0.0,0.0,0.0,0.0,0.0,0.0,0.0,0.0,0.0,0.0,NEGATIVE,SHORT_GAMMA,DEALER_SHORT_GAMMA,0.39,BEARISH,LOW,2.2,32.8,30.0,0.0,15.0,0.0,35.0,,0.0,0.0,746.64,CHARM_DOMINATED,41.7,0.175,42.4,39.9,NEUTRAL,5.0
2026-07-22 23:51:00,0.0,0.0,0.0,0.0,0.0,0.0,0.0,0.0,0.0,0.0,0.0,0.0,0.0,0.0,0.0,0.0,0.0,NEGATIVE,SHORT_GAMMA,DEALER_LONG_GAMMA,0.33,NEUTRAL,LOW,6.7,28.3,30.0,0.0,15.0,15.0,20.0,,0.0,0.0,746.61,CHARM_DOMINATED,41.7,0.175,42.4,39.9,NEUTRAL,5.0
2026-07-22 23:52:00,0.0,0.0,0.0,0.0,0.0,0.0,0.0,0.0,0.0,0.0,0.0,0.0,0.0,0.0,0.0,0.0,0.0,NEGATIVE,SHORT_GAMMA,DEALER_LONG_GAMMA,0.33,NEUTRAL,LOW,9.6,25.4,30.0,0.0,15.0,15.0,20.0,,0.0,0.0,746.62,CHARM_DOMINATED,41.7,0.175,42.4,39.9,NEUTRAL,5.0
2026-07-22 23:53:00,0.0,0.0,0.0,0.0,0.0,0.0,0.0,0.0,0.0,0.0,0.0,0.0,0.0,0.0,0.0,0.0,0.0,NEGATIVE,SHORT_GAMMA,DEALER_SHORT_GAMMA,0.39,BEARISH,LOW,6.2,28.8,30.0,0.0,15.0,0.0,35.0,,0.0,0.0,746.49,CHARM_DOMINATED,41.7,0.175,42.4,39.9,NEUTRAL,5.0
2026-07-22 23:54:00,0.0,0.0,0.0,0.0,0.0,0.0,0.0,0.0,0.0,0.0,0.0,0.0,0.0,0.0,0.0,0.0,0.0,NEGATIVE,SHORT_GAMMA,DEALER_LONG_GAMMA,0.33,NEUTRAL,LOW,9.3,25.7,30.0,0.0,15.0,15.0,20.0,,0.0,0.0,746.55,CHARM_DOMINATED,41.7,0.175,42.4,39.9,NEUTRAL,5.0
2026-07-22 23:55:00,0.0,0.0,0.0,0.0,0.0,0.0,0.0,0.0,0.0,0.0,0.0,0.0,0.0,0.0,0.0,0.0,0.0,NEGATIVE,SHORT_GAMMA,DEALER_LONG_GAMMA,0.33,NEUTRAL,LOW,11.3,23.7,30.0,0.0,15.0,15.0,20.0,,0.0,0.0,746.55,CHARM_DOMINATED,41.7,0.175,42.4,39.9,NEUTRAL,5.0
2026-07-22 23:56:00,0.0,0.0,0.0,0.0,0.0,0.0,0.0,0.0,0.0,0.0,0.0,0.0,0.0,0.0,0.0,0.0,0.0,NEGATIVE,SHORT_GAMMA,DEALER_SHORT_GAMMA,0.39,BEARISH,LOW,7.3,27.7,30.0,0.0,15.0,0.0,35.0,,0.0,0.0,746.49,CHARM_DOMINATED,41.7,0.175,42.4,39.9,NEUTRAL,5.0
2026-07-22 23:57:00,0.0,0.0,0.0,0.0,0.0,0.0,0.0,0.0,0.0,0.0,0.0,0.0,0.0,0.0,0.0,0.0,0.0,NEGATIVE,SHORT_GAMMA,DEALER_LONG_GAMMA,0.33,NEUTRAL,LOW,10.0,25.0,30.0,0.0,15.0,15.0,20.0,,0.0,0.0,746.55,CHARM_DOMINATED,41.7,0.175,42.4,39.9,NEUTRAL,5.0
2026-07-22 23:58:00,0.0,0.0,0.0,0.0,0.0,0.0,0.0,0.0,0.0,0.0,0.0,0.0,0.0,0.0,0.0,0.0,0.0,NEGATIVE,SHORT_GAMMA,DEALER_LONG_GAMMA,0.33,NEUTRAL,LOW,11.8,23.2,30.0,0.0,15.0,15.0,20.0,,0.0,0.0,746.63,CHARM_DOMINATED,41.7,0.175,42.4,39.9,NEUTRAL,5.0
2026-07-23 00:00:00,0.0,0.0,0.0,0.0,0.0,0.0,0.0,0.0,0.0,0.0,0.0,0.0,0.0,0,0,0.0,0.0,NEGATIVE,SHORT_GAMMA,DEALER_SHORT_GAMMA,0.39,BEARISH,LOW,0.0,35.0,30.0,0.0,15.0,0.0,35.0,,0.0,0.0,746.6,LONG_GAMMA_PINNING,0.0,0.0,35.1,35.1,NEUTRAL,0.0
2026-07-23 00:01:00,0.0,0.0,0.0,0.0,0.0,0.0,0.0,0.0,0.0,0.0,0.0,0.0,0.0,0.0,0.0,0.0,0.0,NEGATIVE,SHORT_GAMMA,DEALER_SHORT_GAMMA,0.39,BEARISH,LOW,0.0,35.0,30.0,0.0,15.0,0.0,35.0,,0.0,0.0,746.44,CHARM_DOMINATED,41.3,0.0,42.3,39.8,NEUTRAL,5.0
2026-07-23 00:02:00,0.0,0.0,0.0,0.0,0.0,0.0,0.0,0.0,0.0,0.0,0.0,0.0,0.0,0.0,0.0,0.0,0.0,NEGATIVE,SHORT_GAMMA,DEALER_SHORT_GAMMA,0.39,BEARISH,LOW,0.0,35.0,30.0,0.0,15.0,0.0,35.0,,0.0,0.0,746.44,CHARM_DOMINATED,41.3,0.176,42.3,39.8,NEUTRAL,5.0
2026-07-23 00:03:00,0.0,0.0,0.0,0.0,0.0,0.0,0.0,0.0,0.0,0.0,0.0,0.0,0.0,0.0,0.0,0.0,0.0,NEGATIVE,SHORT_GAMMA,DEALER_SHORT_GAMMA,0.39,BEARISH,LOW,0.0,35.0,30.0,0.0,15.0,0.0,35.0,,0.0,0.0,746.44,CHARM_DOMINATED,41.3,0.176,42.3,39.8,NEUTRAL,5.0
2026-07-23 00:04:00,0.0,0.0,0.0,0.0,0.0,0.0,0.0,0.0,0.0,0.0,0.0,0.0,0.0,0.0,0.0,0.0,0.0,NEGATIVE,SHORT_GAMMA,DEALER_SHORT_GAMMA,0.39,BEARISH,LOW,0.0,35.0,30.0,0.0,15.0,0.0,35.0,,0.0,0.0,746.46,CHARM_DOMINATED,41.3,0.176,42.3,39.8,NEUTRAL,5.0
2026-07-23 00:05:00,0.0,0.0,0.0,0.0,0.0,0.0,0.0,0.0,0.0,0.0,0.0,0.0,0.0,0.0,0.0,0.0,0.0,NEGATIVE,SHORT_GAMMA,DEALER_LONG_GAMMA,0.33,NEUTRAL,LOW,5.2,29.8,30.0,0.0,15.0,15.0,20.0,,0.0,0.0,746.47,CHARM_DOMINATED,41.3,0.176,42.3,39.8,NEUTRAL,5.0
2026-07-23 00:06:00,0.0,0.0,0.0,0.0,0.0,0.0,0.0,0.0,0.0,0.0,0.0,0.0,0.0,0.0,0.0,0.0,0.0,NEGATIVE,SHORT_GAMMA,DEALER_SHORT_GAMMA,0.39,BEARISH,LOW,3.4,31.6,30.0,0.0,15.0,0.0,35.0,,0.0,0.0,746.42,CHARM_DOMINATED,41.3,0.176,42.3,39.8,NEUTRAL,5.0
2026-07-23 00:07:00,0.0,0.0,0.0,0.0,0.0,0.0,0.0,0.0,0.0,0.0,0.0,0.0,0.0,0.0,0.0,0.0,0.0,NEGATIVE,SHORT_GAMMA,DEALER_LONG_GAMMA,0.33,NEUTRAL,LOW,7.5,27.5,30.0,0.0,15.0,15.0,20.0,,0.0,0.0,746.47,CHARM_DOMINATED,41.3,0.176,42.3,39.8,NEUTRAL,5.0
2026-07-23 00:08:00,0.0,0.0,0.0,0.0,0.0,0.0,0.0,0.0,0.0,0.0,0.0,0.0,0.0,0.0,0.0,0.0,0.0,NEGATIVE,SHORT_GAMMA,DEALER_SHORT_GAMMA,0.39,BEARISH,LOW,4.9,30.1,30.0,0.0,15.0,0.0,35.0,,0.0,0.0,746.46,CHARM_DOMINATED,41.3,0.176,42.3,39.8,NEUTRAL,5.0
2026-07-23 00:09:00,0.0,0.0,0.0,0.0,0.0,0.0,0.0,0.0,0.0,0.0,0.0,0.0,0.0,0.0,0.0,0.0,0.0,NEGATIVE,SHORT_GAMMA,DEALER_LONG_GAMMA,0.33,NEUTRAL,LOW,8.4,26.6,30.0,0.0,15.0,15.0,20.0,,0.0,0.0,746.47,CHARM_DOMINATED,41.3,0.176,42.3,39.8,NEUTRAL,5.0
2026-07-23 00:10:00,0.0,0.0,0.0,0.0,0.0,0.0,0.0,0.0,0.0,0.0,0.0,0.0,0.0,0.0,0.0,0.0,0.0,NEGATIVE,SHORT_GAMMA,DEALER_LONG_GAMMA,0.33,NEUTRAL,LOW,10.7,24.3,30.0,0.0,15.0,15.0,20.0,,0.0,0.0,746.44,CHARM_DOMINATED,41.3,0.176,42.3,39.8,NEUTRAL,5.0
2026-07-23 00:11:00,0.0,0.0,0.0,0.0,0.0,0.0,0.0,0.0,0.0,0.0,0.0,0.0,0.0,0.0,0.0,0.0,0.0,NEGATIVE,SHORT_GAMMA,DEALER_LONG_GAMMA,0.33,NEUTRAL,LOW,12.2,22.8,30.0,0.0,15.0,15.0,20.0,,0.0,0.0,746.44,CHARM_DOMINATED,41.3,0.176,42.3,39.8,NEUTRAL,5.0
2026-07-23 00:12:00,0.0,0.0,0.0,0.0,0.0,0.0,0.0,0.0,0.0,0.0,0.0,0.0,0.0,0.0,0.0,0.0,0.0,NEGATIVE,SHORT_GAMMA,DEALER_SHORT_GAMMA,0.39,BEARISH,LOW,7.9,27.1,30.0,0.0,15.0,0.0,35.0,,0.0,0.0,746.28,CHARM_DOMINATED,41.4,0.176,39.8,42.3,NEUTRAL,5.0
2026-07-23 00:13:00,0.0,0.0,0.0,0.0,0.0,0.0,0.0,0.0,0.0,0.0,0.0,0.0,0.0,0.0,0.0,0.0,0.0,NEGATIVE,SHORT_GAMMA,DEALER_LONG_GAMMA,0.33,NEUTRAL,LOW,10.4,24.6,30.0,0.0,15.0,15.0,20.0,,0.0,0.0,746.4,CHARM_DOMINATED,41.4,0.176,42.3,39.9,NEUTRAL,4.8
2026-07-23 00:14:00,0.0,0.0,0.0,0.0,0.0,0.0,0.0,0.0,0.0,0.0,0.0,0.0,0.0,0.0,0.0,0.0,0.0,NEGATIVE,SHORT_GAMMA,DEALER_LONG_GAMMA,0.33,NEUTRAL,LOW,12.0,23.0,30.0,0.0,15.0,15.0,20.0,,0.0,0.0,746.54,CHARM_DOMINATED,41.4,0.176,42.3,39.9,NEUTRAL,4.8
2026-07-23 00:15:00,0.0,0.0,0.0,0.0,0.0,0.0,0.0,0.0,0.0,0.0,0.0,0.0,0.0,0.0,0.0,0.0,0.0,NEGATIVE,SHORT_GAMMA,DEALER_LONG_GAMMA,0.33,NEUTRAL,LOW,13.1,22.0,30.0,0.0,15.0,15.0,20.0,,0.0,0.0,746.49,CHARM_DOMINATED,41.4,0.176,42.3,39.9,NEUTRAL,4.8
2026-07-23 00:16:00,0.0,0.0,0.0,0.0,0.0,0.0,0.0,0.0,0.0,0.0,0.0,0.0,0.0,0.0,0.0,0.0,0.0,NEGATIVE,SHORT_GAMMA,DEALER_SHORT_GAMMA,0.39,BEARISH,LOW,8.5,26.6,30.0,0.0,15.0,0.0,35.0,,0.0,0.0,746.46,CHARM_DOMINATED,41.4,0.176,42.3,39.9,NEUTRAL,4.8
2026-07-23 00:17:00,0.0,0.0,0.0,0.0,0.0,0.0,0.0,0.0,0.0,0.0,0.0,0.0,0.0,0.0,0.0,0.0,0.0,NEGATIVE,SHORT_GAMMA,DEALER_SHORT_GAMMA,0.39,BEARISH,LOW,5.5,29.5,30.0,0.0,15.0,0.0,35.0,,0.0,0.0,746.44,CHARM_DOMINATED,41.4,0.176,42.3,39.9,NEUTRAL,4.8
2026-07-23 00:18:00,0.0,0.0,0.0,0.0,0.0,0.0,0.0,0.0,0.0,0.0,0.0,0.0,0.0,0.0,0.0,0.0,0.0,NEGATIVE,SHORT_GAMMA,DEALER_LONG_GAMMA,0.33,NEUTRAL,LOW,8.8,26.2,30.0,0.0,15.0,15.0,20.0,,0.0,0.0,746.48,CHARM_DOMINATED,41.4,0.176,42.3,39.9,NEUTRAL,4.8
2026-07-23 00:19:00,0.0,0.0,0.0,0.0,0.0,0.0,0.0,0.0,0.0,0.0,0.0,0.0,0.0,0.0,0.0,0.0,0.0,NEGATIVE,SHORT_GAMMA,DEALER_SHORT_GAMMA,0.39,BEARISH,LOW,5.7,29.3,30.0,0.0,15.0,0.0,35.0,,0.0,0.0,746.39,CHARM_DOMINATED,41.4,0.176,39.8,42.3,NEUTRAL,5.0
2026-07-23 00:20:00,0.0,0.0,0.0,0.0,0.0,0.0,0.0,0.0,0.0,0.0,0.0,0.0,0.0,0.0,0.0,0.0,0.0,NEGATIVE,SHORT_GAMMA,DEALER_LONG_GAMMA,0.33,NEUTRAL,LOW,9.0,26.0,30.0,0.0,15.0,15.0,20.0,,0.0,0.0,746.55,CHARM_DOMINATED,41.4,0.176,42.3,39.9,NEUTRAL,4.8
2026-07-23 00:21:00,0.0,0.0,0.0,0.0,0.0,0.0,0.0,0.0,0.0,0.0,0.0,0.0,0.0,0.0,0.0,0.0,0.0,NEGATIVE,SHORT_GAMMA,DEALER_LONG_GAMMA,0.33,NEUTRAL,LOW,11.1,23.9,30.0,0.0,15.0,15.0,20.0,,0.0,0.0,746.63,CHARM_DOMINATED,41.4,0.176,42.3,39.9,NEUTRAL,4.8
2026-07-23 00:22:00,0.0,0.0,0.0,0.0,0.0,0.0,0.0,0.0,0.0,0.0,0.0,0.0,0.0,0.0,0.0,0.0,0.0,NEGATIVE,SHORT_GAMMA,DEALER_LONG_GAMMA,0.33,NEUTRAL,LOW,12.5,22.5,30.0,0.0,15.0,15.0,20.0,,0.0,0.0,746.67,CHARM_DOMINATED,41.4,0.176,42.3,39.9,NEUTRAL,4.8
2026-07-23 00:23:00,0.0,0.0,0.0,0.0,0.0,0.0,0.0,0.0,0.0,0.0,0.0,0.0,0.0,0.0,0.0,0.0,0.0,NEGATIVE,SHORT_GAMMA,DEALER_SHORT_GAMMA,0.39,BEARISH,LOW,8.1,26.9,30.0,0.0,15.0,0.0,35.0,,0.0,0.0,746.5,CHARM_DOMINATED,41.4,0.176,42.3,39.9,NEUTRAL,4.8
2026-07-23 00:24:00,0.0,0.0,0.0,0.0,0.0,0.0,0.0,0.0,0.0,0.0,0.0,0.0,0.0,0.0,0.0,0.0,0.0,NEGATIVE,SHORT_GAMMA,DEALER_SHORT_GAMMA,0.39,BEARISH,LOW,5.3,29.7,30.0,0.0,15.0,0.0,35.0,,0.0,0.0,746.45,CHARM_DOMINATED,41.4,0.176,42.3,39.9,NEUTRAL,4.8
2026-07-23 00:25:00,0.0,0.0,0.0,0.0,0.0,0.0,0.0,0.0,0.0,0.0,0.0,0.0,0.0,0.0,0.0,0.0,0.0,NEGATIVE,SHORT_GAMMA,DEALER_SHORT_GAMMA,0.39,BEARISH,LOW,3.4,31.6,30.0,0.0,15.0,0.0,35.0,,0.0,0.0,746.72,CHARM_DOMINATED,41.4,0.176,42.3,39.9,NEUTRAL,4.8
2026-07-23 00:26:00,0.0,0.0,0.0,0.0,0.0,0.0,0.0,0.0,0.0,0.0,0.0,0.0,0.0,0.0,0.0,0.0,0.0,NEGATIVE,SHORT_GAMMA,DEALER_SHORT_GAMMA,0.39,BEARISH,LOW,2.2,32.8,30.0,0.0,15.0,0.0,35.0,,0.0,0.0,746.76,CHARM_DOMINATED,41.4,0.176,42.3,39.9,NEUTRAL,4.8
2026-07-23 00:27:00,0.0,0.0,0.0,0.0,0.0,0.0,0.0,0.0,0.0,0.0,0.0,0.0,0.0,0.0,0.0,0.0,0.0,NEGATIVE,SHORT_GAMMA,DEALER_SHORT_GAMMA,0.39,BEARISH,LOW,1.4,33.6,30.0,0.0,15.0,0.0,35.0,,0.0,0.0,746.98,CHARM_DOMINATED,41.4,0.176,39.8,42.3,NEUTRAL,5.0
2026-07-23 00:28:00,0.0,0.0,0.0,0.0,0.0,0.0,0.0,0.0,0.0,0.0,0.0,0.0,0.0,0.0,0.0,0.0,0.0,NEGATIVE,SHORT_GAMMA,DEALER_LONG_GAMMA,0.33,NEUTRAL,LOW,6.2,28.8,30.0,0.0,15.0,15.0,20.0,,0.0,0.0,746.99,CHARM_DOMINATED,41.4,0.176,39.8,42.3,NEUTRAL,5.0
2026-07-23 00:29:00,0.0,0.0,0.0,0.0,0.0,0.0,0.0,0.0,0.0,0.0,0.0,0.0,0.0,0.0,0.0,0.0,0.0,NEGATIVE,SHORT_GAMMA,DEALER_LONG_GAMMA,0.33,NEUTRAL,LOW,9.3,25.7,30.0,0.0,15.0,15.0,20.0,,0.0,0.0,747.09,CHARM_DOMINATED,41.4,0.176,42.3,39.9,NEUTRAL,4.8
2026-07-23 00:30:00,0.0,0.0,0.0,0.0,0.0,0.0,0.0,0.0,0.0,0.0,0.0,0.0,0.0,0.0,0.0,0.0,0.0,NEGATIVE,SHORT_GAMMA,DEALER_LONG_GAMMA,0.33,NEUTRAL,LOW,11.3,23.7,30.0,0.0,15.0,15.0,20.0,,0.0,0.0,747.3,CHARM_DOMINATED,41.4,0.176,39.8,42.3,NEUTRAL,5.0
2026-07-23 00:31:00,0.0,0.0,0.0,0.0,0.0,0.0,0.0,0.0,0.0,0.0,0.0,0.0,0.0,0.0,0.0,0.0,0.0,NEGATIVE,SHORT_GAMMA,DEALER_LONG_GAMMA,0.33,NEUTRAL,LOW,12.6,22.4,30.0,0.0,15.0,15.0,20.0,,0.0,0.0,747.36,CHARM_DOMINATED,41.4,0.176,39.8,42.3,NEUTRAL,5.0
2026-07-23 00:32:00,0.0,0.0,0.0,0.0,0.0,0.0,0.0,0.0,0.0,0.0,0.0,0.0,0.0,0.0,0.0,0.0,0.0,NEGATIVE,SHORT_GAMMA,DEALER_LONG_GAMMA,0.33,NEUTRAL,LOW,13.4,21.6,30.0,0.0,15.0,15.0,20.0,,0.0,0.0,747.33,CHARM_DOMINATED,41.4,0.176,39.8,42.3,NEUTRAL,5.0
2026-07-23 00:33:00,0.0,0.0,0.0,0.0,0.0,0.0,0.0,0.0,0.0,0.0,0.0,0.0,0.0,0.0,0.0,0.0,0.0,NEGATIVE,SHORT_GAMMA,DEALER_LONG_GAMMA,0.33,NEUTRAL,LOW,14.0,21.0,30.0,0.0,15.0,15.0,20.0,,0.0,0.0,747.24,CHARM_DOMINATED,41.4,0.176,42.3,39.9,NEUTRAL,4.8
2026-07-23 00:34:00,0.0,0.0,0.0,0.0,0.0,0.0,0.0,0.0,0.0,0.0,0.0,0.0,0.0,0.0,0.0,0.0,0.0,NEGATIVE,SHORT_GAMMA,DEALER_LONG_GAMMA,0.33,NEUTRAL,LOW,14.3,20.6,30.0,0.0,15.0,15.0,20.0,,0.0,0.0,747.19,CHARM_DOMINATED,41.4,0.176,42.3,39.9,NEUTRAL,4.8
2026-07-23 00:35:00,0.0,0.0,0.0,0.0,0.0,0.0,0.0,0.0,0.0,0.0,0.0,0.0,0.0,0.0,0.0,0.0,0.0,NEGATIVE,SHORT_GAMMA,DEALER_SHORT_GAMMA,0.39,BEARISH,LOW,9.3,25.6,30.0,0.0,15.0,0.0,35.0,,0.0,0.0,747.11,CHARM_DOMINATED,41.4,0.176,42.3,39.9,NEUTRAL,4.8
2026-07-23 00:36:00,0.0,0.0,0.0,0.0,0.0,0.0,0.0,0.0,0.0,0.0,0.0,0.0,0.0,0.0,0.0,0.0,0.0,NEGATIVE,SHORT_GAMMA,DEALER_LONG_GAMMA,0.33,NEUTRAL,LOW,11.3,23.6,30.0,0.0,15.0,15.0,20.0,,0.0,0.0,747.16,CHARM_DOMINATED,41.4,0.176,42.3,39.9,NEUTRAL,4.8
2026-07-23 00:37:00,0.0,0.0,0.0,0.0,0.0,0.0,0.0,0.0,0.0,0.0,0.0,0.0,0.0,0.0,0.0,0.0,0.0,NEGATIVE,SHORT_GAMMA,DEALER_SHORT_GAMMA,0.39,BEARISH,LOW,7.3,27.6,30.0,0.0,15.0,0.0,35.0,,0.0,0.0,747.12,CHARM_DOMINATED,41.4,0.176,42.3,39.9,NEUTRAL,4.8
2026-07-23 00:38:00,0.0,0.0,0.0,0.0,0.0,0.0,0.0,0.0,0.0,0.0,0.0,0.0,0.0,0.0,0.0,0.0,0.0,NEGATIVE,SHORT_GAMMA,DEALER_SHORT_GAMMA,0.39,BEARISH,LOW,4.7,30.2,30.0,0.0,15.0,0.0,35.0,,0.0,0.0,747.09,CHARM_DOMINATED,41.4,0.176,42.3,39.9,NEUTRAL,4.8
2026-07-23 00:39:00,0.0,0.0,0.0,0.0,0.0,0.0,0.0,0.0,0.0,0.0,0.0,0.0,0.0,0.0,0.0,0.0,0.0,NEGATIVE,SHORT_GAMMA,DEALER_SHORT_GAMMA,0.39,BEARISH,LOW,3.1,31.9,30.0,0.0,15.0,0.0,35.0,,0.0,0.0,746.87,CHARM_DOMINATED,41.4,0.176,38.7,42.3,NEUTRAL,7.2
2026-07-23 00:40:00,0.0,0.0,0.0,0.0,0.0,0.0,0.0,0.0,0.0,0.0,0.0,0.0,0.0,0.0,0.0,0.0,0.0,NEGATIVE,SHORT_GAMMA,DEALER_SHORT_GAMMA,0.39,BEARISH,LOW,2.0,33.0,30.0,0.0,15.0,0.0,35.0,,0.0,0.0,746.84,CHARM_DOMINATED,41.4,0.176,38.7,42.3,NEUTRAL,7.2
2026-07-23 00:41:00,0.0,0.0,0.0,0.0,0.0,0.0,0.0,0.0,0.0,0.0,0.0,0.0,0.0,0.0,0.0,0.0,0.0,NEGATIVE,SHORT_GAMMA,DEALER_SHORT_GAMMA,0.39,BEARISH,LOW,1.3,33.7,30.0,0.0,15.0,0.0,35.0,,0.0,0.0,746.94,CHARM_DOMINATED,41.4,0.176,39.8,42.3,NEUTRAL,5.0
2026-07-23 00:42:00,0.0,0.0,0.0,0.0,0.0,0.0,0.0,0.0,0.0,0.0,0.0,0.0,0.0,0.0,0.0,0.0,0.0,NEGATIVE,SHORT_GAMMA,DEALER_LONG_GAMMA,0.33,NEUTRAL,LOW,6.1,28.9,30.0,0.0,15.0,15.0,20.0,,0.0,0.0,746.88,CHARM_DOMINATED,41.4,0.176,39.8,42.3,NEUTRAL,5.0
2026-07-23 00:43:00,0.0,0.0,0.0,0.0,0.0,0.0,0.0,0.0,0.0,0.0,0.0,0.0,0.0,0.0,0.0,0.0,0.0,NEGATIVE,SHORT_GAMMA,DEALER_LONG_GAMMA,0.33,NEUTRAL,LOW,9.2,25.8,30.0,0.0,15.0,15.0,20.0,,0.0,0.0,746.77,CHARM_DOMINATED,41.4,0.176,42.3,39.9,NEUTRAL,4.8
2026-07-23 00:44:00,0.0,0.0,0.0,0.0,0.0,0.0,0.0,0.0,0.0,0.0,0.0,0.0,0.0,0.0,0.0,0.0,0.0,NEGATIVE,SHORT_GAMMA,DEALER_LONG_GAMMA,0.33,NEUTRAL,LOW,11.2,23.8,30.0,0.0,15.0,15.0,20.0,,0.0,0.0,746.79,CHARM_DOMINATED,41.4,0.176,42.3,39.9,NEUTRAL,4.8
2026-07-23 00:45:00,0.0,0.0,0.0,0.0,0.0,0.0,0.0,0.0,0.0,0.0,0.0,0.0,0.0,0.0,0.0,0.0,0.0,NEGATIVE,SHORT_GAMMA,DEALER_LONG_GAMMA,0.33,NEUTRAL,LOW,12.5,22.5,30.0,0.0,15.0,15.0,20.0,,0.0,0.0,746.78,CHARM_DOMINATED,41.4,0.176,42.3,39.9,NEUTRAL,4.8
2026-07-23 00:46:00,0.0,0.0,0.0,0.0,0.0,0.0,0.0,0.0,0.0,0.0,0.0,0.0,0.0,0.0,0.0,0.0,0.0,NEGATIVE,SHORT_GAMMA,DEALER_SHORT_GAMMA,0.39,BEARISH,LOW,8.1,26.9,30.0,0.0,15.0,0.0,35.0,,0.0,0.0,746.72,CHARM_DOMINATED,41.4,0.176,42.3,39.9,NEUTRAL,4.8
2026-07-23 00:47:00,0.0,0.0,0.0,0.0,0.0,0.0,0.0,0.0,0.0,0.0,0.0,0.0,0.0,0.0,0.0,0.0,0.0,NEGATIVE,SHORT_GAMMA,DEALER_LONG_GAMMA,0.33,NEUTRAL,LOW,10.5,24.5,30.0,0.0,15.0,15.0,20.0,,0.0,0.0,746.69,CHARM_DOMINATED,41.4,0.176,42.3,39.9,NEUTRAL,4.8
2026-07-23 00:48:00,0.0,0.0,0.0,0.0,0.0,0.0,0.0,0.0,0.0,0.0,0.0,0.0,0.0,0.0,0.0,0.0,0.0,NEGATIVE,SHORT_GAMMA,DEALER_SHORT_GAMMA,0.39,BEARISH,LOW,6.8,28.2,30.0,0.0,15.0,0.0,35.0,,0.0,0.0,746.47,CHARM_DOMINATED,41.4,0.176,42.3,39.9,NEUTRAL,4.8
2026-07-23 00:49:00,0.0,0.0,0.0,0.0,0.0,0.0,0.0,0.0,0.0,0.0,0.0,0.0,0.0,0.0,0.0,0.0,0.0,NEGATIVE,SHORT_GAMMA,DEALER_SHORT_GAMMA,0.39,BEARISH,LOW,4.4,30.6,30.0,0.0,15.0,0.0,35.0,,0.0,0.0,746.49,CHARM_DOMINATED,41.4,0.176,42.3,39.9,NEUTRAL,4.8
2026-07-23 00:50:00,0.0,0.0,0.0,0.0,0.0,0.0,0.0,0.0,0.0,0.0,0.0,0.0,0.0,0.0,0.0,0.0,0.0,NEGATIVE,SHORT_GAMMA,DEALER_SHORT_GAMMA,0.39,BEARISH,LOW,2.9,32.1,30.0,0.0,15.0,0.0,35.0,,0.0,0.0,746.36,CHARM_DOMINATED,41.4,0.176,39.8,42.3,NEUTRAL,5.0
2026-07-23 00:51:00,0.0,0.0,0.0,0.0,0.0,0.0,0.0,0.0,0.0,0.0,0.0,0.0,0.0,0.0,0.0,0.0,0.0,NEGATIVE,SHORT_GAMMA,DEALER_LONG_GAMMA,0.33,NEUTRAL,LOW,7.1,27.9,30.0,0.0,15.0,15.0,20.0,,0.0,0.0,746.4,CHARM_DOMINATED,41.4,0.176,42.3,39.9,NEUTRAL,4.8
2026-07-23 00:52:00,0.0,0.0,0.0,0.0,0.0,0.0,0.0,0.0,0.0,0.0,0.0,0.0,0.0,0.0,0.0,0.0,0.0,NEGATIVE,SHORT_GAMMA,DEALER_SHORT_GAMMA,0.39,BEARISH,LOW,4.6,30.4,30.0,0.0,15.0,0.0,35.0,,0.0,0.0,746.32,CHARM_DOMINATED,41.4,0.176,39.8,42.3,NEUTRAL,5.0
2026-07-23 00:53:00,0.0,0.0,0.0,0.0,0.0,0.0,0.0,0.0,0.0,0.0,0.0,0.0,0.0,0.0,0.0,0.0,0.0,NEGATIVE,SHORT_GAMMA,DEALER_SHORT_GAMMA,0.39,BEARISH,LOW,3.0,32.0,30.0,0.0,15.0,0.0,35.0,,0.0,0.0,746.3,CHARM_DOMINATED,41.4,0.176,39.8,42.3,NEUTRAL,5.0
2026-07-23 00:54:00,0.0,0.0,0.0,0.0,0.0,0.0,0.0,0.0,0.0,0.0,0.0,0.0,0.0,0.0,0.0,0.0,0.0,NEGATIVE,SHORT_GAMMA,DEALER_SHORT_GAMMA,0.39,BEARISH,LOW,2.0,33.0,30.0,0.0,15.0,0.0,35.0,,0.0,0.0,746.12,CHARM_DOMINATED,41.4,0.176,39.8,42.3,NEUTRAL,5.0
2026-07-23 00:55:00,0.0,0.0,0.0,0.0,0.0,0.0,0.0,0.0,0.0,0.0,0.0,0.0,0.0,0.0,0.0,0.0,0.0,NEGATIVE,SHORT_GAMMA,DEALER_LONG_GAMMA,0.33,NEUTRAL,LOW,6.5,28.4,30.0,0.0,15.0,15.0,20.0,,0.0,0.0,746.15,CHARM_DOMINATED,41.4,0.176,39.8,42.3,NEUTRAL,5.0
2026-07-23 00:56:00,0.0,0.0,0.0,0.0,0.0,0.0,0.0,0.0,0.0,0.0,0.0,0.0,0.0,0.0,0.0,0.0,0.0,NEGATIVE,SHORT_GAMMA,DEALER_SHORT_GAMMA,0.39,BEARISH,LOW,4.2,30.7,30.0,0.0,15.0,0.0,35.0,,0.0,0.0,746.23,CHARM_DOMINATED,41.4,0.176,39.8,42.3,NEUTRAL,5.0
2026-07-23 00:57:00,0.0,0.0,0.0,0.0,0.0,0.0,0.0,0.0,0.0,0.0,0.0,0.0,0.0,0.0,0.0,0.0,0.0,NEGATIVE,SHORT_GAMMA,DEALER_LONG_GAMMA,0.33,NEUTRAL,LOW,8.0,27.0,30.0,0.0,15.0,15.0,20.0,,0.0,0.0,746.18,CHARM_DOMINATED,41.4,0.176,39.8,42.3,NEUTRAL,5.0
2026-07-23 00:58:00,0.0,0.0,0.0,0.0,0.0,0.0,0.0,0.0,0.0,0.0,0.0,0.0,0.0,0.0,0.0,0.0,0.0,NEGATIVE,SHORT_GAMMA,DEALER_SHORT_GAMMA,0.39,BEARISH,LOW,5.2,29.8,30.0,0.0,15.0,0.0,35.0,,0.0,0.0,746.22,CHARM_DOMINATED,41.4,0.176,39.8,42.3,NEUTRAL,5.0
2026-07-23 00:59:00,0.0,0.0,0.0,0.0,0.0,0.0,0.0,0.0,0.0,0.0,0.0,0.0,0.0,0.0,0.0,0.0,0.0,NEGATIVE,SHORT_GAMMA,DEALER_LONG_GAMMA,0.33,NEUTRAL,LOW,8.6,26.4,30.0,0.0,15.0,15.0,20.0,,0.0,0.0,746.15,CHARM_DOMINATED,41.4,0.176,39.8,42.3,NEUTRAL,5.0
2026-07-23 01:00:00,0.0,0.0,0.0,0.0,0.0,0.0,0.0,0.0,0.0,0.0,0.0,0.0,0.0,0.0,0.0,0.0,0.0,NEGATIVE,SHORT_GAMMA,DEALER_LONG_GAMMA,0.33,NEUTRAL,LOW,10.8,24.2,30.0,0.0,15.0,15.0,20.0,,0.0,0.0,746.15,CHARM_DOMINATED,41.4,0.176,39.8,42.3,NEUTRAL,5.0
2026-07-23 01:01:00,0.0,0.0,0.0,0.0,0.0,0.0,0.0,0.0,0.0,0.0,0.0,0.0,0.0,0.0,0.0,0.0,0.0,NEGATIVE,SHORT_GAMMA,DEALER_LONG_GAMMA,0.33,NEUTRAL,LOW,12.3,22.7,30.0,0.0,15.0,15.0,20.0,,0.0,0.0,746.43,CHARM_DOMINATED,41.7,0.175,42.4,39.9,NEUTRAL,5.0
2026-07-23 01:02:00,0.0,0.0,0.0,0.0,0.0,0.0,0.0,0.0,0.0,0.0,0.0,0.0,0.0,0.0,0.0,0.0,0.0,NEGATIVE,SHORT_GAMMA,DEALER_SHORT_GAMMA,0.39,BEARISH,LOW,8.0,27.0,30.0,0.0,15.0,0.0,35.0,,0.0,0.0,746.35,CHARM_DOMINATED,41.7,0.175,39.9,42.4,NEUTRAL,5.0
2026-07-23 01:03:00,0.0,0.0,0.0,0.0,0.0,0.0,0.0,0.0,0.0,0.0,0.0,0.0,0.0,0.0,0.0,0.0,0.0,NEGATIVE,SHORT_GAMMA,DEALER_SHORT_GAMMA,0.39,BEARISH,LOW,5.2,29.8,30.0,0.0,15.0,0.0,35.0,,0.0,0.0,746.33,CHARM_DOMINATED,41.7,0.175,39.9,42.4,NEUTRAL,5.0
2026-07-23 01:04:00,0.0,0.0,0.0,0.0,0.0,0.0,0.0,0.0,0.0,0.0,0.0,0.0,0.0,0.0,0.0,0.0,0.0,NEGATIVE,SHORT_GAMMA,DEALER_SHORT_GAMMA,0.39,BEARISH,LOW,3.4,31.6,30.0,0.0,15.0,0.0,35.0,,0.0,0.0,746.32,CHARM_DOMINATED,41.7,0.175,39.9,42.4,NEUTRAL,5.0
2026-07-23 01:05:00,0.0,0.0,0.0,0.0,0.0,0.0,0.0,0.0,0.0,0.0,0.0,0.0,0.0,0.0,0.0,0.0,0.0,NEGATIVE,SHORT_GAMMA,DEALER_SHORT_GAMMA,0.39,BEARISH,LOW,2.2,32.8,30.0,0.0,15.0,0.0,35.0,,0.0,0.0,746.35,CHARM_DOMINATED,41.7,0.175,39.9,42.4,NEUTRAL,5.0
2026-07-23 01:06:00,0.0,0.0,0.0,0.0,0.0,0.0,0.0,0.0,0.0,0.0,0.0,0.0,0.0,0.0,0.0,0.0,0.0,NEGATIVE,SHORT_GAMMA,DEALER_SHORT_GAMMA,0.39,BEARISH,LOW,1.4,33.6,30.0,0.0,15.0,0.0,35.0,,0.0,0.0,746.33,CHARM_DOMINATED,41.7,0.175,39.9,42.4,NEUTRAL,5.0
2026-07-23 01:07:00,0.0,0.0,0.0,0.0,0.0,0.0,0.0,0.0,0.0,0.0,0.0,0.0,0.0,0.0,0.0,0.0,0.0,NEGATIVE,SHORT_GAMMA,DEALER_LONG_GAMMA,0.33,NEUTRAL,LOW,6.2,28.8,30.0,0.0,15.0,15.0,20.0,,0.0,0.0,746.13,CHARM_DOMINATED,41.7,0.175,39.9,42.4,NEUTRAL,5.0
2026-07-23 01:08:00,0.0,0.0,0.0,0.0,0.0,0.0,0.0,0.0,0.0,0.0,0.0,0.0,0.0,0.0,0.0,0.0,0.0,NEGATIVE,SHORT_GAMMA,DEALER_LONG_GAMMA,0.33,NEUTRAL,LOW,9.3,25.7,30.0,0.0,15.0,15.0,20.0,,0.0,0.0,746.17,CHARM_DOMINATED,41.7,0.175,39.9,42.4,NEUTRAL,5.0
2026-07-23 01:09:00,0.0,0.0,0.0,0.0,0.0,0.0,0.0,0.0,0.0,0.0,0.0,0.0,0.0,0.0,0.0,0.0,0.0,NEGATIVE,SHORT_GAMMA,DEALER_LONG_GAMMA,0.33,NEUTRAL,LOW,11.3,23.7,30.0,0.0,15.0,15.0,20.0,,0.0,0.0,746.14,CHARM_DOMINATED,41.7,0.175,39.9,42.4,NEUTRAL,5.0
2026-07-23 01:10:00,0.0,0.0,0.0,0.0,0.0,0.0,0.0,0.0,0.0,0.0,0.0,0.0,0.0,0.0,0.0,0.0,0.0,NEGATIVE,SHORT_GAMMA,DEALER_SHORT_GAMMA,0.39,BEARISH,LOW,7.3,27.7,30.0,0.0,15.0,0.0,35.0,,0.0,0.0,746.23,CHARM_DOMINATED,41.7,0.175,39.9,42.4,NEUTRAL,5.0
2026-07-23 01:11:00,0.0,0.0,0.0,0.0,0.0,0.0,0.0,0.0,0.0,0.0,0.0,0.0,0.0,0.0,0.0,0.0,0.0,NEGATIVE,SHORT_GAMMA,DEALER_LONG_GAMMA,0.33,NEUTRAL,LOW,10.0,25.0,30.0,0.0,15.0,15.0,20.0,,0.0,0.0,746.18,CHARM_DOMINATED,41.7,0.175,39.9,42.4,NEUTRAL,5.0
2026-07-23 01:12:00,0.0,0.0,0.0,0.0,0.0,0.0,0.0,0.0,0.0,0.0,0.0,0.0,0.0,0.0,0.0,0.0,0.0,NEGATIVE,SHORT_GAMMA,DEALER_LONG_GAMMA,0.33,NEUTRAL,LOW,11.8,23.2,30.0,0.0,15.0,15.0,20.0,,0.0,0.0,746.12,CHARM_DOMINATED,41.7,0.175,39.9,42.4,NEUTRAL,5.0
2026-07-23 01:13:00,0.0,0.0,0.0,0.0,0.0,0.0,0.0,0.0,0.0,0.0,0.0,0.0,0.0,0.0,0.0,0.0,0.0,NEGATIVE,SHORT_GAMMA,DEALER_SHORT_GAMMA,0.39,BEARISH,LOW,7.7,27.3,30.0,0.0,15.0,0.0,35.0,,0.0,0.0,746.27,CHARM_DOMINATED,41.7,0.175,39.9,42.4,NEUTRAL,5.0
2026-07-23 01:14:00,0.0,0.0,0.0,0.0,0.0,0.0,0.0,0.0,0.0,0.0,0.0,0.0,0.0,0.0,0.0,0.0,0.0,NEGATIVE,SHORT_GAMMA,DEALER_SHORT_GAMMA,0.39,BEARISH,LOW,5.0,30.0,30.0,0.0,15.0,0.0,35.0,,0.0,0.0,746.33,CHARM_DOMINATED,41.7,0.175,39.9,42.4,NEUTRAL,5.0
2026-07-23 01:15:00,0.0,0.0,0.0,0.0,0.0,0.0,0.0,0.0,0.0,0.0,0.0,0.0,0.0,0.0,0.0,0.0,0.0,NEGATIVE,SHORT_GAMMA,DEALER_SHORT_GAMMA,0.39,BEARISH,LOW,3.2,31.8,30.0,0.0,15.0,0.0,35.0,,0.0,0.0,746.28,CHARM_DOMINATED,41.7,0.175,39.9,42.4,NEUTRAL,5.0
2026-07-23 01:16:00,0.0,0.0,0.0,0.0,0.0,0.0,0.0,0.0,0.0,0.0,0.0,0.0,0.0,0.0,0.0,0.0,0.0,NEGATIVE,SHORT_GAMMA,DEALER_LONG_GAMMA,0.33,NEUTRAL,LOW,7.3,27.7,30.0,0.0,15.0,15.0,20.0,,0.0,0.0,746.22,CHARM_DOMINATED,41.7,0.175,39.9,42.4,NEUTRAL,5.0
2026-07-23 01:17:00,0.0,0.0,0.0,0.0,0.0,0.0,0.0,0.0,0.0,0.0,0.0,0.0,0.0,0.0,0.0,0.0,0.0,NEGATIVE,SHORT_GAMMA,DEALER_LONG_GAMMA,0.33,NEUTRAL,LOW,10.0,25.0,30.0,0.0,15.0,15.0,20.0,,0.0,0.0,746.27,CHARM_DOMINATED,41.7,0.175,39.9,42.4,NEUTRAL,5.0
2026-07-23 01:18:00,0.0,0.0,0.0,0.0,0.0,0.0,0.0,0.0,0.0,0.0,0.0,0.0,0.0,0.0,0.0,0.0,0.0,NEGATIVE,SHORT_GAMMA,DEALER_SHORT_GAMMA,0.39,BEARISH,LOW,6.5,28.5,30.0,0.0,15.0,0.0,35.0,,0.0,0.0,746.35,CHARM_DOMINATED,41.7,0.175,39.9,42.4,NEUTRAL,5.0
2026-07-23 01:19:00,0.0,0.0,0.0,0.0,0.0,0.0,0.0,0.0,0.0,0.0,0.0,0.0,0.0,0.0,0.0,0.0,0.0,NEGATIVE,SHORT_GAMMA,DEALER_SHORT_GAMMA,0.39,BEARISH,LOW,4.2,30.8,30.0,0.0,15.0,0.0,35.0,,0.0,0.0,746.32,CHARM_DOMINATED,41.7,0.175,39.9,42.4,NEUTRAL,5.0
2026-07-23 01:20:00,0.0,0.0,0.0,0.0,0.0,0.0,0.0,0.0,0.0,0.0,0.0,0.0,0.0,0.0,0.0,0.0,0.0,NEGATIVE,SHORT_GAMMA,DEALER_LONG_GAMMA,0.33,NEUTRAL,LOW,8.0,27.0,30.0,0.0,15.0,15.0,20.0,,0.0,0.0,746.46,CHARM_DOMINATED,41.7,0.175,42.4,39.9,NEUTRAL,5.0
2026-07-23 01:21:00,0.0,0.0,0.0,0.0,0.0,0.0,0.0,0.0,0.0,0.0,0.0,0.0,0.0,0.0,0.0,0.0,0.0,NEGATIVE,SHORT_GAMMA,DEALER_LONG_GAMMA,0.33,NEUTRAL,LOW,10.4,24.6,30.0,0.0,15.0,15.0,20.0,,0.0,0.0,746.43,CHARM_DOMINATED,41.7,0.175,42.4,39.9,NEUTRAL,5.0
2026-07-23 01:22:00,0.0,0.0,0.0,0.0,0.0,0.0,0.0,0.0,0.0,0.0,0.0,0.0,0.0,0.0,0.0,0.0,0.0,NEGATIVE,SHORT_GAMMA,DEALER_SHORT_GAMMA,0.39,BEARISH,LOW,6.8,28.2,30.0,0.0,15.0,0.0,35.0,,0.0,0.0,746.25,CHARM_DOMINATED,41.7,0.175,39.9,42.4,NEUTRAL,5.0
2026-07-23 01:23:00,0.0,0.0,0.0,0.0,0.0,0.0,0.0,0.0,0.0,0.0,0.0,0.0,0.0,0.0,0.0,0.0,0.0,NEGATIVE,SHORT_GAMMA,DEALER_SHORT_GAMMA,0.39,BEARISH,LOW,4.4,30.6,30.0,0.0,15.0,0.0,35.0,,0.0,0.0,746.11,CHARM_DOMINATED,41.7,0.175,39.9,42.4,NEUTRAL,5.0
2026-07-23 01:24:00,0.0,0.0,0.0,0.0,0.0,0.0,0.0,0.0,0.0,0.0,0.0,0.0,0.0,0.0,0.0,0.0,0.0,NEGATIVE,SHORT_GAMMA,DEALER_SHORT_GAMMA,0.39,BEARISH,LOW,2.9,32.1,30.0,0.0,15.0,0.0,35.0,,0.0,0.0,746.22,CHARM_DOMINATED,41.7,0.175,39.9,42.4,NEUTRAL,5.0
2026-07-23 01:25:00,0.0,0.0,0.0,0.0,0.0,0.0,0.0,0.0,0.0,0.0,0.0,0.0,0.0,0.0,0.0,0.0,0.0,NEGATIVE,SHORT_GAMMA,DEALER_SHORT_GAMMA,0.39,BEARISH,LOW,1.9,33.1,30.0,0.0,15.0,0.0,35.0,,0.0,0.0,746.26,CHARM_DOMINATED,41.7,0.175,39.9,42.4,NEUTRAL,5.0
2026-07-23 01:26:00,0.0,0.0,0.0,0.0,0.0,0.0,0.0,0.0,0.0,0.0,0.0,0.0,0.0,0.0,0.0,0.0,0.0,NEGATIVE,SHORT_GAMMA,DEALER_SHORT_GAMMA,0.39,BEARISH,LOW,1.2,33.8,30.0,0.0,15.0,0.0,35.0,,0.0,0.0,746.37,CHARM_DOMINATED,41.7,0.175,39.9,42.4,NEUTRAL,5.0
2026-07-23 01:27:00,0.0,0.0,0.0,0.0,0.0,0.0,0.0,0.0,0.0,0.0,0.0,0.0,0.0,0.0,0.0,0.0,0.0,NEGATIVE,SHORT_GAMMA,DEALER_SHORT_GAMMA,0.39,BEARISH,LOW,0.8,34.2,30.0,0.0,15.0,0.0,35.0,,0.0,0.0,746.32,CHARM_DOMINATED,41.7,0.175,39.9,42.4,NEUTRAL,5.0
2026-07-23 01:28:00,0.0,0.0,0.0,0.0,0.0,0.0,0.0,0.0,0.0,0.0,0.0,0.0,0.0,0.0,0.0,0.0,0.0,NEGATIVE,SHORT_GAMMA,DEALER_SHORT_GAMMA,0.39,BEARISH,LOW,0.5,34.5,30.0,0.0,15.0,0.0,35.0,,0.0,0.0,746.34,CHARM_DOMINATED,41.7,0.175,39.9,42.4,NEUTRAL,5.0
2026-07-23 01:29:00,0.0,0.0,0.0,0.0,0.0,0.0,0.0,0.0,0.0,0.0,0.0,0.0,0.0,0.0,0.0,0.0,0.0,NEGATIVE,SHORT_GAMMA,DEALER_LONG_GAMMA,0.33,NEUTRAL,LOW,5.6,29.4,30.0,0.0,15.0,15.0,20.0,,0.0,0.0,746.36,CHARM_DOMINATED,41.7,0.175,39.9,42.4,NEUTRAL,5.0
2026-07-23 01:30:00,0.0,0.0,0.0,0.0,0.0,0.0,0.0,0.0,0.0,0.0,0.0,0.0,0.0,0.0,0.0,0.0,0.0,NEGATIVE,SHORT_GAMMA,DEALER_LONG_GAMMA,0.33,NEUTRAL,LOW,8.9,26.1,30.0,0.0,15.0,15.0,20.0,,0.0,0.0,746.4,CHARM_DOMINATED,41.7,0.175,42.4,39.9,NEUTRAL,5.0
2026-07-23 01:31:00,0.0,0.0,0.0,0.0,0.0,0.0,0.0,0.0,0.0,0.0,0.0,0.0,0.0,0.0,0.0,0.0,0.0,NEGATIVE,SHORT_GAMMA,DEALER_SHORT_GAMMA,0.39,BEARISH,LOW,5.8,29.2,30.0,0.0,15.0,0.0,35.0,,0.0,0.0,746.33,CHARM_DOMINATED,41.7,0.175,39.9,42.4,NEUTRAL,5.0
2026-07-23 01:32:00,0.0,0.0,0.0,0.0,0.0,0.0,0.0,0.0,0.0,0.0,0.0,0.0,0.0,0.0,0.0,0.0,0.0,NEGATIVE,SHORT_GAMMA,DEALER_SHORT_GAMMA,0.39,BEARISH,LOW,3.8,31.2,30.0,0.0,15.0,0.0,35.0,,0.0,0.0,746.25,CHARM_DOMINATED,41.7,0.175,39.9,42.4,NEUTRAL,5.0
2026-07-23 01:33:00,0.0,0.0,0.0,0.0,0.0,0.0,0.0,0.0,0.0,0.0,0.0,0.0,0.0,0.0,0.0,0.0,0.0,NEGATIVE,SHORT_GAMMA,DEALER_SHORT_GAMMA,0.39,BEARISH,LOW,2.5,32.5,30.0,0.0,15.0,0.0,35.0,,0.0,0.0,746.23,CHARM_DOMINATED,41.7,0.175,39.9,42.4,NEUTRAL,5.0
2026-07-23 01:34:00,0.0,0.0,0.0,0.0,0.0,0.0,0.0,0.0,0.0,0.0,0.0,0.0,0.0,0.0,0.0,0.0,0.0,NEGATIVE,SHORT_GAMMA,DEALER_LONG_GAMMA,0.33,NEUTRAL,LOW,6.9,28.1,30.0,0.0,15.0,15.0,20.0,,0.0,0.0,746.11,CHARM_DOMINATED,41.7,0.175,39.9,42.4,NEUTRAL,5.0
2026-07-23 01:35:00,0.0,0.0,0.0,0.0,0.0,0.0,0.0,0.0,0.0,0.0,0.0,0.0,0.0,0.0,0.0,0.0,0.0,NEGATIVE,SHORT_GAMMA,DEALER_LONG_GAMMA,0.33,NEUTRAL,LOW,9.7,25.3,30.0,0.0,15.0,15.0,20.0,,0.0,0.0,746.08,CHARM_DOMINATED,41.7,0.175,39.9,42.4,NEUTRAL,5.0
2026-07-23 01:36:00,0.0,0.0,0.0,0.0,0.0,0.0,0.0,0.0,0.0,0.0,0.0,0.0,0.0,0.0,0.0,0.0,0.0,NEGATIVE,SHORT_GAMMA,DEALER_LONG_GAMMA,0.33,NEUTRAL,LOW,11.6,23.4,30.0,0.0,15.0,15.0,20.0,,0.0,0.0,746.13,CHARM_DOMINATED,41.7,0.175,39.9,42.4,NEUTRAL,5.0
2026-07-23 01:37:00,0.0,0.0,0.0,0.0,0.0,0.0,0.0,0.0,0.0,0.0,0.0,0.0,0.0,0.0,0.0,0.0,0.0,NEGATIVE,SHORT_GAMMA,DEALER_SHORT_GAMMA,0.39,BEARISH,LOW,7.5,27.5,30.0,0.0,15.0,0.0,35.0,,0.0,0.0,746.07,CHARM_DOMINATED,41.7,0.175,39.9,42.4,NEUTRAL,5.0
2026-07-23 01:38:00,0.0,0.0,0.0,0.0,0.0,0.0,0.0,0.0,0.0,0.0,0.0,0.0,0.0,0.0,0.0,0.0,0.0,NEGATIVE,SHORT_GAMMA,DEALER_SHORT_GAMMA,0.39,BEARISH,LOW,4.9,30.1,30.0,0.0,15.0,0.0,35.0,,0.0,0.0,746.08,CHARM_DOMINATED,41.7,0.175,39.9,42.4,NEUTRAL,5.0
2026-07-23 01:39:00,0.0,0.0,0.0,0.0,0.0,0.0,0.0,0.0,0.0,0.0,0.0,0.0,0.0,0.0,0.0,0.0,0.0,NEGATIVE,SHORT_GAMMA,DEALER_LONG_GAMMA,0.33,NEUTRAL,LOW,8.4,26.6,30.0,0.0,15.0,15.0,20.0,,0.0,0.0,746.06,CHARM_DOMINATED,41.7,0.175,39.9,42.4,NEUTRAL,5.0
2026-07-23 01:40:00,0.0,0.0,0.0,0.0,0.0,0.0,0.0,0.0,0.0,0.0,0.0,0.0,0.0,0.0,0.0,0.0,0.0,NEGATIVE,SHORT_GAMMA,DEALER_SHORT_GAMMA,0.39,BEARISH,LOW,5.5,29.5,30.0,0.0,15.0,0.0,35.0,,0.0,0.0,746.08,CHARM_DOMINATED,41.7,0.175,39.9,42.4,NEUTRAL,5.0
2026-07-23 01:41:00,0.0,0.0,0.0,0.0,0.0,0.0,0.0,0.0,0.0,0.0,0.0,0.0,0.0,0.0,0.0,0.0,0.0,NEGATIVE,SHORT_GAMMA,DEALER_LONG_GAMMA,0.33,NEUTRAL,LOW,8.8,26.2,30.0,0.0,15.0,15.0,20.0,,0.0,0.0,745.97,CHARM_DOMINATED,41.7,0.175,38.7,42.4,NEUTRAL,7.4
2026-07-23 01:42:00,0.0,0.0,0.0,0.0,0.0,0.0,0.0,0.0,0.0,0.0,0.0,0.0,0.0,0.0,0.0,0.0,0.0,NEGATIVE,SHORT_GAMMA,DEALER_LONG_GAMMA,0.33,NEUTRAL,LOW,11.0,24.0,30.0,0.0,15.0,15.0,20.0,,0.0,0.0,746.03,CHARM_DOMINATED,41.7,0.175,39.9,42.4,NEUTRAL,5.0
2026-07-23 01:43:00,0.0,0.0,0.0,0.0,0.0,0.0,0.0,0.0,0.0,0.0,0.0,0.0,0.0,0.0,0.0,0.0,0.0,NEGATIVE,SHORT_GAMMA,DEALER_SHORT_GAMMA,0.39,BEARISH,LOW,7.2,27.9,30.0,0.0,15.0,0.0,35.0,,0.0,0.0,746.08,CHARM_DOMINATED,41.7,0.175,39.9,42.4,NEUTRAL,5.0
2026-07-23 01:44:00,0.0,0.0,0.0,0.0,0.0,0.0,0.0,0.0,0.0,0.0,0.0,0.0,0.0,0.0,0.0,0.0,0.0,NEGATIVE,SHORT_GAMMA,DEALER_LONG_GAMMA,0.33,NEUTRAL,LOW,9.9,25.1,30.0,0.0,15.0,15.0,20.0,,0.0,0.0,745.93,CHARM_DOMINATED,41.7,0.175,38.7,42.4,NEUTRAL,7.4
2026-07-23 01:45:00,0.0,0.0,0.0,0.0,0.0,0.0,0.0,0.0,0.0,0.0,0.0,0.0,0.0,0.0,0.0,0.0,0.0,NEGATIVE,SHORT_GAMMA,DEALER_SHORT_GAMMA,0.39,BEARISH,LOW,6.4,28.6,30.0,0.0,15.0,0.0,35.0,,0.0,0.0,745.96,CHARM_DOMINATED,41.7,0.175,38.7,42.4,NEUTRAL,7.4
2026-07-23 01:46:00,0.0,0.0,0.0,0.0,0.0,0.0,0.0,0.0,0.0,0.0,0.0,0.0,0.0,0.0,0.0,0.0,0.0,NEGATIVE,SHORT_GAMMA,DEALER_SHORT_GAMMA,0.39,BEARISH,LOW,4.2,30.8,30.0,0.0,15.0,0.0,35.0,,0.0,0.0,746.2,CHARM_DOMINATED,41.7,0.175,39.9,42.4,NEUTRAL,5.0
2026-07-23 01:47:00,0.0,0.0,0.0,0.0,0.0,0.0,0.0,0.0,0.0,0.0,0.0,0.0,0.0,0.0,0.0,0.0,0.0,NEGATIVE,SHORT_GAMMA,DEALER_SHORT_GAMMA,0.39,BEARISH,LOW,2.7,32.3,30.0,0.0,15.0,0.0,35.0,,0.0,0.0,746.32,CHARM_DOMINATED,41.7,0.175,39.9,42.4,NEUTRAL,5.0
2026-07-23 01:48:00,0.0,0.0,0.0,0.0,0.0,0.0,0.0,0.0,0.0,0.0,0.0,0.0,0.0,0.0,0.0,0.0,0.0,NEGATIVE,SHORT_GAMMA,DEALER_SHORT_GAMMA,0.39,BEARISH,LOW,1.8,33.2,30.0,0.0,15.0,0.0,35.0,,0.0,0.0,746.26,CHARM_DOMINATED,41.7,0.175,39.9,42.4,NEUTRAL,5.0
2026-07-23 01:49:00,0.0,0.0,0.0,0.0,0.0,0.0,0.0,0.0,0.0,0.0,0.0,0.0,0.0,0.0,0.0,0.0,0.0,NEGATIVE,SHORT_GAMMA,DEALER_LONG_GAMMA,0.33,NEUTRAL,LOW,6.4,28.6,30.0,0.0,15.0,15.0,20.0,,0.0,0.0,746.21,CHARM_DOMINATED,41.7,0.175,39.9,42.4,NEUTRAL,5.0
2026-07-23 01:50:00,0.0,0.0,0.0,0.0,0.0,0.0,0.0,0.0,0.0,0.0,0.0,0.0,0.0,0.0,0.0,0.0,0.0,NEGATIVE,SHORT_GAMMA,DEALER_LONG_GAMMA,0.33,NEUTRAL,LOW,9.4,25.6,30.0,0.0,15.0,15.0,20.0,,0.0,0.0,746.18,CHARM_DOMINATED,41.7,0.175,39.9,42.4,NEUTRAL,5.0
2026-07-23 01:51:00,0.0,0.0,0.0,0.0,0.0,0.0,0.0,0.0,0.0,0.0,0.0,0.0,0.0,0.0,0.0,0.0,0.0,NEGATIVE,SHORT_GAMMA,DEALER_LONG_GAMMA,0.33,NEUTRAL,LOW,11.4,23.6,30.0,0.0,15.0,15.0,20.0,,0.0,0.0,746.18,CHARM_DOMINATED,41.7,0.175,39.9,42.4,NEUTRAL,5.0
2026-07-23 01:52:00,0.0,0.0,0.0,0.0,0.0,0.0,0.0,0.0,0.0,0.0,0.0,0.0,0.0,0.0,0.0,0.0,0.0,NEGATIVE,SHORT_GAMMA,DEALER_LONG_GAMMA,0.33,NEUTRAL,LOW,12.7,22.3,30.0,0.0,15.0,15.0,20.0,,0.0,0.0,745.93,CHARM_DOMINATED,41.7,0.175,38.7,42.4,NEUTRAL,7.4
2026-07-23 01:53:00,0.0,0.0,0.0,0.0,0.0,0.0,0.0,0.0,0.0,0.0,0.0,0.0,0.0,0.0,0.0,0.0,0.0,NEGATIVE,SHORT_GAMMA,DEALER_LONG_GAMMA,0.33,NEUTRAL,LOW,13.5,21.5,30.0,0.0,15.0,15.0,20.0,,0.0,0.0,745.96,CHARM_DOMINATED,41.7,0.175,38.7,42.4,NEUTRAL,7.4
2026-07-23 01:54:00,0.0,0.0,0.0,0.0,0.0,0.0,0.0,0.0,0.0,0.0,0.0,0.0,0.0,0.0,0.0,0.0,0.0,NEGATIVE,SHORT_GAMMA,DEALER_LONG_GAMMA,0.33,NEUTRAL,LOW,14.0,21.0,30.0,0.0,15.0,15.0,20.0,,0.0,0.0,745.94,CHARM_DOMINATED,41.7,0.175,39.9,42.4,NEUTRAL,5.0
2026-07-23 01:55:00,0.0,0.0,0.0,0.0,0.0,0.0,0.0,0.0,0.0,0.0,0.0,0.0,0.0,0.0,0.0,0.0,0.0,NEGATIVE,SHORT_GAMMA,DEALER_SHORT_GAMMA,0.39,BEARISH,LOW,9.1,25.9,30.0,0.0,15.0,0.0,35.0,,0.0,0.0,745.89,CHARM_DOMINATED,41.7,0.175,39.9,42.4,NEUTRAL,5.0
2026-07-23 01:56:00,0.0,0.0,0.0,0.0,0.0,0.0,0.0,0.0,0.0,0.0,0.0,0.0,0.0,0.0,0.0,0.0,0.0,NEGATIVE,SHORT_GAMMA,DEALER_SHORT_GAMMA,0.39,BEARISH,LOW,5.9,29.1,30.0,0.0,15.0,0.0,35.0,,0.0,0.0,745.96,CHARM_DOMINATED,41.7,0.175,39.9,42.4,NEUTRAL,5.0
2026-07-23 01:57:00,0.0,0.0,0.0,0.0,0.0,0.0,0.0,0.0,0.0,0.0,0.0,0.0,0.0,0.0,0.0,0.0,0.0,NEGATIVE,SHORT_GAMMA,DEALER_LONG_GAMMA,0.33,NEUTRAL,LOW,9.1,25.9,30.0,0.0,15.0,15.0,20.0,,0.0,0.0,745.91,CHARM_DOMINATED,41.7,0.175,39.9,42.4,NEUTRAL,5.0
2026-07-23 01:58:00,0.0,0.0,0.0,0.0,0.0,0.0,0.0,0.0,0.0,0.0,0.0,0.0,0.0,0.0,0.0,0.0,0.0,NEGATIVE,SHORT_GAMMA,DEALER_LONG_GAMMA,0.33,NEUTRAL,LOW,11.2,23.8,30.0,0.0,15.0,15.0,20.0,,0.0,0.0,745.91,CHARM_DOMINATED,41.7,0.175,39.9,42.4,NEUTRAL,5.0
2026-07-23 01:59:00,0.0,0.0,0.0,0.0,0.0,0.0,0.0,0.0,0.0,0.0,0.0,0.0,0.0,0.0,0.0,0.0,0.0,NEGATIVE,SHORT_GAMMA,DEALER_LONG_GAMMA,0.33,NEUTRAL,LOW,12.5,22.5,30.0,0.0,15.0,15.0,20.0,,0.0,0.0,745.81,CHARM_DOMINATED,41.7,0.175,39.9,42.4,NEUTRAL,5.0
2026-07-23 02:00:00,0.0,0.0,0.0,0.0,0.0,0.0,0.0,0.0,0.0,0.0,0.0,0.0,0.0,0.0,0.0,0.0,0.0,NEGATIVE,SHORT_GAMMA,DEALER_SHORT_GAMMA,0.39,BEARISH,LOW,8.1,26.9,30.0,0.0,15.0,0.0,35.0,,0.0,0.0,745.54,CHARM_DOMINATED,41.8,0.174,39.9,42.4,NEUTRAL,5.0
2026-07-23 02:01:00,0.0,0.0,0.0,0.0,0.0,0.0,0.0,0.0,0.0,0.0,0.0,0.0,0.0,0.0,0.0,0.0,0.0,NEGATIVE,SHORT_GAMMA,DEALER_SHORT_GAMMA,0.39,BEARISH,LOW,5.3,29.7,30.0,0.0,15.0,0.0,35.0,,0.0,0.0,745.24,CHARM_DOMINATED,41.8,0.174,39.9,42.4,NEUTRAL,5.0
2026-07-23 02:02:00,0.0,0.0,0.0,0.0,0.0,0.0,0.0,0.0,0.0,0.0,0.0,0.0,0.0,0.0,0.0,0.0,0.0,NEGATIVE,SHORT_GAMMA,DEALER_SHORT_GAMMA,0.39,BEARISH,LOW,3.4,31.6,30.0,0.0,15.0,0.0,35.0,,0.0,0.0,745.4,CHARM_DOMINATED,41.8,0.174,39.9,42.4,NEUTRAL,5.0
2026-07-23 02:03:00,0.0,0.0,0.0,0.0,0.0,0.0,0.0,0.0,0.0,0.0,0.0,0.0,0.0,0.0,0.0,0.0,0.0,NEGATIVE,SHORT_GAMMA,DEALER_SHORT_GAMMA,0.39,BEARISH,LOW,2.2,32.8,30.0,0.0,15.0,0.0,35.0,,0.0,0.0,745.49,CHARM_DOMINATED,41.8,0.174,39.9,42.4,NEUTRAL,5.0
2026-07-23 02:04:00,0.0,0.0,0.0,0.0,0.0,0.0,0.0,0.0,0.0,0.0,0.0,0.0,0.0,0.0,0.0,0.0,0.0,NEGATIVE,SHORT_GAMMA,DEALER_SHORT_GAMMA,0.39,BEARISH,LOW,1.4,33.6,30.0,0.0,15.0,0.0,35.0,,0.0,0.0,745.28,CHARM_DOMINATED,41.8,0.174,39.9,42.4,NEUTRAL,5.0
2026-07-23 02:05:00,0.0,0.0,0.0,0.0,0.0,0.0,0.0,0.0,0.0,0.0,0.0,0.0,0.0,0.0,0.0,0.0,0.0,NEGATIVE,SHORT_GAMMA,DEALER_SHORT_GAMMA,0.39,BEARISH,LOW,0.9,34.1,30.0,0.0,15.0,0.0,35.0,,0.0,0.0,745.33,CHARM_DOMINATED,41.8,0.174,39.9,42.4,NEUTRAL,5.0
2026-07-23 02:06:00,0.0,0.0,0.0,0.0,0.0,0.0,0.0,0.0,0.0,0.0,0.0,0.0,0.0,0.0,0.0,0.0,0.0,NEGATIVE,SHORT_GAMMA,DEALER_SHORT_GAMMA,0.39,BEARISH,LOW,0.6,34.4,30.0,0.0,15.0,0.0,35.0,,0.0,0.0,745.22,CHARM_DOMINATED,41.8,0.174,39.9,42.4,NEUTRAL,5.0
2026-07-23 02:07:00,0.0,0.0,0.0,0.0,0.0,0.0,0.0,0.0,0.0,0.0,0.0,0.0,0.0,0.0,0.0,0.0,0.0,NEGATIVE,SHORT_GAMMA,DEALER_SHORT_GAMMA,0.39,BEARISH,LOW,0.4,34.6,30.0,0.0,15.0,0.0,35.0,,0.0,0.0,745.22,CHARM_DOMINATED,41.8,0.174,39.9,42.4,NEUTRAL,5.0
2026-07-23 02:08:00,0.0,0.0,0.0,0.0,0.0,0.0,0.0,0.0,0.0,0.0,0.0,0.0,0.0,0.0,0.0,0.0,0.0,NEGATIVE,SHORT_GAMMA,DEALER_SHORT_GAMMA,0.39,BEARISH,LOW,0.3,34.7,30.0,0.0,15.0,0.0,35.0,,0.0,0.0,745.1,CHARM_DOMINATED,41.8,0.174,42.4,39.9,NEUTRAL,5.0
2026-07-23 02:09:00,0.0,0.0,0.0,0.0,0.0,0.0,0.0,0.0,0.0,0.0,0.0,0.0,0.0,0.0,0.0,0.0,0.0,NEGATIVE,SHORT_GAMMA,DEALER_SHORT_GAMMA,0.39,BEARISH,LOW,0.2,34.8,30.0,0.0,15.0,0.0,35.0,,0.0,0.0,744.9,CHARM_DOMINATED,41.8,0.174,38.7,42.4,NEUTRAL,7.4
2026-07-23 02:10:00,0.0,0.0,0.0,0.0,0.0,0.0,0.0,0.0,0.0,0.0,0.0,0.0,0.0,0.0,0.0,0.0,0.0,NEGATIVE,SHORT_GAMMA,DEALER_SHORT_GAMMA,0.39,BEARISH,LOW,0.1,34.9,30.0,0.0,15.0,0.0,35.0,,0.0,0.0,744.63,CHARM_DOMINATED,41.8,0.174,38.7,42.4,NEUTRAL,7.4
2026-07-23 02:11:00,0.0,0.0,0.0,0.0,0.0,0.0,0.0,0.0,0.0,0.0,0.0,0.0,0.0,0.0,0.0,0.0,0.0,NEGATIVE,SHORT_GAMMA,DEALER_SHORT_GAMMA,0.39,BEARISH,LOW,0.1,34.9,30.0,0.0,15.0,0.0,35.0,,0.0,0.0,744.21,CHARM_DOMINATED,42.2,0.173,41.2,41.2,NEUTRAL,0.0
2026-07-23 02:12:00,0.0,0.0,0.0,0.0,0.0,0.0,0.0,0.0,0.0,0.0,0.0,0.0,0.0,0.0,0.0,0.0,0.0,NEGATIVE,SHORT_GAMMA,DEALER_SHORT_GAMMA,0.39,BEARISH,LOW,0.1,34.9,30.0,0.0,15.0,0.0,35.0,,0.0,0.0,744.11,CHARM_DOMINATED,42.2,0.173,39.9,42.5,NEUTRAL,5.2
2026-07-23 02:13:00,0.0,0.0,0.0,0.0,0.0,0.0,0.0,0.0,0.0,0.0,0.0,0.0,0.0,0.0,0.0,0.0,0.0,NEGATIVE,SHORT_GAMMA,DEALER_SHORT_GAMMA,0.39,BEARISH,LOW,0.1,34.9,30.0,0.0,15.0,0.0,35.0,,0.0,0.0,744.03,CHARM_DOMINATED,42.2,0.173,39.9,42.5,NEUTRAL,5.2
2026-07-23 02:14:00,0.0,0.0,0.0,0.0,0.0,0.0,0.0,0.0,0.0,0.0,0.0,0.0,0.0,0.0,0.0,0.0,0.0,NEGATIVE,SHORT_GAMMA,DEALER_SHORT_GAMMA,0.39,BEARISH,LOW,0.1,34.9,30.0,0.0,15.0,0.0,35.0,,0.0,0.0,744.35,CHARM_DOMINATED,42.2,0.173,42.4,40.0,NEUTRAL,4.8
2026-07-23 02:15:00,0.0,0.0,0.0,0.0,0.0,0.0,0.0,0.0,0.0,0.0,0.0,0.0,0.0,0.0,0.0,0.0,0.0,NEGATIVE,SHORT_GAMMA,DEALER_SHORT_GAMMA,0.39,BEARISH,LOW,0.1,34.9,30.0,0.0,15.0,0.0,35.0,,0.0,0.0,744.5,CHARM_DOMINATED,42.2,0.173,39.9,42.5,NEUTRAL,5.2
2026-07-23 02:16:00,0.0,0.0,0.0,0.0,0.0,0.0,0.0,0.0,0.0,0.0,0.0,0.0,0.0,0.0,0.0,0.0,0.0,NEGATIVE,SHORT_GAMMA,DEALER_SHORT_GAMMA,0.39,BEARISH,LOW,0.1,34.9,30.0,0.0,15.0,0.0,35.0,,0.0,0.0,744.48,CHARM_DOMINATED,42.2,0.173,39.9,42.5,NEUTRAL,5.2
2026-07-23 02:17:00,0.0,0.0,0.0,0.0,0.0,0.0,0.0,0.0,0.0,0.0,0.0,0.0,0.0,0.0,0.0,0.0,0.0,NEGATIVE,SHORT_GAMMA,DEALER_SHORT_GAMMA,0.39,BEARISH,LOW,0.1,34.9,30.0,0.0,15.0,0.0,35.0,,0.0,0.0,744.56,CHARM_DOMINATED,42.2,0.173,39.9,42.5,NEUTRAL,5.2
2026-07-23 02:18:00,0.0,0.0,0.0,0.0,0.0,0.0,0.0,0.0,0.0,0.0,0.0,0.0,0.0,0.0,0.0,0.0,0.0,NEGATIVE,SHORT_GAMMA,DEALER_SHORT_GAMMA,0.39,BEARISH,LOW,0.1,34.9,30.0,0.0,15.0,0.0,35.0,,0.0,0.0,744.58,CHARM_DOMINATED,42.2,0.173,39.9,42.5,NEUTRAL,5.2
2026-07-23 02:19:00,0.0,0.0,0.0,0.0,0.0,0.0,0.0,0.0,0.0,0.0,0.0,0.0,0.0,0.0,0.0,0.0,0.0,NEGATIVE,SHORT_GAMMA,DEALER_SHORT_GAMMA,0.39,BEARISH,LOW,0.1,34.9,30.0,0.0,15.0,0.0,35.0,,0.0,0.0,744.56,CHARM_DOMINATED,42.2,0.173,39.9,42.5,NEUTRAL,5.2
2026-07-23 02:20:00,0.0,0.0,0.0,0.0,0.0,0.0,0.0,0.0,0.0,0.0,0.0,0.0,0.0,0.0,0.0,0.0,0.0,NEGATIVE,SHORT_GAMMA,DEALER_SHORT_GAMMA,0.39,BEARISH,LOW,0.1,34.9,30.0,0.0,15.0,0.0,35.0,,0.0,0.0,744.78,CHARM_DOMINATED,42.2,0.173,39.9,42.5,NEUTRAL,5.2
2026-07-23 02:21:00,0.0,0.0,0.0,0.0,0.0,0.0,0.0,0.0,0.0,0.0,0.0,0.0,0.0,0.0,0.0,0.0,0.0,NEGATIVE,SHORT_GAMMA,DEALER_SHORT_GAMMA,0.39,BEARISH,LOW,0.1,34.9,30.0,0.0,15.0,0.0,35.0,,0.0,0.0,744.97,CHARM_DOMINATED,42.2,0.173,42.4,40.0,NEUTRAL,4.8
2026-07-23 02:22:00,0.0,0.0,0.0,0.0,0.0,0.0,0.0,0.0,0.0,0.0,0.0,0.0,0.0,0.0,0.0,0.0,0.0,NEGATIVE,SHORT_GAMMA,DEALER_SHORT_GAMMA,0.39,BEARISH,LOW,0.1,34.9,30.0,0.0,15.0,0.0,35.0,,0.0,0.0,744.83,CHARM_DOMINATED,42.2,0.173,39.9,42.5,NEUTRAL,5.2
2026-07-23 02:23:00,0.0,0.0,0.0,0.0,0.0,0.0,0.0,0.0,0.0,0.0,0.0,0.0,0.0,0.0,0.0,0.0,0.0,NEGATIVE,SHORT_GAMMA,DEALER_SHORT_GAMMA,0.39,BEARISH,LOW,0.1,34.9,30.0,0.0,15.0,0.0,35.0,,0.0,0.0,744.8,CHARM_DOMINATED,42.2,0.173,39.9,42.5,NEUTRAL,5.2
2026-07-23 02:24:00,0.0,0.0,0.0,0.0,0.0,0.0,0.0,0.0,0.0,0.0,0.0,0.0,0.0,0.0,0.0,0.0,0.0,NEGATIVE,SHORT_GAMMA,DEALER_SHORT_GAMMA,0.39,BEARISH,LOW,0.1,34.9,30.0,0.0,15.0,0.0,35.0,,0.0,0.0,744.65,CHARM_DOMINATED,42.2,0.173,39.9,42.5,NEUTRAL,5.2
2026-07-23 02:25:00,0.0,0.0,0.0,0.0,0.0,0.0,0.0,0.0,0.0,0.0,0.0,0.0,0.0,0.0,0.0,0.0,0.0,NEGATIVE,SHORT_GAMMA,DEALER_SHORT_GAMMA,0.39,BEARISH,LOW,0.1,34.9,30.0,0.0,15.0,0.0,35.0,,0.0,0.0,744.8,CHARM_DOMINATED,42.2,0.173,39.9,42.5,NEUTRAL,5.2
2026-07-23 02:26:00,0.0,0.0,0.0,0.0,0.0,0.0,0.0,0.0,0.0,0.0,0.0,0.0,0.0,0.0,0.0,0.0,0.0,NEGATIVE,SHORT_GAMMA,DEALER_SHORT_GAMMA,0.39,BEARISH,LOW,0.1,34.9,30.0,0.0,15.0,0.0,35.0,,0.0,0.0,745.15,CHARM_DOMINATED,42.2,0.173,42.4,40.0,NEUTRAL,4.8
2026-07-23 02:27:00,0.0,0.0,0.0,0.0,0.0,0.0,0.0,0.0,0.0,0.0,0.0,0.0,0.0,0.0,0.0,0.0,0.0,NEGATIVE,SHORT_GAMMA,DEALER_SHORT_GAMMA,0.39,BEARISH,LOW,0.1,34.9,30.0,0.0,15.0,0.0,35.0,,0.0,0.0,745.13,CHARM_DOMINATED,42.2,0.173,42.4,40.0,NEUTRAL,4.8
2026-07-23 02:28:00,0.0,0.0,0.0,0.0,0.0,0.0,0.0,0.0,0.0,0.0,0.0,0.0,0.0,0.0,0.0,0.0,0.0,NEGATIVE,SHORT_GAMMA,DEALER_SHORT_GAMMA,0.39,BEARISH,LOW,0.1,34.9,30.0,0.0,15.0,0.0,35.0,,0.0,0.0,745.04,CHARM_DOMINATED,42.2,0.173,42.4,40.0,NEUTRAL,4.8
2026-07-23 02:29:00,0.0,0.0,0.0,0.0,0.0,0.0,0.0,0.0,0.0,0.0,0.0,0.0,0.0,0.0,0.0,0.0,0.0,NEGATIVE,SHORT_GAMMA,DEALER_SHORT_GAMMA,0.39,BEARISH,LOW,0.1,34.9,30.0,0.0,15.0,0.0,35.0,,0.0,0.0,744.89,CHARM_DOMINATED,42.2,0.173,38.8,42.5,NEUTRAL,7.4
2026-07-23 02:30:00,0.0,0.0,0.0,0.0,0.0,0.0,0.0,0.0,0.0,0.0,0.0,0.0,0.0,0.0,0.0,0.0,0.0,NEGATIVE,SHORT_GAMMA,DEALER_SHORT_GAMMA,0.39,BEARISH,LOW,0.1,34.9,30.0,0.0,15.0,0.0,35.0,,0.0,0.0,744.84,CHARM_DOMINATED,42.2,0.173,38.8,42.5,NEUTRAL,7.4
2026-07-23 02:31:00,0.0,0.0,0.0,0.0,0.0,0.0,0.0,0.0,0.0,0.0,0.0,0.0,0.0,0.0,0.0,0.0,0.0,NEGATIVE,SHORT_GAMMA,DEALER_SHORT_GAMMA,0.39,BEARISH,LOW,0.1,34.9,30.0,0.0,15.0,0.0,35.0,,0.0,0.0,744.55,CHARM_DOMINATED,42.2,0.173,39.9,42.5,NEUTRAL,5.2
2026-07-23 02:32:00,0.0,0.0,0.0,0.0,0.0,0.0,0.0,0.0,0.0,0.0,0.0,0.0,0.0,0.0,0.0,0.0,0.0,NEGATIVE,SHORT_GAMMA,DEALER_SHORT_GAMMA,0.39,BEARISH,LOW,0.1,34.9,30.0,0.0,15.0,0.0,35.0,,0.0,0.0,744.43,CHARM_DOMINATED,42.2,0.173,39.9,42.5,NEUTRAL,5.2
2026-07-23 02:33:00,0.0,0.0,0.0,0.0,0.0,0.0,0.0,0.0,0.0,0.0,0.0,0.0,0.0,0.0,0.0,0.0,0.0,NEGATIVE,SHORT_GAMMA,DEALER_SHORT_GAMMA,0.39,BEARISH,LOW,0.1,34.9,30.0,0.0,15.0,0.0,35.0,,0.0,0.0,744.48,CHARM_DOMINATED,42.2,0.173,39.9,42.5,NEUTRAL,5.2
2026-07-23 02:34:00,0.0,0.0,0.0,0.0,0.0,0.0,0.0,0.0,0.0,0.0,0.0,0.0,0.0,0.0,0.0,0.0,0.0,NEGATIVE,SHORT_GAMMA,DEALER_SHORT_GAMMA,0.39,BEARISH,LOW,0.1,34.9,30.0,0.0,15.0,0.0,35.0,,0.0,0.0,744.3,CHARM_DOMINATED,42.2,0.173,42.4,40.0,NEUTRAL,4.8
2026-07-23 02:35:00,0.0,0.0,0.0,0.0,0.0,0.0,0.0,0.0,0.0,0.0,0.0,0.0,0.0,0.0,0.0,0.0,0.0,NEGATIVE,SHORT_GAMMA,DEALER_SHORT_GAMMA,0.39,BEARISH,LOW,0.1,34.9,30.0,0.0,15.0,0.0,35.0,,0.0,0.0,744.21,CHARM_DOMINATED,42.2,0.173,42.3,40.1,NEUTRAL,4.4
2026-07-23 02:36:00,0.0,0.0,0.0,0.0,0.0,0.0,0.0,0.0,0.0,0.0,0.0,0.0,0.0,0.0,0.0,0.0,0.0,NEGATIVE,SHORT_GAMMA,DEALER_SHORT_GAMMA,0.39,BEARISH,LOW,0.1,34.9,30.0,0.0,15.0,0.0,35.0,,0.0,0.0,744.15,CHARM_DOMINATED,42.2,0.173,42.2,40.2,NEUTRAL,4.0
2026-07-23 02:37:00,0.0,0.0,0.0,0.0,0.0,0.0,0.0,0.0,0.0,0.0,0.0,0.0,0.0,0.0,0.0,0.0,0.0,NEGATIVE,SHORT_GAMMA,DEALER_SHORT_GAMMA,0.39,BEARISH,LOW,0.1,34.9,30.0,0.0,15.0,0.0,35.0,,0.0,0.0,744.21,CHARM_DOMINATED,42.2,0.173,41.1,41.3,NEUTRAL,0.4
2026-07-23 02:38:00,0.0,0.0,0.0,0.0,0.0,0.0,0.0,0.0,0.0,0.0,0.0,0.0,0.0,0.0,0.0,0.0,0.0,NEGATIVE,SHORT_GAMMA,DEALER_SHORT_GAMMA,0.39,BEARISH,LOW,0.1,34.9,30.0,0.0,15.0,0.0,35.0,,0.0,0.0,744.38,CHARM_DOMINATED,42.2,0.173,42.4,40.0,NEUTRAL,4.8
2026-07-23 02:39:00,0.0,0.0,0.0,0.0,0.0,0.0,0.0,0.0,0.0,0.0,0.0,0.0,0.0,0.0,0.0,0.0,0.0,NEGATIVE,SHORT_GAMMA,DEALER_SHORT_GAMMA,0.39,BEARISH,LOW,0.1,34.9,30.0,0.0,15.0,0.0,35.0,,0.0,0.0,744.23,CHARM_DOMINATED,42.2,0.173,41.9,40.5,NEUTRAL,2.8
2026-07-23 02:40:00,0.0,0.0,0.0,0.0,0.0,0.0,0.0,0.0,0.0,0.0,0.0,0.0,0.0,0.0,0.0,0.0,0.0,NEGATIVE,SHORT_GAMMA,DEALER_SHORT_GAMMA,0.39,BEARISH,LOW,0.1,34.9,30.0,0.0,15.0,0.0,35.0,,0.0,0.0,744.16,CHARM_DOMINATED,42.2,0.173,41.1,41.2,NEUTRAL,0.2
2026-07-23 02:41:00,0.0,0.0,0.0,0.0,0.0,0.0,0.0,0.0,0.0,0.0,0.0,0.0,0.0,0.0,0.0,0.0,0.0,NEGATIVE,SHORT_GAMMA,DEALER_SHORT_GAMMA,0.39,BEARISH,LOW,0.1,34.9,30.0,0.0,15.0,0.0,35.0,,0.0,0.0,744.13,CHARM_DOMINATED,42.2,0.173,39.9,42.5,NEUTRAL,5.2
2026-07-23 02:42:00,0.0,0.0,0.0,0.0,0.0,0.0,0.0,0.0,0.0,0.0,0.0,0.0,0.0,0.0,0.0,0.0,0.0,NEGATIVE,SHORT_GAMMA,DEALER_SHORT_GAMMA,0.39,BEARISH,LOW,0.1,34.9,30.0,0.0,15.0,0.0,35.0,,0.0,0.0,743.93,CHARM_DOMINATED,42.2,0.173,38.8,42.5,NEUTRAL,7.4
2026-07-23 02:43:00,0.0,0.0,0.0,0.0,0.0,0.0,0.0,0.0,0.0,0.0,0.0,0.0,0.0,0.0,0.0,0.0,0.0,NEGATIVE,SHORT_GAMMA,DEALER_SHORT_GAMMA,0.39,BEARISH,LOW,0.1,34.9,30.0,0.0,15.0,0.0,35.0,,0.0,0.0,743.68,CHARM_DOMINATED,42.2,0.173,38.8,42.5,NEUTRAL,7.4
2026-07-23 02:44:00,0.0,0.0,0.0,0.0,0.0,0.0,0.0,0.0,0.0,0.0,0.0,0.0,0.0,0.0,0.0,0.0,0.0,NEGATIVE,SHORT_GAMMA,DEALER_SHORT_GAMMA,0.39,BEARISH,LOW,0.1,34.9,30.0,0.0,15.0,0.0,35.0,,0.0,0.0,743.78,CHARM_DOMINATED,42.2,0.173,39.9,42.5,NEUTRAL,5.2
2026-07-23 02:45:00,0.0,0.0,0.0,0.0,0.0,0.0,0.0,0.0,0.0,0.0,0.0,0.0,0.0,0.0,0.0,0.0,0.0,NEGATIVE,SHORT_GAMMA,DEALER_SHORT_GAMMA,0.39,BEARISH,LOW,0.1,34.9,30.0,0.0,15.0,0.0,35.0,,0.0,0.0,743.59,CHARM_DOMINATED,42.2,0.173,39.9,42.5,NEUTRAL,5.2
2026-07-23 02:46:00,0.0,0.0,0.0,0.0,0.0,0.0,0.0,0.0,0.0,0.0,0.0,0.0,0.0,0.0,0.0,0.0,0.0,NEGATIVE,SHORT_GAMMA,DEALER_SHORT_GAMMA,0.39,BEARISH,LOW,0.1,34.9,30.0,0.0,15.0,0.0,35.0,,0.0,0.0,743.56,CHARM_DOMINATED,42.2,0.173,42.4,40.0,NEUTRAL,4.8
2026-07-23 02:47:00,0.0,0.0,0.0,0.0,0.0,0.0,0.0,0.0,0.0,0.0,0.0,0.0,0.0,0.0,0.0,0.0,0.0,NEGATIVE,SHORT_GAMMA,DEALER_SHORT_GAMMA,0.39,BEARISH,LOW,0.1,34.9,30.0,0.0,15.0,0.0,35.0,,0.0,0.0,743.61,CHARM_DOMINATED,42.2,0.173,39.9,42.5,NEUTRAL,5.2
2026-07-23 02:48:00,0.0,0.0,0.0,0.0,0.0,0.0,0.0,0.0,0.0,0.0,0.0,0.0,0.0,0.0,0.0,0.0,0.0,NEGATIVE,SHORT_GAMMA,DEALER_SHORT_GAMMA,0.39,BEARISH,LOW,0.1,34.9,30.0,0.0,15.0,0.0,35.0,,0.0,0.0,743.62,CHARM_DOMINATED,42.2,0.173,39.9,42.5,NEUTRAL,5.2
2026-07-23 02:49:00,0.0,0.0,0.0,0.0,0.0,0.0,0.0,0.0,0.0,0.0,0.0,0.0,0.0,0.0,0.0,0.0,0.0,NEGATIVE,SHORT_GAMMA,DEALER_SHORT_GAMMA,0.39,BEARISH,LOW,0.1,34.9,30.0,0.0,15.0,0.0,35.0,,0.0,0.0,743.62,CHARM_DOMINATED,42.2,0.173,39.9,42.5,NEUTRAL,5.2
2026-07-23 02:50:00,0.0,0.0,0.0,0.0,0.0,0.0,0.0,0.0,0.0,0.0,0.0,0.0,0.0,0.0,0.0,0.0,0.0,NEGATIVE,SHORT_GAMMA,DEALER_SHORT_GAMMA,0.39,BEARISH,LOW,0.1,34.9,30.0,0.0,15.0,0.0,35.0,,0.0,0.0,743.56,CHARM_DOMINATED,42.2,0.173,42.4,40.0,NEUTRAL,4.8
2026-07-23 02:51:00,0.0,0.0,0.0,0.0,0.0,0.0,0.0,0.0,0.0,0.0,0.0,0.0,0.0,0.0,0.0,0.0,0.0,NEGATIVE,SHORT_GAMMA,DEALER_SHORT_GAMMA,0.39,BEARISH,LOW,0.1,34.9,30.0,0.0,15.0,0.0,35.0,,0.0,0.0,743.68,CHARM_DOMINATED,42.2,0.173,39.9,42.5,NEUTRAL,5.2
2026-07-23 02:52:00,0.0,0.0,0.0,0.0,0.0,0.0,0.0,0.0,0.0,0.0,0.0,0.0,0.0,0.0,0.0,0.0,0.0,NEGATIVE,SHORT_GAMMA,DEALER_SHORT_GAMMA,0.39,BEARISH,LOW,0.1,34.9,30.0,0.0,15.0,0.0,35.0,,0.0,0.0,743.63,CHARM_DOMINATED,42.2,0.173,39.9,42.5,NEUTRAL,5.2
2026-07-23 02:53:00,0.0,0.0,0.0,0.0,0.0,0.0,0.0,0.0,0.0,0.0,0.0,0.0,0.0,0.0,0.0,0.0,0.0,NEGATIVE,SHORT_GAMMA,DEALER_SHORT_GAMMA,0.39,BEARISH,LOW,0.1,34.9,30.0,0.0,15.0,0.0,35.0,,0.0,0.0,743.64,CHARM_DOMINATED,42.2,0.173,39.9,42.5,NEUTRAL,5.2
2026-07-23 02:54:00,0.0,0.0,0.0,0.0,0.0,0.0,0.0,0.0,0.0,0.0,0.0,0.0,0.0,0.0,0.0,0.0,0.0,NEGATIVE,SHORT_GAMMA,DEALER_SHORT_GAMMA,0.39,BEARISH,LOW,0.1,34.9,30.0,0.0,15.0,0.0,35.0,,0.0,0.0,743.77,CHARM_DOMINATED,42.2,0.173,39.9,42.5,NEUTRAL,5.2
2026-07-23 02:55:00,0.0,0.0,0.0,0.0,0.0,0.0,0.0,0.0,0.0,0.0,0.0,0.0,0.0,0.0,0.0,0.0,0.0,NEGATIVE,SHORT_GAMMA,DEALER_SHORT_GAMMA,0.39,BEARISH,LOW,0.1,34.9,30.0,0.0,15.0,0.0,35.0,,0.0,0.0,744.14,CHARM_DOMINATED,42.2,0.173,39.9,42.5,NEUTRAL,5.2
2026-07-23 02:56:00,0.0,0.0,0.0,0.0,0.0,0.0,0.0,0.0,0.0,0.0,0.0,0.0,0.0,0.0,0.0,0.0,0.0,NEGATIVE,SHORT_GAMMA,DEALER_SHORT_GAMMA,0.39,BEARISH,LOW,0.1,34.9,30.0,0.0,15.0,0.0,35.0,,0.0,0.0,744.13,CHARM_DOMINATED,42.2,0.173,39.9,42.5,NEUTRAL,5.2
2026-07-23 02:57:00,0.0,0.0,0.0,0.0,0.0,0.0,0.0,0.0,0.0,0.0,0.0,0.0,0.0,0.0,0.0,0.0,0.0,NEGATIVE,SHORT_GAMMA,DEALER_SHORT_GAMMA,0.39,BEARISH,LOW,0.1,34.9,30.0,0.0,15.0,0.0,35.0,,0.0,0.0,744.22,CHARM_DOMINATED,42.2,0.173,41.4,41.0,NEUTRAL,0.8
2026-07-23 02:58:00,0.0,0.0,0.0,0.0,0.0,0.0,0.0,0.0,0.0,0.0,0.0,0.0,0.0,0.0,0.0,0.0,0.0,NEGATIVE,SHORT_GAMMA,DEALER_SHORT_GAMMA,0.39,BEARISH,LOW,0.1,34.9,30.0,0.0,15.0,0.0,35.0,,0.0,0.0,744.22,CHARM_DOMINATED,42.2,0.173,41.4,41.0,NEUTRAL,0.8
2026-07-23 02:59:00,0.0,0.0,0.0,0.0,0.0,0.0,0.0,0.0,0.0,0.0,0.0,0.0,0.0,0.0,0.0,0.0,0.0,NEGATIVE,SHORT_GAMMA,DEALER_SHORT_GAMMA,0.39,BEARISH,LOW,0.1,34.9,30.0,0.0,15.0,0.0,35.0,,0.0,0.0,744.26,CHARM_DOMINATED,42.2,0.173,42.4,40.0,NEUTRAL,4.8
2026-07-23 03:00:00,0.0,0.0,0.0,0.0,0.0,0.0,0.0,0.0,0.0,0.0,0.0,0.0,0.0,0.0,0.0,0.0,0.0,NEGATIVE,SHORT_GAMMA,DEALER_SHORT_GAMMA,0.39,BEARISH,LOW,0.1,34.9,30.0,0.0,15.0,0.0,35.0,,0.0,0.0,744.18,CHARM_DOMINATED,42.2,0.173,41.2,41.2,NEUTRAL,0.0
2026-07-23 03:01:00,0.0,0.0,0.0,0.0,0.0,0.0,0.0,0.0,0.0,0.0,0.0,0.0,0.0,0.0,0.0,0.0,0.0,NEGATIVE,SHORT_GAMMA,DEALER_SHORT_GAMMA,0.39,BEARISH,LOW,0.1,34.9,30.0,0.0,15.0,0.0,35.0,,0.0,0.0,743.91,CHARM_DOMINATED,42.2,0.173,38.8,42.5,NEUTRAL,7.4
2026-07-23 03:02:00,0.0,0.0,0.0,0.0,0.0,0.0,0.0,0.0,0.0,0.0,0.0,0.0,0.0,0.0,0.0,0.0,0.0,NEGATIVE,SHORT_GAMMA,DEALER_SHORT_GAMMA,0.39,BEARISH,LOW,0.1,34.9,30.0,0.0,15.0,0.0,35.0,,0.0,0.0,743.83,CHARM_DOMINATED,42.2,0.173,38.8,42.5,NEUTRAL,7.4
2026-07-23 03:03:00,0.0,0.0,0.0,0.0,0.0,0.0,0.0,0.0,0.0,0.0,0.0,0.0,0.0,0.0,0.0,0.0,0.0,NEGATIVE,SHORT_GAMMA,DEALER_SHORT_GAMMA,0.39,BEARISH,LOW,0.1,34.9,30.0,0.0,15.0,0.0,35.0,,0.0,0.0,743.97,CHARM_DOMINATED,42.2,0.173,39.9,42.5,NEUTRAL,5.2
2026-07-23 03:04:00,0.0,0.0,0.0,0.0,0.0,0.0,0.0,0.0,0.0,0.0,0.0,0.0,0.0,0.0,0.0,0.0,0.0,NEGATIVE,SHORT_GAMMA,DEALER_SHORT_GAMMA,0.39,BEARISH,LOW,0.1,34.9,30.0,0.0,15.0,0.0,35.0,,0.0,0.0,744.06,CHARM_DOMINATED,42.2,0.173,39.9,42.5,NEUTRAL,5.2
2026-07-23 03:05:00,0.0,0.0,0.0,0.0,0.0,0.0,0.0,0.0,0.0,0.0,0.0,0.0,0.0,0.0,0.0,0.0,0.0,NEGATIVE,SHORT_GAMMA,DEALER_SHORT_GAMMA,0.39,BEARISH,LOW,0.1,34.9,30.0,0.0,15.0,0.0,35.0,,0.0,0.0,744.23,CHARM_DOMINATED,42.2,0.173,41.7,40.7,NEUTRAL,2.0
2026-07-23 03:06:00,0.0,0.0,0.0,0.0,0.0,0.0,0.0,0.0,0.0,0.0,0.0,0.0,0.0,0.0,0.0,0.0,0.0,NEGATIVE,SHORT_GAMMA,DEALER_SHORT_GAMMA,0.39,BEARISH,LOW,0.1,34.9,30.0,0.0,15.0,0.0,35.0,,0.0,0.0,744.49,CHARM_DOMINATED,42.2,0.173,39.9,42.5,NEUTRAL,5.2
2026-07-23 03:07:00,0.0,0.0,0.0,0.0,0.0,0.0,0.0,0.0,0.0,0.0,0.0,0.0,0.0,0.0,0.0,0.0,0.0,NEGATIVE,SHORT_GAMMA,DEALER_SHORT_GAMMA,0.39,BEARISH,LOW,0.1,34.9,30.0,0.0,15.0,0.0,35.0,,0.0,0.0,744.53,CHARM_DOMINATED,42.2,0.173,39.9,42.5,NEUTRAL,5.2
2026-07-23 03:08:00,0.0,0.0,0.0,0.0,0.0,0.0,0.0,0.0,0.0,0.0,0.0,0.0,0.0,0.0,0.0,0.0,0.0,NEGATIVE,SHORT_GAMMA,DEALER_SHORT_GAMMA,0.39,BEARISH,LOW,0.1,34.9,30.0,0.0,15.0,0.0,35.0,,0.0,0.0,744.76,CHARM_DOMINATED,42.2,0.173,39.9,42.5,NEUTRAL,5.2
2026-07-23 03:09:00,0.0,0.0,0.0,0.0,0.0,0.0,0.0,0.0,0.0,0.0,0.0,0.0,0.0,0.0,0.0,0.0,0.0,NEGATIVE,SHORT_GAMMA,DEALER_SHORT_GAMMA,0.39,BEARISH,LOW,0.1,34.9,30.0,0.0,15.0,0.0,35.0,,0.0,0.0,744.87,CHARM_DOMINATED,42.2,0.173,39.9,42.5,NEUTRAL,5.2
2026-07-23 03:10:00,0.0,0.0,0.0,0.0,0.0,0.0,0.0,0.0,0.0,0.0,0.0,0.0,0.0,0.0,0.0,0.0,0.0,NEGATIVE,SHORT_GAMMA,DEALER_SHORT_GAMMA,0.39,BEARISH,LOW,0.1,34.9,30.0,0.0,15.0,0.0,35.0,,0.0,0.0,744.95,CHARM_DOMINATED,42.2,0.173,39.9,42.5,NEUTRAL,5.2
2026-07-23 03:11:00,0.0,0.0,0.0,0.0,0.0,0.0,0.0,0.0,0.0,0.0,0.0,0.0,0.0,0.0,0.0,0.0,0.0,NEGATIVE,SHORT_GAMMA,DEALER_SHORT_GAMMA,0.39,BEARISH,LOW,0.1,34.9,30.0,0.0,15.0,0.0,35.0,,0.0,0.0,744.83,CHARM_DOMINATED,42.2,0.173,39.9,42.5,NEUTRAL,5.2
2026-07-23 03:12:00,0.0,0.0,0.0,0.0,0.0,0.0,0.0,0.0,0.0,0.0,0.0,0.0,0.0,0.0,0.0,0.0,0.0,NEGATIVE,SHORT_GAMMA,DEALER_SHORT_GAMMA,0.39,BEARISH,LOW,0.1,34.9,30.0,0.0,15.0,0.0,35.0,,0.0,0.0,745.13,CHARM_DOMINATED,42.2,0.173,42.4,40.0,NEUTRAL,4.8
2026-07-23 03:13:00,0.0,0.0,0.0,0.0,0.0,0.0,0.0,0.0,0.0,0.0,0.0,0.0,0.0,0.0,0.0,0.0,0.0,NEGATIVE,SHORT_GAMMA,DEALER_SHORT_GAMMA,0.39,BEARISH,LOW,0.1,34.9,30.0,0.0,15.0,0.0,35.0,,0.0,0.0,745.08,CHARM_DOMINATED,42.2,0.173,42.4,40.0,NEUTRAL,4.8
2026-07-23 03:14:00,0.0,0.0,0.0,0.0,0.0,0.0,0.0,0.0,0.0,0.0,0.0,0.0,0.0,0.0,0.0,0.0,0.0,NEGATIVE,SHORT_GAMMA,DEALER_SHORT_GAMMA,0.39,BEARISH,LOW,0.1,34.9,30.0,0.0,15.0,0.0,35.0,,0.0,0.0,745.01,CHARM_DOMINATED,42.2,0.173,42.4,40.0,NEUTRAL,4.8
2026-07-23 03:15:00,0.0,0.0,0.0,0.0,0.0,0.0,0.0,0.0,0.0,0.0,0.0,0.0,0.0,0.0,0.0,0.0,0.0,NEGATIVE,SHORT_GAMMA,DEALER_SHORT_GAMMA,0.39,BEARISH,LOW,0.1,34.9,30.0,0.0,15.0,0.0,35.0,,0.0,0.0,744.98,CHARM_DOMINATED,42.2,0.173,41.3,40.0,NEUTRAL,2.6
2026-07-23 03:16:00,0.0,0.0,0.0,0.0,0.0,0.0,0.0,0.0,0.0,0.0,0.0,0.0,0.0,0.0,0.0,0.0,0.0,NEGATIVE,SHORT_GAMMA,DEALER_SHORT_GAMMA,0.39,BEARISH,LOW,0.1,34.9,30.0,0.0,15.0,0.0,35.0,,0.0,0.0,745.03,CHARM_DOMINATED,42.2,0.173,42.4,40.0,NEUTRAL,4.8
2026-07-23 03:17:00,0.0,0.0,0.0,0.0,0.0,0.0,0.0,0.0,0.0,0.0,0.0,0.0,0.0,0.0,0.0,0.0,0.0,NEGATIVE,SHORT_GAMMA,DEALER_SHORT_GAMMA,0.39,BEARISH,LOW,0.1,34.9,30.0,0.0,15.0,0.0,35.0,,0.0,0.0,745.36,CHARM_DOMINATED,42.2,0.173,39.9,42.5,NEUTRAL,5.2
2026-07-23 03:18:00,0.0,0.0,0.0,0.0,0.0,0.0,0.0,0.0,0.0,0.0,0.0,0.0,0.0,0.0,0.0,0.0,0.0,NEGATIVE,SHORT_GAMMA,DEALER_SHORT_GAMMA,0.39,BEARISH,LOW,0.1,34.9,30.0,0.0,15.0,0.0,35.0,,0.0,0.0,745.28,CHARM_DOMINATED,42.2,0.173,39.9,42.5,NEUTRAL,5.2
2026-07-23 03:19:00,0.0,0.0,0.0,0.0,0.0,0.0,0.0,0.0,0.0,0.0,0.0,0.0,0.0,0.0,0.0,0.0,0.0,NEGATIVE,SHORT_GAMMA,DEALER_SHORT_GAMMA,0.39,BEARISH,LOW,0.1,34.9,30.0,0.0,15.0,0.0,35.0,,0.0,0.0,745.3,CHARM_DOMINATED,42.2,0.173,39.9,42.5,NEUTRAL,5.2
2026-07-23 03:20:00,0.0,0.0,0.0,0.0,0.0,0.0,0.0,0.0,0.0,0.0,0.0,0.0,0.0,0.0,0.0,0.0,0.0,NEGATIVE,SHORT_GAMMA,DEALER_SHORT_GAMMA,0.39,BEARISH,LOW,0.1,34.9,30.0,0.0,15.0,0.0,35.0,,0.0,0.0,745.28,CHARM_DOMINATED,42.2,0.173,39.9,42.5,NEUTRAL,5.2
2026-07-23 03:21:00,0.0,0.0,0.0,0.0,0.0,0.0,0.0,0.0,0.0,0.0,0.0,0.0,0.0,0.0,0.0,0.0,0.0,NEGATIVE,SHORT_GAMMA,DEALER_SHORT_GAMMA,0.39,BEARISH,LOW,0.1,34.9,30.0,0.0,15.0,0.0,35.0,,0.0,0.0,745.16,CHARM_DOMINATED,42.2,0.173,42.4,40.0,NEUTRAL,4.8
2026-07-23 03:22:00,0.0,0.0,0.0,0.0,0.0,0.0,0.0,0.0,0.0,0.0,0.0,0.0,0.0,0.0,0.0,0.0,0.0,NEGATIVE,SHORT_GAMMA,DEALER_SHORT_GAMMA,0.39,BEARISH,LOW,0.1,34.9,30.0,0.0,15.0,0.0,35.0,,0.0,0.0,745.08,CHARM_DOMINATED,42.2,0.173,42.4,40.0,NEUTRAL,4.8
2026-07-23 03:23:00,0.0,0.0,0.0,0.0,0.0,0.0,0.0,0.0,0.0,0.0,0.0,0.0,0.0,0.0,0.0,0.0,0.0,NEGATIVE,SHORT_GAMMA,DEALER_SHORT_GAMMA,0.39,BEARISH,LOW,0.1,34.9,30.0,0.0,15.0,0.0,35.0,,0.0,0.0,744.87,CHARM_DOMINATED,42.2,0.173,38.8,42.5,NEUTRAL,7.4
2026-07-23 03:24:00,0.0,0.0,0.0,0.0,0.0,0.0,0.0,0.0,0.0,0.0,0.0,0.0,0.0,0.0,0.0,0.0,0.0,NEGATIVE,SHORT_GAMMA,DEALER_SHORT_GAMMA,0.39,BEARISH,LOW,0.1,34.9,30.0,0.0,15.0,0.0,35.0,,0.0,0.0,744.81,CHARM_DOMINATED,42.2,0.173,38.8,42.5,NEUTRAL,7.4
2026-07-23 03:25:00,0.0,0.0,0.0,0.0,0.0,0.0,0.0,0.0,0.0,0.0,0.0,0.0,0.0,0.0,0.0,0.0,0.0,NEGATIVE,SHORT_GAMMA,DEALER_SHORT_GAMMA,0.39,BEARISH,LOW,0.1,34.9,30.0,0.0,15.0,0.0,35.0,,0.0,0.0,744.91,CHARM_DOMINATED,42.2,0.173,39.9,42.5,NEUTRAL,5.2
2026-07-23 03:26:00,0.0,0.0,0.0,0.0,0.0,0.0,0.0,0.0,0.0,0.0,0.0,0.0,0.0,0.0,0.0,0.0,0.0,NEGATIVE,SHORT_GAMMA,DEALER_SHORT_GAMMA,0.39,BEARISH,LOW,0.1,34.9,30.0,0.0,15.0,0.0,35.0,,0.0,0.0,744.93,CHARM_DOMINATED,42.2,0.173,39.9,42.5,NEUTRAL,5.2
2026-07-23 03:27:00,0.0,0.0,0.0,0.0,0.0,0.0,0.0,0.0,0.0,0.0,0.0,0.0,0.0,0.0,0.0,0.0,0.0,NEGATIVE,SHORT_GAMMA,DEALER_SHORT_GAMMA,0.39,BEARISH,LOW,0.1,34.9,30.0,0.0,15.0,0.0,35.0,,0.0,0.0,745.12,CHARM_DOMINATED,42.2,0.173,42.4,40.0,NEUTRAL,4.8
2026-07-23 03:28:00,0.0,0.0,0.0,0.0,0.0,0.0,0.0,0.0,0.0,0.0,0.0,0.0,0.0,0.0,0.0,0.0,0.0,NEGATIVE,SHORT_GAMMA,DEALER_SHORT_GAMMA,0.39,BEARISH,LOW,0.1,34.9,30.0,0.0,15.0,0.0,35.0,,0.0,0.0,745.24,CHARM_DOMINATED,42.2,0.173,39.9,42.5,NEUTRAL,5.2
2026-07-23 03:29:00,0.0,0.0,0.0,0.0,0.0,0.0,0.0,0.0,0.0,0.0,0.0,0.0,0.0,0.0,0.0,0.0,0.0,NEGATIVE,SHORT_GAMMA,DEALER_SHORT_GAMMA,0.39,BEARISH,LOW,0.1,34.9,30.0,0.0,15.0,0.0,35.0,,0.0,0.0,745.18,CHARM_DOMINATED,42.2,0.173,42.4,40.0,NEUTRAL,4.8
2026-07-23 03:30:00,0.0,0.0,0.0,0.0,0.0,0.0,0.0,0.0,0.0,0.0,0.0,0.0,0.0,0.0,0.0,0.0,0.0,NEGATIVE,SHORT_GAMMA,DEALER_SHORT_GAMMA,0.39,BEARISH,LOW,0.1,34.9,30.0,0.0,15.0,0.0,35.0,,0.0,0.0,745.19,CHARM_DOMINATED,42.2,0.173,39.9,42.5,NEUTRAL,5.2
2026-07-23 03:31:00,0.0,0.0,0.0,0.0,0.0,0.0,0.0,0.0,0.0,0.0,0.0,0.0,0.0,0.0,0.0,0.0,0.0,NEGATIVE,SHORT_GAMMA,DEALER_SHORT_GAMMA,0.39,BEARISH,LOW,0.1,34.9,30.0,0.0,15.0,0.0,35.0,,0.0,0.0,745.2,CHARM_DOMINATED,42.2,0.173,39.9,42.5,NEUTRAL,5.2
2026-07-23 03:32:00,0.0,0.0,0.0,0.0,0.0,0.0,0.0,0.0,0.0,0.0,0.0,0.0,0.0,0.0,0.0,0.0,0.0,NEGATIVE,SHORT_GAMMA,DEALER_SHORT_GAMMA,0.39,BEARISH,LOW,0.1,34.9,30.0,0.0,15.0,0.0,35.0,,0.0,0.0,745.03,CHARM_DOMINATED,42.2,0.173,42.4,40.0,NEUTRAL,4.8
2026-07-23 03:33:00,0.0,0.0,0.0,0.0,0.0,0.0,0.0,0.0,0.0,0.0,0.0,0.0,0.0,0.0,0.0,0.0,0.0,NEGATIVE,SHORT_GAMMA,DEALER_SHORT_GAMMA,0.39,BEARISH,LOW,0.1,34.9,30.0,0.0,15.0,0.0,35.0,,0.0,0.0,745.05,CHARM_DOMINATED,42.2,0.173,42.4,40.0,NEUTRAL,4.8
2026-07-23 03:34:00,0.0,0.0,0.0,0.0,0.0,0.0,0.0,0.0,0.0,0.0,0.0,0.0,0.0,0.0,0.0,0.0,0.0,NEGATIVE,SHORT_GAMMA,DEALER_SHORT_GAMMA,0.39,BEARISH,LOW,0.1,34.9,30.0,0.0,15.0,0.0,35.0,,0.0,0.0,745.16,CHARM_DOMINATED,42.2,0.173,42.4,40.0,NEUTRAL,4.8
2026-07-23 03:35:00,0.0,0.0,0.0,0.0,0.0,0.0,0.0,0.0,0.0,0.0,0.0,0.0,0.0,0.0,0.0,0.0,0.0,NEGATIVE,SHORT_GAMMA,DEALER_SHORT_GAMMA,0.39,BEARISH,LOW,0.1,34.9,30.0,0.0,15.0,0.0,35.0,,0.0,0.0,745.18,CHARM_DOMINATED,42.2,0.173,42.4,40.0,NEUTRAL,4.8
2026-07-23 03:36:00,0.0,0.0,0.0,0.0,0.0,0.0,0.0,0.0,0.0,0.0,0.0,0.0,0.0,0.0,0.0,0.0,0.0,NEGATIVE,SHORT_GAMMA,DEALER_SHORT_GAMMA,0.39,BEARISH,LOW,0.1,34.9,30.0,0.0,15.0,0.0,35.0,,0.0,0.0,745.03,CHARM_DOMINATED,42.2,0.173,42.4,40.0,NEUTRAL,4.8
2026-07-23 03:37:00,0.0,0.0,0.0,0.0,0.0,0.0,0.0,0.0,0.0,0.0,0.0,0.0,0.0,0.0,0.0,0.0,0.0,NEGATIVE,SHORT_GAMMA,DEALER_SHORT_GAMMA,0.39,BEARISH,LOW,0.1,34.9,30.0,0.0,15.0,0.0,35.0,,0.0,0.0,745.05,CHARM_DOMINATED,42.2,0.173,42.4,40.0,NEUTRAL,4.8
2026-07-23 03:38:00,0.0,0.0,0.0,0.0,0.0,0.0,0.0,0.0,0.0,0.0,0.0,0.0,0.0,0.0,0.0,0.0,0.0,NEGATIVE,SHORT_GAMMA,DEALER_SHORT_GAMMA,0.39,BEARISH,LOW,0.1,34.9,30.0,0.0,15.0,0.0,35.0,,0.0,0.0,745.07,CHARM_DOMINATED,42.2,0.173,42.4,40.0,NEUTRAL,4.8
2026-07-23 03:39:00,0.0,0.0,0.0,0.0,0.0,0.0,0.0,0.0,0.0,0.0,0.0,0.0,0.0,0.0,0.0,0.0,0.0,NEGATIVE,SHORT_GAMMA,DEALER_SHORT_GAMMA,0.39,BEARISH,LOW,0.1,34.9,30.0,0.0,15.0,0.0,35.0,,0.0,0.0,745.01,CHARM_DOMINATED,42.2,0.173,42.4,40.0,NEUTRAL,4.8
2026-07-23 03:40:00,0.0,0.0,0.0,0.0,0.0,0.0,0.0,0.0,0.0,0.0,0.0,0.0,0.0,0.0,0.0,0.0,0.0,NEGATIVE,SHORT_GAMMA,DEALER_SHORT_GAMMA,0.39,BEARISH,LOW,0.1,34.9,30.0,0.0,15.0,0.0,35.0,,0.0,0.0,744.86,CHARM_DOMINATED,42.2,0.173,38.8,42.5,NEUTRAL,7.4
2026-07-23 03:41:00,0.0,0.0,0.0,0.0,0.0,0.0,0.0,0.0,0.0,0.0,0.0,0.0,0.0,0.0,0.0,0.0,0.0,NEGATIVE,SHORT_GAMMA,DEALER_SHORT_GAMMA,0.39,BEARISH,LOW,0.1,34.9,30.0,0.0,15.0,0.0,35.0,,0.0,0.0,744.75,CHARM_DOMINATED,42.2,0.173,38.8,42.5,NEUTRAL,7.4
2026-07-23 03:42:00,0.0,0.0,0.0,0.0,0.0,0.0,0.0,0.0,0.0,0.0,0.0,0.0,0.0,0.0,0.0,0.0,0.0,NEGATIVE,SHORT_GAMMA,DEALER_SHORT_GAMMA,0.39,BEARISH,LOW,0.1,34.9,30.0,0.0,15.0,0.0,35.0,,0.0,0.0,744.83,CHARM_DOMINATED,42.2,0.173,39.9,42.5,NEUTRAL,5.2
2026-07-23 03:43:00,0.0,0.0,0.0,0.0,0.0,0.0,0.0,0.0,0.0,0.0,0.0,0.0,0.0,0.0,0.0,0.0,0.0,NEGATIVE,SHORT_GAMMA,DEALER_SHORT_GAMMA,0.39,BEARISH,LOW,0.1,34.9,30.0,0.0,15.0,0.0,35.0,,0.0,0.0,744.88,CHARM_DOMINATED,42.2,0.173,39.9,42.5,NEUTRAL,5.2
2026-07-23 03:44:00,0.0,0.0,0.0,0.0,0.0,0.0,0.0,0.0,0.0,0.0,0.0,0.0,0.0,0.0,0.0,0.0,0.0,NEGATIVE,SHORT_GAMMA,DEALER_SHORT_GAMMA,0.39,BEARISH,LOW,0.1,34.9,30.0,0.0,15.0,0.0,35.0,,0.0,0.0,744.73,CHARM_DOMINATED,42.2,0.173,39.9,42.5,NEUTRAL,5.2
2026-07-23 03:45:00,0.0,0.0,0.0,0.0,0.0,0.0,0.0,0.0,0.0,0.0,0.0,0.0,0.0,0.0,0.0,0.0,0.0,NEGATIVE,SHORT_GAMMA,DEALER_SHORT_GAMMA,0.39,BEARISH,LOW,0.1,34.9,30.0,0.0,15.0,0.0,35.0,,0.0,0.0,744.66,CHARM_DOMINATED,42.2,0.173,39.9,42.5,NEUTRAL,5.2
2026-07-23 03:46:00,0.0,0.0,0.0,0.0,0.0,0.0,0.0,0.0,0.0,0.0,0.0,0.0,0.0,0.0,0.0,0.0,0.0,NEGATIVE,SHORT_GAMMA,DEALER_SHORT_GAMMA,0.39,BEARISH,LOW,0.1,34.9,30.0,0.0,15.0,0.0,35.0,,0.0,0.0,744.73,CHARM_DOMINATED,42.2,0.173,39.9,42.5,NEUTRAL,5.2
2026-07-23 03:47:00,0.0,0.0,0.0,0.0,0.0,0.0,0.0,0.0,0.0,0.0,0.0,0.0,0.0,0.0,0.0,0.0,0.0,NEGATIVE,SHORT_GAMMA,DEALER_SHORT_GAMMA,0.39,BEARISH,LOW,0.1,34.9,30.0,0.0,15.0,0.0,35.0,,0.0,0.0,744.71,CHARM_DOMINATED,42.2,0.173,39.9,42.5,NEUTRAL,5.2
2026-07-23 03:48:00,0.0,0.0,0.0,0.0,0.0,0.0,0.0,0.0,0.0,0.0,0.0,0.0,0.0,0.0,0.0,0.0,0.0,NEGATIVE,SHORT_GAMMA,DEALER_SHORT_GAMMA,0.39,BEARISH,LOW,0.1,34.9,30.0,0.0,15.0,0.0,35.0,,0.0,0.0,744.87,CHARM_DOMINATED,42.2,0.173,39.9,42.5,NEUTRAL,5.2
2026-07-23 03:49:00,0.0,0.0,0.0,0.0,0.0,0.0,0.0,0.0,0.0,0.0,0.0,0.0,0.0,0.0,0.0,0.0,0.0,NEGATIVE,SHORT_GAMMA,DEALER_SHORT_GAMMA,0.39,BEARISH,LOW,0.1,34.9,30.0,0.0,15.0,0.0,35.0,,0.0,0.0,744.87,CHARM_DOMINATED,42.2,0.173,39.9,42.5,NEUTRAL,5.2
2026-07-23 03:50:00,0.0,0.0,0.0,0.0,0.0,0.0,0.0,0.0,0.0,0.0,0.0,0.0,0.0,0.0,0.0,0.0,0.0,NEGATIVE,SHORT_GAMMA,DEALER_SHORT_GAMMA,0.39,BEARISH,LOW,0.1,34.9,30.0,0.0,15.0,0.0,35.0,,0.0,0.0,744.9,CHARM_DOMINATED,42.2,0.173,39.9,42.5,NEUTRAL,5.2
2026-07-23 03:51:00,0.0,0.0,0.0,0.0,0.0,0.0,0.0,0.0,0.0,0.0,0.0,0.0,0.0,0.0,0.0,0.0,0.0,NEGATIVE,SHORT_GAMMA,DEALER_SHORT_GAMMA,0.39,BEARISH,LOW,0.1,34.9,30.0,0.0,15.0,0.0,35.0,,0.0,0.0,745.03,CHARM_DOMINATED,42.2,0.173,42.4,40.0,NEUTRAL,4.8
2026-07-23 03:52:00,0.0,0.0,0.0,0.0,0.0,0.0,0.0,0.0,0.0,0.0,0.0,0.0,0.0,0.0,0.0,0.0,0.0,NEGATIVE,SHORT_GAMMA,DEALER_SHORT_GAMMA,0.39,BEARISH,LOW,0.1,34.9,30.0,0.0,15.0,0.0,35.0,,0.0,0.0,745.13,CHARM_DOMINATED,42.2,0.173,42.4,40.0,NEUTRAL,4.8
2026-07-23 03:53:00,0.0,0.0,0.0,0.0,0.0,0.0,0.0,0.0,0.0,0.0,0.0,0.0,0.0,0.0,0.0,0.0,0.0,NEGATIVE,SHORT_GAMMA,DEALER_SHORT_GAMMA,0.39,BEARISH,LOW,0.1,34.9,30.0,0.0,15.0,0.0,35.0,,0.0,0.0,745.23,CHARM_DOMINATED,42.2,0.173,39.9,42.5,NEUTRAL,5.2
2026-07-23 03:54:00,0.0,0.0,0.0,0.0,0.0,0.0,0.0,0.0,0.0,0.0,0.0,0.0,0.0,0.0,0.0,0.0,0.0,NEGATIVE,SHORT_GAMMA,DEALER_SHORT_GAMMA,0.39,BEARISH,LOW,0.1,34.9,30.0,0.0,15.0,0.0,35.0,,0.0,0.0,745.29,CHARM_DOMINATED,42.2,0.173,39.9,42.5,NEUTRAL,5.2
2026-07-23 03:55:00,0.0,0.0,0.0,0.0,0.0,0.0,0.0,0.0,0.0,0.0,0.0,0.0,0.0,0.0,0.0,0.0,0.0,NEGATIVE,SHORT_GAMMA,DEALER_SHORT_GAMMA,0.39,BEARISH,LOW,0.1,34.9,30.0,0.0,15.0,0.0,35.0,,0.0,0.0,745.33,CHARM_DOMINATED,42.2,0.173,39.9,42.5,NEUTRAL,5.2
2026-07-23 03:56:00,0.0,0.0,0.0,0.0,0.0,0.0,0.0,0.0,0.0,0.0,0.0,0.0,0.0,0.0,0.0,0.0,0.0,NEGATIVE,SHORT_GAMMA,DEALER_SHORT_GAMMA,0.39,BEARISH,LOW,0.1,34.9,30.0,0.0,15.0,0.0,35.0,,0.0,0.0,745.5,CHARM_DOMINATED,42.2,0.173,39.9,42.5,NEUTRAL,5.2
2026-07-23 03:57:00,0.0,0.0,0.0,0.0,0.0,0.0,0.0,0.0,0.0,0.0,0.0,0.0,0.0,0.0,0.0,0.0,0.0,NEGATIVE,SHORT_GAMMA,DEALER_SHORT_GAMMA,0.39,BEARISH,LOW,0.1,34.9,30.0,0.0,15.0,0.0,35.0,,0.0,0.0,745.61,CHARM_DOMINATED,42.2,0.173,39.9,42.5,NEUTRAL,5.2
2026-07-23 03:58:00,0.0,0.0,0.0,0.0,0.0,0.0,0.0,0.0,0.0,0.0,0.0,0.0,0.0,0.0,0.0,0.0,0.0,NEGATIVE,SHORT_GAMMA,DEALER_SHORT_GAMMA,0.39,BEARISH,LOW,0.1,34.9,30.0,0.0,15.0,0.0,35.0,,0.0,0.0,745.59,CHARM_DOMINATED,42.2,0.173,39.9,42.5,NEUTRAL,5.2
2026-07-23 03:59:00,0.0,0.0,0.0,0.0,0.0,0.0,0.0,0.0,0.0,0.0,0.0,0.0,0.0,0.0,0.0,0.0,0.0,NEGATIVE,SHORT_GAMMA,DEALER_SHORT_GAMMA,0.39,BEARISH,LOW,0.1,34.9,30.0,0.0,15.0,0.0,35.0,,0.0,0.0,745.77,CHARM_DOMINATED,42.2,0.173,39.9,42.5,NEUTRAL,5.2
2026-07-23 04:00:00,0.0,0.0,0.0,0.0,0.0,0.0,0.0,0.0,0.0,0.0,0.0,0.0,0.0,0.0,0.0,0.0,0.0,NEGATIVE,SHORT_GAMMA,DEALER_SHORT_GAMMA,0.39,BEARISH,LOW,0.1,34.9,30.0,0.0,15.0,0.0,35.0,,0.0,0.0,745.56,CHARM_DOMINATED,42.2,0.173,39.9,42.5,NEUTRAL,5.2
2026-07-23 04:01:00,0.0,0.0,0.0,0.0,0.0,0.0,0.0,0.0,0.0,0.0,0.0,0.0,0.0,0.0,0.0,0.0,0.0,NEGATIVE,SHORT_GAMMA,DEALER_SHORT_GAMMA,0.39,BEARISH,LOW,0.1,34.9,30.0,0.0,15.0,0.0,35.0,,0.0,0.0,745.72,CHARM_DOMINATED,42.2,0.173,39.9,42.5,NEUTRAL,5.2
2026-07-23 04:02:00,0.0,0.0,0.0,0.0,0.0,0.0,0.0,0.0,0.0,0.0,0.0,0.0,0.0,0.0,0.0,0.0,0.0,NEGATIVE,SHORT_GAMMA,DEALER_SHORT_GAMMA,0.39,BEARISH,LOW,0.1,34.9,30.0,0.0,15.0,0.0,35.0,,0.0,0.0,745.79,CHARM_DOMINATED,42.2,0.173,39.9,42.5,NEUTRAL,5.2
2026-07-23 04:03:00,0.0,0.0,0.0,0.0,0.0,0.0,0.0,0.0,0.0,0.0,0.0,0.0,0.0,0.0,0.0,0.0,0.0,NEGATIVE,SHORT_GAMMA,DEALER_SHORT_GAMMA,0.39,BEARISH,LOW,0.1,34.9,30.0,0.0,15.0,0.0,35.0,,0.0,0.0,746.17,CHARM_DOMINATED,42.2,0.173,39.9,42.5,NEUTRAL,5.2
2026-07-23 04:04:00,0.0,0.0,0.0,0.0,0.0,0.0,0.0,0.0,0.0,0.0,0.0,0.0,0.0,0.0,0.0,0.0,0.0,NEGATIVE,SHORT_GAMMA,DEALER_SHORT_GAMMA,0.39,BEARISH,LOW,0.1,34.9,30.0,0.0,15.0,0.0,35.0,,0.0,0.0,746.07,CHARM_DOMINATED,42.2,0.173,39.9,42.5,NEUTRAL,5.2
2026-07-23 04:05:00,0.0,0.0,0.0,0.0,0.0,0.0,0.0,0.0,0.0,0.0,0.0,0.0,0.0,0.0,0.0,0.0,0.0,NEGATIVE,SHORT_GAMMA,DEALER_SHORT_GAMMA,0.39,BEARISH,LOW,0.1,34.9,30.0,0.0,15.0,0.0,35.0,,0.0,0.0,746.02,CHARM_DOMINATED,42.2,0.173,39.9,42.5,NEUTRAL,5.2
2026-07-23 04:06:00,0.0,0.0,0.0,0.0,0.0,0.0,0.0,0.0,0.0,0.0,0.0,0.0,0.0,0.0,0.0,0.0,0.0,NEGATIVE,SHORT_GAMMA,DEALER_SHORT_GAMMA,0.39,BEARISH,LOW,0.1,34.9,30.0,0.0,15.0,0.0,35.0,,0.0,0.0,746.11,CHARM_DOMINATED,42.2,0.173,39.9,42.5,NEUTRAL,5.2
2026-07-23 04:07:00,0.0,0.0,0.0,0.0,0.0,0.0,0.0,0.0,0.0,0.0,0.0,0.0,0.0,0.0,0.0,0.0,0.0,NEGATIVE,SHORT_GAMMA,DEALER_SHORT_GAMMA,0.39,BEARISH,LOW,0.1,34.9,30.0,0.0,15.0,0.0,35.0,,0.0,0.0,745.96,CHARM_DOMINATED,42.2,0.173,38.8,42.5,NEUTRAL,7.4
2026-07-23 04:08:00,0.0,0.0,0.0,0.0,0.0,0.0,0.0,0.0,0.0,0.0,0.0,0.0,0.0,0.0,0.0,0.0,0.0,NEGATIVE,SHORT_GAMMA,DEALER_SHORT_GAMMA,0.39,BEARISH,LOW,0.1,34.9,30.0,0.0,15.0,0.0,35.0,,0.0,0.0,745.79,CHARM_DOMINATED,42.2,0.173,38.8,42.5,NEUTRAL,7.4
2026-07-23 04:09:00,0.0,0.0,0.0,0.0,0.0,0.0,0.0,0.0,0.0,0.0,0.0,0.0,0.0,0.0,0.0,0.0,0.0,NEGATIVE,SHORT_GAMMA,DEALER_SHORT_GAMMA,0.39,BEARISH,LOW,0.1,34.9,30.0,0.0,15.0,0.0,35.0,,0.0,0.0,745.76,CHARM_DOMINATED,42.2,0.173,39.9,42.5,NEUTRAL,5.2
2026-07-23 04:10:00,0.0,0.0,0.0,0.0,0.0,0.0,0.0,0.0,0.0,0.0,0.0,0.0,0.0,0.0,0.0,0.0,0.0,NEGATIVE,SHORT_GAMMA,DEALER_SHORT_GAMMA,0.39,BEARISH,LOW,0.1,34.9,30.0,0.0,15.0,0.0,35.0,,0.0,0.0,745.64,CHARM_DOMINATED,42.2,0.173,39.9,42.5,NEUTRAL,5.2
2026-07-23 04:11:00,0.0,0.0,0.0,0.0,0.0,0.0,0.0,0.0,0.0,0.0,0.0,0.0,0.0,0.0,0.0,0.0,0.0,NEGATIVE,SHORT_GAMMA,DEALER_SHORT_GAMMA,0.39,BEARISH,LOW,0.1,34.9,30.0,0.0,15.0,0.0,35.0,,0.0,0.0,745.68,CHARM_DOMINATED,42.2,0.173,39.9,42.5,NEUTRAL,5.2
2026-07-23 04:12:00,0.0,0.0,0.0,0.0,0.0,0.0,0.0,0.0,0.0,0.0,0.0,0.0,0.0,0.0,0.0,0.0,0.0,NEGATIVE,SHORT_GAMMA,DEALER_SHORT_GAMMA,0.39,BEARISH,LOW,0.1,34.9,30.0,0.0,15.0,0.0,35.0,,0.0,0.0,745.64,CHARM_DOMINATED,42.2,0.173,39.9,42.5,NEUTRAL,5.2
2026-07-23 04:13:00,0.0,0.0,0.0,0.0,0.0,0.0,0.0,0.0,0.0,0.0,0.0,0.0,0.0,0.0,0.0,0.0,0.0,NEGATIVE,SHORT_GAMMA,DEALER_SHORT_GAMMA,0.39,BEARISH,LOW,0.1,34.9,30.0,0.0,15.0,0.0,35.0,,0.0,0.0,745.53,CHARM_DOMINATED,42.2,0.173,39.9,42.5,NEUTRAL,5.2
2026-07-23 04:14:00,0.0,0.0,0.0,0.0,0.0,0.0,0.0,0.0,0.0,0.0,0.0,0.0,0.0,0.0,0.0,0.0,0.0,NEGATIVE,SHORT_GAMMA,DEALER_SHORT_GAMMA,0.39,BEARISH,LOW,0.1,34.9,30.0,0.0,15.0,0.0,35.0,,0.0,0.0,745.52,CHARM_DOMINATED,42.2,0.173,39.9,42.5,NEUTRAL,5.2
2026-07-23 04:15:00,0.0,0.0,0.0,0.0,0.0,0.0,0.0,0.0,0.0,0.0,0.0,0.0,0.0,0.0,0.0,0.0,0.0,NEGATIVE,SHORT_GAMMA,DEALER_SHORT_GAMMA,0.39,BEARISH,LOW,0.1,34.9,30.0,0.0,15.0,0.0,35.0,,0.0,0.0,745.37,CHARM_DOMINATED,42.2,0.173,39.9,42.5,NEUTRAL,5.2
2026-07-23 04:16:00,0.0,0.0,0.0,0.0,0.0,0.0,0.0,0.0,0.0,0.0,0.0,0.0,0.0,0.0,0.0,0.0,0.0,NEGATIVE,SHORT_GAMMA,DEALER_SHORT_GAMMA,0.39,BEARISH,LOW,0.1,34.9,30.0,0.0,15.0,0.0,35.0,,0.0,0.0,745.39,CHARM_DOMINATED,42.2,0.173,39.9,42.5,NEUTRAL,5.2
2026-07-23 04:17:00,0.0,0.0,0.0,0.0,0.0,0.0,0.0,0.0,0.0,0.0,0.0,0.0,0.0,0.0,0.0,0.0,0.0,NEGATIVE,SHORT_GAMMA,DEALER_SHORT_GAMMA,0.39,BEARISH,LOW,0.1,34.9,30.0,0.0,15.0,0.0,35.0,,0.0,0.0,745.47,CHARM_DOMINATED,42.2,0.173,39.9,42.5,NEUTRAL,5.2
2026-07-23 04:18:00,0.0,0.0,0.0,0.0,0.0,0.0,0.0,0.0,0.0,0.0,0.0,0.0,0.0,0.0,0.0,0.0,0.0,NEGATIVE,SHORT_GAMMA,DEALER_SHORT_GAMMA,0.39,BEARISH,LOW,0.1,34.9,30.0,0.0,15.0,0.0,35.0,,0.0,0.0,745.46,CHARM_DOMINATED,42.2,0.173,39.9,42.5,NEUTRAL,5.2
2026-07-23 04:19:00,0.0,0.0,0.0,0.0,0.0,0.0,0.0,0.0,0.0,0.0,0.0,0.0,0.0,0.0,0.0,0.0,0.0,NEGATIVE,SHORT_GAMMA,DEALER_SHORT_GAMMA,0.39,BEARISH,LOW,0.1,34.9,30.0,0.0,15.0,0.0,35.0,,0.0,0.0,745.35,CHARM_DOMINATED,42.2,0.173,39.9,42.5,NEUTRAL,5.2
2026-07-23 04:20:00,0.0,0.0,0.0,0.0,0.0,0.0,0.0,0.0,0.0,0.0,0.0,0.0,0.0,0.0,0.0,0.0,0.0,NEGATIVE,SHORT_GAMMA,DEALER_SHORT_GAMMA,0.39,BEARISH,LOW,0.1,34.9,30.0,0.0,15.0,0.0,35.0,,0.0,0.0,745.37,CHARM_DOMINATED,42.2,0.173,39.9,42.5,NEUTRAL,5.2
2026-07-23 04:21:00,0.0,0.0,0.0,0.0,0.0,0.0,0.0,0.0,0.0,0.0,0.0,0.0,0.0,0.0,0.0,0.0,0.0,NEGATIVE,SHORT_GAMMA,DEALER_SHORT_GAMMA,0.39,BEARISH,LOW,0.1,34.9,30.0,0.0,15.0,0.0,35.0,,0.0,0.0,745.3,CHARM_DOMINATED,42.2,0.173,39.9,42.5,NEUTRAL,5.2
2026-07-23 04:22:00,0.0,0.0,0.0,0.0,0.0,0.0,0.0,0.0,0.0,0.0,0.0,0.0,0.0,0.0,0.0,0.0,0.0,NEGATIVE,SHORT_GAMMA,DEALER_SHORT_GAMMA,0.39,BEARISH,LOW,0.1,34.9,30.0,0.0,15.0,0.0,35.0,,0.0,0.0,745.23,CHARM_DOMINATED,42.2,0.173,39.9,42.5,NEUTRAL,5.2
2026-07-23 04:23:00,0.0,0.0,0.0,0.0,0.0,0.0,0.0,0.0,0.0,0.0,0.0,0.0,0.0,0.0,0.0,0.0,0.0,NEGATIVE,SHORT_GAMMA,DEALER_SHORT_GAMMA,0.39,BEARISH,LOW,0.1,34.9,30.0,0.0,15.0,0.0,35.0,,0.0,0.0,745.25,CHARM_DOMINATED,42.2,0.173,39.9,42.5,NEUTRAL,5.2
2026-07-23 04:24:00,0.0,0.0,0.0,0.0,0.0,0.0,0.0,0.0,0.0,0.0,0.0,0.0,0.0,0.0,0.0,0.0,0.0,NEGATIVE,SHORT_GAMMA,DEALER_SHORT_GAMMA,0.39,BEARISH,LOW,0.1,34.9,30.0,0.0,15.0,0.0,35.0,,0.0,0.0,745.39,CHARM_DOMINATED,42.2,0.173,39.9,42.5,NEUTRAL,5.2
2026-07-23 04:25:00,0.0,0.0,0.0,0.0,0.0,0.0,0.0,0.0,0.0,0.0,0.0,0.0,0.0,0.0,0.0,0.0,0.0,NEGATIVE,SHORT_GAMMA,DEALER_SHORT_GAMMA,0.39,BEARISH,LOW,0.1,34.9,30.0,0.0,15.0,0.0,35.0,,0.0,0.0,745.24,CHARM_DOMINATED,42.2,0.173,39.9,42.5,NEUTRAL,5.2
2026-07-23 04:26:00,0.0,0.0,0.0,0.0,0.0,0.0,0.0,0.0,0.0,0.0,0.0,0.0,0.0,0.0,0.0,0.0,0.0,NEGATIVE,SHORT_GAMMA,DEALER_SHORT_GAMMA,0.39,BEARISH,LOW,0.1,34.9,30.0,0.0,15.0,0.0,35.0,,0.0,0.0,745.22,CHARM_DOMINATED,42.2,0.173,39.9,42.5,NEUTRAL,5.2
2026-07-23 04:27:00,0.0,0.0,0.0,0.0,0.0,0.0,0.0,0.0,0.0,0.0,0.0,0.0,0.0,0.0,0.0,0.0,0.0,NEGATIVE,SHORT_GAMMA,DEALER_SHORT_GAMMA,0.39,BEARISH,LOW,0.1,34.9,30.0,0.0,15.0,0.0,35.0,,0.0,0.0,745.27,CHARM_DOMINATED,42.2,0.173,39.9,42.5,NEUTRAL,5.2
2026-07-23 04:28:00,0.0,0.0,0.0,0.0,0.0,0.0,0.0,0.0,0.0,0.0,0.0,0.0,0.0,0.0,0.0,0.0,0.0,NEGATIVE,SHORT_GAMMA,DEALER_SHORT_GAMMA,0.39,BEARISH,LOW,0.1,34.9,30.0,0.0,15.0,0.0,35.0,,0.0,0.0,745.25,CHARM_DOMINATED,42.2,0.173,39.9,42.5,NEUTRAL,5.2
2026-07-23 04:29:00,0.0,0.0,0.0,0.0,0.0,0.0,0.0,0.0,0.0,0.0,0.0,0.0,0.0,0.0,0.0,0.0,0.0,NEGATIVE,SHORT_GAMMA,DEALER_SHORT_GAMMA,0.39,BEARISH,LOW,0.1,34.9,30.0,0.0,15.0,0.0,35.0,,0.0,0.0,745.12,CHARM_DOMINATED,42.2,0.173,42.4,40.0,NEUTRAL,4.8
2026-07-23 04:30:00,0.0,0.0,0.0,0.0,0.0,0.0,0.0,0.0,0.0,0.0,0.0,0.0,0.0,0.0,0.0,0.0,0.0,NEGATIVE,SHORT_GAMMA,DEALER_SHORT_GAMMA,0.39,BEARISH,LOW,0.1,34.9,30.0,0.0,15.0,0.0,35.0,,0.0,0.0,745.09,CHARM_DOMINATED,42.2,0.173,42.4,40.0,NEUTRAL,4.8
2026-07-23 04:31:00,0.0,0.0,0.0,0.0,0.0,0.0,0.0,0.0,0.0,0.0,0.0,0.0,0.0,0.0,0.0,0.0,0.0,NEGATIVE,SHORT_GAMMA,DEALER_SHORT_GAMMA,0.39,BEARISH,LOW,0.1,34.9,30.0,0.0,15.0,0.0,35.0,,0.0,0.0,745.14,CHARM_DOMINATED,42.2,0.173,42.4,40.0,NEUTRAL,4.8
2026-07-23 04:32:00,0.0,0.0,0.0,0.0,0.0,0.0,0.0,0.0,0.0,0.0,0.0,0.0,0.0,0.0,0.0,0.0,0.0,NEGATIVE,SHORT_GAMMA,DEALER_SHORT_GAMMA,0.39,BEARISH,LOW,0.1,34.9,30.0,0.0,15.0,0.0,35.0,,0.0,0.0,745.1,CHARM_DOMINATED,42.2,0.173,42.4,40.0,NEUTRAL,4.8
2026-07-23 04:33:00,0.0,0.0,0.0,0.0,0.0,0.0,0.0,0.0,0.0,0.0,0.0,0.0,0.0,0.0,0.0,0.0,0.0,NEGATIVE,SHORT_GAMMA,DEALER_SHORT_GAMMA,0.39,BEARISH,LOW,0.1,34.9,30.0,0.0,15.0,0.0,35.0,,0.0,0.0,745.05,CHARM_DOMINATED,42.2,0.173,42.4,40.0,NEUTRAL,4.8
2026-07-23 04:34:00,0.0,0.0,0.0,0.0,0.0,0.0,0.0,0.0,0.0,0.0,0.0,0.0,0.0,0.0,0.0,0.0,0.0,NEGATIVE,SHORT_GAMMA,DEALER_SHORT_GAMMA,0.39,BEARISH,LOW,0.1,34.9,30.0,0.0,15.0,0.0,35.0,,0.0,0.0,744.88,CHARM_DOMINATED,42.2,0.173,38.8,42.5,NEUTRAL,7.4
2026-07-23 04:35:00,0.0,0.0,0.0,0.0,0.0,0.0,0.0,0.0,0.0,0.0,0.0,0.0,0.0,0.0,0.0,0.0,0.0,NEGATIVE,SHORT_GAMMA,DEALER_SHORT_GAMMA,0.39,BEARISH,LOW,0.1,34.9,30.0,0.0,15.0,0.0,35.0,,0.0,0.0,744.92,CHARM_DOMINATED,42.2,0.173,38.8,42.5,NEUTRAL,7.4
2026-07-23 04:36:00,0.0,0.0,0.0,0.0,0.0,0.0,0.0,0.0,0.0,0.0,0.0,0.0,0.0,0.0,0.0,0.0,0.0,NEGATIVE,SHORT_GAMMA,DEALER_SHORT_GAMMA,0.39,BEARISH,LOW,0.1,34.9,30.0,0.0,15.0,0.0,35.0,,0.0,0.0,744.95,CHARM_DOMINATED,42.2,0.173,39.9,42.5,NEUTRAL,5.2
2026-07-23 04:37:00,0.0,0.0,0.0,0.0,0.0,0.0,0.0,0.0,0.0,0.0,0.0,0.0,0.0,0.0,0.0,0.0,0.0,NEGATIVE,SHORT_GAMMA,DEALER_SHORT_GAMMA,0.39,BEARISH,LOW,0.1,34.9,30.0,0.0,15.0,0.0,35.0,,0.0,0.0,745.01,CHARM_DOMINATED,42.2,0.173,42.2,40.1,NEUTRAL,4.2
2026-07-23 04:38:00,0.0,0.0,0.0,0.0,0.0,0.0,0.0,0.0,0.0,0.0,0.0,0.0,0.0,0.0,0.0,0.0,0.0,NEGATIVE,SHORT_GAMMA,DEALER_SHORT_GAMMA,0.39,BEARISH,LOW,0.1,34.9,30.0,0.0,15.0,0.0,35.0,,0.0,0.0,745.0,CHARM_DOMINATED,42.2,0.173,39.6,42.8,NEUTRAL,6.4
2026-07-23 04:39:00,0.0,0.0,0.0,0.0,0.0,0.0,0.0,0.0,0.0,0.0,0.0,0.0,0.0,0.0,0.0,0.0,0.0,NEGATIVE,SHORT_GAMMA,DEALER_SHORT_GAMMA,0.39,BEARISH,LOW,0.1,34.9,30.0,0.0,15.0,0.0,35.0,,0.0,0.0,745.03,CHARM_DOMINATED,42.2,0.173,42.4,40.0,NEUTRAL,4.8
2026-07-23 04:40:00,0.0,0.0,0.0,0.0,0.0,0.0,0.0,0.0,0.0,0.0,0.0,0.0,0.0,0.0,0.0,0.0,0.0,NEGATIVE,SHORT_GAMMA,DEALER_SHORT_GAMMA,0.39,BEARISH,LOW,0.1,34.9,30.0,0.0,15.0,0.0,35.0,,0.0,0.0,744.98,CHARM_DOMINATED,42.2,0.173,41.1,40.0,NEUTRAL,2.2
2026-07-23 04:41:00,0.0,0.0,0.0,0.0,0.0,0.0,0.0,0.0,0.0,0.0,0.0,0.0,0.0,0.0,0.0,0.0,0.0,NEGATIVE,SHORT_GAMMA,DEALER_SHORT_GAMMA,0.39,BEARISH,LOW,0.1,34.9,30.0,0.0,15.0,0.0,35.0,,0.0,0.0,745.07,CHARM_DOMINATED,42.2,0.173,42.4,40.0,NEUTRAL,4.8
2026-07-23 04:42:00,0.0,0.0,0.0,0.0,0.0,0.0,0.0,0.0,0.0,0.0,0.0,0.0,0.0,0.0,0.0,0.0,0.0,NEGATIVE,SHORT_GAMMA,DEALER_SHORT_GAMMA,0.39,BEARISH,LOW,0.1,34.9,30.0,0.0,15.0,0.0,35.0,,0.0,0.0,745.1,CHARM_DOMINATED,42.2,0.173,42.4,40.0,NEUTRAL,4.8
2026-07-23 04:43:00,0.0,0.0,0.0,0.0,0.0,0.0,0.0,0.0,0.0,0.0,0.0,0.0,0.0,0.0,0.0,0.0,0.0,NEGATIVE,SHORT_GAMMA,DEALER_SHORT_GAMMA,0.39,BEARISH,LOW,0.1,34.9,30.0,0.0,15.0,0.0,35.0,,0.0,0.0,745.18,CHARM_DOMINATED,42.2,0.173,42.4,40.0,NEUTRAL,4.8
2026-07-23 04:44:00,0.0,0.0,0.0,0.0,0.0,0.0,0.0,0.0,0.0,0.0,0.0,0.0,0.0,0.0,0.0,0.0,0.0,NEGATIVE,SHORT_GAMMA,DEALER_SHORT_GAMMA,0.39,BEARISH,LOW,0.1,34.9,30.0,0.0,15.0,0.0,35.0,,0.0,0.0,745.2,CHARM_DOMINATED,42.2,0.173,39.9,42.5,NEUTRAL,5.2
2026-07-23 04:45:00,0.0,0.0,0.0,0.0,0.0,0.0,0.0,0.0,0.0,0.0,0.0,0.0,0.0,0.0,0.0,0.0,0.0,NEGATIVE,SHORT_GAMMA,DEALER_SHORT_GAMMA,0.39,BEARISH,LOW,0.1,34.9,30.0,0.0,15.0,0.0,35.0,,0.0,0.0,745.29,CHARM_DOMINATED,42.2,0.173,39.9,42.5,NEUTRAL,5.2
2026-07-23 04:46:00,0.0,0.0,0.0,0.0,0.0,0.0,0.0,0.0,0.0,0.0,0.0,0.0,0.0,0.0,0.0,0.0,0.0,NEGATIVE,SHORT_GAMMA,DEALER_SHORT_GAMMA,0.39,BEARISH,LOW,0.1,34.9,30.0,0.0,15.0,0.0,35.0,,0.0,0.0,745.26,CHARM_DOMINATED,42.2,0.173,39.9,42.5,NEUTRAL,5.2
2026-07-23 04:47:00,0.0,0.0,0.0,0.0,0.0,0.0,0.0,0.0,0.0,0.0,0.0,0.0,0.0,0.0,0.0,0.0,0.0,NEGATIVE,SHORT_GAMMA,DEALER_SHORT_GAMMA,0.39,BEARISH,LOW,0.1,34.9,30.0,0.0,15.0,0.0,35.0,,0.0,0.0,745.25,CHARM_DOMINATED,42.2,0.173,39.9,42.5,NEUTRAL,5.2
2026-07-23 04:48:00,0.0,0.0,0.0,0.0,0.0,0.0,0.0,0.0,0.0,0.0,0.0,0.0,0.0,0.0,0.0,0.0,0.0,NEGATIVE,SHORT_GAMMA,DEALER_SHORT_GAMMA,0.39,BEARISH,LOW,0.1,34.9,30.0,0.0,15.0,0.0,35.0,,0.0,0.0,745.25,CHARM_DOMINATED,42.2,0.173,39.9,42.5,NEUTRAL,5.2
2026-07-23 04:49:00,0.0,0.0,0.0,0.0,0.0,0.0,0.0,0.0,0.0,0.0,0.0,0.0,0.0,0.0,0.0,0.0,0.0,NEGATIVE,SHORT_GAMMA,DEALER_SHORT_GAMMA,0.39,BEARISH,LOW,0.1,34.9,30.0,0.0,15.0,0.0,35.0,,0.0,0.0,745.23,CHARM_DOMINATED,42.2,0.173,39.9,42.5,NEUTRAL,5.2
2026-07-23 04:50:00,0.0,0.0,0.0,0.0,0.0,0.0,0.0,0.0,0.0,0.0,0.0,0.0,0.0,0.0,0.0,0.0,0.0,NEGATIVE,SHORT_GAMMA,DEALER_SHORT_GAMMA,0.39,BEARISH,LOW,0.1,34.9,30.0,0.0,15.0,0.0,35.0,,0.0,0.0,745.13,CHARM_DOMINATED,42.2,0.173,42.4,40.0,NEUTRAL,4.8
2026-07-23 04:51:00,0.0,0.0,0.0,0.0,0.0,0.0,0.0,0.0,0.0,0.0,0.0,0.0,0.0,0.0,0.0,0.0,0.0,NEGATIVE,SHORT_GAMMA,DEALER_SHORT_GAMMA,0.39,BEARISH,LOW,0.1,34.9,30.0,0.0,15.0,0.0,35.0,,0.0,0.0,744.9,CHARM_DOMINATED,42.2,0.173,38.8,42.5,NEUTRAL,7.4
2026-07-23 04:52:00,0.0,0.0,0.0,0.0,0.0,0.0,0.0,0.0,0.0,0.0,0.0,0.0,0.0,0.0,0.0,0.0,0.0,NEGATIVE,SHORT_GAMMA,DEALER_SHORT_GAMMA,0.39,BEARISH,LOW,0.1,34.9,30.0,0.0,15.0,0.0,35.0,,0.0,0.0,744.97,CHARM_DOMINATED,42.2,0.173,38.6,42.5,NEUTRAL,7.8
2026-07-23 04:53:00,0.0,0.0,0.0,0.0,0.0,0.0,0.0,0.0,0.0,0.0,0.0,0.0,0.0,0.0,0.0,0.0,0.0,NEGATIVE,SHORT_GAMMA,DEALER_SHORT_GAMMA,0.39,BEARISH,LOW,0.1,34.9,30.0,0.0,15.0,0.0,35.0,,0.0,0.0,745.13,CHARM_DOMINATED,42.2,0.173,42.4,40.0,NEUTRAL,4.8
2026-07-23 04:54:00,0.0,0.0,0.0,0.0,0.0,0.0,0.0,0.0,0.0,0.0,0.0,0.0,0.0,0.0,0.0,0.0,0.0,NEGATIVE,SHORT_GAMMA,DEALER_SHORT_GAMMA,0.39,BEARISH,LOW,0.1,34.9,30.0,0.0,15.0,0.0,35.0,,0.0,0.0,745.15,CHARM_DOMINATED,42.2,0.173,42.4,40.0,NEUTRAL,4.8
2026-07-23 04:55:00,0.0,0.0,0.0,0.0,0.0,0.0,0.0,0.0,0.0,0.0,0.0,0.0,0.0,0.0,0.0,0.0,0.0,NEGATIVE,SHORT_GAMMA,DEALER_SHORT_GAMMA,0.39,BEARISH,LOW,0.1,34.9,30.0,0.0,15.0,0.0,35.0,,0.0,0.0,745.05,CHARM_DOMINATED,42.2,0.173,42.4,40.0,NEUTRAL,4.8
2026-07-23 04:56:00,0.0,0.0,0.0,0.0,0.0,0.0,0.0,0.0,0.0,0.0,0.0,0.0,0.0,0.0,0.0,0.0,0.0,NEGATIVE,SHORT_GAMMA,DEALER_SHORT_GAMMA,0.39,BEARISH,LOW,0.1,34.9,30.0,0.0,15.0,0.0,35.0,,0.0,0.0,745.02,CHARM_DOMINATED,42.2,0.173,42.3,40.1,NEUTRAL,4.4
2026-07-23 04:57:00,0.0,0.0,0.0,0.0,0.0,0.0,0.0,0.0,0.0,0.0,0.0,0.0,0.0,0.0,0.0,0.0,0.0,NEGATIVE,SHORT_GAMMA,DEALER_SHORT_GAMMA,0.39,BEARISH,LOW,0.1,34.9,30.0,0.0,15.0,0.0,35.0,,0.0,0.0,745.02,CHARM_DOMINATED,42.2,0.173,42.3,40.1,NEUTRAL,4.4
2026-07-23 04:58:00,0.0,0.0,0.0,0.0,0.0,0.0,0.0,0.0,0.0,0.0,0.0,0.0,0.0,0.0,0.0,0.0,0.0,NEGATIVE,SHORT_GAMMA,DEALER_SHORT_GAMMA,0.39,BEARISH,LOW,0.1,34.9,30.0,0.0,15.0,0.0,35.0,,0.0,0.0,744.94,CHARM_DOMINATED,42.2,0.173,38.8,42.5,NEUTRAL,7.4
2026-07-23 04:59:00,0.0,0.0,0.0,0.0,0.0,0.0,0.0,0.0,0.0,0.0,0.0,0.0,0.0,0.0,0.0,0.0,0.0,NEGATIVE,SHORT_GAMMA,DEALER_SHORT_GAMMA,0.39,BEARISH,LOW,0.1,34.9,30.0,0.0,15.0,0.0,35.0,,0.0,0.0,744.79,CHARM_DOMINATED,42.2,0.173,38.8,42.5,NEUTRAL,7.4
2026-07-23 05:00:00,0.0,0.0,0.0,0.0,0.0,0.0,0.0,0.0,0.0,0.0,0.0,0.0,0.0,0.0,0.0,0.0,0.0,NEGATIVE,SHORT_GAMMA,DEALER_SHORT_GAMMA,0.39,BEARISH,LOW,0.1,34.9,30.0,0.0,15.0,0.0,35.0,,0.0,0.0,744.87,CHARM_DOMINATED,42.2,0.173,39.9,42.5,NEUTRAL,5.2
2026-07-23 05:01:00,0.0,0.0,0.0,0.0,0.0,0.0,0.0,0.0,0.0,0.0,0.0,0.0,0.0,0.0,0.0,0.0,0.0,NEGATIVE,SHORT_GAMMA,DEALER_SHORT_GAMMA,0.39,BEARISH,LOW,0.1,34.9,30.0,0.0,15.0,0.0,35.0,,0.0,0.0,744.99,CHARM_DOMINATED,42.2,0.173,42.2,40.2,NEUTRAL,4.0
2026-07-23 05:02:00,0.0,0.0,0.0,0.0,0.0,0.0,0.0,0.0,0.0,0.0,0.0,0.0,0.0,0.0,0.0,0.0,0.0,NEGATIVE,SHORT_GAMMA,DEALER_SHORT_GAMMA,0.39,BEARISH,LOW,0.1,34.9,30.0,0.0,15.0,0.0,35.0,,0.0,0.0,745.08,CHARM_DOMINATED,42.2,0.173,42.4,40.0,NEUTRAL,4.8
2026-07-23 05:03:00,0.0,0.0,0.0,0.0,0.0,0.0,0.0,0.0,0.0,0.0,0.0,0.0,0.0,0.0,0.0,0.0,0.0,NEGATIVE,SHORT_GAMMA,DEALER_SHORT_GAMMA,0.39,BEARISH,LOW,0.1,34.9,30.0,0.0,15.0,0.0,35.0,,0.0,0.0,745.04,CHARM_DOMINATED,42.2,0.173,42.4,40.0,NEUTRAL,4.8
2026-07-23 05:04:00,0.0,0.0,0.0,0.0,0.0,0.0,0.0,0.0,0.0,0.0,0.0,0.0,0.0,0.0,0.0,0.0,0.0,NEGATIVE,SHORT_GAMMA,DEALER_SHORT_GAMMA,0.39,BEARISH,LOW,0.1,34.9,30.0,0.0,15.0,0.0,35.0,,0.0,0.0,745.14,CHARM_DOMINATED,42.2,0.173,42.4,40.0,NEUTRAL,4.8
2026-07-23 05:05:00,0.0,0.0,0.0,0.0,0.0,0.0,0.0,0.0,0.0,0.0,0.0,0.0,0.0,0.0,0.0,0.0,0.0,NEGATIVE,SHORT_GAMMA,DEALER_SHORT_GAMMA,0.39,BEARISH,LOW,0.1,34.9,30.0,0.0,15.0,0.0,35.0,,0.0,0.0,745.11,CHARM_DOMINATED,42.2,0.173,42.4,40.0,NEUTRAL,4.8
2026-07-23 05:06:00,0.0,0.0,0.0,0.0,0.0,0.0,0.0,0.0,0.0,0.0,0.0,0.0,0.0,0.0,0.0,0.0,0.0,NEGATIVE,SHORT_GAMMA,DEALER_SHORT_GAMMA,0.39,BEARISH,LOW,0.1,34.9,30.0,0.0,15.0,0.0,35.0,,0.0,0.0,745.04,CHARM_DOMINATED,42.2,0.173,42.4,40.0,NEUTRAL,4.8
2026-07-23 05:07:00,0.0,0.0,0.0,0.0,0.0,0.0,0.0,0.0,0.0,0.0,0.0,0.0,0.0,0.0,0.0,0.0,0.0,NEGATIVE,SHORT_GAMMA,DEALER_SHORT_GAMMA,0.39,BEARISH,LOW,0.1,34.9,30.0,0.0,15.0,0.0,35.0,,0.0,0.0,745.07,CHARM_DOMINATED,42.2,0.173,42.4,40.0,NEUTRAL,4.8
2026-07-23 05:08:00,0.0,0.0,0.0,0.0,0.0,0.0,0.0,0.0,0.0,0.0,0.0,0.0,0.0,0.0,0.0,0.0,0.0,NEGATIVE,SHORT_GAMMA,DEALER_SHORT_GAMMA,0.39,BEARISH,LOW,0.1,34.9,30.0,0.0,15.0,0.0,35.0,,0.0,0.0,745.12,CHARM_DOMINATED,42.2,0.173,42.4,40.0,NEUTRAL,4.8
2026-07-23 05:09:00,0.0,0.0,0.0,0.0,0.0,0.0,0.0,0.0,0.0,0.0,0.0,0.0,0.0,0.0,0.0,0.0,0.0,NEGATIVE,SHORT_GAMMA,DEALER_SHORT_GAMMA,0.39,BEARISH,LOW,0.1,34.9,30.0,0.0,15.0,0.0,35.0,,0.0,0.0,744.92,CHARM_DOMINATED,42.2,0.173,38.8,42.5,NEUTRAL,7.4
2026-07-23 05:10:00,0.0,0.0,0.0,0.0,0.0,0.0,0.0,0.0,0.0,0.0,0.0,0.0,0.0,0.0,0.0,0.0,0.0,NEGATIVE,SHORT_GAMMA,DEALER_SHORT_GAMMA,0.39,BEARISH,LOW,0.1,34.9,30.0,0.0,15.0,0.0,35.0,,0.0,0.0,744.79,CHARM_DOMINATED,42.2,0.173,38.8,42.5,NEUTRAL,7.4
2026-07-23 05:11:00,0.0,0.0,0.0,0.0,0.0,0.0,0.0,0.0,0.0,0.0,0.0,0.0,0.0,0.0,0.0,0.0,0.0,NEGATIVE,SHORT_GAMMA,DEALER_SHORT_GAMMA,0.39,BEARISH,LOW,0.1,34.9,30.0,0.0,15.0,0.0,35.0,,0.0,0.0,744.74,CHARM_DOMINATED,42.2,0.173,39.9,42.5,NEUTRAL,5.2
2026-07-23 05:12:00,0.0,0.0,0.0,0.0,0.0,0.0,0.0,0.0,0.0,0.0,0.0,0.0,0.0,0.0,0.0,0.0,0.0,NEGATIVE,SHORT_GAMMA,DEALER_SHORT_GAMMA,0.39,BEARISH,LOW,0.1,34.9,30.0,0.0,15.0,0.0,35.0,,0.0,0.0,744.77,CHARM_DOMINATED,42.2,0.173,39.9,42.5,NEUTRAL,5.2
2026-07-23 05:13:00,0.0,0.0,0.0,0.0,0.0,0.0,0.0,0.0,0.0,0.0,0.0,0.0,0.0,0.0,0.0,0.0,0.0,NEGATIVE,SHORT_GAMMA,DEALER_SHORT_GAMMA,0.39,BEARISH,LOW,0.1,34.9,30.0,0.0,15.0,0.0,35.0,,0.0,0.0,744.74,CHARM_DOMINATED,42.2,0.173,39.9,42.5,NEUTRAL,5.2
2026-07-23 05:14:00,0.0,0.0,0.0,0.0,0.0,0.0,0.0,0.0,0.0,0.0,0.0,0.0,0.0,0.0,0.0,0.0,0.0,NEGATIVE,SHORT_GAMMA,DEALER_SHORT_GAMMA,0.39,BEARISH,LOW,0.1,34.9,30.0,0.0,15.0,0.0,35.0,,0.0,0.0,744.69,CHARM_DOMINATED,42.2,0.173,39.9,42.5,NEUTRAL,5.2
2026-07-23 05:15:00,0.0,0.0,0.0,0.0,0.0,0.0,0.0,0.0,0.0,0.0,0.0,0.0,0.0,0.0,0.0,0.0,0.0,NEGATIVE,SHORT_GAMMA,DEALER_SHORT_GAMMA,0.39,BEARISH,LOW,0.1,34.9,30.0,0.0,15.0,0.0,35.0,,0.0,0.0,744.77,CHARM_DOMINATED,42.2,0.173,39.9,42.5,NEUTRAL,5.2
2026-07-23 05:16:00,0.0,0.0,0.0,0.0,0.0,0.0,0.0,0.0,0.0,0.0,0.0,0.0,0.0,0.0,0.0,0.0,0.0,NEGATIVE,SHORT_GAMMA,DEALER_SHORT_GAMMA,0.39,BEARISH,LOW,0.1,34.9,30.0,0.0,15.0,0.0,35.0,,0.0,0.0,744.82,CHARM_DOMINATED,42.2,0.173,39.9,42.5,NEUTRAL,5.2
2026-07-23 05:17:00,0.0,0.0,0.0,0.0,0.0,0.0,0.0,0.0,0.0,0.0,0.0,0.0,0.0,0.0,0.0,0.0,0.0,NEGATIVE,SHORT_GAMMA,DEALER_SHORT_GAMMA,0.39,BEARISH,LOW,0.1,34.9,30.0,0.0,15.0,0.0,35.0,,0.0,0.0,744.88,CHARM_DOMINATED,42.2,0.173,39.9,42.5,NEUTRAL,5.2
2026-07-23 05:18:00,0.0,0.0,0.0,0.0,0.0,0.0,0.0,0.0,0.0,0.0,0.0,0.0,0.0,0.0,0.0,0.0,0.0,NEGATIVE,SHORT_GAMMA,DEALER_SHORT_GAMMA,0.39,BEARISH,LOW,0.1,34.9,30.0,0.0,15.0,0.0,35.0,,0.0,0.0,744.87,CHARM_DOMINATED,42.2,0.173,39.9,42.5,NEUTRAL,5.2
2026-07-23 05:19:00,0.0,0.0,0.0,0.0,0.0,0.0,0.0,0.0,0.0,0.0,0.0,0.0,0.0,0.0,0.0,0.0,0.0,NEGATIVE,SHORT_GAMMA,DEALER_SHORT_GAMMA,0.39,BEARISH,LOW,0.1,34.9,30.0,0.0,15.0,0.0,35.0,,0.0,0.0,744.94,CHARM_DOMINATED,42.2,0.173,39.9,42.5,NEUTRAL,5.2
2026-07-23 05:20:00,0.0,0.0,0.0,0.0,0.0,0.0,0.0,0.0,0.0,0.0,0.0,0.0,0.0,0.0,0.0,0.0,0.0,NEGATIVE,SHORT_GAMMA,DEALER_SHORT_GAMMA,0.39,BEARISH,LOW,0.1,34.9,30.0,0.0,15.0,0.0,35.0,,0.0,0.0,744.91,CHARM_DOMINATED,42.2,0.173,39.9,42.5,NEUTRAL,5.2
2026-07-23 05:21:00,0.0,0.0,0.0,0.0,0.0,0.0,0.0,0.0,0.0,0.0,0.0,0.0,0.0,0.0,0.0,0.0,0.0,NEGATIVE,SHORT_GAMMA,DEALER_SHORT_GAMMA,0.39,BEARISH,LOW,0.1,34.9,30.0,0.0,15.0,0.0,35.0,,0.0,0.0,744.96,CHARM_DOMINATED,42.2,0.173,39.9,42.5,NEUTRAL,5.2
2026-07-23 05:22:00,0.0,0.0,0.0,0.0,0.0,0.0,0.0,0.0,0.0,0.0,0.0,0.0,0.0,0.0,0.0,0.0,0.0,NEGATIVE,SHORT_GAMMA,DEALER_SHORT_GAMMA,0.39,BEARISH,LOW,0.1,34.9,30.0,0.0,15.0,0.0,35.0,,0.0,0.0,745.07,CHARM_DOMINATED,42.2,0.173,42.4,40.0,NEUTRAL,4.8
2026-07-23 05:23:00,0.0,0.0,0.0,0.0,0.0,0.0,0.0,0.0,0.0,0.0,0.0,0.0,0.0,0.0,0.0,0.0,0.0,NEGATIVE,SHORT_GAMMA,DEALER_SHORT_GAMMA,0.39,BEARISH,LOW,0.1,34.9,30.0,0.0,15.0,0.0,35.0,,0.0,0.0,745.0,CHARM_DOMINATED,42.2,0.173,39.4,43.0,NEUTRAL,7.2
2026-07-23 05:24:00,0.0,0.0,0.0,0.0,0.0,0.0,0.0,0.0,0.0,0.0,0.0,0.0,0.0,0.0,0.0,0.0,0.0,NEGATIVE,SHORT_GAMMA,DEALER_SHORT_GAMMA,0.39,BEARISH,LOW,0.1,34.9,30.0,0.0,15.0,0.0,35.0,,0.0,0.0,744.99,CHARM_DOMINATED,42.2,0.173,40.9,40.0,NEUTRAL,1.8
2026-07-23 05:25:00,0.0,0.0,0.0,0.0,0.0,0.0,0.0,0.0,0.0,0.0,0.0,0.0,0.0,0.0,0.0,0.0,0.0,NEGATIVE,SHORT_GAMMA,DEALER_SHORT_GAMMA,0.39,BEARISH,LOW,0.1,34.9,30.0,0.0,15.0,0.0,35.0,,0.0,0.0,745.08,CHARM_DOMINATED,42.2,0.173,42.4,40.0,NEUTRAL,4.8
2026-07-23 05:26:00,0.0,0.0,0.0,0.0,0.0,0.0,0.0,0.0,0.0,0.0,0.0,0.0,0.0,0.0,0.0,0.0,0.0,NEGATIVE,SHORT_GAMMA,DEALER_SHORT_GAMMA,0.39,BEARISH,LOW,0.1,34.9,30.0,0.0,15.0,0.0,35.0,,0.0,0.0,745.12,CHARM_DOMINATED,42.2,0.173,42.4,40.0,NEUTRAL,4.8
2026-07-23 05:27:00,0.0,0.0,0.0,0.0,0.0,0.0,0.0,0.0,0.0,0.0,0.0,0.0,0.0,0.0,0.0,0.0,0.0,NEGATIVE,SHORT_GAMMA,DEALER_SHORT_GAMMA,0.39,BEARISH,LOW,0.1,34.9,30.0,0.0,15.0,0.0,35.0,,0.0,0.0,745.23,CHARM_DOMINATED,42.2,0.173,39.9,42.5,NEUTRAL,5.2
2026-07-23 05:28:00,0.0,0.0,0.0,0.0,0.0,0.0,0.0,0.0,0.0,0.0,0.0,0.0,0.0,0.0,0.0,0.0,0.0,NEGATIVE,SHORT_GAMMA,DEALER_SHORT_GAMMA,0.39,BEARISH,LOW,0.1,34.9,30.0,0.0,15.0,0.0,35.0,,0.0,0.0,745.15,CHARM_DOMINATED,42.2,0.173,42.4,40.0,NEUTRAL,4.8
2026-07-23 05:29:00,0.0,0.0,0.0,0.0,0.0,0.0,0.0,0.0,0.0,0.0,0.0,0.0,0.0,0.0,0.0,0.0,0.0,NEGATIVE,SHORT_GAMMA,DEALER_SHORT_GAMMA,0.39,BEARISH,LOW,0.1,34.9,30.0,0.0,15.0,0.0,35.0,,0.0,0.0,745.1,CHARM_DOMINATED,42.2,0.173,42.4,40.0,NEUTRAL,4.8
2026-07-23 05:30:00,0.0,0.0,0.0,0.0,0.0,0.0,0.0,0.0,0.0,0.0,0.0,0.0,0.0,0.0,0.0,0.0,0.0,NEGATIVE,SHORT_GAMMA,DEALER_SHORT_GAMMA,0.39,BEARISH,LOW,0.1,34.9,30.0,0.0,15.0,0.0,35.0,,0.0,0.0,745.4,CHARM_DOMINATED,39.2,0.682,39.4,41.7,NEUTRAL,4.6
2026-07-23 05:31:00,0.0,0.0,0.0,0.0,0.0,0.0,0.0,0.0,0.0,0.0,0.0,0.0,0.0,0.0,0.0,0.0,0.0,NEGATIVE,SHORT_GAMMA,DEALER_SHORT_GAMMA,0.39,BEARISH,LOW,0.1,34.9,30.0,0.0,15.0,0.0,35.0,,0.0,0.0,745.56,LONG_GAMMA_PINNING,39.1,0.683,40.5,40.5,NEUTRAL,0.0
2026-07-23 05:32:00,0.0,0.0,0.0,0.0,0.0,0.0,0.0,0.0,0.0,0.0,0.0,0.0,0.0,0.0,0.0,0.0,0.0,NEGATIVE,SHORT_GAMMA,DEALER_SHORT_GAMMA,0.39,BEARISH,LOW,0.1,34.9,30.0,0.0,15.0,0.0,35.0,,0.0,0.0,745.57,LONG_GAMMA_PINNING,40.6,0.178,40.7,40.8,NEUTRAL,0.2
2026-07-23 05:33:00,0.0,0.0,0.0,0.0,0.0,0.0,0.0,0.0,0.0,0.0,0.0,0.0,0.0,0.0,0.0,0.0,0.0,NEGATIVE,SHORT_GAMMA,DEALER_SHORT_GAMMA,0.39,BEARISH,LOW,0.1,34.9,30.0,0.0,15.0,0.0,35.0,,0.0,0.0,745.67,LONG_GAMMA_PINNING,40.6,0.178,40.7,40.8,NEUTRAL,0.2
2026-07-23 05:34:00,0.0,0.0,0.0,0.0,0.0,0.0,0.0,0.0,0.0,0.0,0.0,0.0,0.0,0.0,0.0,0.0,0.0,NEGATIVE,SHORT_GAMMA,DEALER_SHORT_GAMMA,0.39,BEARISH,LOW,0.1,34.9,30.0,0.0,15.0,0.0,35.0,,0.0,0.0,745.63,LONG_GAMMA_PINNING,40.6,0.178,40.7,40.8,NEUTRAL,0.2
2026-07-23 05:35:00,0.0,0.0,0.0,0.0,0.0,0.0,0.0,0.0,0.0,0.0,0.0,0.0,0.0,0.0,0.0,0.0,0.0,NEGATIVE,SHORT_GAMMA,DEALER_SHORT_GAMMA,0.39,BEARISH,LOW,0.1,34.9,30.0,0.0,15.0,0.0,35.0,,0.0,0.0,745.79,LONG_GAMMA_PINNING,40.6,0.178,40.7,40.8,NEUTRAL,0.2
2026-07-23 05:36:00,0.0,0.0,0.0,0.0,0.0,0.0,0.0,0.0,0.0,0.0,0.0,0.0,0.0,0.0,0.0,0.0,0.0,NEGATIVE,SHORT_GAMMA,DEALER_SHORT_GAMMA,0.39,BEARISH,LOW,0.1,34.9,30.0,0.0,15.0,0.0,35.0,,0.0,0.0,745.97,LONG_GAMMA_PINNING,40.6,0.178,40.7,40.8,NEUTRAL,0.2
2026-07-23 05:37:00,0.0,0.0,0.0,0.0,0.0,0.0,0.0,0.0,0.0,0.0,0.0,0.0,0.0,0.0,0.0,0.0,0.0,NEGATIVE,SHORT_GAMMA,DEALER_SHORT_GAMMA,0.39,BEARISH,LOW,0.1,34.9,30.0,0.0,15.0,0.0,35.0,,0.0,0.0,745.89,LONG_GAMMA_PINNING,40.6,0.178,40.7,40.8,NEUTRAL,0.2
2026-07-23 05:38:00,0.0,0.0,0.0,0.0,0.0,0.0,0.0,0.0,0.0,0.0,0.0,0.0,0.0,0.0,0.0,0.0,0.0,NEGATIVE,SHORT_GAMMA,DEALER_SHORT_GAMMA,0.39,BEARISH,LOW,0.1,34.9,30.0,0.0,15.0,0.0,35.0,,0.0,0.0,745.99,LONG_GAMMA_PINNING,40.6,0.178,40.7,40.8,NEUTRAL,0.2
2026-07-23 05:39:00,0.0,0.0,0.0,0.0,0.0,0.0,0.0,0.0,0.0,0.0,0.0,0.0,0.0,0.0,0.0,0.0,0.0,NEGATIVE,SHORT_GAMMA,DEALER_SHORT_GAMMA,0.39,BEARISH,LOW,0.1,34.9,30.0,0.0,15.0,0.0,35.0,,0.0,0.0,745.93,LONG_GAMMA_PINNING,40.6,0.178,40.7,40.8,NEUTRAL,0.2
2026-07-23 05:40:00,0.0,0.0,0.0,0.0,0.0,0.0,0.0,0.0,0.0,0.0,0.0,0.0,0.0,0.0,0.0,0.0,0.0,NEGATIVE,SHORT_GAMMA,DEALER_SHORT_GAMMA,0.39,BEARISH,LOW,0.1,34.9,30.0,0.0,15.0,0.0,35.0,,0.0,0.0,745.96,LONG_GAMMA_PINNING,40.6,0.178,40.7,40.8,NEUTRAL,0.2
2026-07-23 05:41:00,0.0,0.0,0.0,0.0,0.0,0.0,0.0,0.0,0.0,0.0,0.0,0.0,0.0,0.0,0.0,0.0,0.0,NEGATIVE,SHORT_GAMMA,DEALER_SHORT_GAMMA,0.39,BEARISH,LOW,0.1,34.9,30.0,0.0,15.0,0.0,35.0,,0.0,0.0,746.09,LONG_GAMMA_PINNING,40.6,0.178,40.5,40.6,NEUTRAL,0.2
2026-07-23 05:42:00,0.0,0.0,0.0,0.0,0.0,0.0,0.0,0.0,0.0,0.0,0.0,0.0,0.0,0.0,0.0,0.0,0.0,NEGATIVE,SHORT_GAMMA,DEALER_SHORT_GAMMA,0.39,BEARISH,LOW,0.1,34.9,30.0,0.0,15.0,0.0,35.0,,0.0,0.0,746.1,LONG_GAMMA_PINNING,40.6,0.178,40.5,40.6,NEUTRAL,0.2
2026-07-23 05:43:00,0.0,0.0,0.0,0.0,0.0,0.0,0.0,0.0,0.0,0.0,0.0,0.0,0.0,0.0,0.0,0.0,0.0,NEGATIVE,SHORT_GAMMA,DEALER_SHORT_GAMMA,0.39,BEARISH,LOW,0.1,34.9,30.0,0.0,15.0,0.0,35.0,,0.0,0.0,745.99,LONG_GAMMA_PINNING,40.6,0.178,39.6,40.8,NEUTRAL,2.4
2026-07-23 05:44:00,0.0,0.0,0.0,0.0,0.0,0.0,0.0,0.0,0.0,0.0,0.0,0.0,0.0,0.0,0.0,0.0,0.0,NEGATIVE,SHORT_GAMMA,DEALER_SHORT_GAMMA,0.39,BEARISH,LOW,0.1,34.9,30.0,0.0,15.0,0.0,35.0,,0.0,0.0,745.84,LONG_GAMMA_PINNING,40.6,0.178,39.6,40.8,NEUTRAL,2.4
2026-07-23 05:45:00,0.0,0.0,0.0,0.0,0.0,0.0,0.0,0.0,0.0,0.0,0.0,0.0,0.0,0.0,0.0,0.0,0.0,NEGATIVE,SHORT_GAMMA,DEALER_SHORT_GAMMA,0.39,BEARISH,LOW,0.1,34.9,30.0,0.0,15.0,0.0,35.0,,0.0,0.0,745.94,LONG_GAMMA_PINNING,40.6,0.178,40.7,40.8,NEUTRAL,0.2
2026-07-23 05:46:00,0.0,0.0,0.0,0.0,0.0,0.0,0.0,0.0,0.0,0.0,0.0,0.0,0.0,0.0,0.0,0.0,0.0,NEGATIVE,SHORT_GAMMA,DEALER_SHORT_GAMMA,0.39,BEARISH,LOW,0.1,34.9,30.0,0.0,15.0,0.0,35.0,,0.0,0.0,745.88,LONG_GAMMA_PINNING,40.6,0.178,40.7,40.8,NEUTRAL,0.2
2026-07-23 05:47:00,0.0,0.0,0.0,0.0,0.0,0.0,0.0,0.0,0.0,0.0,0.0,0.0,0.0,0.0,0.0,0.0,0.0,NEGATIVE,SHORT_GAMMA,DEALER_SHORT_GAMMA,0.39,BEARISH,LOW,0.1,34.9,30.0,0.0,15.0,0.0,35.0,,0.0,0.0,745.92,LONG_GAMMA_PINNING,40.6,0.178,40.7,40.8,NEUTRAL,0.2
2026-07-23 05:48:00,0.0,0.0,0.0,0.0,0.0,0.0,0.0,0.0,0.0,0.0,0.0,0.0,0.0,0.0,0.0,0.0,0.0,NEGATIVE,SHORT_GAMMA,DEALER_SHORT_GAMMA,0.39,BEARISH,LOW,0.1,34.9,30.0,0.0,15.0,0.0,35.0,,0.0,0.0,745.99,LONG_GAMMA_PINNING,40.6,0.178,40.7,40.8,NEUTRAL,0.2
2026-07-23 05:49:00,0.0,0.0,0.0,0.0,0.0,0.0,0.0,0.0,0.0,0.0,0.0,0.0,0.0,0.0,0.0,0.0,0.0,NEGATIVE,SHORT_GAMMA,DEALER_SHORT_GAMMA,0.39,BEARISH,LOW,0.1,34.9,30.0,0.0,15.0,0.0,35.0,,0.0,0.0,745.98,LONG_GAMMA_PINNING,40.7,0.178,40.8,40.8,NEUTRAL,0.0
2026-07-23 05:50:00,0.0,0.0,0.0,0.0,0.0,0.0,0.0,0.0,0.0,0.0,0.0,0.0,0.0,0.0,0.0,0.0,0.0,NEGATIVE,SHORT_GAMMA,DEALER_SHORT_GAMMA,0.39,BEARISH,LOW,0.1,34.9,30.0,0.0,15.0,0.0,35.0,,0.0,0.0,745.93,LONG_GAMMA_PINNING,40.7,0.178,40.8,40.8,NEUTRAL,0.0
2026-07-23 05:51:00,0.0,0.0,0.0,0.0,0.0,0.0,0.0,0.0,0.0,0.0,0.0,0.0,0.0,0.0,0.0,0.0,0.0,NEGATIVE,SHORT_GAMMA,DEALER_SHORT_GAMMA,0.39,BEARISH,LOW,0.1,34.9,30.0,0.0,15.0,0.0,35.0,,0.0,0.0,745.82,LONG_GAMMA_PINNING,40.7,0.178,40.8,40.8,NEUTRAL,0.0
2026-07-23 05:52:00,0.0,0.0,0.0,0.0,0.0,0.0,0.0,0.0,0.0,0.0,0.0,0.0,0.0,0.0,0.0,0.0,0.0,NEGATIVE,SHORT_GAMMA,DEALER_SHORT_GAMMA,0.39,BEARISH,LOW,0.1,34.9,30.0,0.0,15.0,0.0,35.0,,0.0,0.0,745.85,LONG_GAMMA_PINNING,40.7,0.178,40.8,40.8,NEUTRAL,0.0
2026-07-23 05:53:00,0.0,0.0,0.0,0.0,0.0,0.0,0.0,0.0,0.0,0.0,0.0,0.0,0.0,0.0,0.0,0.0,0.0,NEGATIVE,SHORT_GAMMA,DEALER_SHORT_GAMMA,0.39,BEARISH,LOW,0.1,34.9,30.0,0.0,15.0,0.0,35.0,,0.0,0.0,745.91,LONG_GAMMA_PINNING,40.7,0.178,40.8,40.8,NEUTRAL,0.0
2026-07-23 05:54:00,0.0,0.0,0.0,0.0,0.0,0.0,0.0,0.0,0.0,0.0,0.0,0.0,0.0,0.0,0.0,0.0,0.0,NEGATIVE,SHORT_GAMMA,DEALER_SHORT_GAMMA,0.39,BEARISH,LOW,0.1,34.9,30.0,0.0,15.0,0.0,35.0,,0.0,0.0,745.88,LONG_GAMMA_PINNING,40.7,0.178,40.8,40.8,NEUTRAL,0.0
2026-07-23 05:55:00,0.0,0.0,0.0,0.0,0.0,0.0,0.0,0.0,0.0,0.0,0.0,0.0,0.0,0.0,0.0,0.0,0.0,NEGATIVE,SHORT_GAMMA,DEALER_SHORT_GAMMA,0.39,BEARISH,LOW,0.1,34.9,30.0,0.0,15.0,0.0,35.0,,0.0,0.0,745.93,LONG_GAMMA_PINNING,40.7,0.178,40.8,40.8,NEUTRAL,0.0
2026-07-23 05:56:00,0.0,0.0,0.0,0.0,0.0,0.0,0.0,0.0,0.0,0.0,0.0,0.0,0.0,0.0,0.0,0.0,0.0,NEGATIVE,SHORT_GAMMA,DEALER_SHORT_GAMMA,0.39,BEARISH,LOW,0.1,34.9,30.0,0.0,15.0,0.0,35.0,,0.0,0.0,745.93,LONG_GAMMA_PINNING,40.9,0.177,40.8,40.8,NEUTRAL,0.0
2026-07-23 05:59:00,0.0,0.0,0.0,0.0,0.0,0.0,0.0,0.0,0.0,0.0,0.0,0.0,0.0,0,0,0.0,0.0,NEGATIVE,SHORT_GAMMA,DEALER_SHORT_GAMMA,0.39,BEARISH,LOW,0.0,35.0,30.0,0.0,15.0,0.0,35.0,,0.0,0.0,745.83,LONG_GAMMA_PINNING,40.9,0.0,40.8,40.8,NEUTRAL,0.0
2026-07-23 06:00:00,0.0,0.0,0.0,0.0,0.0,0.0,0.0,0.0,0.0,0.0,0.0,0.0,0.0,0.0,0.0,0.0,0.0,NEGATIVE,SHORT_GAMMA,DEALER_SHORT_GAMMA,0.39,BEARISH,LOW,0.0,35.0,30.0,0.0,15.0,0.0,35.0,,0.0,0.0,745.76,LONG_GAMMA_PINNING,40.9,0.0,40.8,40.8,NEUTRAL,0.0
2026-07-23 06:01:00,0.0,0.0,0.0,0.0,0.0,0.0,0.0,0.0,0.0,0.0,0.0,0.0,0.0,0.0,0.0,0.0,0.0,NEGATIVE,SHORT_GAMMA,DEALER_SHORT_GAMMA,0.39,BEARISH,LOW,0.0,35.0,30.0,0.0,15.0,0.0,35.0,,0.0,0.0,745.61,LONG_GAMMA_PINNING,40.9,0.177,40.8,40.8,NEUTRAL,0.0
2026-07-23 06:02:00,0.0,0.0,0.0,0.0,0.0,0.0,0.0,0.0,0.0,0.0,0.0,0.0,0.0,0.0,0.0,0.0,0.0,NEGATIVE,SHORT_GAMMA,DEALER_SHORT_GAMMA,0.39,BEARISH,LOW,0.0,35.0,30.0,0.0,15.0,0.0,35.0,,0.0,0.0,745.26,LONG_GAMMA_PINNING,40.9,0.177,40.8,40.8,NEUTRAL,0.0
2026-07-23 06:03:00,0.0,0.0,0.0,0.0,0.0,0.0,0.0,0.0,0.0,0.0,0.0,0.0,0.0,0.0,0.0,0.0,0.0,NEGATIVE,SHORT_GAMMA,DEALER_SHORT_GAMMA,0.39,BEARISH,LOW,0.0,35.0,30.0,0.0,15.0,0.0,35.0,,0.0,0.0,745.26,LONG_GAMMA_PINNING,40.9,0.177,40.8,40.8,NEUTRAL,0.0
2026-07-23 06:04:00,0.0,0.0,0.0,0.0,0.0,0.0,0.0,0.0,0.0,0.0,0.0,0.0,0.0,0.0,0.0,0.0,0.0,NEGATIVE,SHORT_GAMMA,DEALER_LONG_GAMMA,0.33,NEUTRAL,LOW,5.2,29.8,30.0,0.0,15.0,15.0,20.0,,0.0,0.0,745.38,LONG_GAMMA_PINNING,40.9,0.177,40.8,40.8,NEUTRAL,0.0
2026-07-23 06:05:00,0.0,0.0,0.0,0.0,0.0,0.0,0.0,0.0,0.0,0.0,0.0,0.0,0.0,0.0,0.0,0.0,0.0,NEGATIVE,SHORT_GAMMA,DEALER_SHORT_GAMMA,0.39,BEARISH,LOW,3.4,31.6,30.0,0.0,15.0,0.0,35.0,,0.0,0.0,745.18,LONG_GAMMA_PINNING,40.9,0.177,40.8,40.8,NEUTRAL,0.0
2026-07-23 06:06:00,0.0,0.0,0.0,0.0,0.0,0.0,0.0,0.0,0.0,0.0,0.0,0.0,0.0,0.0,0.0,0.0,0.0,NEGATIVE,SHORT_GAMMA,DEALER_SHORT_GAMMA,0.39,BEARISH,LOW,2.2,32.8,30.0,0.0,15.0,0.0,35.0,,0.0,0.0,745.09,LONG_GAMMA_PINNING,40.9,0.177,40.8,40.8,NEUTRAL,0.0
2026-07-23 06:07:00,0.0,0.0,0.0,0.0,0.0,0.0,0.0,0.0,0.0,0.0,0.0,0.0,0.0,0.0,0.0,0.0,0.0,NEGATIVE,SHORT_GAMMA,DEALER_SHORT_GAMMA,0.39,BEARISH,LOW,1.4,33.6,30.0,0.0,15.0,0.0,35.0,,0.0,0.0,745.12,LONG_GAMMA_PINNING,40.9,0.177,40.8,40.8,NEUTRAL,0.0
2026-07-23 06:08:00,0.0,0.0,0.0,0.0,0.0,0.0,0.0,0.0,0.0,0.0,0.0,0.0,0.0,0.0,0.0,0.0,0.0,NEGATIVE,SHORT_GAMMA,DEALER_SHORT_GAMMA,0.39,BEARISH,LOW,0.9,34.1,30.0,0.0,15.0,0.0,35.0,,0.0,0.0,744.97,LONG_GAMMA_PINNING,40.9,0.177,39.6,40.8,NEUTRAL,2.4
2026-07-23 06:09:00,0.0,0.0,0.0,0.0,0.0,0.0,0.0,0.0,0.0,0.0,0.0,0.0,0.0,0.0,0.0,0.0,0.0,NEGATIVE,SHORT_GAMMA,DEALER_SHORT_GAMMA,0.39,BEARISH,LOW,0.6,34.4,30.0,0.0,15.0,0.0,35.0,,0.0,0.0,745.02,LONG_GAMMA_PINNING,40.9,0.177,40.8,40.8,NEUTRAL,0.0
2026-07-23 06:10:00,0.0,0.0,0.0,0.0,0.0,0.0,0.0,0.0,0.0,0.0,0.0,0.0,0.0,0.0,0.0,0.0,0.0,NEGATIVE,SHORT_GAMMA,DEALER_SHORT_GAMMA,0.39,BEARISH,LOW,0.4,34.6,30.0,0.0,15.0,0.0,35.0,,0.0,0.0,744.97,LONG_GAMMA_PINNING,40.9,0.177,40.8,40.8,NEUTRAL,0.0
2026-07-23 06:11:00,0.0,0.0,0.0,0.0,0.0,0.0,0.0,0.0,0.0,0.0,0.0,0.0,0.0,0.0,0.0,0.0,0.0,NEGATIVE,SHORT_GAMMA,DEALER_SHORT_GAMMA,0.39,BEARISH,LOW,0.3,34.7,30.0,0.0,15.0,0.0,35.0,,0.0,0.0,744.92,LONG_GAMMA_PINNING,40.9,0.177,39.6,40.8,NEUTRAL,2.4
2026-07-23 06:12:00,0.0,0.0,0.0,0.0,0.0,0.0,0.0,0.0,0.0,0.0,0.0,0.0,0.0,0.0,0.0,0.0,0.0,NEGATIVE,SHORT_GAMMA,DEALER_LONG_GAMMA,0.33,NEUTRAL,LOW,5.4,29.6,30.0,0.0,15.0,15.0,20.0,,0.0,0.0,745.17,LONG_GAMMA_PINNING,40.9,0.177,40.8,40.8,NEUTRAL,0.0
2026-07-23 06:13:00,0.0,0.0,0.0,0.0,0.0,0.0,0.0,0.0,0.0,0.0,0.0,0.0,0.0,0.0,0.0,0.0,0.0,NEGATIVE,SHORT_GAMMA,DEALER_LONG_GAMMA,0.33,NEUTRAL,LOW,8.8,26.2,30.0,0.0,15.0,15.0,20.0,,0.0,0.0,745.09,LONG_GAMMA_PINNING,40.9,0.177,40.8,40.8,NEUTRAL,0.0
2026-07-23 06:14:00,0.0,0.0,0.0,0.0,0.0,0.0,0.0,0.0,0.0,0.0,0.0,0.0,0.0,0.0,0.0,0.0,0.0,NEGATIVE,SHORT_GAMMA,DEALER_LONG_GAMMA,0.33,NEUTRAL,LOW,11.0,24.0,30.0,0.0,15.0,15.0,20.0,,0.0,0.0,745.13,LONG_GAMMA_PINNING,40.9,0.177,40.8,40.8,NEUTRAL,0.0
2026-07-23 06:15:00,0.0,0.0,0.0,0.0,0.0,0.0,0.0,0.0,0.0,0.0,0.0,0.0,0.0,0.0,0.0,0.0,0.0,NEGATIVE,SHORT_GAMMA,DEALER_LONG_GAMMA,0.33,NEUTRAL,LOW,12.4,22.6,30.0,0.0,15.0,15.0,20.0,,0.0,0.0,745.35,LONG_GAMMA_PINNING,40.9,0.177,40.8,40.8,NEUTRAL,0.0
2026-07-23 06:16:00,0.0,0.0,0.0,0.0,0.0,0.0,0.0,0.0,0.0,0.0,0.0,0.0,0.0,0.0,0.0,0.0,0.0,NEGATIVE,SHORT_GAMMA,DEALER_LONG_GAMMA,0.33,NEUTRAL,LOW,13.3,21.7,30.0,0.0,15.0,15.0,20.0,,0.0,0.0,745.22,LONG_GAMMA_PINNING,40.9,0.177,40.8,40.8,NEUTRAL,0.0
2026-07-23 06:17:00,0.0,0.0,0.0,0.0,0.0,0.0,0.0,0.0,0.0,0.0,0.0,0.0,0.0,0.0,0.0,0.0,0.0,NEGATIVE,SHORT_GAMMA,DEALER_SHORT_GAMMA,0.39,BEARISH,LOW,8.6,26.4,30.0,0.0,15.0,0.0,35.0,,0.0,0.0,745.22,LONG_GAMMA_PINNING,41.0,0.177,40.8,40.8,NEUTRAL,0.0
2026-07-23 06:18:00,0.0,0.0,0.0,0.0,0.0,0.0,0.0,0.0,0.0,0.0,0.0,0.0,0.0,0.0,0.0,0.0,0.0,NEGATIVE,SHORT_GAMMA,DEALER_SHORT_GAMMA,0.39,BEARISH,LOW,5.6,29.4,30.0,0.0,15.0,0.0,35.0,,0.0,0.0,745.08,LONG_GAMMA_PINNING,41.0,0.177,40.8,40.8,NEUTRAL,0.0
2026-07-23 06:19:00,0.0,0.0,0.0,0.0,0.0,0.0,0.0,0.0,0.0,0.0,0.0,0.0,0.0,0.0,0.0,0.0,0.0,NEGATIVE,SHORT_GAMMA,DEALER_SHORT_GAMMA,0.39,BEARISH,LOW,3.6,31.4,30.0,0.0,15.0,0.0,35.0,,0.0,0.0,745.12,LONG_GAMMA_PINNING,41.0,0.177,40.8,40.8,NEUTRAL,0.0
2026-07-23 06:20:00,0.0,0.0,0.0,0.0,0.0,0.0,0.0,0.0,0.0,0.0,0.0,0.0,0.0,0.0,0.0,0.0,0.0,NEGATIVE,SHORT_GAMMA,DEALER_SHORT_GAMMA,0.39,BEARISH,LOW,2.3,32.7,30.0,0.0,15.0,0.0,35.0,,0.0,0.0,745.06,LONG_GAMMA_PINNING,41.0,0.177,40.8,40.8,NEUTRAL,0.0
2026-07-23 06:21:00,0.0,0.0,0.0,0.0,0.0,0.0,0.0,0.0,0.0,0.0,0.0,0.0,0.0,0.0,0.0,0.0,0.0,NEGATIVE,SHORT_GAMMA,DEALER_SHORT_GAMMA,0.39,BEARISH,LOW,1.5,33.5,30.0,0.0,15.0,0.0,35.0,,0.0,0.0,744.78,LONG_GAMMA_PINNING,41.0,0.177,39.7,40.8,NEUTRAL,2.2
2026-07-23 06:22:00,0.0,0.0,0.0,0.0,0.0,0.0,0.0,0.0,0.0,0.0,0.0,0.0,0.0,0.0,0.0,0.0,0.0,NEGATIVE,SHORT_GAMMA,DEALER_SHORT_GAMMA,0.39,BEARISH,LOW,1.0,34.0,30.0,0.0,15.0,0.0,35.0,,0.0,0.0,744.78,LONG_GAMMA_PINNING,41.0,0.177,39.7,40.8,NEUTRAL,2.2
2026-07-23 06:23:00,0.0,0.0,0.0,0.0,0.0,0.0,0.0,0.0,0.0,0.0,0.0,0.0,0.0,0.0,0.0,0.0,0.0,NEGATIVE,SHORT_GAMMA,DEALER_SHORT_GAMMA,0.39,BEARISH,LOW,0.7,34.4,30.0,0.0,15.0,0.0,35.0,,0.0,0.0,744.56,LONG_GAMMA_PINNING,41.0,0.177,40.8,40.8,NEUTRAL,0.0
2026-07-23 06:24:00,0.0,0.0,0.0,0.0,0.0,0.0,0.0,0.0,0.0,0.0,0.0,0.0,0.0,0.0,0.0,0.0,0.0,NEGATIVE,SHORT_GAMMA,DEALER_SHORT_GAMMA,0.39,BEARISH,LOW,0.5,34.6,30.0,0.0,15.0,0.0,35.0,,0.0,0.0,744.46,LONG_GAMMA_PINNING,41.0,0.177,40.8,40.8,NEUTRAL,0.0
2026-07-23 06:25:00,0.0,0.0,0.0,0.0,0.0,0.0,0.0,0.0,0.0,0.0,0.0,0.0,0.0,0.0,0.0,0.0,0.0,NEGATIVE,SHORT_GAMMA,DEALER_SHORT_GAMMA,0.39,BEARISH,LOW,0.3,34.7,30.0,0.0,15.0,0.0,35.0,,0.0,0.0,744.51,LONG_GAMMA_PINNING,41.0,0.177,40.8,40.8,NEUTRAL,0.0
2026-07-23 06:26:00,0.0,0.0,0.0,0.0,0.0,0.0,0.0,0.0,0.0,0.0,0.0,0.0,0.0,0.0,0.0,0.0,0.0,NEGATIVE,SHORT_GAMMA,DEALER_SHORT_GAMMA,0.39,BEARISH,LOW,0.2,34.8,30.0,0.0,15.0,0.0,35.0,,0.0,0.0,744.48,LONG_GAMMA_PINNING,41.0,0.177,40.8,40.8,NEUTRAL,0.0
2026-07-23 06:27:00,0.0,0.0,0.0,0.0,0.0,0.0,0.0,0.0,0.0,0.0,0.0,0.0,0.0,0.0,0.0,0.0,0.0,NEGATIVE,SHORT_GAMMA,DEALER_LONG_GAMMA,0.33,NEUTRAL,LOW,5.4,29.6,30.0,0.0,15.0,15.0,20.0,,0.0,0.0,744.51,LONG_GAMMA_PINNING,41.0,0.177,40.8,40.8,NEUTRAL,0.0
2026-07-23 06:28:00,0.0,0.0,0.0,0.0,0.0,0.0,0.0,0.0,0.0,0.0,0.0,0.0,0.0,0.0,0.0,0.0,0.0,NEGATIVE,SHORT_GAMMA,DEALER_SHORT_GAMMA,0.39,BEARISH,LOW,3.5,31.5,30.0,0.0,15.0,0.0,35.0,,0.0,0.0,744.5,LONG_GAMMA_PINNING,41.0,0.177,40.8,40.8,NEUTRAL,0.0
2026-07-23 06:29:00,0.0,0.0,0.0,0.0,0.0,0.0,0.0,0.0,0.0,0.0,0.0,0.0,0.0,0.0,0.0,0.0,0.0,NEGATIVE,SHORT_GAMMA,DEALER_SHORT_GAMMA,0.39,BEARISH,LOW,2.3,32.7,30.0,0.0,15.0,0.0,35.0,,0.0,0.0,744.28,LONG_GAMMA_PINNING,41.0,0.177,40.8,40.8,NEUTRAL,0.0
2026-07-23 06:30:00,0.0,0.0,0.0,0.0,0.0,0.0,0.0,0.0,0.0,0.0,0.0,0.0,0.0,0.0,0.0,0.0,0.0,NEGATIVE,SHORT_GAMMA,DEALER_SHORT_GAMMA,0.39,BEARISH,LOW,1.5,33.5,30.0,0.0,15.0,0.0,35.0,,0.0,0.0,744.34,LONG_GAMMA_PINNING,41.0,0.177,40.8,40.8,NEUTRAL,0.0
2026-07-23 06:31:00,0.0,0.0,0.0,0.0,0.0,0.0,0.0,0.0,0.0,0.0,0.0,0.0,0.0,0.0,0.0,0.0,0.0,NEGATIVE,SHORT_GAMMA,DEALER_SHORT_GAMMA,0.39,BEARISH,LOW,1.0,34.0,30.0,0.0,15.0,0.0,35.0,,0.0,0.0,744.31,LONG_GAMMA_PINNING,41.0,0.177,40.8,40.8,NEUTRAL,0.0
2026-07-23 06:32:00,0.0,0.0,0.0,0.0,0.0,0.0,0.0,0.0,0.0,0.0,0.0,0.0,0.0,0.0,0.0,0.0,0.0,NEGATIVE,SHORT_GAMMA,DEALER_SHORT_GAMMA,0.39,BEARISH,LOW,0.7,34.4,30.0,0.0,15.0,0.0,35.0,,0.0,0.0,744.31,LONG_GAMMA_PINNING,41.0,0.177,40.8,40.8,NEUTRAL,0.0
2026-07-23 06:33:00,0.0,0.0,0.0,0.0,0.0,0.0,0.0,0.0,0.0,0.0,0.0,0.0,0.0,0.0,0.0,0.0,0.0,NEGATIVE,SHORT_GAMMA,DEALER_SHORT_GAMMA,0.39,BEARISH,LOW,0.5,34.6,30.0,0.0,15.0,0.0,35.0,,0.0,0.0,744.11,LONG_GAMMA_PINNING,41.0,0.177,40.8,40.8,NEUTRAL,0.0
2026-07-23 06:34:00,0.0,0.0,0.0,0.0,0.0,0.0,0.0,0.0,0.0,0.0,0.0,0.0,0.0,0.0,0.0,0.0,0.0,NEGATIVE,SHORT_GAMMA,DEALER_SHORT_GAMMA,0.39,BEARISH,LOW,0.3,34.7,30.0,0.0,15.0,0.0,35.0,,0.0,0.0,743.97,LONG_GAMMA_PINNING,41.0,0.177,39.7,40.8,NEUTRAL,2.2
2026-07-23 06:35:00,0.0,0.0,0.0,0.0,0.0,0.0,0.0,0.0,0.0,0.0,0.0,0.0,0.0,0.0,0.0,0.0,0.0,NEGATIVE,SHORT_GAMMA,DEALER_SHORT_GAMMA,0.39,BEARISH,LOW,0.2,34.8,30.0,0.0,15.0,0.0,35.0,,0.0,0.0,743.49,LONG_GAMMA_PINNING,41.0,0.177,39.7,40.8,NEUTRAL,2.2
2026-07-23 06:36:00,0.0,0.0,0.0,0.0,0.0,0.0,0.0,0.0,0.0,0.0,0.0,0.0,0.0,0.0,0.0,0.0,0.0,NEGATIVE,SHORT_GAMMA,DEALER_SHORT_GAMMA,0.39,BEARISH,LOW,0.1,34.9,30.0,0.0,15.0,0.0,35.0,,0.0,0.0,743.23,LONG_GAMMA_PINNING,41.0,0.177,39.7,40.8,NEUTRAL,2.2
2026-07-23 06:37:00,0.0,0.0,0.0,0.0,0.0,0.0,0.0,0.0,0.0,0.0,0.0,0.0,0.0,0.0,0.0,0.0,0.0,NEGATIVE,SHORT_GAMMA,DEALER_SHORT_GAMMA,0.39,BEARISH,LOW,0.1,34.9,30.0,0.0,15.0,0.0,35.0,,0.0,0.0,743.15,LONG_GAMMA_PINNING,41.0,0.177,40.8,40.8,NEUTRAL,0.0
2026-07-23 06:38:00,0.0,0.0,0.0,0.0,0.0,0.0,0.0,0.0,0.0,0.0,0.0,0.0,0.0,0.0,0.0,0.0,0.0,NEGATIVE,SHORT_GAMMA,DEALER_SHORT_GAMMA,0.39,BEARISH,LOW,0.1,34.9,30.0,0.0,15.0,0.0,35.0,,0.0,0.0,743.18,LONG_GAMMA_PINNING,41.0,0.177,40.8,40.8,NEUTRAL,0.0
2026-07-23 06:39:00,0.0,0.0,0.0,0.0,0.0,0.0,0.0,0.0,0.0,0.0,0.0,0.0,0.0,0.0,0.0,0.0,0.0,NEGATIVE,SHORT_GAMMA,DEALER_SHORT_GAMMA,0.39,BEARISH,LOW,0.1,34.9,30.0,0.0,15.0,0.0,35.0,,0.0,0.0,743.1,LONG_GAMMA_PINNING,41.0,0.177,40.8,40.8,NEUTRAL,0.0
2026-07-23 06:40:00,0.0,0.0,0.0,0.0,0.0,0.0,0.0,0.0,0.0,0.0,0.0,0.0,0.0,0.0,0.0,0.0,0.0,NEGATIVE,SHORT_GAMMA,DEALER_SHORT_GAMMA,0.39,BEARISH,LOW,0.1,34.9,30.0,0.0,15.0,0.0,35.0,,0.0,0.0,743.14,LONG_GAMMA_PINNING,41.0,0.177,40.8,40.8,NEUTRAL,0.0
2026-07-23 06:41:00,0.0,0.0,0.0,0.0,0.0,0.0,0.0,0.0,0.0,0.0,0.0,0.0,0.0,0.0,0.0,0.0,0.0,NEGATIVE,SHORT_GAMMA,DEALER_SHORT_GAMMA,0.39,BEARISH,LOW,0.1,34.9,30.0,0.0,15.0,0.0,35.0,,0.0,0.0,742.97,LONG_GAMMA_PINNING,41.0,0.177,39.7,40.8,NEUTRAL,2.2
2026-07-23 06:42:00,0.0,0.0,0.0,0.0,0.0,0.0,0.0,0.0,0.0,0.0,0.0,0.0,0.0,0.0,0.0,0.0,0.0,NEGATIVE,SHORT_GAMMA,DEALER_SHORT_GAMMA,0.39,BEARISH,LOW,0.1,34.9,30.0,0.0,15.0,0.0,35.0,,0.0,0.0,743.06,LONG_GAMMA_PINNING,41.0,0.177,40.8,40.8,NEUTRAL,0.0
2026-07-23 06:43:00,0.0,0.0,0.0,0.0,0.0,0.0,0.0,0.0,0.0,0.0,0.0,0.0,0.0,0.0,0.0,0.0,0.0,NEGATIVE,SHORT_GAMMA,DEALER_LONG_GAMMA,0.33,NEUTRAL,LOW,5.3,29.7,30.0,0.0,15.0,15.0,20.0,,0.0,0.0,743.29,LONG_GAMMA_PINNING,41.0,0.177,40.8,40.8,NEUTRAL,0.0
2026-07-23 06:44:00,0.0,0.0,0.0,0.0,0.0,0.0,0.0,0.0,0.0,0.0,0.0,0.0,0.0,0.0,0.0,0.0,0.0,NEGATIVE,SHORT_GAMMA,DEALER_SHORT_GAMMA,0.39,BEARISH,LOW,3.4,31.6,30.0,0.0,15.0,0.0,35.0,,0.0,0.0,743.09,LONG_GAMMA_PINNING,41.0,0.177,40.8,40.8,NEUTRAL,0.0
2026-07-23 06:45:00,0.0,0.0,0.0,0.0,0.0,0.0,0.0,0.0,0.0,0.0,0.0,0.0,0.0,0.0,0.0,0.0,0.0,NEGATIVE,SHORT_GAMMA,DEALER_LONG_GAMMA,0.33,NEUTRAL,LOW,7.5,27.5,30.0,0.0,15.0,15.0,20.0,,0.0,0.0,743.22,LONG_GAMMA_PINNING,41.0,0.177,40.8,40.8,NEUTRAL,0.0
2026-07-23 06:46:00,0.0,0.0,0.0,0.0,0.0,0.0,0.0,0.0,0.0,0.0,0.0,0.0,0.0,0.0,0.0,0.0,0.0,NEGATIVE,SHORT_GAMMA,DEALER_SHORT_GAMMA,0.39,BEARISH,LOW,4.9,30.1,30.0,0.0,15.0,0.0,35.0,,0.0,0.0,743.09,LONG_GAMMA_PINNING,41.0,0.177,40.8,40.8,NEUTRAL,0.0
2026-07-23 06:47:00,0.0,0.0,0.0,0.0,0.0,0.0,0.0,0.0,0.0,0.0,0.0,0.0,0.0,0.0,0.0,0.0,0.0,NEGATIVE,SHORT_GAMMA,DEALER_SHORT_GAMMA,0.39,BEARISH,LOW,3.2,31.8,30.0,0.0,15.0,0.0,35.0,,0.0,0.0,742.95,LONG_GAMMA_PINNING,41.0,0.177,39.7,40.8,NEUTRAL,2.2
2026-07-23 06:48:00,0.0,0.0,0.0,0.0,0.0,0.0,0.0,0.0,0.0,0.0,0.0,0.0,0.0,0.0,0.0,0.0,0.0,NEGATIVE,SHORT_GAMMA,DEALER_LONG_GAMMA,0.33,NEUTRAL,LOW,7.3,27.7,30.0,0.0,15.0,15.0,20.0,,0.0,0.0,743.23,LONG_GAMMA_PINNING,41.0,0.177,40.8,40.8,NEUTRAL,0.0
2026-07-23 06:49:00,0.0,0.0,0.0,0.0,0.0,0.0,0.0,0.0,0.0,0.0,0.0,0.0,0.0,0.0,0.0,0.0,0.0,NEGATIVE,SHORT_GAMMA,DEALER_LONG_GAMMA,0.33,NEUTRAL,LOW,10.0,25.0,30.0,0.0,15.0,15.0,20.0,,0.0,0.0,743.24,LONG_GAMMA_PINNING,41.0,0.177,40.8,40.8,NEUTRAL,0.0
2026-07-23 06:50:00,0.0,0.0,0.0,0.0,0.0,0.0,0.0,0.0,0.0,0.0,0.0,0.0,0.0,0.0,0.0,0.0,0.0,NEGATIVE,SHORT_GAMMA,DEALER_LONG_GAMMA,0.33,NEUTRAL,LOW,11.8,23.2,30.0,0.0,15.0,15.0,20.0,,0.0,0.0,743.46,LONG_GAMMA_PINNING,41.0,0.177,40.8,40.8,NEUTRAL,0.0
2026-07-23 06:51:00,0.0,0.0,0.0,0.0,0.0,0.0,0.0,0.0,0.0,0.0,0.0,0.0,0.0,0.0,0.0,0.0,0.0,NEGATIVE,SHORT_GAMMA,DEALER_LONG_GAMMA,0.33,NEUTRAL,LOW,12.9,22.1,30.0,0.0,15.0,15.0,20.0,,0.0,0.0,743.47,LONG_GAMMA_PINNING,41.0,0.177,40.8,40.8,NEUTRAL,0.0
2026-07-23 06:52:00,0.0,0.0,0.0,0.0,0.0,0.0,0.0,0.0,0.0,0.0,0.0,0.0,0.0,0.0,0.0,0.0,0.0,NEGATIVE,SHORT_GAMMA,DEALER_LONG_GAMMA,0.33,NEUTRAL,LOW,13.6,21.4,30.0,0.0,15.0,15.0,20.0,,0.0,0.0,743.44,LONG_GAMMA_PINNING,41.0,0.177,40.8,40.8,NEUTRAL,0.0
2026-07-23 06:53:00,0.0,0.0,0.0,0.0,0.0,0.0,0.0,0.0,0.0,0.0,0.0,0.0,0.0,0.0,0.0,0.0,0.0,NEGATIVE,SHORT_GAMMA,DEALER_LONG_GAMMA,0.33,NEUTRAL,LOW,14.1,20.9,30.0,0.0,15.0,15.0,20.0,,0.0,0.0,743.7,LONG_GAMMA_PINNING,41.0,0.177,40.8,40.8,NEUTRAL,0.0
2026-07-23 06:54:00,0.0,0.0,0.0,0.0,0.0,0.0,0.0,0.0,0.0,0.0,0.0,0.0,0.0,0.0,0.0,0.0,0.0,NEGATIVE,SHORT_GAMMA,DEALER_LONG_GAMMA,0.33,NEUTRAL,LOW,14.4,20.6,30.0,0.0,15.0,15.0,20.0,,0.0,0.0,743.65,LONG_GAMMA_PINNING,41.0,0.177,40.8,40.8,NEUTRAL,0.0
2026-07-23 06:55:00,0.0,0.0,0.0,0.0,0.0,0.0,0.0,0.0,0.0,0.0,0.0,0.0,0.0,0.0,0.0,0.0,0.0,NEGATIVE,SHORT_GAMMA,DEALER_LONG_GAMMA,0.33,NEUTRAL,LOW,14.6,20.4,30.0,0.0,15.0,15.0,20.0,,0.0,0.0,743.73,LONG_GAMMA_PINNING,41.0,0.177,40.8,40.8,NEUTRAL,0.0
2026-07-23 06:56:00,0.0,0.0,0.0,0.0,0.0,0.0,0.0,0.0,0.0,0.0,0.0,0.0,0.0,0.0,0.0,0.0,0.0,NEGATIVE,SHORT_GAMMA,DEALER_SHORT_GAMMA,0.39,BEARISH,LOW,9.5,25.5,30.0,0.0,15.0,0.0,35.0,,0.0,0.0,743.65,LONG_GAMMA_PINNING,41.0,0.177,40.8,40.8,NEUTRAL,0.0
2026-07-23 06:57:00,0.0,0.0,0.0,0.0,0.0,0.0,0.0,0.0,0.0,0.0,0.0,0.0,0.0,0.0,0.0,0.0,0.0,NEGATIVE,SHORT_GAMMA,DEALER_LONG_GAMMA,0.33,NEUTRAL,LOW,11.4,23.6,30.0,0.0,15.0,15.0,20.0,,0.0,0.0,743.69,LONG_GAMMA_PINNING,41.0,0.177,40.8,40.8,NEUTRAL,0.0
2026-07-23 06:58:00,0.0,0.0,0.0,0.0,0.0,0.0,0.0,0.0,0.0,0.0,0.0,0.0,0.0,0.0,0.0,0.0,0.0,NEGATIVE,SHORT_GAMMA,DEALER_LONG_GAMMA,0.33,NEUTRAL,LOW,12.7,22.3,30.0,0.0,15.0,15.0,20.0,,0.0,0.0,743.72,LONG_GAMMA_PINNING,41.0,0.177,40.8,40.8,NEUTRAL,0.0
2026-07-23 06:59:00,0.0,0.0,0.0,0.0,0.0,0.0,0.0,0.0,0.0,0.0,0.0,0.0,0.0,0.0,0.0,0.0,0.0,NEGATIVE,SHORT_GAMMA,DEALER_LONG_GAMMA,0.33,NEUTRAL,LOW,13.5,21.5,30.0,0.0,15.0,15.0,20.0,,0.0,0.0,743.88,LONG_GAMMA_PINNING,41.0,0.177,40.8,40.8,NEUTRAL,0.0
2026-07-23 07:00:00,0.0,0.0,0.0,0.0,0.0,0.0,0.0,0.0,0.0,0.0,0.0,0.0,0.0,0.0,0.0,0.0,0.0,NEGATIVE,SHORT_GAMMA,DEALER_LONG_GAMMA,0.33,NEUTRAL,LOW,14.0,21.0,30.0,0.0,15.0,15.0,20.0,,0.0,0.0,743.81,LONG_GAMMA_PINNING,41.0,0.177,40.8,40.8,NEUTRAL,0.0
2026-07-23 07:01:00,0.0,0.0,0.0,0.0,0.0,0.0,0.0,0.0,0.0,0.0,0.0,0.0,0.0,0.0,0.0,0.0,0.0,NEGATIVE,SHORT_GAMMA,DEALER_SHORT_GAMMA,0.39,BEARISH,LOW,9.1,25.9,30.0,0.0,15.0,0.0,35.0,,0.0,0.0,743.61,LONG_GAMMA_PINNING,41.0,0.177,40.8,40.8,NEUTRAL,0.0
2026-07-23 07:02:00,0.0,0.0,0.0,0.0,0.0,0.0,0.0,0.0,0.0,0.0,0.0,0.0,0.0,0.0,0.0,0.0,0.0,NEGATIVE,SHORT_GAMMA,DEALER_SHORT_GAMMA,0.39,BEARISH,LOW,5.9,29.1,30.0,0.0,15.0,0.0,35.0,,0.0,0.0,743.75,LONG_GAMMA_PINNING,41.0,0.177,40.8,40.8,NEUTRAL,0.0
2026-07-23 07:03:00,0.0,0.0,0.0,0.0,0.0,0.0,0.0,0.0,0.0,0.0,0.0,0.0,0.0,0.0,0.0,0.0,0.0,NEGATIVE,SHORT_GAMMA,DEALER_LONG_GAMMA,0.33,NEUTRAL,LOW,9.1,25.9,30.0,0.0,15.0,15.0,20.0,,0.0,0.0,743.76,LONG_GAMMA_PINNING,41.0,0.177,40.8,40.8,NEUTRAL,0.0
2026-07-23 07:04:00,0.0,0.0,0.0,0.0,0.0,0.0,0.0,0.0,0.0,0.0,0.0,0.0,0.0,0.0,0.0,0.0,0.0,NEGATIVE,SHORT_GAMMA,DEALER_LONG_GAMMA,0.33,NEUTRAL,LOW,11.2,23.8,30.0,0.0,15.0,15.0,20.0,,0.0,0.0,743.96,LONG_GAMMA_PINNING,41.0,0.177,40.8,40.8,NEUTRAL,0.0
2026-07-23 07:05:00,0.0,0.0,0.0,0.0,0.0,0.0,0.0,0.0,0.0,0.0,0.0,0.0,0.0,0.0,0.0,0.0,0.0,NEGATIVE,SHORT_GAMMA,DEALER_SHORT_GAMMA,0.39,BEARISH,LOW,7.3,27.7,30.0,0.0,15.0,0.0,35.0,,0.0,0.0,743.78,LONG_GAMMA_PINNING,41.0,0.177,40.8,40.8,NEUTRAL,0.0
2026-07-23 07:06:00,0.0,0.0,0.0,0.0,0.0,0.0,0.0,0.0,0.0,0.0,0.0,0.0,0.0,0.0,0.0,0.0,0.0,NEGATIVE,SHORT_GAMMA,DEALER_SHORT_GAMMA,0.39,BEARISH,LOW,4.7,30.3,30.0,0.0,15.0,0.0,35.0,,0.0,0.0,743.41,LONG_GAMMA_PINNING,41.0,0.177,39.7,40.8,NEUTRAL,2.2
2026-07-23 07:07:00,0.0,0.0,0.0,0.0,0.0,0.0,0.0,0.0,0.0,0.0,0.0,0.0,0.0,0.0,0.0,0.0,0.0,NEGATIVE,SHORT_GAMMA,DEALER_SHORT_GAMMA,0.39,BEARISH,LOW,3.1,31.9,30.0,0.0,15.0,0.0,35.0,,0.0,0.0,743.44,LONG_GAMMA_PINNING,41.0,0.177,40.8,40.8,NEUTRAL,0.0
2026-07-23 07:08:00,0.0,0.0,0.0,0.0,0.0,0.0,0.0,0.0,0.0,0.0,0.0,0.0,0.0,0.0,0.0,0.0,0.0,NEGATIVE,SHORT_GAMMA,DEALER_SHORT_GAMMA,0.39,BEARISH,LOW,2.0,33.0,30.0,0.0,15.0,0.0,35.0,,0.0,0.0,743.48,LONG_GAMMA_PINNING,41.0,0.177,40.8,40.8,NEUTRAL,0.0
2026-07-23 07:09:00,0.0,0.0,0.0,0.0,0.0,0.0,0.0,0.0,0.0,0.0,0.0,0.0,0.0,0.0,0.0,0.0,0.0,NEGATIVE,SHORT_GAMMA,DEALER_SHORT_GAMMA,0.39,BEARISH,LOW,1.3,33.7,30.0,0.0,15.0,0.0,35.0,,0.0,0.0,743.34,LONG_GAMMA_PINNING,41.0,0.177,40.8,40.8,NEUTRAL,0.0
2026-07-23 07:10:00,0.0,0.0,0.0,0.0,0.0,0.0,0.0,0.0,0.0,0.0,0.0,0.0,0.0,0.0,0.0,0.0,0.0,NEGATIVE,SHORT_GAMMA,DEALER_SHORT_GAMMA,0.39,BEARISH,LOW,0.8,34.2,30.0,0.0,15.0,0.0,35.0,,0.0,0.0,743.34,LONG_GAMMA_PINNING,41.0,0.177,40.8,40.8,NEUTRAL,0.0
2026-07-23 07:11:00,0.0,0.0,0.0,0.0,0.0,0.0,0.0,0.0,0.0,0.0,0.0,0.0,0.0,0.0,0.0,0.0,0.0,NEGATIVE,SHORT_GAMMA,DEALER_SHORT_GAMMA,0.39,BEARISH,LOW,0.5,34.5,30.0,0.0,15.0,0.0,35.0,,0.0,0.0,743.34,LONG_GAMMA_PINNING,41.0,0.177,40.8,40.8,NEUTRAL,0.0
2026-07-23 07:12:00,0.0,0.0,0.0,0.0,0.0,0.0,0.0,0.0,0.0,0.0,0.0,0.0,0.0,0.0,0.0,0.0,0.0,NEGATIVE,SHORT_GAMMA,DEALER_LONG_GAMMA,0.33,NEUTRAL,LOW,5.6,29.4,30.0,0.0,15.0,15.0,20.0,,0.0,0.0,743.36,LONG_GAMMA_PINNING,41.0,0.177,40.8,40.8,NEUTRAL,0.0
2026-07-23 07:13:00,0.0,0.0,0.0,0.0,0.0,0.0,0.0,0.0,0.0,0.0,0.0,0.0,0.0,0.0,0.0,0.0,0.0,NEGATIVE,SHORT_GAMMA,DEALER_SHORT_GAMMA,0.39,BEARISH,LOW,3.6,31.4,30.0,0.0,15.0,0.0,35.0,,0.0,0.0,743.27,LONG_GAMMA_PINNING,41.0,0.177,40.8,40.8,NEUTRAL,0.0
2026-07-23 07:14:00,0.0,0.0,0.0,0.0,0.0,0.0,0.0,0.0,0.0,0.0,0.0,0.0,0.0,0.0,0.0,0.0,0.0,NEGATIVE,SHORT_GAMMA,DEALER_SHORT_GAMMA,0.39,BEARISH,LOW,2.3,32.7,30.0,0.0,15.0,0.0,35.0,,0.0,0.0,743.26,LONG_GAMMA_PINNING,41.0,0.177,40.8,40.8,NEUTRAL,0.0
2026-07-23 07:15:00,0.0,0.0,0.0,0.0,0.0,0.0,0.0,0.0,0.0,0.0,0.0,0.0,0.0,0.0,0.0,0.0,0.0,NEGATIVE,SHORT_GAMMA,DEALER_LONG_GAMMA,0.33,NEUTRAL,LOW,6.7,28.3,30.0,0.0,15.0,15.0,20.0,,0.0,0.0,743.44,LONG_GAMMA_PINNING,41.0,0.177,40.8,40.8,NEUTRAL,0.0
2026-07-23 07:16:00,0.0,0.0,0.0,0.0,0.0,0.0,0.0,0.0,0.0,0.0,0.0,0.0,0.0,0.0,0.0,0.0,0.0,NEGATIVE,SHORT_GAMMA,DEALER_LONG_GAMMA,0.33,NEUTRAL,LOW,9.6,25.4,30.0,0.0,15.0,15.0,20.0,,0.0,0.0,743.34,LONG_GAMMA_PINNING,41.0,0.177,40.8,40.8,NEUTRAL,0.0
2026-07-23 07:17:00,0.0,0.0,0.0,0.0,0.0,0.0,0.0,0.0,0.0,0.0,0.0,0.0,0.0,0.0,0.0,0.0,0.0,NEGATIVE,SHORT_GAMMA,DEALER_SHORT_GAMMA,0.39,BEARISH,LOW,6.2,28.8,30.0,0.0,15.0,0.0,35.0,,0.0,0.0,743.05,LONG_GAMMA_PINNING,41.0,0.177,40.8,40.8,NEUTRAL,0.0
2026-07-23 07:18:00,0.0,0.0,0.0,0.0,0.0,0.0,0.0,0.0,0.0,0.0,0.0,0.0,0.0,0.0,0.0,0.0,0.0,NEGATIVE,SHORT_GAMMA,DEALER_SHORT_GAMMA,0.39,BEARISH,LOW,4.0,31.0,30.0,0.0,15.0,0.0,35.0,,0.0,0.0,743.03,LONG_GAMMA_PINNING,41.0,0.177,40.8,40.8,NEUTRAL,0.0
2026-07-23 07:19:00,0.0,0.0,0.0,0.0,0.0,0.0,0.0,0.0,0.0,0.0,0.0,0.0,0.0,0.0,0.0,0.0,0.0,NEGATIVE,SHORT_GAMMA,DEALER_SHORT_GAMMA,0.39,BEARISH,LOW,2.6,32.4,30.0,0.0,15.0,0.0,35.0,,0.0,0.0,742.99,LONG_GAMMA_PINNING,41.0,0.177,39.7,40.8,NEUTRAL,2.2
2026-07-23 07:20:00,0.0,0.0,0.0,0.0,0.0,0.0,0.0,0.0,0.0,0.0,0.0,0.0,0.0,0.0,0.0,0.0,0.0,NEGATIVE,SHORT_GAMMA,DEALER_SHORT_GAMMA,0.39,BEARISH,LOW,1.7,33.3,30.0,0.0,15.0,0.0,35.0,,0.0,0.0,742.5,LONG_GAMMA_PINNING,41.0,0.177,39.7,40.8,NEUTRAL,2.2
2026-07-23 07:21:00,0.0,0.0,0.0,0.0,0.0,0.0,0.0,0.0,0.0,0.0,0.0,0.0,0.0,0.0,0.0,0.0,0.0,NEGATIVE,SHORT_GAMMA,DEALER_SHORT_GAMMA,0.39,BEARISH,LOW,1.1,33.9,30.0,0.0,15.0,0.0,35.0,,0.0,0.0,742.41,LONG_GAMMA_PINNING,41.0,0.177,40.8,40.8,NEUTRAL,0.0
2026-07-23 07:22:00,0.0,0.0,0.0,0.0,0.0,0.0,0.0,0.0,0.0,0.0,0.0,0.0,0.0,0.0,0.0,0.0,0.0,NEGATIVE,SHORT_GAMMA,DEALER_LONG_GAMMA,0.33,NEUTRAL,LOW,6.0,29.0,30.0,0.0,15.0,15.0,20.0,,0.0,0.0,742.64,LONG_GAMMA_PINNING,41.0,0.177,40.8,40.8,NEUTRAL,0.0
2026-07-23 07:23:00,0.0,0.0,0.0,0.0,0.0,0.0,0.0,0.0,0.0,0.0,0.0,0.0,0.0,0.0,0.0,0.0,0.0,NEGATIVE,SHORT_GAMMA,DEALER_SHORT_GAMMA,0.39,BEARISH,LOW,3.9,31.1,30.0,0.0,15.0,0.0,35.0,,0.0,0.0,742.45,LONG_GAMMA_PINNING,41.0,0.177,40.8,40.8,NEUTRAL,0.0
2026-07-23 07:24:00,0.0,0.0,0.0,0.0,0.0,0.0,0.0,0.0,0.0,0.0,0.0,0.0,0.0,0.0,0.0,0.0,0.0,NEGATIVE,SHORT_GAMMA,DEALER_SHORT_GAMMA,0.39,BEARISH,LOW,2.5,32.5,30.0,0.0,15.0,0.0,35.0,,0.0,0.0,742.26,LONG_GAMMA_PINNING,41.0,0.177,40.8,40.8,NEUTRAL,0.0
2026-07-23 07:25:00,0.0,0.0,0.0,0.0,0.0,0.0,0.0,0.0,0.0,0.0,0.0,0.0,0.0,0.0,0.0,0.0,0.0,NEGATIVE,SHORT_GAMMA,DEALER_SHORT_GAMMA,0.39,BEARISH,LOW,1.6,33.4,30.0,0.0,15.0,0.0,35.0,,0.0,0.0,742.11,LONG_GAMMA_PINNING,41.0,0.177,39.7,40.8,NEUTRAL,2.2
2026-07-23 07:26:00,0.0,0.0,0.0,0.0,0.0,0.0,0.0,0.0,0.0,0.0,0.0,0.0,0.0,0.0,0.0,0.0,0.0,NEGATIVE,SHORT_GAMMA,DEALER_SHORT_GAMMA,0.39,BEARISH,LOW,1.0,34.0,30.0,0.0,15.0,0.0,35.0,,0.0,0.0,742.14,LONG_GAMMA_PINNING,41.0,0.177,40.8,40.8,NEUTRAL,0.0
2026-07-23 07:27:00,0.0,0.0,0.0,0.0,0.0,0.0,0.0,0.0,0.0,0.0,0.0,0.0,0.0,0.0,0.0,0.0,0.0,NEGATIVE,SHORT_GAMMA,DEALER_SHORT_GAMMA,0.39,BEARISH,LOW,0.7,34.4,30.0,0.0,15.0,0.0,35.0,,0.0,0.0,742.06,LONG_GAMMA_PINNING,41.0,0.177,40.8,40.8,NEUTRAL,0.0
2026-07-23 07:28:00,0.0,0.0,0.0,0.0,0.0,0.0,0.0,0.0,0.0,0.0,0.0,0.0,0.0,0.0,0.0,0.0,0.0,NEGATIVE,SHORT_GAMMA,DEALER_LONG_GAMMA,0.33,NEUTRAL,LOW,5.7,29.4,30.0,0.0,15.0,15.0,20.0,,0.0,0.0,742.13,LONG_GAMMA_PINNING,41.0,0.177,40.8,40.8,NEUTRAL,0.0
2026-07-23 07:29:00,0.0,0.0,0.0,0.0,0.0,0.0,0.0,0.0,0.0,0.0,0.0,0.0,0.0,0.0,0.0,0.0,0.0,NEGATIVE,SHORT_GAMMA,DEALER_SHORT_GAMMA,0.39,BEARISH,LOW,3.7,31.4,30.0,0.0,15.0,0.0,35.0,,0.0,0.0,742.0,LONG_GAMMA_PINNING,41.0,0.177,39.7,40.8,NEUTRAL,2.2
2026-07-23 07:30:00,0.0,0.0,0.0,0.0,0.0,0.0,0.0,0.0,0.0,0.0,0.0,0.0,0.0,0.0,0.0,0.0,0.0,NEGATIVE,SHORT_GAMMA,DEALER_LONG_GAMMA,0.33,NEUTRAL,LOW,7.7,27.4,30.0,0.0,15.0,15.0,20.0,,0.0,0.0,742.08,LONG_GAMMA_PINNING,41.0,0.177,40.8,40.8,NEUTRAL,0.0
2026-07-23 07:31:00,0.0,0.0,0.0,0.0,0.0,0.0,0.0,0.0,0.0,0.0,0.0,0.0,0.0,0.0,0.0,0.0,0.0,NEGATIVE,SHORT_GAMMA,DEALER_SHORT_GAMMA,0.39,BEARISH,LOW,5.0,30.1,30.0,0.0,15.0,0.0,35.0,,0.0,0.0,741.77,LONG_GAMMA_PINNING,38.0,0.686,39.4,40.6,NEUTRAL,2.4
2026-07-23 07:32:00,0.0,0.0,0.0,0.0,0.0,0.0,0.0,0.0,0.0,0.0,0.0,0.0,0.0,0.0,0.0,0.0,0.0,NEGATIVE,SHORT_GAMMA,DEALER_SHORT_GAMMA,0.39,BEARISH,LOW,3.2,31.8,30.0,0.0,15.0,0.0,35.0,,0.0,0.0,741.63,CHARM_DOMINATED,42.0,0.674,38.8,42.4,NEUTRAL,7.2
2026-07-23 07:33:00,0.0,0.0,0.0,0.0,0.0,0.0,0.0,0.0,0.0,0.0,0.0,0.0,0.0,0.0,0.0,0.0,0.0,NEGATIVE,SHORT_GAMMA,DEALER_SHORT_GAMMA,0.39,BEARISH,LOW,2.1,32.9,30.0,0.0,15.0,0.0,35.0,,0.0,0.0,741.59,CHARM_DOMINATED,42.0,0.174,39.9,42.4,NEUTRAL,5.0
2026-07-23 07:34:00,0.0,0.0,0.0,0.0,0.0,0.0,0.0,0.0,0.0,0.0,0.0,0.0,0.0,0.0,0.0,0.0,0.0,NEGATIVE,SHORT_GAMMA,DEALER_SHORT_GAMMA,0.39,BEARISH,LOW,1.4,33.6,30.0,0.0,15.0,0.0,35.0,,0.0,0.0,741.55,CHARM_DOMINATED,42.0,0.174,39.9,42.4,NEUTRAL,5.0
2026-07-23 07:35:00,0.0,0.0,0.0,0.0,0.0,0.0,0.0,0.0,0.0,0.0,0.0,0.0,0.0,0.0,0.0,0.0,0.0,NEGATIVE,SHORT_GAMMA,DEALER_LONG_GAMMA,0.33,NEUTRAL,LOW,6.2,28.8,30.0,0.0,15.0,15.0,20.0,,0.0,0.0,741.67,CHARM_DOMINATED,42.0,0.174,39.9,42.4,NEUTRAL,5.0
2026-07-23 07:36:00,0.0,0.0,0.0,0.0,0.0,0.0,0.0,0.0,0.0,0.0,0.0,0.0,0.0,0.0,0.0,0.0,0.0,NEGATIVE,SHORT_GAMMA,DEALER_LONG_GAMMA,0.33,NEUTRAL,LOW,9.3,25.7,30.0,0.0,15.0,15.0,20.0,,0.0,0.0,741.61,CHARM_DOMINATED,42.0,0.174,39.9,42.4,NEUTRAL,5.0
2026-07-23 07:37:00,0.0,0.0,0.0,0.0,0.0,0.0,0.0,0.0,0.0,0.0,0.0,0.0,0.0,0.0,0.0,0.0,0.0,NEGATIVE,SHORT_GAMMA,DEALER_SHORT_GAMMA,0.39,BEARISH,LOW,6.0,29.0,30.0,0.0,15.0,0.0,35.0,,0.0,0.0,741.24,CHARM_DOMINATED,43.0,0.171,38.9,42.6,NEUTRAL,7.4
2026-07-23 07:38:00,0.0,0.0,0.0,0.0,0.0,0.0,0.0,0.0,0.0,0.0,0.0,0.0,0.0,0.0,0.0,0.0,0.0,NEGATIVE,SHORT_GAMMA,DEALER_SHORT_GAMMA,0.39,BEARISH,LOW,3.9,31.1,30.0,0.0,15.0,0.0,35.0,,0.0,0.0,741.24,CHARM_DOMINATED,43.0,0.171,38.9,42.6,NEUTRAL,7.4
2026-07-23 07:39:00,0.0,0.0,0.0,0.0,0.0,0.0,0.0,0.0,0.0,0.0,0.0,0.0,0.0,0.0,0.0,0.0,0.0,NEGATIVE,SHORT_GAMMA,DEALER_SHORT_GAMMA,0.39,BEARISH,LOW,2.5,32.5,30.0,0.0,15.0,0.0,35.0,,0.0,0.0,741.35,CHARM_DOMINATED,43.0,0.171,40.0,42.6,NEUTRAL,5.2
2026-07-23 07:40:00,0.0,0.0,0.0,0.0,0.0,0.0,0.0,0.0,0.0,0.0,0.0,0.0,0.0,0.0,0.0,0.0,0.0,NEGATIVE,SHORT_GAMMA,DEALER_SHORT_GAMMA,0.39,BEARISH,LOW,1.6,33.4,30.0,0.0,15.0,0.0,35.0,,0.0,0.0,741.04,CHARM_DOMINATED,43.0,0.171,40.0,42.6,NEUTRAL,5.2
2026-07-23 07:41:00,0.0,0.0,0.0,0.0,0.0,0.0,0.0,0.0,0.0,0.0,0.0,0.0,0.0,0.0,0.0,0.0,0.0,NEGATIVE,SHORT_GAMMA,DEALER_SHORT_GAMMA,0.39,BEARISH,LOW,1.0,34.0,30.0,0.0,15.0,0.0,35.0,,0.0,0.0,741.07,CHARM_DOMINATED,43.0,0.171,38.9,42.6,NEUTRAL,7.4
2026-07-23 07:42:00,0.0,0.0,0.0,0.0,0.0,0.0,0.0,0.0,0.0,0.0,0.0,0.0,0.0,0.0,0.0,0.0,0.0,NEGATIVE,SHORT_GAMMA,DEALER_SHORT_GAMMA,0.39,BEARISH,LOW,0.7,34.4,30.0,0.0,15.0,0.0,35.0,,0.0,0.0,741.01,CHARM_DOMINATED,43.0,0.171,40.0,42.6,NEUTRAL,5.2
2026-07-23 07:43:00,0.0,0.0,0.0,0.0,0.0,0.0,0.0,0.0,0.0,0.0,0.0,0.0,0.0,0.0,0.0,0.0,0.0,NEGATIVE,SHORT_GAMMA,DEALER_SHORT_GAMMA,0.39,BEARISH,LOW,0.5,34.6,30.0,0.0,15.0,0.0,35.0,,0.0,0.0,740.66,CHARM_DOMINATED,43.0,0.171,38.9,42.6,NEUTRAL,7.4
2026-07-23 07:44:00,0.0,0.0,0.0,0.0,0.0,0.0,0.0,0.0,0.0,0.0,0.0,0.0,0.0,0.0,0.0,0.0,0.0,NEGATIVE,SHORT_GAMMA,DEALER_LONG_GAMMA,0.33,NEUTRAL,LOW,5.6,29.5,30.0,0.0,15.0,15.0,20.0,,0.0,0.0,740.99,CHARM_DOMINATED,43.2,0.171,38.9,42.6,NEUTRAL,7.4
2026-07-23 07:45:00,0.0,0.0,0.0,0.0,0.0,0.0,0.0,0.0,0.0,0.0,0.0,0.0,0.0,0.0,0.0,0.0,0.0,NEGATIVE,SHORT_GAMMA,DEALER_LONG_GAMMA,0.33,NEUTRAL,LOW,8.9,26.2,30.0,0.0,15.0,15.0,20.0,,0.0,0.0,740.91,CHARM_DOMINATED,43.2,0.171,40.0,42.6,NEUTRAL,5.2
2026-07-23 07:46:00,0.0,0.0,0.0,0.0,0.0,0.0,0.0,0.0,0.0,0.0,0.0,0.0,0.0,0.0,0.0,0.0,0.0,NEGATIVE,SHORT_GAMMA,DEALER_LONG_GAMMA,0.33,NEUTRAL,LOW,11.0,24.0,30.0,0.0,15.0,15.0,20.0,,0.0,0.0,740.92,CHARM_DOMINATED,43.2,0.171,40.0,42.6,NEUTRAL,5.2
2026-07-23 07:47:00,0.0,0.0,0.0,0.0,0.0,0.0,0.0,0.0,0.0,0.0,0.0,0.0,0.0,0.0,0.0,0.0,0.0,NEGATIVE,SHORT_GAMMA,DEALER_SHORT_GAMMA,0.39,BEARISH,LOW,7.2,27.9,30.0,0.0,15.0,0.0,35.0,,0.0,0.0,740.86,CHARM_DOMINATED,43.2,0.171,40.0,42.6,NEUTRAL,5.2
2026-07-23 07:48:00,0.0,0.0,0.0,0.0,0.0,0.0,0.0,0.0,0.0,0.0,0.0,0.0,0.0,0.0,0.0,0.0,0.0,NEGATIVE,SHORT_GAMMA,DEALER_SHORT_GAMMA,0.39,BEARISH,LOW,4.7,30.4,30.0,0.0,15.0,0.0,35.0,,0.0,0.0,740.61,CHARM_DOMINATED,43.2,0.171,40.0,42.6,NEUTRAL,5.2
2026-07-23 07:49:00,0.0,0.0,0.0,0.0,0.0,0.0,0.0,0.0,0.0,0.0,0.0,0.0,0.0,0.0,0.0,0.0,0.0,NEGATIVE,SHORT_GAMMA,DEALER_SHORT_GAMMA,0.39,BEARISH,LOW,3.1,32.0,30.0,0.0,15.0,0.0,35.0,,0.0,0.0,740.45,CHARM_DOMINATED,43.2,0.171,38.9,42.6,NEUTRAL,7.4
2026-07-23 07:50:00,0.0,0.0,0.0,0.0,0.0,0.0,0.0,0.0,0.0,0.0,0.0,0.0,0.0,0.0,0.0,0.0,0.0,NEGATIVE,SHORT_GAMMA,DEALER_LONG_GAMMA,0.33,NEUTRAL,LOW,7.3,27.8,30.0,0.0,15.0,15.0,20.0,,0.0,0.0,740.76,CHARM_DOMINATED,43.2,0.171,40.0,42.6,NEUTRAL,5.2
2026-07-23 07:51:00,0.0,0.0,0.0,0.0,0.0,0.0,0.0,0.0,0.0,0.0,0.0,0.0,0.0,0.0,0.0,0.0,0.0,NEGATIVE,SHORT_GAMMA,DEALER_LONG_GAMMA,0.33,NEUTRAL,LOW,10.0,25.1,30.0,0.0,15.0,15.0,20.0,,0.0,0.0,740.84,CHARM_DOMINATED,43.2,0.171,40.0,42.6,NEUTRAL,5.2
2026-07-23 07:52:00,0.0,0.0,0.0,0.0,0.0,0.0,0.0,0.0,0.0,0.0,0.0,0.0,0.0,0.0,0.0,0.0,0.0,NEGATIVE,SHORT_GAMMA,DEALER_SHORT_GAMMA,0.39,BEARISH,LOW,6.5,28.6,30.0,0.0,15.0,0.0,35.0,,0.0,0.0,740.68,CHARM_DOMINATED,43.2,0.171,38.9,42.6,NEUTRAL,7.4
2026-07-23 07:53:00,0.0,0.0,0.0,0.0,0.0,0.0,0.0,0.0,0.0,0.0,0.0,0.0,0.0,0.0,0.0,0.0,0.0,NEGATIVE,SHORT_GAMMA,DEALER_LONG_GAMMA,0.33,NEUTRAL,LOW,9.5,25.6,30.0,0.0,15.0,15.0,20.0,,0.0,0.0,740.8,CHARM_DOMINATED,43.2,0.171,40.0,42.6,NEUTRAL,5.2
2026-07-23 07:54:00,0.0,0.0,0.0,0.0,0.0,0.0,0.0,0.0,0.0,0.0,0.0,0.0,0.0,0.0,0.0,0.0,0.0,NEGATIVE,SHORT_GAMMA,DEALER_SHORT_GAMMA,0.39,BEARISH,LOW,6.2,28.9,30.0,0.0,15.0,0.0,35.0,,0.0,0.0,740.56,CHARM_DOMINATED,43.2,0.171,40.0,42.6,NEUTRAL,5.2
2026-07-23 07:55:00,0.0,0.0,0.0,0.0,0.0,0.0,0.0,0.0,0.0,0.0,0.0,0.0,0.0,0.0,0.0,0.0,0.0,NEGATIVE,SHORT_GAMMA,DEALER_SHORT_GAMMA,0.39,BEARISH,LOW,4.0,31.0,30.0,0.0,15.0,0.0,35.0,,0.0,0.0,740.67,CHARM_DOMINATED,43.2,0.171,40.0,42.6,NEUTRAL,5.2
2026-07-23 07:56:00,0.0,0.0,0.0,0.0,0.0,0.0,0.0,0.0,0.0,0.0,0.0,0.0,0.0,0.0,0.0,0.0,0.0,NEGATIVE,SHORT_GAMMA,DEALER_SHORT_GAMMA,0.39,BEARISH,LOW,2.6,32.4,30.0,0.0,15.0,0.0,35.0,,0.0,0.0,740.63,CHARM_DOMINATED,43.2,0.171,40.0,42.6,NEUTRAL,5.2
2026-07-23 07:57:00,0.0,0.0,0.0,0.0,0.0,0.0,0.0,0.0,0.0,0.0,0.0,0.0,0.0,0.0,0.0,0.0,0.0,NEGATIVE,SHORT_GAMMA,DEALER_LONG_GAMMA,0.33,NEUTRAL,LOW,6.9,28.1,30.0,0.0,15.0,15.0,20.0,,0.0,0.0,740.76,CHARM_DOMINATED,43.2,0.171,40.0,42.6,NEUTRAL,5.2
2026-07-23 07:58:00,0.0,0.0,0.0,0.0,0.0,0.0,0.0,0.0,0.0,0.0,0.0,0.0,0.0,0.0,0.0,0.0,0.0,NEGATIVE,SHORT_GAMMA,DEALER_LONG_GAMMA,0.33,NEUTRAL,LOW,9.7,25.3,30.0,0.0,15.0,15.0,20.0,,0.0,0.0,740.76,CHARM_DOMINATED,43.2,0.171,40.0,42.6,NEUTRAL,5.2
2026-07-23 07:59:00,0.0,0.0,0.0,0.0,0.0,0.0,0.0,0.0,0.0,0.0,0.0,0.0,0.0,0.0,0.0,0.0,0.0,NEGATIVE,SHORT_GAMMA,DEALER_SHORT_GAMMA,0.39,BEARISH,LOW,6.3,28.7,30.0,0.0,15.0,0.0,35.0,,0.0,0.0,740.51,CHARM_DOMINATED,43.2,0.171,38.9,42.6,NEUTRAL,7.4
2026-07-23 08:00:00,0.0,0.0,0.0,0.0,0.0,0.0,0.0,0.0,0.0,0.0,0.0,0.0,0.0,0.0,0.0,0.0,0.0,NEGATIVE,SHORT_GAMMA,DEALER_SHORT_GAMMA,0.39,BEARISH,LOW,4.1,30.9,30.0,0.0,15.0,0.0,35.0,,0.0,0.0,740.35,CHARM_DOMINATED,43.2,0.171,40.0,42.6,NEUTRAL,5.2
2026-07-23 08:01:00,0.0,0.0,0.0,0.0,0.0,0.0,0.0,0.0,0.0,0.0,0.0,0.0,0.0,0.0,0.0,0.0,0.0,NEGATIVE,SHORT_GAMMA,DEALER_LONG_GAMMA,0.33,NEUTRAL,LOW,7.9,27.1,30.0,0.0,15.0,15.0,20.0,,0.0,0.0,740.56,CHARM_DOMINATED,43.2,0.171,40.0,42.6,NEUTRAL,5.2
2026-07-23 08:02:00,0.0,0.0,0.0,0.0,0.0,0.0,0.0,0.0,0.0,0.0,0.0,0.0,0.0,0.0,0.0,0.0,0.0,NEGATIVE,SHORT_GAMMA,DEALER_LONG_GAMMA,0.33,NEUTRAL,LOW,10.4,24.6,30.0,0.0,15.0,15.0,20.0,,0.0,0.0,740.62,CHARM_DOMINATED,43.2,0.171,40.0,42.6,NEUTRAL,5.2
2026-07-23 08:03:00,0.0,0.0,0.0,0.0,0.0,0.0,0.0,0.0,0.0,0.0,0.0,0.0,0.0,0.0,0.0,0.0,0.0,NEGATIVE,SHORT_GAMMA,DEALER_SHORT_GAMMA,0.39,BEARISH,LOW,6.8,28.2,30.0,0.0,15.0,0.0,35.0,,0.0,0.0,740.39,CHARM_DOMINATED,43.2,0.171,40.0,42.6,NEUTRAL,5.2
2026-07-23 08:04:00,0.0,0.0,0.0,0.0,0.0,0.0,0.0,0.0,0.0,0.0,0.0,0.0,0.0,0.0,0.0,0.0,0.0,NEGATIVE,SHORT_GAMMA,DEALER_SHORT_GAMMA,0.39,BEARISH,LOW,4.4,30.6,30.0,0.0,15.0,0.0,35.0,,0.0,0.0,740.26,CHARM_DOMINATED,43.2,0.171,38.9,42.6,NEUTRAL,7.4
2026-07-23 08:05:00,0.0,0.0,0.0,0.0,0.0,0.0,0.0,0.0,0.0,0.0,0.0,0.0,0.0,0.0,0.0,0.0,0.0,NEGATIVE,SHORT_GAMMA,DEALER_SHORT_GAMMA,0.39,BEARISH,LOW,2.9,32.1,30.0,0.0,15.0,0.0,35.0,,0.0,0.0,740.21,CHARM_DOMINATED,43.2,0.171,40.0,42.6,NEUTRAL,5.2
2026-07-23 08:06:00,0.0,0.0,0.0,0.0,0.0,0.0,0.0,0.0,0.0,0.0,0.0,0.0,0.0,0.0,0.0,0.0,0.0,NEGATIVE,SHORT_GAMMA,DEALER_SHORT_GAMMA,0.39,BEARISH,LOW,1.9,33.1,30.0,0.0,15.0,0.0,35.0,,0.0,0.0,739.82,CHARM_DOMINATED,43.2,0.171,38.9,42.6,NEUTRAL,7.4
2026-07-23 08:07:00,0.0,0.0,0.0,0.0,0.0,0.0,0.0,0.0,0.0,0.0,0.0,0.0,0.0,0.0,0.0,0.0,0.0,NEGATIVE,SHORT_GAMMA,DEALER_SHORT_GAMMA,0.39,BEARISH,LOW,1.2,33.8,30.0,0.0,15.0,0.0,35.0,,0.0,0.0,739.79,CHARM_DOMINATED,43.2,0.171,38.3,42.1,NEUTRAL,7.6
2026-07-23 08:08:00,0.0,0.0,0.0,0.0,0.0,0.0,0.0,0.0,0.0,0.0,0.0,0.0,0.0,0.0,0.0,0.0,0.0,NEGATIVE,SHORT_GAMMA,DEALER_LONG_GAMMA,0.33,NEUTRAL,LOW,6.0,29.0,30.0,0.0,15.0,15.0,20.0,,0.0,0.0,740.27,CHARM_DOMINATED,43.2,0.171,40.0,42.6,NEUTRAL,5.2
2026-07-23 08:09:00,0.0,0.0,0.0,0.0,0.0,0.0,0.0,0.0,0.0,0.0,0.0,0.0,0.0,0.0,0.0,0.0,0.0,NEGATIVE,SHORT_GAMMA,DEALER_SHORT_GAMMA,0.39,BEARISH,LOW,3.9,31.1,30.0,0.0,15.0,0.0,35.0,,0.0,0.0,739.86,CHARM_DOMINATED,43.2,0.171,40.0,42.6,NEUTRAL,5.2
2026-07-23 08:10:00,0.0,0.0,0.0,0.0,0.0,0.0,0.0,0.0,0.0,0.0,0.0,0.0,0.0,0.0,0.0,0.0,0.0,NEGATIVE,SHORT_GAMMA,DEALER_SHORT_GAMMA,0.39,BEARISH,LOW,2.5,32.5,30.0,0.0,15.0,0.0,35.0,,0.0,0.0,739.68,CHARM_DOMINATED,43.2,0.171,38.9,42.6,NEUTRAL,7.4
2026-07-23 08:11:00,0.0,0.0,0.0,0.0,0.0,0.0,0.0,0.0,0.0,0.0,0.0,0.0,0.0,0.0,0.0,0.0,0.0,NEGATIVE,SHORT_GAMMA,DEALER_SHORT_GAMMA,0.39,BEARISH,LOW,1.6,33.4,30.0,0.0,15.0,0.0,35.0,,0.0,0.0,739.84,CHARM_DOMINATED,43.2,0.171,40.0,42.6,NEUTRAL,5.2
2026-07-23 08:12:00,0.0,0.0,0.0,0.0,0.0,0.0,0.0,0.0,0.0,0.0,0.0,0.0,0.0,0.0,0.0,0.0,0.0,NEGATIVE,SHORT_GAMMA,DEALER_SHORT_GAMMA,0.39,BEARISH,LOW,1.0,34.0,30.0,0.0,15.0,0.0,35.0,,0.0,0.0,739.51,CHARM_DOMINATED,43.2,0.171,38.9,42.6,NEUTRAL,7.4
2026-07-23 08:13:00,0.0,0.0,0.0,0.0,0.0,0.0,0.0,0.0,0.0,0.0,0.0,0.0,0.0,0.0,0.0,0.0,0.0,NEGATIVE,SHORT_GAMMA,DEALER_LONG_GAMMA,0.33,NEUTRAL,LOW,5.9,29.1,30.0,0.0,15.0,15.0,20.0,,0.0,0.0,739.88,CHARM_DOMINATED,43.2,0.171,40.0,42.6,NEUTRAL,5.2
2026-07-23 08:14:00,0.0,0.0,0.0,0.0,0.0,0.0,0.0,0.0,0.0,0.0,0.0,0.0,0.0,0.0,0.0,0.0,0.0,NEGATIVE,SHORT_GAMMA,DEALER_SHORT_GAMMA,0.39,BEARISH,LOW,3.8,31.2,30.0,0.0,15.0,0.0,35.0,,0.0,0.0,739.68,CHARM_DOMINATED,43.2,0.171,40.0,42.6,NEUTRAL,5.2
2026-07-23 08:15:00,0.0,0.0,0.0,0.0,0.0,0.0,0.0,0.0,0.0,0.0,0.0,0.0,0.0,0.0,0.0,0.0,0.0,NEGATIVE,SHORT_GAMMA,DEALER_LONG_GAMMA,0.33,NEUTRAL,LOW,7.7,27.3,30.0,0.0,15.0,15.0,20.0,,0.0,0.0,739.85,CHARM_DOMINATED,43.2,0.171,40.0,42.6,NEUTRAL,5.2
2026-07-23 08:16:00,0.0,0.0,0.0,0.0,0.0,0.0,0.0,0.0,0.0,0.0,0.0,0.0,0.0,0.0,0.0,0.0,0.0,NEGATIVE,SHORT_GAMMA,DEALER_SHORT_GAMMA,0.39,BEARISH,LOW,5.0,30.0,30.0,0.0,15.0,0.0,35.0,,0.0,0.0,739.56,CHARM_DOMINATED,43.2,0.171,40.0,42.6,NEUTRAL,5.2
2026-07-23 08:17:00,0.0,0.0,0.0,0.0,0.0,0.0,0.0,0.0,0.0,0.0,0.0,0.0,0.0,0.0,0.0,0.0,0.0,NEGATIVE,SHORT_GAMMA,DEALER_SHORT_GAMMA,0.39,BEARISH,LOW,3.2,31.8,30.0,0.0,15.0,0.0,35.0,,0.0,0.0,739.47,CHARM_DOMINATED,43.2,0.171,38.9,42.6,NEUTRAL,7.4
2026-07-23 08:18:00,0.0,0.0,0.0,0.0,0.0,0.0,0.0,0.0,0.0,0.0,0.0,0.0,0.0,0.0,0.0,0.0,0.0,NEGATIVE,SHORT_GAMMA,DEALER_SHORT_GAMMA,0.39,BEARISH,LOW,2.1,32.9,30.0,0.0,15.0,0.0,35.0,,0.0,0.0,739.58,CHARM_DOMINATED,43.2,0.171,40.0,42.6,NEUTRAL,5.2
2026-07-23 08:19:00,0.0,0.0,0.0,0.0,0.0,0.0,0.0,0.0,0.0,0.0,0.0,0.0,0.0,0.0,0.0,0.0,0.0,NEGATIVE,SHORT_GAMMA,DEALER_LONG_GAMMA,0.33,NEUTRAL,LOW,6.6,28.4,30.0,0.0,15.0,15.0,20.0,,0.0,0.0,739.58,CHARM_DOMINATED,43.2,0.171,40.0,42.6,NEUTRAL,5.2
2026-07-23 08:20:00,0.0,0.0,0.0,0.0,0.0,0.0,0.0,0.0,0.0,0.0,0.0,0.0,0.0,0.0,0.0,0.0,0.0,NEGATIVE,SHORT_GAMMA,DEALER_SHORT_GAMMA,0.39,BEARISH,LOW,4.3,30.7,30.0,0.0,15.0,0.0,35.0,,0.0,0.0,739.37,CHARM_DOMINATED,43.2,0.171,38.9,42.6,NEUTRAL,7.4
2026-07-23 08:21:00,0.0,0.0,0.0,0.0,0.0,0.0,0.0,0.0,0.0,0.0,0.0,0.0,0.0,0.0,0.0,0.0,0.0,NEGATIVE,SHORT_GAMMA,DEALER_LONG_GAMMA,0.33,NEUTRAL,LOW,8.0,27.0,30.0,0.0,15.0,15.0,20.0,,0.0,0.0,739.62,CHARM_DOMINATED,43.2,0.171,40.0,42.6,NEUTRAL,5.2
2026-07-23 08:22:00,0.0,0.0,0.0,0.0,0.0,0.0,0.0,0.0,0.0,0.0,0.0,0.0,0.0,0.0,0.0,0.0,0.0,NEGATIVE,SHORT_GAMMA,DEALER_SHORT_GAMMA,0.39,BEARISH,LOW,5.2,29.8,30.0,0.0,15.0,0.0,35.0,,0.0,0.0,739.38,CHARM_DOMINATED,43.2,0.171,40.0,42.6,NEUTRAL,5.2
2026-07-23 08:23:00,0.0,0.0,0.0,0.0,0.0,0.0,0.0,0.0,0.0,0.0,0.0,0.0,0.0,0.0,0.0,0.0,0.0,NEGATIVE,SHORT_GAMMA,DEALER_SHORT_GAMMA,0.39,BEARISH,LOW,3.4,31.6,30.0,0.0,15.0,0.0,35.0,,0.0,0.0,739.22,CHARM_DOMINATED,43.2,0.171,38.9,42.6,NEUTRAL,7.4
2026-07-23 08:24:00,0.0,0.0,0.0,0.0,0.0,0.0,0.0,0.0,0.0,0.0,0.0,0.0,0.0,0.0,0.0,0.0,0.0,NEGATIVE,SHORT_GAMMA,DEALER_SHORT_GAMMA,0.39,BEARISH,LOW,2.2,32.8,30.0,0.0,15.0,0.0,35.0,,0.0,0.0,739.27,CHARM_DOMINATED,43.2,0.171,40.0,42.6,NEUTRAL,5.2
2026-07-23 08:25:00,0.0,0.0,0.0,0.0,0.0,0.0,0.0,0.0,0.0,0.0,0.0,0.0,0.0,0.0,0.0,0.0,0.0,NEGATIVE,SHORT_GAMMA,DEALER_LONG_GAMMA,0.33,NEUTRAL,LOW,6.7,28.3,30.0,0.0,15.0,15.0,20.0,,0.0,0.0,739.31,CHARM_DOMINATED,43.2,0.171,40.0,42.6,NEUTRAL,5.2
2026-07-23 08:26:00,0.0,0.0,0.0,0.0,0.0,0.0,0.0,0.0,0.0,0.0,0.0,0.0,0.0,0.0,0.0,0.0,0.0,NEGATIVE,SHORT_GAMMA,DEALER_SHORT_GAMMA,0.39,BEARISH,LOW,4.4,30.6,30.0,0.0,15.0,0.0,35.0,,0.0,0.0,739.23,CHARM_DOMINATED,43.2,0.171,40.0,42.6,NEUTRAL,5.2
2026-07-23 08:27:00,0.0,0.0,0.0,0.0,0.0,0.0,0.0,0.0,0.0,0.0,0.0,0.0,0.0,0.0,0.0,0.0,0.0,NEGATIVE,SHORT_GAMMA,DEALER_SHORT_GAMMA,0.39,BEARISH,LOW,2.9,32.1,30.0,0.0,15.0,0.0,35.0,,0.0,0.0,739.2,CHARM_DOMINATED,43.2,0.171,40.0,42.6,NEUTRAL,5.2
2026-07-23 08:28:00,0.0,0.0,0.0,0.0,0.0,0.0,0.0,0.0,0.0,0.0,0.0,0.0,0.0,0.0,0.0,0.0,0.0,NEGATIVE,SHORT_GAMMA,DEALER_SHORT_GAMMA,0.39,BEARISH,LOW,1.9,33.1,30.0,0.0,15.0,0.0,35.0,,0.0,0.0,739.16,CHARM_DOMINATED,43.2,0.171,40.0,42.6,NEUTRAL,5.2
2026-07-23 08:29:00,0.0,0.0,0.0,0.0,0.0,0.0,0.0,0.0,0.0,0.0,0.0,0.0,0.0,0.0,0.0,0.0,0.0,NEGATIVE,SHORT_GAMMA,DEALER_LONG_GAMMA,0.33,NEUTRAL,LOW,6.5,28.5,30.0,0.0,15.0,15.0,20.0,,0.0,0.0,739.28,CHARM_DOMINATED,43.2,0.171,40.0,42.6,NEUTRAL,5.2
2026-07-23 08:30:00,4407.0,111956.0,1424627.0,254084.0,-2689.12,25410.72,-25782209.5,212599.0,354331.0,-0.9938,-0.9938,-0.9938,-0.9938,4407.0,1424627.0,-25782209.5033,-12891104.7517,POSITIVE,LONG_GAMMA,DEALER_LONG_GAMMA,0.29,BEARISH,HIGH,11.2,46.5,44.0,8.8,27.2,20.0,79.8,FLOW_EXPANSION_BEARISH,745.0,740.0,739.04,CHARM_DOMINATED,40.2,0.68,34.3,52.4,SHORT,36.2
2026-07-23 08:31:00,607454.0,1342894.0,3974448.0,2285297.0,-5197.97,-956.72,-42014398.93,190742.0,317904.0,-0.7348,-0.7348,-0.7348,-0.6175,603047.0,2549821.0,-16232189.4291,-21007199.4662,NEGATIVE,SHORT_GAMMA,DEALER_SHORT_GAMMA,0.41,BEARISH,HIGH,12.5,57.7,63.6,9.2,45.7,15.0,78.4,FLOW_EXPANSION_BEARISH|LIQUIDATION_CASCADE,740.0,739.0,738.89,CHARM_DOMINATED,40.2,1.0,33.5,54.8,SHORT,42.6
2026-07-23 08:32:00,1977392.0,4112738.0,5981759.0,2922136.0,-11363.97,-11765.17,40036345.67,184855.0,308092.0,-0.5031,-0.5031,-0.5031,-0.1887,1369938.0,2007311.0,82050744.6038,45800382.339,NEGATIVE,SHORT_GAMMA,DEALER_SHORT_GAMMA,0.37,BEARISH,HIGH,20.4,55.9,76.3,20.0,47.2,35.0,52.6,FLOW_EXPANSION_BEARISH,740.0,740.0,739.92,CHARM_DOMINATED,40.2,0.68,35.8,54.4,SHORT,37.2
2026-07-23 08:33:00,7099019.0,4927053.0,6672702.0,4756910.0,195.66,145953.66,-85016744.88,817552.0,476758.0,0.031,0.031,0.031,0.7623,5121627.0,690943.0,-125053090.553,-493973.5084,POSITIVE,LONG_GAMMA,DEALER_LONG_GAMMA,0.49,BULLISH,MEDIUM,23.9,41.6,67.1,18.2,35.9,30.3,15.0,,740.0,746.0,740.43,CHARM_DOMINATED,40.2,0.18,45.7,41.2,NEUTRAL,9.0
2026-07-23 08:34:00,8446836.0,8091089.0,7261636.0,5612567.0,-3527.71,93394.41,-135405542.23,400963.0,-126487.0,0.0754,0.0754,0.0754,0.3918,1347817.0,588934.0,-50388797.3522,-120630221.5399,POSITIVE,LONG_GAMMA,DEALER_LONG_GAMMA,0.56,NEUTRAL,MEDIUM,22.5,34.0,61.1,20.6,28.6,20.0,19.8,,742.0,740.0,740.93,CHARM_DOMINATED,40.3,0.179,42.2,42.3,NEUTRAL,0.2
2026-07-23 08:35:00,9439166.0,11333982.0,7818445.0,6673037.0,-7150.68,10566.36,-137002254.9,-362480.0,-488536.0,0.0939,0.1921,0.0939,0.2811,992330.0,556809.0,-1596712.6655,-4491582.0342,POSITIVE,LONG_GAMMA,DEALER_LONG_GAMMA,0.56,NEUTRAL,MEDIUM,21.6,30.2,57.2,22.1,23.8,20.0,23.1,,742.0,740.0,741.2,CHARM_DOMINATED,40.3,0.179,40.9,46.0,NEUTRAL,10.2
2026-07-23 08:36:00,9661103.0,14839723.0,9046447.0,7638509.0,-16384.45,-143825.53,15412460.22,-944879.0,-4186504.0,0.0329,0.2819,0.0329,-0.6939,221937.0,1228002.0,152414715.1193,163129945.1795,NEGATIVE,SHORT_GAMMA,DEALER_LONG_GAMMA,0.33,BULLISH,HIGH,26.3,25.2,65.2,28.4,15.5,35.0,15.9,,746.0,740.0,741.02,CHARM_DOMINATED,40.3,0.179,40.1,49.6,SHORT,19.0
2026-07-23 08:37:00,10533021.0,16281367.0,9917297.0,8565227.0,-18183.68,-140281.74,70862066.29,-1064111.0,-2673967.0,0.0301,0.3699,0.0301,0.0006,871918.0,870850.0,55449606.0731,129924915.605,NEGATIVE,SHORT_GAMMA,DEALER_LONG_GAMMA,0.35,BULLISH,HIGH,29.3,22.0,70.4,29.0,10.1,35.0,16.1,,741.0,740.0,741.45,CHARM_DOMINATED,40.3,0.179,40.1,48.4,SHORT,16.6
2026-07-23 08:38:00,12688697.0,17369865.0,10648224.0,8864310.0,-16989.1,-64782.28,38773749.09,-1397002.0,1702634.0,0.0874,0.1688,0.0874,0.4936,2155676.0,730927.0,-32088317.2001,-63728356.7904,NEGATIVE,SHORT_GAMMA,DEALER_SHORT_GAMMA,0.45,BULLISH,HIGH,34.8,19.1,73.8,29.4,6.6,45.0,13.7,,741.0,741.0,741.83,CHARM_DOMINATED,40.4,0.179,40.8,46.8,NEUTRAL,12.0
2026-07-23 08:39:00,14006090.0,18627003.0,11256008.0,9863575.0,-15932.9,-81197.7,-28024410.36,-1046659.0,3068483.0,0.1089,0.1638,0.1089,0.3686,1317393.0,607784.0,-66798159.4508,-153375398.9216,NEGATIVE,SHORT_GAMMA,DEALER_SHORT_GAMMA,0.45,BULLISH,HIGH,38.4,16.6,76.0,24.4,9.5,45.0,11.9,,741.0,741.0,741.55,CHARM_DOMINATED,40.4,0.179,41.1,44.9,NEUTRAL,7.6
2026-07-23 08:40:00,15120876.0,19263218.0,12025858.0,10441936.0,-15216.85,-71304.46,-28459167.61,-361802.0,2436053.0,0.114,0.1491,0.114,0.183,1114786.0,769850.0,-434757.2502,-45297102.787,NEGATIVE,SHORT_GAMMA,DEALER_SHORT_GAMMA,0.45,BULLISH,HIGH,40.7,14.5,77.4,21.1,11.4,45.0,10.7,,741.0,740.0,741.64,CHARM_DOMINATED,40.4,0.179,41.1,43.1,NEUTRAL,4.0
2026-07-23 08:41:00,15971945.0,19714764.0,12307930.0,10962838.0,-13791.27,-73470.54,-51919179.97,274591.0,-270205.0,0.1296,0.3186,0.1296,0.5021,851069.0,282072.0,-23460012.3642,37495853.5183,NEGATIVE,SHORT_GAMMA,DEALER_LONG_GAMMA,0.35,BULLISH,HIGH,38.7,12.7,78.3,19.0,12.7,35.0,9.4,,740.0,740.0,741.55,CHARM_DOMINATED,40.4,0.179,42.3,42.2,NEUTRAL,0.2
2026-07-23 08:42:00,16015759.0,21027429.0,13106920.0,11037838.0,-19585.22,-120305.15,80358103.63,290737.0,-488601.0,0.0999,0.2644,0.0999,-0.896,43814.0,798990.0,132277283.6015,88025093.9692,NEGATIVE,SHORT_GAMMA,DEALER_SHORT_GAMMA,0.39,NEUTRAL,HIGH,32.2,18.0,78.9,22.9,8.3,20.0,27.8,,737.0,741.0,742.02,CHARM_DOMINATED,40.4,0.179,44.1,40.7,NEUTRAL,6.8
2026-07-23 08:43:00,17877432.0,23499424.0,13643936.0,11730048.0,-20033.1,-119931.79,-19841441.53,-162170.0,-552645.0,0.1343,0.2679,0.1343,0.5522,1861673.0,537017.0,-100199545.1612,27986254.0273,NEGATIVE,SHORT_GAMMA,DEALER_LONG_GAMMA,0.35,BULLISH,HIGH,33.2,15.9,79.3,20.1,10.6,35.0,12.0,,741.0,740.0,742.33,CHARM_DOMINATED,40.4,0.179,43.7,40.2,NEUTRAL,7.0
2026-07-23 08:44:00,20255077.0,23985769.0,14306354.0,12293390.0,-15062.78,-51235.46,-95909704.5,302150.0,-188710.0,0.1721,0.344,0.1721,0.5642,2377645.0,662417.0,-76068262.9674,-142542539.6829,NEGATIVE,SHORT_GAMMA,DEALER_LONG_GAMMA,0.35,BULLISH,HIGH,33.8,13.3,79.5,18.3,12.1,35.0,8.5,,742.0,742.0,742.24,CHARM_DOMINATED,40.4,0.179,45.1,39.0,NEUTRAL,12.2
2026-07-23 08:45:00,21270445.0,24825598.0,15796486.0,12578498.0,-17747.11,33364.51,-88870383.86,444251.0,1060559.0,0.1477,0.2398,0.1935,-0.1895,1015368.0,1490133.0,7039320.6366,-50553340.3855,POSITIVE,LONG_GAMMA,DEALER_LONG_GAMMA,0.43,BULLISH,MEDIUM,43.0,12.0,69.2,29.4,13.1,60.0,9.5,,743.0,742.0,741.97,CHARM_DOMINATED,40.4,0.179,41.6,42.0,NEUTRAL,0.8
2026-07-23 08:46:00,22045173.0,26545547.0,16869462.0,14420726.0,-18159.15,-26170.57,-90575647.81,69218.0,1207343.0,0.133,0.1421,0.2488,-0.1614,774728.0,1072976.0,-1705263.9433,90800932.4109,NEGATIVE,SHORT_GAMMA,DEALER_SHORT_GAMMA,0.4,BULLISH,HIGH,49.0,11.0,73.0,33.1,13.8,60.0,9.1,,741.0,741.0,741.45,CHARM_DOMINATED,40.4,0.179,40.7,42.2,NEUTRAL,3.0
2026-07-23 08:47:00,22611458.0,27347399.0,18253596.0,14485070.0,-22320.95,20100.97,-56299814.23,395035.0,-362326.0,0.1066,0.1234,0.2541,-0.4193,566285.0,1384133.0,34275833.5751,50799755.9813,POSITIVE,LONG_GAMMA,DEALER_LONG_GAMMA,0.53,BULLISH,MEDIUM,49.4,10.9,65.0,39.0,14.2,50.0,10.8,,743.0,741.0,741.43,CHARM_DOMINATED,40.4,0.179,42.1,42.9,NEUTRAL,1.6
2026-07-23 08:48:00,23122826.0,27854297.0,18770506.0,16102162.0,-19311.28,-47812.05,-139097163.39,328995.0,-2260790.0,0.1039,0.0115,0.1396,-0.0054,511368.0,516910.0,-82797349.1597,-26927786.1389,NEGATIVE,SHORT_GAMMA,DEALER_LONG_GAMMA,0.33,BULLISH,HIGH,44.4,10.2,70.2,34.1,14.5,35.0,9.0,,742.0,741.0,740.87,CHARM_DOMINATED,40.4,0.179,40.9,42.4,NEUTRAL,3.0
2026-07-23 08:49:00,24638945.0,27999221.0,20252746.0,17670992.0,-14630.17,19275.07,-373125777.64,187841.0,591326.0,0.0977,-0.1513,0.1097,0.0113,1516119.0,1482241.0,-234028614.2466,-174698266.5191,POSITIVE,LONG_GAMMA,DEALER_LONG_GAMMA,0.49,BULLISH,MEDIUM,41.5,8.9,63.1,30.9,14.7,36.0,6.5,,742.0,740.0,740.87,CHARM_DOMINATED,40.4,0.179,40.6,41.9,NEUTRAL,2.6
2026-07-23 08:50:00,25776984.0,28287079.0,22491628.0,18855196.0,-14646.84,93567.66,-526391458.87,292700.0,1013043.0,0.0681,-0.1954,0.0537,-0.326,1138039.0,2238882.0,-153265681.2291,-169386389.9456,POSITIVE,LONG_GAMMA,DEALER_LONG_GAMMA,0.4,NEUTRAL,MEDIUM,34.0,14.9,58.5,23.6,20.1,20.0,26.1,,741.0,740.0,740.42,CHARM_DOMINATED,37.4,0.688,41.1,41.7,NEUTRAL,1.2
2026-07-23 08:51:00,26578278.0,28705768.0,24133641.0,20400477.0,-14025.46,93803.85,-535892072.17,731462.0,1228679.0,0.0482,-0.2315,0.0572,-0.3441,801294.0,1642013.0,-9500613.3062,77029834.4355,POSITIVE,LONG_GAMMA,DEALER_LONG_GAMMA,0.4,NEUTRAL,MEDIUM,30.9,18.7,55.5,18.8,23.6,25.0,25.6,,741.0,740.0,740.26,SHORT_GAMMA_SQUEEZE,36.5,0.691,45.7,37.2,LONG,17.0
2026-07-23 08:52:00,27163597.0,29629663.0,26004451.0,22442486.0,-15230.79,81313.2,-366745044.27,412663.0,530360.0,0.0218,-0.26,0.0166,-0.5234,585319.0,1870810.0,169147027.905,273470355.0372,POSITIVE,LONG_GAMMA,DEALER_LONG_GAMMA,0.4,NEUTRAL,MEDIUM,28.8,21.2,53.6,15.7,25.8,25.0,25.8,,741.0,740.0,740.0,SHORT_GAMMA_SQUEEZE,33.5,0.7,43.9,37.4,NEUTRAL,13.0
2026-07-23 08:53:00,27881715.0,30099911.0,27726091.0,23608504.0,-16450.7,145792.97,-261129634.91,792504.0,-1337048.0,0.0028,-0.306,-0.0584,-0.4113,718118.0,1721640.0,105615409.3532,218764365.8967,POSITIVE,LONG_GAMMA,DEALER_LONG_GAMMA,0.58,NEUTRAL,MEDIUM,24.0,22.9,52.3,10.2,27.3,15.0,26.0,,740.0,740.0,740.16,CHARM_DOMINATED,38.3,0.685,43.4,40.3,NEUTRAL,6.2
2026-07-23 08:54:00,29539077.0,30258149.0,27945837.0,24910325.0,-9667.11,180299.36,-349680661.76,618992.0,-955176.0,0.0277,-0.2218,-0.0359,0.7659,1657362.0,219746.0,-88551026.8469,-71291016.0463,POSITIVE,LONG_GAMMA,DEALER_LONG_GAMMA,0.53,BEARISH,MEDIUM,15.6,28.3,51.5,6.6,28.2,0.0,38.4,,740.0,740.0,740.42,CHARM_DOMINATED,38.8,0.184,41.4,41.5,NEUTRAL,0.2
2026-07-23 08:55:00,32140474.0,31001583.0,29815684.0,25527161.0,-7631.86,299404.44,-449947586.86,860215.0,1459057.0,0.0375,-0.0702,-0.0221,0.1636,2601397.0,1869847.0,-100266925.0981,-231790194.6016,POSITIVE,LONG_GAMMA,DEALER_LONG_GAMMA,0.49,NEUTRAL,MEDIUM,20.6,24.5,51.0,9.5,23.6,30.0,17.6,,741.0,745.0,741.1,CHARM_DOMINATED,39.4,0.182,42.9,41.5,NEUTRAL,2.8
2026-07-23 08:56:00,34630316.0,31241094.0,30701700.0,26291917.0,-1951.78,406419.65,-608699620.67,1238666.0,1819680.0,0.0601,0.1015,0.0071,0.4751,2489842.0,886016.0,-158752033.8104,-138041670.7073,POSITIVE,LONG_GAMMA,DEALER_LONG_GAMMA,0.37,BEARISH,MEDIUM,16.9,28.4,50.6,9.7,25.8,10.0,35.6,,741.0,740.0,740.56,CHARM_DOMINATED,39.4,0.182,44.8,41.2,NEUTRAL,7.2
2026-07-23 08:57:00,35183948.0,31997514.0,31482248.0,28982732.0,1344.73,329998.15,-518699829.89,918010.0,512900.0,0.0555,0.1884,0.0211,-0.1701,553632.0,780548.0,89999790.7828,60032854.4587,POSITIVE,LONG_GAMMA,DEALER_LONG_GAMMA,0.4,NEUTRAL,MEDIUM,19.9,25.5,50.4,9.8,27.3,25.4,20.0,,740.0,740.0,739.89,CHARM_DOMINATED,39.4,0.182,43.0,41.2,NEUTRAL,3.6
2026-07-23 08:58:00,36114174.0,32539458.0,34052010.0,30245422.0,-177.32,368303.5,-722318225.03,1096383.0,-1112715.0,0.0294,0.131,-0.0562,-0.4684,930226.0,2569762.0,-203618395.1475,72700177.2719,POSITIVE,LONG_GAMMA,DEALER_LONG_GAMMA,0.54,NEUTRAL,MEDIUM,18.2,23.6,50.3,9.9,28.2,15.0,20.1,,743.0,740.0,739.5,CHARM_DOMINATED,39.4,0.182,45.0,39.2,NEUTRAL,11.6
2026-07-23 08:59:00,36203644.0,34190943.0,35193444.0,32254140.0,-1891.48,246685.54,-743438571.74,527113.0,-3690282.0,0.0141,-0.0419,-0.1341,-0.8546,89470.0,1141434.0,-21120346.7035,-77993249.4117,POSITIVE,LONG_GAMMA,DEALER_LONG_GAMMA,0.49,BEARISH,MEDIUM,11.8,27.8,50.2,9.9,28.8,0.0,35.5,,745.0,740.0,739.76,CHARM_DOMINATED,39.4,0.182,41.5,42.0,NEUTRAL,1.0
2026-07-23 09:00:00,37109758.0,34297944.0,35812604.0,32672512.0,-365.07,288998.41,-759219718.7,104898.0,-40616.0,0.0178,-0.0937,-0.1165,0.1881,906114.0,619160.0,-15781146.9587,38358555.3512,POSITIVE,LONG_GAMMA,DEALER_LONG_GAMMA,0.49,BEARISH,MEDIUM,7.7,30.4,50.1,9.9,29.2,0.0,35.1,,740.0,740.0,739.87,CHARM_DOMINATED,39.4,0.182,41.8,43.4,NEUTRAL,3.2
2026-07-23 09:01:00,38402033.0,35877066.0,36599748.0,33275748.0,-1167.04,318576.16,-889080614.97,-390008.0,-301928.0,0.024,-0.2199,-0.0935,0.2429,1292275.0,787144.0,-129860896.2725,39548349.3099,POSITIVE,LONG_GAMMA,DEALER_LONG_GAMMA,0.45,NEUTRAL,MEDIUM,15.5,26.9,50.1,18.7,29.5,30.0,20.3,,741.0,740.0,740.33,CHARM_DOMINATED,39.4,0.182,41.6,44.4,NEUTRAL,5.6
2026-07-23 09:02:00,39009973.0,36450597.0,37583098.0,34360127.0,-298.01,316923.78,-1070423098.72,19279.0,643753.0,0.0186,-0.2292,-0.082,-0.2359,607940.0,983350.0,-181342483.7545,-137150943.1824,POSITIVE,LONG_GAMMA,DEALER_LONG_GAMMA,0.37,BEARISH,MEDIUM,13.6,29.8,50.1,15.7,29.7,10.0,35.1,,741.0,740.0,739.97,CHARM_DOMINATED,39.8,0.181,41.5,43.2,NEUTRAL,3.4
2026-07-23 09:03:00,39800658.0,36569259.0,38271852.0,34802042.0,565.99,365688.15,-1046320633.25,-136019.0,964467.0,0.0196,-0.0675,-0.078,0.0689,790685.0,688754.0,24102465.4781,-5798987.5226,POSITIVE,LONG_GAMMA,DEALER_LONG_GAMMA,0.37,BEARISH,MEDIUM,12.4,31.6,50.1,13.7,29.8,10.2,35.0,,741.0,739.0,740.08,CHARM_DOMINATED,39.8,0.181,44.1,41.0,NEUTRAL,6.2
2026-07-23 09:04:00,40660242.0,36624835.0,38609117.0,35254188.0,2988.74,403707.49,-1074230650.29,487666.0,65309.0,0.0259,0.1322,-0.0679,0.4364,859584.0,337265.0,-27910017.0466,153697914.2293,POSITIVE,LONG_GAMMA,DEALER_LONG_GAMMA,0.39,BEARISH,LOW,11.8,32.8,43.1,8.9,29.9,10.8,35.0,,740.0,739.0,740.14,CHARM_DOMINATED,39.8,0.181,47.2,39.4,NEUTRAL,15.6
2026-07-23 09:05:00,41523959.0,36825913.0,39282630.0,35758288.0,4466.43,435772.28,-1121231948.9,454096.0,898126.0,0.0277,0.1198,-0.0321,0.1237,863717.0,673513.0,-47001298.6032,41164351.3133,POSITIVE,LONG_GAMMA,DEALER_LONG_GAMMA,0.39,BEARISH,MEDIUM,11.6,33.6,45.5,5.8,29.9,11.2,35.0,,740.0,740.0,740.19,CHARM_DOMINATED,39.8,0.181,47.3,39.5,NEUTRAL,15.6
2026-07-23 09:06:00,42697313.0,37174100.0,39867718.0,36371516.0,6884.25,467416.89,-1213438058.73,634090.0,346614.0,0.0343,0.1358,0.0121,0.3345,1173354.0,585088.0,-92206109.8393,-67699928.437,POSITIVE,LONG_GAMMA,DEALER_LONG_GAMMA,0.49,BULLISH,MEDIUM,18.7,27.1,47.1,9.0,24.7,31.8,15.0,,740.0,740.0,740.71,CHARM_DOMINATED,39.8,0.181,42.7,41.6,NEUTRAL,2.2
2026-07-23 09:07:00,44036084.0,38111865.0,40574164.0,37149172.0,8803.63,492430.27,-1378001289.39,713373.0,-151036.0,0.0409,0.2538,0.0732,0.3092,1338771.0,706446.0,-164563230.6598,-90929012.4246,POSITIVE,LONG_GAMMA,DEALER_LONG_GAMMA,0.54,NEUTRAL,LOW,18.2,24.6,41.1,9.4,26.6,17.2,20.0,,741.0,740.0,740.6,CHARM_DOMINATED,39.8,0.181,42.9,41.5,NEUTRAL,2.8
2026-07-23 09:08:00,44378979.0,38429753.0,40592430.0,37850451.0,10629.29,456707.74,-1405017851.75,397999.0,-604317.0,0.0446,0.3273,0.1237,0.8988,342895.0,18266.0,-27016562.3574,-26186192.2874,POSITIVE,LONG_GAMMA,DEALER_LONG_GAMMA,0.6,NEUTRAL,MEDIUM,19.8,21.2,44.2,11.4,22.5,22.6,15.0,,740.0,740.0,740.66,CHARM_DOMINATED,40.0,0.18,45.2,41.8,NEUTRAL,6.8
2026-07-23 09:09:00,44778607.0,39472284.0,42703921.0,39646892.0,8273.66,395106.65,-1467405479.11,194603.0,-1033227.0,0.0237,0.0029,0.016,-0.6817,399628.0,2111491.0,-62387627.3601,83682575.3908,POSITIVE,LONG_GAMMA,DEALER_LONG_GAMMA,0.54,NEUTRAL,MEDIUM,18.8,20.8,46.2,10.9,25.1,17.0,20.0,,741.0,740.0,739.21,CHARM_DOMINATED,40.0,0.18,43.0,40.1,NEUTRAL,5.8
2026-07-23 09:10:00,45861866.0,40770612.0,43908152.0,42269204.0,10540.59,345839.41,-1324410659.07,-298437.0,-1436414.0,0.0218,-0.0321,-0.0133,-0.0529,1083260.0,1204231.0,142994820.0375,136093492.8473,POSITIVE,LONG_GAMMA,DEALER_LONG_GAMMA,0.53,BEARISH,MEDIUM,13.1,25.8,47.5,7.1,26.8,2.4,35.0,,739.0,739.0,739.9,CHARM_DOMINATED,40.0,0.18,40.8,43.6,NEUTRAL,5.6
2026-07-23 09:11:00,47226644.0,40850330.0,45038531.0,42704902.0,12377.48,439226.21,-1466804306.71,-61894.0,170351.0,0.0237,-0.0661,-0.0646,0.0939,1364778.0,1130379.0,-142393647.6387,45002681.0582,POSITIVE,LONG_GAMMA,DEALER_LONG_GAMMA,0.4,NEUTRAL,MEDIUM,18.3,23.8,48.4,8.1,27.9,27.8,20.0,,740.0,739.0,739.5,CHARM_DOMINATED,40.0,0.18,44.4,40.4,NEUTRAL,8.0
2026-07-23 09:12:00,48404624.0,40978494.0,45897896.0,43467986.0,14741.33,505122.68,-1429262744.59,101366.0,990492.0,0.0266,-0.0986,-0.0432,0.1564,1177980.0,859365.0,37541562.1206,-92729639.0977,POSITIVE,LONG_GAMMA,DEALER_LONG_GAMMA,0.39,BEARISH,MEDIUM,16.5,27.7,49.0,5.3,28.6,13.3,35.0,,740.0,739.0,740.11,CHARM_DOMINATED,40.0,0.18,44.4,39.9,NEUTRAL,9.0
2026-07-23 09:13:00,49476010.0,41500288.0,46413122.0,44107492.0,16832.01,534949.67,-1523712330.81,318030.0,2164218.0,0.0319,-0.0663,0.0389,0.3505,1071386.0,515226.0,-94449586.2203,-28754598.2492,POSITIVE,LONG_GAMMA,DEALER_LONG_GAMMA,0.39,BEARISH,MEDIUM,15.5,30.3,49.4,3.4,29.1,13.7,35.0,,740.0,740.0,740.48,CHARM_DOMINATED,40.0,0.18,42.6,41.7,NEUTRAL,1.8
2026-07-23 09:14:00,50273726.0,42046634.0,47244164.0,44681550.0,16537.8,544578.68,-1526669367.34,485271.0,519958.0,0.0311,0.0952,0.0773,-0.0205,797715.0,831042.0,-2957036.5253,3722731.3862,POSITIVE,LONG_GAMMA,DEALER_LONG_GAMMA,0.43,NEUTRAL,MEDIUM,20.1,26.7,49.6,2.2,29.4,28.6,20.0,,740.0,740.0,740.06,CHARM_DOMINATED,40.0,0.18,48.2,39.3,LONG,17.8
2026-07-23 09:15:00,51129200.0,42172326.0,48468763.0,45909014.0,19079.45,585172.32,-1691858447.2,957284.0,-1009392.0,0.0267,0.0719,0.0511,-0.1775,855474.0,1224599.0,-165189079.8619,-55619046.1438,POSITIVE,LONG_GAMMA,DEALER_LONG_GAMMA,0.49,BEARISH,MEDIUM,14.5,29.6,49.7,4.9,29.6,4.1,35.0,,740.0,740.0,739.66,CHARM_DOMINATED,40.0,0.18,42.7,41.7,NEUTRAL,2.0
2026-07-23 09:16:00,51627700.0,42546862.0,48606772.0,47265254.0,22829.07,539810.73,-1739959807.91,342482.0,-738704.0,0.0301,0.1045,0.0483,0.5664,498500.0,138009.0,-48101360.7052,-57941908.9108,POSITIVE,LONG_GAMMA,DEALER_LONG_GAMMA,0.54,NEUTRAL,MEDIUM,16.4,26.2,49.8,6.7,29.7,19.8,20.0,,740.0,740.0,739.64,CHARM_DOMINATED,40.0,0.18,40.7,41.7,NEUTRAL,2.0
2026-07-23 09:17:00,52075844.0,42854148.0,49156436.0,47542184.0,22344.6,559867.86,-1718506790.67,195981.0,-451418.0,0.0288,0.0596,0.0606,-0.1017,448145.0,549664.0,21453017.2393,70748886.4606,POSITIVE,LONG_GAMMA,DEALER_LONG_GAMMA,0.53,BEARISH,MEDIUM,12.3,29.3,49.9,4.4,29.8,4.7,35.0,,740.0,740.0,740.05,CHARM_DOMINATED,40.0,0.18,47.1,39.8,NEUTRAL,14.6
2026-07-23 09:18:00,52909402.0,43192526.0,49606847.0,47935769.0,23702.89,598052.69,-1763804378.69,221320.0,-660525.0,0.0322,0.0362,0.0726,0.2984,833557.0,450411.0,-45297588.0192,94722934.8936,POSITIVE,LONG_GAMMA,DEALER_LONG_GAMMA,0.58,NEUTRAL,MEDIUM,15.0,26.0,49.9,2.9,29.9,19.9,20.0,,740.0,740.0,740.08,CHARM_DOMINATED,40.0,0.18,44.5,39.8,NEUTRAL,9.4
2026-07-23 09:19:00,53630496.0,43739620.0,50143990.0,48331279.0,23708.81,604900.17,-1763617246.45,182776.0,610753.0,0.0336,0.073,0.0586,0.1462,721094.0,537143.0,187132.2373,-9231056.158,POSITIVE,LONG_GAMMA,DEALER_LONG_GAMMA,0.4,NEUTRAL,MEDIUM,20.2,23.9,49.9,5.4,29.9,29.8,20.0,,740.0,739.0,739.74,CHARM_DOMINATED,40.0,0.18,44.8,42.2,NEUTRAL,5.2
2026-07-23 09:20:00,54375278.0,44444034.0,51455006.0,49268155.0,23102.23,634626.06,-1841938665.16,120294.0,767720.0,0.0276,0.0417,0.0271,-0.2754,744782.0,1311016.0,-78321418.7157,-27144857.8493,POSITIVE,LONG_GAMMA,DEALER_LONG_GAMMA,0.37,BEARISH,MEDIUM,18.3,27.8,49.9,7.0,29.9,14.6,35.0,,741.0,739.0,739.51,CHARM_DOMINATED,40.0,0.18,43.0,40.0,NEUTRAL,6.0
2026-07-23 09:21:00,54889618.0,45009632.0,52339086.0,49670777.0,21285.01,633092.87,-1787337469.1,425188.0,-96019.0,0.0238,-0.0673,-0.0113,-0.2644,514340.0,884080.0,54601196.0651,10695116.5656,POSITIVE,LONG_GAMMA,DEALER_LONG_GAMMA,0.49,BEARISH,LOW,13.4,30.3,42.9,8.1,29.9,4.2,35.0,,740.0,739.0,739.72,CHARM_DOMINATED,40.0,0.18,41.3,42.5,NEUTRAL,2.4
2026-07-23 09:22:00,55717840.0,45305502.0,52822261.0,49986865.0,22041.33,666490.71,-1715419213.05,482357.0,80896.0,0.0267,-0.0033,-0.0237,0.2631,828222.0,483175.0,71918256.0475,102326869.2955,POSITIVE,LONG_GAMMA,DEALER_LONG_GAMMA,0.39,BEARISH,LOW,13.7,31.9,38.4,5.3,29.9,14.3,35.0,,740.0,739.0,740.08,CHARM_DOMINATED,40.0,0.18,44.9,39.3,NEUTRAL,11.2
2026-07-23 09:23:00,56175086.0,46300866.0,53261958.0,50654452.0,21087.36,616579.98,-1661740343.74,218755.0,-243861.0,0.0266,-0.0563,-0.0357,0.0196,457247.0,439697.0,53678869.308,74658674.0031,POSITIVE,LONG_GAMMA,DEALER_LONG_GAMMA,0.54,NEUTRAL,MEDIUM,15.6,27.7,42.5,6.9,29.9,19.1,20.0,,741.0,740.0,739.97,CHARM_DOMINATED,40.0,0.18,41.4,41.9,NEUTRAL,1.0
2026-07-23 09:24:00,56403092.0,46750365.0,53828689.0,51149972.0,20285.35,623649.62,-1687781961.91,125571.0,-494637.0,0.0234,-0.1413,0.022,-0.4262,228006.0,566731.0,-26041618.163,-49441100.4838,POSITIVE,LONG_GAMMA,DEALER_LONG_GAMMA,0.54,NEUTRAL,MEDIUM,16.8,25.0,45.1,8.0,29.9,18.9,20.0,,742.0,740.0,739.41,CHARM_DOMINATED,40.0,0.18,42.5,39.9,NEUTRAL,5.2
2026-07-23 09:25:00,57261648.0,47025433.0,55847417.0,51723931.0,18369.47,740126.87,-1786927959.82,448321.0,-194164.0,0.0125,-0.2069,-0.0231,-0.4032,858556.0,2018728.0,-99145997.9128,-125392370.7156,POSITIVE,LONG_GAMMA,DEALER_LONG_GAMMA,0.49,BEARISH,MEDIUM,12.1,28.5,46.8,8.7,29.9,3.5,35.0,,740.0,739.0,739.29,CHARM_DOMINATED,40.0,0.18,43.9,39.5,NEUTRAL,8.8
2026-07-23 09:26:00,57974820.0,47253429.0,56518618.0,52385627.0,19440.61,763178.23,-1759094444.51,461218.0,824169.0,0.0127,-0.1506,-0.0329,0.0303,713172.0,671201.0,27833515.3094,-49474866.8742,POSITIVE,LONG_GAMMA,DEALER_LONG_GAMMA,0.4,NEUTRAL,MEDIUM,17.9,25.5,47.9,9.2,29.9,28.6,20.0,,740.0,740.0,739.22,CHARM_DOMINATED,40.0,0.18,43.9,39.5,NEUTRAL,8.8
2026-07-23 09:27:00,58745031.0,47676302.0,57774999.0,53464877.0,19894.6,801604.57,-1677717474.19,426223.0,1473947.0,0.0083,-0.2413,-0.0692,-0.2399,770211.0,1256381.0,81376970.3242,117199050.8546,POSITIVE,LONG_GAMMA,DEALER_LONG_GAMMA,0.37,BEARISH,MEDIUM,16.4,28.8,48.6,9.5,29.9,13.7,35.0,,740.0,739.0,739.08,CHARM_DOMINATED,40.0,0.18,43.5,39.6,NEUTRAL,7.8
2026-07-23 09:28:00,59211365.0,48040704.0,59057494.0,53557136.0,16886.73,874553.29,-1629859858.74,837859.0,-168548.0,0.0013,-0.3124,-0.13,-0.4667,466334.0,1282495.0,47857615.4435,100273534.1855,POSITIVE,LONG_GAMMA,DEALER_LONG_GAMMA,0.49,BEARISH,LOW,11.7,31.0,42.1,9.7,29.9,3.1,35.0,,742.0,739.0,739.56,CHARM_DOMINATED,40.0,0.18,43.8,40.6,NEUTRAL,6.4
2026-07-23 09:29:00,59869913.0,48354736.0,59808214.0,53812972.0,16564.96,937831.02,-1635697870.01,1035795.0,-376123.0,0.0005,-0.266,-0.1339,-0.0654,658548.0,750720.0,-5838011.265,-33595440.7275,POSITIVE,LONG_GAMMA,DEALER_LONG_GAMMA,0.54,NEUTRAL,MEDIUM,13.9,27.2,44.9,9.8,29.9,18.0,20.0,,740.0,739.0,739.27,CHARM_DOMINATED,40.0,0.18,45.0,39.7,NEUTRAL,10.6
2026-07-23 09:30:00,60051849.0,49537720.0,60333142.0,54118172.0,13106.76,888023.41,-1595502827.36,473880.0,-59492.0,-0.0023,-0.233,-0.1415,-0.4852,181936.0,524928.0,40195042.6502,-47438777.1912,POSITIVE,LONG_GAMMA,DEALER_LONG_GAMMA,0.58,NEUTRAL,LOW,15.1,24.7,39.7,6.4,29.9,17.3,20.0,,738.0,739.0,739.71,CHARM_DOMINATED,40.0,0.18,40.0,42.3,NEUTRAL,4.6
2026-07-23 09:31:00,60444851.0,49923786.0,60522268.0,54950244.0,14772.63,837850.71,-1605214126.92,247741.0,-1100962.0,-0.0006,-0.2369,-0.1494,0.3502,393002.0,189126.0,-9711299.5653,-5767930.5468,POSITIVE,LONG_GAMMA,DEALER_LONG_GAMMA,0.53,BEARISH,MEDIUM,10.7,28.3,43.3,4.2,29.9,2.6,35.0,,739.0,739.0,739.97,CHARM_DOMINATED,40.1,0.18,39.6,42.8,NEUTRAL,6.4
2026-07-23 09:32:00,60639591.0,50456103.0,61070816.0,55448986.0,13638.02,817008.51,-1601554185.88,85293.0,-1634151.0,-0.0035,-0.27,-0.1636,-0.476,194740.0,548549.0,3659941.0429,-20204194.9538,POSITIVE,LONG_GAMMA,DEALER_LONG_GAMMA,0.58,NEUTRAL,MEDIUM,13.0,25.4,45.6,2.7,29.9,17.4,20.0,,738.0,739.0,739.35,CHARM_DOMINATED,40.1,0.18,42.0,41.4,NEUTRAL,1.2
2026-07-23 09:33:00,61053175.0,51026278.0,62409376.0,55956766.0,11140.57,852061.82,-1654818326.54,-38303.0,-112238.0,-0.011,-0.2908,-0.2224,-0.5279,413584.0,1338559.0,-53264140.6625,-40043971.3522,POSITIVE,LONG_GAMMA,DEALER_LONG_GAMMA,0.58,NEUTRAL,MEDIUM,14.4,23.5,47.1,1.8,29.9,16.9,20.0,,739.0,739.0,739.05,CHARM_DOMINATED,40.1,0.18,39.6,42.7,NEUTRAL,6.2
2026-07-23 09:34:00,61946344.0,51271878.0,63038348.0,57777072.0,16031.83,886206.72,-1711562810.3,-314935.0,656217.0,-0.0087,-0.2174,-0.2159,0.1736,893168.0,628973.0,-56744483.76,-51978632.95,POSITIVE,LONG_GAMMA,DEALER_LONG_GAMMA,0.34,NEUTRAL,MEDIUM,20.8,25.8,48.1,13.4,29.9,32.7,30.0,,741.0,739.0,738.84,CHARM_DOMINATED,40.1,0.18,35.7,46.2,SHORT,21.0
2026-07-23 09:35:00,61968336.0,52265364.0,63885334.0,58699672.0,13346.82,812600.66,-1671266213.33,-368093.0,156329.0,-0.0152,-0.2991,-0.2416,-0.9494,21992.0,846985.0,40296596.973,16578156.4163,POSITIVE,LONG_GAMMA,DEALER_LONG_GAMMA,0.34,NEUTRAL,MEDIUM,24.8,27.3,48.8,21.0,29.9,32.3,30.0,,744.0,739.0,738.74,CHARM_DOMINATED,40.1,0.18,41.9,42.8,NEUTRAL,1.8
2026-07-23 09:36:00,62890370.0,52406192.0,65498050.0,59396708.0,13083.78,949586.29,-1711780270.95,98486.0,-157871.0,-0.0203,-0.3409,-0.2438,-0.2725,922035.0,1612716.0,-40514057.619,54895581.8883,POSITIVE,LONG_GAMMA,DEALER_LONG_GAMMA,0.42,BEARISH,MEDIUM,22.1,30.0,49.2,25.9,29.9,17.2,35.0,,739.0,739.0,738.74,CHARM_DOMINATED,40.1,0.18,36.6,46.7,SHORT,20.2
2026-07-23 09:37:00,63389456.0,52695746.0,66147536.0,59815262.0,13348.79,972939.79,-1782604341.22,244133.0,298201.0,-0.0213,-0.2973,-0.2693,-0.1309,499085.0,649486.0,-70824070.2681,-47445120.55,POSITIVE,LONG_GAMMA,DEALER_LONG_GAMMA,0.39,BEARISH,MEDIUM,15.1,35.2,49.5,16.8,29.9,2.2,45.0,,739.0,738.0,739.39,CHARM_DOMINATED,40.1,0.18,40.3,42.6,NEUTRAL,4.6
2026-07-23 09:38:00,66557056.0,53399096.0,67146506.0,60791512.0,20425.21,1096820.56,-1946734280.89,606690.0,2336877.0,-0.0044,0.0749,-0.1443,0.5205,3167600.0,998971.0,-164129939.6696,-117368274.6458,POSITIVE,LONG_GAMMA,DEALER_LONG_GAMMA,0.4,NEUTRAL,MEDIUM,16.2,33.4,49.7,14.4,29.9,18.3,30.0,,740.0,739.0,739.94,CHARM_DOMINATED,40.1,0.18,42.2,41.7,NEUTRAL,1.0
2026-07-23 09:39:00,66838978.0,55056004.0,67393832.0,61817022.0,18624.01,977000.31,-1970905083.85,284809.0,-66801.0,-0.0041,0.0581,-0.1304,0.0654,281923.0,247326.0,-24170802.9613,-38481307.3719,POSITIVE,LONG_GAMMA,DEALER_LONG_GAMMA,0.49,BEARISH,LOW,11.6,34.0,42.8,12.9,29.9,3.0,35.0,,742.0,739.0,740.01,CHARM_DOMINATED,40.1,0.18,41.7,40.4,NEUTRAL,2.6
2026-07-23 09:40:00,68792078.0,55934012.0,68256386.0,62276976.0,20174.31,1054701.32,-1944832535.69,789768.0,-464844.0,0.0039,0.2191,-0.0367,0.3873,1953099.0,862553.0,26072548.1561,118427877.5662,POSITIVE,LONG_GAMMA,DEALER_LONG_GAMMA,0.6,NEUTRAL,MEDIUM,15.6,27.4,45.3,13.6,24.7,23.2,15.0,,740.0,739.0,740.33,CHARM_DOMINATED,40.1,0.18,41.9,42.0,NEUTRAL,0.2
2026-07-23 09:41:00,69987106.0,56410836.0,69024544.0,63039482.0,22485.61,1093380.98,-2006812198.43,595162.0,-1447591.0,0.0069,0.3361,-0.0201,0.2174,1195028.0,768159.0,-61979662.7357,76196814.0256,POSITIVE,LONG_GAMMA,DEALER_LONG_GAMMA,0.54,NEUTRAL,MEDIUM,16.6,24.8,46.9,12.3,26.6,18.5,20.0,,740.0,740.0,739.83,CHARM_DOMINATED,40.1,0.18,40.8,42.0,NEUTRAL,2.4
2026-07-23 09:42:00,70212028.0,57364392.0,70572358.0,64032908.0,18579.98,1080132.65,-1922898883.75,472221.0,508865.0,-0.0026,0.2132,-0.0548,-0.7462,224922.0,1547813.0,83913314.6771,10015953.3733,POSITIVE,LONG_GAMMA,DEALER_LONG_GAMMA,0.37,BEARISH,MEDIUM,11.8,31.9,48.0,11.5,27.8,2.8,45.0,,742.0,739.0,739.54,CHARM_DOMINATED,40.1,0.18,40.9,41.3,NEUTRAL,0.8
2026-07-23 09:43:00,70868832.0,57690298.0,71293452.0,65119214.0,20665.24,1064027.74,-1984614514.21,-32036.0,509506.0,-0.003,0.0195,-0.0242,-0.0467,656805.0,721094.0,-61715630.4622,29052399.3972,POSITIVE,LONG_GAMMA,DEALER_LONG_GAMMA,0.37,BEARISH,MEDIUM,8.8,36.5,48.7,11.0,28.6,3.1,45.0,,740.0,740.0,739.24,CHARM_DOMINATED,40.1,0.18,41.3,42.2,NEUTRAL,1.8
2026-07-23 09:44:00,71295322.0,58446636.0,72978104.0,65419852.0,16266.32,1106636.59,-2061623253.0,609431.0,-818904.0,-0.0117,-0.1123,-0.0709,-0.596,426489.0,1684653.0,-77008738.7847,-80329010.5941,POSITIVE,LONG_GAMMA,DEALER_LONG_GAMMA,0.49,BEARISH,MEDIUM,6.6,36.0,49.2,10.7,29.1,2.4,35.0,,741.0,739.0,738.99,CHARM_DOMINATED,40.1,0.18,37.3,44.5,NEUTRAL,14.4
2026-07-23 09:45:00,71672604.0,58841838.0,73217484.0,66087794.0,17332.11,1055433.55,-2025952569.96,224596.0,-83682.0,-0.0107,-0.2653,-0.0516,0.2236,377282.0,239379.0,35670683.0403,-31767869.9796,POSITIVE,LONG_GAMMA,DEALER_LONG_GAMMA,0.47,BEARISH,MEDIUM,10.4,35.7,49.5,10.5,36.4,17.6,35.0,,740.0,738.0,738.83,CHARM_DOMINATED,40.1,0.18,38.7,43.7,NEUTRAL,10.0
2026-07-23 09:46:00,72232461.0,59224929.0,73663332.0,66848608.0,18717.41,1071175.25,-2064393882.13,52185.0,260774.0,-0.0098,-0.3477,-0.0543,0.1134,559858.0,445848.0,-38441312.1784,67976870.0544,POSITIVE,LONG_GAMMA,DEALER_LONG_GAMMA,0.39,BEARISH,MEDIUM,7.7,39.0,49.7,6.8,34.2,2.8,45.0,,739.0,738.0,739.04,CHARM_DOMINATED,41.5,0.175,39.9,42.9,NEUTRAL,6.0
2026-07-23 09:47:00,72470271.0,60102813.0,73877714.0,67347984.0,17460.56,1005956.94,-2029346586.88,-97979.0,-1013177.0,-0.0096,-0.1882,-0.0396,0.0518,237810.0,214383.0,35047295.2534,18972019.4097,POSITIVE,LONG_GAMMA,DEALER_LONG_GAMMA,0.58,NEUTRAL,MEDIUM,11.1,32.4,49.8,4.4,32.7,17.6,20.0,,738.0,739.0,739.19,CHARM_DOMINATED,41.5,0.175,41.0,42.5,NEUTRAL,3.0
2026-07-23 09:48:00,73529320.0,60171564.0,74354306.0,67669534.0,19832.13,1075042.04,-2038946522.53,137951.0,-276484.0,-0.0056,-0.07,0.0218,0.3793,1059049.0,476592.0,-9599935.6518,14108994.3699,POSITIVE,LONG_GAMMA,DEALER_LONG_GAMMA,0.54,NEUTRAL,MEDIUM,13.5,28.1,49.9,6.4,31.8,17.9,20.0,,740.0,739.0,738.97,CHARM_DOMINATED,41.5,0.175,40.4,42.7,NEUTRAL,4.6
2026-07-23 09:49:00,73929523.0,60298170.0,74934710.0,67936474.0,19666.6,1104134.76,-2014283615.02,44530.0,561454.0,-0.0068,0.1476,0.0036,-0.1838,400203.0,580404.0,24662907.5127,9228494.393,POSITIVE,LONG_GAMMA,DEALER_LONG_GAMMA,0.4,NEUTRAL,MEDIUM,15.0,28.8,49.9,7.7,31.2,17.8,30.0,,740.0,739.0,738.91,CHARM_DOMINATED,41.5,0.175,40.2,43.5,NEUTRAL,6.6
2026-07-23 09:50:00,74329799.0,60640932.0,75342815.0,68491457.0,20152.4,1082099.96,-2014972068.46,115954.0,1079312.0,-0.0068,0.1112,0.038,-0.0097,400276.0,408104.0,-688453.4447,-736452.7668,POSITIVE,LONG_GAMMA,DEALER_LONG_GAMMA,0.4,NEUTRAL,MEDIUM,16.0,29.2,49.9,8.5,30.8,17.9,30.0,,740.0,738.0,738.78,CHARM_DOMINATED,41.5,0.175,40.7,43.2,NEUTRAL,5.0
2026-07-23 09:51:00,74562989.0,61531282.0,75828223.0,70350085.0,22004.46,898310.88,-1975438433.68,-262482.0,-621032.0,-0.0084,0.0368,0.061,-0.351,233190.0,485408.0,39533634.7859,11891104.7401,POSITIVE,LONG_GAMMA,DEALER_LONG_GAMMA,0.53,BEARISH,MEDIUM,11.5,31.2,49.9,5.5,30.5,3.1,35.0,,738.0,738.0,738.46,CHARM_DOMINATED,41.5,0.175,42.6,43.5,NEUTRAL,1.8
2026-07-23 09:52:00,74671105.0,62709987.0,77585394.0,71672293.0,16512.52,827252.3,-1723094788.09,-204594.0,-1784658.0,-0.0191,-0.255,-0.0069,-0.8841,108116.0,1757171.0,252343645.5844,133951413.1511,POSITIVE,LONG_GAMMA,DEALER_LONG_GAMMA,0.58,NEUTRAL,MEDIUM,13.5,27.3,49.9,3.6,30.3,17.3,20.0,,737.0,738.0,738.02,CHARM_DOMINATED,41.5,0.175,41.3,42.6,NEUTRAL,2.6
2026-07-23 09:53:00,75331431.0,63166685.0,78047390.0,73846165.0,22421.54,742306.8,-1874958925.72,-735312.0,-1640266.0,-0.0177,-0.3441,-0.1081,0.1767,660326.0,461996.0,-151864137.6259,30817163.3086,POSITIVE,LONG_GAMMA,DEALER_LONG_GAMMA,0.53,BEARISH,MEDIUM,9.9,30.0,49.9,2.3,30.2,3.1,35.0,,738.0,738.0,738.13,CHARM_DOMINATED,41.5,0.175,44.3,42.9,NEUTRAL,2.8
2026-07-23 09:54:00,75411447.0,63633317.0,78495729.0,74621629.0,22109.09,695717.34,-1853473598.89,-995472.0,107334.0,-0.02,-0.4123,-0.1286,-0.6971,80016.0,448339.0,21485326.8345,-211128045.5808,POSITIVE,LONG_GAMMA,DEALER_LONG_GAMMA,0.37,BEARISH,LOW,7.5,35.2,42.9,5.0,30.1,3.0,45.0,,741.0,738.0,738.19,CHARM_DOMINATED,41.5,0.175,41.2,45.8,NEUTRAL,9.2
2026-07-23 09:55:00,75692115.0,63855130.0,79749108.0,74825597.0,19036.21,769428.6,-1826183150.95,-755946.0,961762.0,-0.0261,-0.5277,-0.2497,-0.6341,280668.0,1253379.0,27290447.9395,-25851866.5923,POSITIVE,LONG_GAMMA,DEALER_LONG_GAMMA,0.39,BEARISH,MEDIUM,5.8,38.6,45.4,3.2,30.1,2.6,45.0,,738.0,738.0,738.16,CHARM_DOMINATED,41.5,0.175,42.3,42.6,NEUTRAL,0.6
2026-07-23 09:56:00,75974859.0,64278871.0,80482410.0,75139183.0,17358.49,780510.73,-1783668436.93,-294126.0,1296352.0,-0.0288,-0.5345,-0.3136,-0.4434,282744.0,733302.0,42514714.018,100091986.3744,POSITIVE,LONG_GAMMA,DEALER_LONG_GAMMA,0.39,BEARISH,MEDIUM,4.6,40.8,47.0,2.1,30.1,2.3,45.0,,738.0,738.0,738.27,CHARM_DOMINATED,42.4,0.173,38.5,44.8,NEUTRAL,12.6
2026-07-23 09:57:00,76483085.0,64664274.0,81257573.0,75385290.0,16088.77,813346.79,-1805686172.16,-36625.0,1790616.0,-0.0303,-0.3392,-0.2603,-0.208,508226.0,775163.0,-22017735.2302,-14139397.9931,POSITIVE,LONG_GAMMA,DEALER_LONG_GAMMA,0.37,BEARISH,MEDIUM,3.7,42.3,48.0,4.9,30.1,2.2,45.0,,739.0,739.0,738.52,CHARM_DOMINATED,42.4,0.173,39.0,43.8,NEUTRAL,9.6
2026-07-23 09:58:00,76890582.0,65239786.0,82341321.0,75467792.0,12510.16,866451.07,-1763321978.57,431671.0,390680.0,-0.0342,-0.4672,-0.2944,-0.4535,407497.0,1083748.0,42364193.5906,-24729351.7986,POSITIVE,LONG_GAMMA,DEALER_LONG_GAMMA,0.4,NEUTRAL,MEDIUM,8.2,38.0,48.7,6.7,30.1,16.7,30.0,,739.0,738.0,738.36,CHARM_DOMINATED,42.4,0.173,42.3,43.0,NEUTRAL,1.4
2026-07-23 09:59:00,77354433.0,65435745.0,82791330.0,76185379.0,14154.33,880269.55,-1802929898.26,574482.0,-198351.0,-0.0339,-0.3771,-0.2365,0.0151,463851.0,450009.0,-39607919.6955,-8870352.4464,POSITIVE,LONG_GAMMA,DEALER_LONG_GAMMA,0.54,NEUTRAL,MEDIUM,11.2,31.7,49.2,7.9,30.1,16.9,20.0,,739.0,738.0,738.38,CHARM_DOMINATED,42.4,0.173,42.3,42.8,NEUTRAL,1.0
2026-07-23 10:00:00,77605332.0,65706312.0,82854128.0,76733422.0,15332.32,840702.47,-1748563742.66,251846.0,-355755.0,-0.0327,-0.2375,-0.2379,0.5996,250899.0,62798.0,54366155.5997,-2794111.2281,POSITIVE,LONG_GAMMA,DEALER_LONG_GAMMA,0.58,NEUTRAL,MEDIUM,13.2,27.6,49.5,5.1,30.1,17.0,20.0,,738.0,738.0,738.31,CHARM_DOMINATED,42.4,0.173,42.8,41.0,NEUTRAL,3.6
2026-07-23 10:01:00,78108679.0,65782328.0,84315223.0,76748572.0,12339.44,955710.87,-1745067165.21,570757.0,-286329.0,-0.0382,-0.2847,-0.2889,-0.4875,503347.0,1461095.0,3496577.4512,27553229.5779,POSITIVE,LONG_GAMMA,DEALER_LONG_GAMMA,0.54,NEUTRAL,MEDIUM,14.4,24.9,49.7,6.8,30.1,16.6,20.0,,739.0,738.0,738.02,CHARM_DOMINATED,42.4,0.173,43.7,41.8,NEUTRAL,3.8
2026-07-23 10:02:00,78598990.0,66301930.0,86886000.0,77313610.0,6606.24,1084551.22,-1783372175.19,835671.0,698164.0,-0.0501,-0.4536,-0.3595,-0.6796,490311.0,2570777.0,-38305009.9749,-24783334.2139,POSITIVE,LONG_GAMMA,DEALER_LONG_GAMMA,0.37,BEARISH,MEDIUM,9.7,31.9,49.8,7.9,30.1,0.9,45.0,,739.0,738.0,738.01,CHARM_DOMINATED,44.3,0.167,40.1,48.1,NEUTRAL,16.0
2026-07-23 10:03:00,78870649.0,66688977.0,87256879.0,78738816.0,9060.1,1013423.57,-1709545009.87,435082.0,1145636.0,-0.0505,-0.4257,-0.4145,-0.1544,271659.0,370879.0,73827165.3201,-11170288.8528,POSITIVE,LONG_GAMMA,DEALER_LONG_GAMMA,0.4,NEUTRAL,MEDIUM,12.0,31.2,49.9,8.6,30.1,16.2,30.0,,739.0,737.0,737.68,CHARM_DOMINATED,44.3,0.167,40.0,46.3,NEUTRAL,12.6
2026-07-23 10:04:00,79182728.0,67232012.0,89104899.0,79082649.0,4139.38,1064328.96,-1742765461.41,689665.0,9140.0,-0.059,-0.5509,-0.4591,-0.7111,312079.0,1848020.0,-33220451.544,37707573.1499,POSITIVE,LONG_GAMMA,DEALER_LONG_GAMMA,0.37,BEARISH,LOW,8.0,36.0,42.9,9.1,30.1,0.5,45.0,,740.0,737.0,737.61,CHARM_DOMINATED,44.3,0.167,40.0,47.8,NEUTRAL,15.6
2026-07-23 10:05:00,80018508.0,67464929.0,89450978.0,81001465.0,10463.45,1014469.98,-1779686974.97,596673.0,-2213648.0,-0.0557,-0.4643,-0.4253,0.4143,835780.0,346079.0,-36921513.5581,-52832060.2237,POSITIVE,LONG_GAMMA,DEALER_LONG_GAMMA,0.49,BEARISH,MEDIUM,5.7,35.7,45.4,9.4,30.1,1.3,35.0,,738.0,738.0,737.57,CHARM_DOMINATED,44.3,0.167,38.0,47.6,SHORT,19.2
2026-07-23 10:06:00,80723501.0,67593152.0,91230083.0,81979936.0,9938.02,1110188.58,-1728739653.27,497499.0,156887.0,-0.0611,-0.4512,-0.4286,-0.4324,704993.0,1779105.0,50947321.6999,-13290452.8172,POSITIVE,LONG_GAMMA,DEALER_LONG_GAMMA,0.37,BEARISH,MEDIUM,4.1,39.0,47.0,9.6,30.1,1.2,45.0,,739.0,737.0,737.23,CHARM_DOMINATED,41.3,0.676,36.2,46.0,SHORT,19.6
2026-07-23 10:07:00,81527402.0,68152147.0,93424762.0,83158553.0,8377.85,1179598.07,-1786002287.79,354403.0,504408.0,-0.068,-0.3814,-0.3958,-0.4638,803901.0,2194679.0,-57262634.5196,31913326.1412,POSITIVE,LONG_GAMMA,DEALER_LONG_GAMMA,0.37,BEARISH,MEDIUM,3.0,41.1,48.0,9.7,30.1,1.0,45.0,,738.0,737.0,737.2,CHARM_DOMINATED,41.3,1.0,32.7,49.7,SHORT,34.0
2026-07-23 10:08:00,82316478.0,68601794.0,95567223.0,83222722.0,3067.52,1334353.51,-1690688982.34,1071890.0,1533686.0,-0.0745,-0.4138,-0.4299,-0.4617,789076.0,2142461.0,95313305.4472,12012431.3929,POSITIVE,LONG_GAMMA,DEALER_LONG_GAMMA,0.4,NEUTRAL,MEDIUM,7.3,37.2,48.7,9.8,30.1,15.4,30.0,,738.0,737.0,737.26,CHARM_DOMINATED,38.3,1.0,38.4,47.6,SHORT,18.4
2026-07-23 10:09:00,82537407.0,69127895.0,96023736.0,84149749.0,3709.09,1281450.93,-1743554324.7,662107.0,763903.0,-0.0755,-0.3469,-0.4219,-0.3478,220929.0,456513.0,-52865342.3631,24381637.952,POSITIVE,LONG_GAMMA,DEALER_LONG_GAMMA,0.37,BEARISH,MEDIUM,4.9,39.9,49.2,9.9,30.1,0.4,45.0,,739.0,737.0,737.38,CHARM_DOMINATED,40.1,1.0,35.1,50.0,SHORT,29.8
2026-07-23 10:10:00,82537407.0,69764617.0,97343998.0,84601806.0,-1069.07,1273544.66,-1636568021.59,902378.0,-694680.0,-0.0823,-0.5162,-0.4398,-1.0,0.0,1320262.0,106986303.1101,8035144.9097,POSITIVE,LONG_GAMMA,DEALER_LONG_GAMMA,0.53,BEARISH,MEDIUM,3.2,38.2,49.5,6.4,30.1,0.0,35.1,,732.0,737.0,737.21,CHARM_DOMINATED,40.1,0.68,34.4,51.9,SHORT,35.0
2026-07-23 10:11:00,83027911.0,69938549.0,98217490.0,84989356.0,-1345.44,1293584.86,-1672920279.14,787400.0,-1753241.0,-0.0838,-0.504,-0.4309,-0.2808,490504.0,873491.0,-36352257.5504,14093041.2377,POSITIVE,LONG_GAMMA,DEALER_LONG_GAMMA,0.53,BEARISH,MEDIUM,2.1,37.1,49.7,4.2,30.1,0.0,35.2,,737.0,737.0,737.13,CHARM_DOMINATED,40.1,0.18,39.3,46.3,NEUTRAL,14.0
2026-07-23 10:12:00,83178891.0,70721979.0,98370638.0,86855502.0,1691.89,1155154.1,-1638825466.38,66117.0,-1258168.0,-0.0837,-0.4993,-0.4375,-0.0071,150980.0,153149.0,34094812.7611,-28189202.7682,POSITIVE,LONG_GAMMA,DEALER_LONG_GAMMA,0.45,NEUTRAL,MEDIUM,11.9,31.1,49.8,15.0,30.1,30.2,20.0,,740.0,737.0,736.77,CHARM_DOMINATED,40.1,0.18,35.8,50.5,SHORT,29.4
2026-07-23 10:13:00,83930526.0,71001853.0,101116658.0,87359470.0,-3032.33,1301517.92,-1656065200.14,125335.0,662394.0,-0.0929,-0.5494,-0.4546,-0.5702,751635.0,2746019.0,-17239733.7573,-26889483.2779,POSITIVE,LONG_GAMMA,DEALER_LONG_GAMMA,0.37,BEARISH,MEDIUM,7.7,36.1,49.9,13.2,30.1,0.0,45.4,,738.0,737.0,736.71,CHARM_DOMINATED,47.1,0.159,31.8,54.4,SHORT,45.2
2026-07-23 10:14:00,84696062.0,71123844.0,102615032.0,88488808.0,-2607.9,1391120.73,-1554697347.21,482989.0,-56682.0,-0.0957,-0.5066,-0.4595,-0.3237,765536.0,1498374.0,101367852.932,43192781.982,POSITIVE,LONG_GAMMA,DEALER_LONG_GAMMA,0.49,BEARISH,LOW,5.0,35.8,42.9,12.1,30.1,0.0,35.3,,737.0,735.0,736.57,CHARM_DOMINATED,47.1,0.159,36.7,49.8,SHORT,26.2
2026-07-23 10:15:00,85241176.0,71446678.0,103443408.0,89593906.0,-638.62,1376622.97,-1683668012.27,425804.0,1995450.0,-0.0965,-0.3857,-0.4589,-0.2062,545114.0,828377.0,-128970665.0617,-22228945.5668,POSITIVE,LONG_GAMMA,DEALER_LONG_GAMMA,0.37,BEARISH,MEDIUM,3.2,39.0,45.4,11.4,30.1,0.0,45.1,,737.0,736.0,736.76,CHARM_DOMINATED,48.8,0.154,33.2,53.7,SHORT,41.0
2026-07-23 10:16:00,86172742.0,71947024.0,104945714.0,89669666.0,-3421.05,1484605.1,-1708588901.6,636854.0,754452.0,-0.0982,-0.3629,-0.4379,-0.2345,931566.0,1502306.0,-24920889.3319,-119009836.7841,POSITIVE,LONG_GAMMA,DEALER_LONG_GAMMA,0.4,BEARISH,MEDIUM,7.3,36.0,47.0,10.9,30.1,15.0,30.4,,738.0,737.0,736.69,CHARM_DOMINATED,48.8,0.154,37.5,49.3,SHORT,23.6
2026-07-23 10:17:00,86604018.0,72349719.0,105754460.0,89888930.0,-5322.62,1508976.42,-1599181171.67,1229556.0,-1056067.0,-0.0996,-0.3662,-0.4042,-0.3044,431276.0,808746.0,109407729.9323,56044826.3651,POSITIVE,LONG_GAMMA,DEALER_LONG_GAMMA,0.49,BEARISH,MEDIUM,4.7,35.9,48.0,10.6,30.1,0.0,35.6,,737.0,736.0,736.98,CHARM_DOMINATED,54.9,0.135,36.6,54.2,SHORT,35.2
2026-07-23 10:18:00,87598707.0,72749684.0,106083292.0,90691644.0,-1953.87,1512534.96,-1658115457.98,710962.0,386487.0,-0.0954,-0.1504,-0.3665,0.5031,994689.0,328832.0,-58934286.3132,102182499.0064,POSITIVE,LONG_GAMMA,DEALER_LONG_GAMMA,0.37,BEARISH,MEDIUM,3.1,39.2,48.7,10.4,30.1,0.0,45.2,,738.0,736.0,737.11,CHARM_DOMINATED,54.9,0.135,38.9,49.2,SHORT,20.6
2026-07-23 10:19:00,87740577.0,73098019.0,106329611.0,91092019.0,-2274.99,1482921.53,-1628935258.52,436342.0,-775535.0,-0.0958,-0.0991,-0.3362,-0.2691,141870.0,246319.0,29180199.4589,-57120463.7274,POSITIVE,LONG_GAMMA,DEALER_LONG_GAMMA,0.42,BEARISH,MEDIUM,7.3,37.8,49.2,19.0,30.1,15.0,35.3,,740.0,736.0,737.02,CHARM_DOMINATED,54.9,0.135,37.8,50.6,SHORT,25.6
2026-07-23 10:20:00,88274340.0,73685797.0,106602629.0,91801301.0,-1446.63,1446932.45,-1545875952.17,349174.0,-1481234.0,-0.0941,-0.0204,-0.3501,0.3232,533763.0,273018.0,83059306.3552,30883031.0975,POSITIVE,LONG_GAMMA,DEALER_LONG_GAMMA,0.49,BEARISH,MEDIUM,4.7,36.9,49.5,15.8,30.1,0.0,35.2,,738.0,735.0,737.48,CHARM_DOMINATED,55.3,0.134,34.6,53.8,SHORT,38.4
2026-07-23 10:21:00,89483038.0,74480584.0,107288989.0,92656088.0,450.83,1491982.33,-1594076943.96,26718.0,-571224.0,-0.0905,0.171,-0.2941,0.2756,1208698.0,686360.0,-48200991.79,32306200.7098,POSITIVE,LONG_GAMMA,DEALER_LONG_GAMMA,0.54,NEUTRAL,MEDIUM,8.3,29.6,49.7,13.8,30.1,15.0,16.0,,738.0,738.0,737.39,CHARM_DOMINATED,55.3,0.134,39.2,50.0,SHORT,21.6
2026-07-23 10:22:00,89641859.0,75049054.0,108363687.0,93331279.0,-2010.63,1481922.03,-1524164825.83,-98923.0,34861.0,-0.0946,0.0759,-0.296,-0.7425,158821.0,1074698.0,69912118.1343,-45264189.7349,POSITIVE,LONG_GAMMA,DEALER_LONG_GAMMA,0.37,BEARISH,MEDIUM,5.4,35.1,49.8,12.5,30.1,0.0,45.2,,739.0,737.0,737.09,CHARM_DOMINATED,55.3,0.134,36.6,50.6,SHORT,28.0
2026-07-23 10:23:00,90356900.0,75537622.0,110689300.0,94799728.0,-4513.09,1574067.31,-1297712789.9,93636.0,865060.0,-0.1011,-0.2509,-0.3057,-0.5297,715041.0,2325613.0,226452035.9231,130752919.7461,POSITIVE,LONG_GAMMA,DEALER_LONG_GAMMA,0.33,BEARISH,MEDIUM,3.5,44.0,49.9,11.6,37.1,0.0,60.5,,738.0,736.0,736.52,CHARM_DOMINATED,55.3,0.134,48.3,38.4,LONG,19.8
2026-07-23 10:24:00,91420429.0,75772481.0,111604210.0,96710339.0,1340.09,1601663.3,-1597234233.61,132334.0,424552.0,-0.0994,-0.1781,-0.2738,0.0751,1063529.0,914910.0,-299521443.7104,-47390267.0658,POSITIVE,LONG_GAMMA,DEALER_LONG_GAMMA,0.37,BEARISH,MEDIUM,2.3,44.4,49.9,11.0,34.6,0.1,45.0,,737.0,736.0,736.72,CHARM_DOMINATED,56.4,0.131,33.1,52.8,SHORT,39.4
2026-07-23 10:25:00,91689770.0,76256624.0,111956651.0,97562641.0,2176.82,1563312.66,-1650411477.69,87457.0,-50357.0,-0.0995,-0.2211,-0.2298,-0.1336,269341.0,352441.0,-53177244.0791,-324531420.9234,POSITIVE,LONG_GAMMA,DEALER_LONG_GAMMA,0.54,NEUTRAL,MEDIUM,6.8,35.9,49.9,10.7,33.0,15.2,20.0,,738.0,736.0,736.44,CHARM_DOMINATED,56.4,0.131,39.3,48.7,SHORT,18.8
2026-07-23 10:26:00,92188073.0,76514714.0,113157926.0,98537104.0,2423.08,1548512.7,-1675627229.8,131765.0,-674970.0,-0.1021,-0.369,-0.2398,-0.4136,498303.0,1201275.0,-25215752.1039,-2661794.1979,POSITIVE,LONG_GAMMA,DEALER_LONG_GAMMA,0.54,NEUTRAL,MEDIUM,9.8,30.3,49.9,10.5,31.9,15.3,20.0,,737.0,737.0,736.14,CHARM_DOMINATED,56.4,0.131,41.0,46.6,NEUTRAL,11.2
2026-07-23 10:27:00,92599133.0,76769872.0,114631561.0,99170233.0,281.73,1607783.25,-1604400136.79,333075.0,-208713.0,-0.1063,-0.3589,-0.2664,-0.5638,411060.0,1473635.0,71227093.0107,199355014.3482,POSITIVE,LONG_GAMMA,DEALER_LONG_GAMMA,0.49,BEARISH,MEDIUM,6.4,31.9,49.9,10.3,31.2,0.0,35.0,,737.0,736.0,736.17,CHARM_DOMINATED,56.4,0.131,37.4,49.9,SHORT,25.0
2026-07-23 10:28:00,92864014.0,77080552.0,114953681.0,100391102.0,2427.95,1570223.03,-1611436426.6,-72562.0,613809.0,-0.1063,-0.2595,-0.2153,-0.0975,264881.0,322120.0,-7036289.8128,71291899.6905,POSITIVE,LONG_GAMMA,DEALER_LONG_GAMMA,0.37,BEARISH,MEDIUM,4.2,36.5,49.9,10.2,30.8,0.3,45.0,,738.0,737.0,736.31,CHARM_DOMINATED,56.4,0.131,52.0,36.1,LONG,31.8
2026-07-23 10:29:00,93703898.0,77514419.0,115048841.0,102407811.0,9507.66,1452073.6,-1750858217.12,-342262.0,-364072.0,-0.1022,-0.2027,-0.1598,0.7965,839884.0,95160.0,-139421790.5249,-96234710.6222,POSITIVE,LONG_GAMMA,DEALER_LONG_GAMMA,0.49,BEARISH,MEDIUM,3.1,36.0,49.9,10.1,30.5,1.0,35.0,,737.0,736.0,735.87,CHARM_DOMINATED,56.4,0.131,40.8,49.3,SHORT,17.0
2026-07-23 10:30:00,93989310.0,77957594.0,115490696.0,104069712.0,12641.01,1377995.49,-1748042355.97,-474891.0,-2011013.0,-0.1026,-0.2116,-0.1586,-0.2151,285412.0,441855.0,2815861.1574,-100398366.2827,POSITIVE,LONG_GAMMA,DEALER_LONG_GAMMA,0.47,BEARISH,MEDIUM,7.7,35.7,49.9,10.1,37.3,16.3,35.0,,736.0,735.0,735.8,CHARM_DOMINATED,56.4,0.131,43.2,47.7,NEUTRAL,9.0
2026-07-23 10:31:00,94176709.0,79041740.0,117768540.0,106221459.0,9181.15,1353361.19,-1603784051.66,-722426.0,-1247260.0,-0.1113,-0.3973,-0.2314,-0.848,187399.0,2277844.0,144258304.3063,146766122.9007,POSITIVE,LONG_GAMMA,DEALER_LONG_GAMMA,0.49,BEARISH,MEDIUM,5.3,35.5,49.9,10.1,34.7,0.9,35.0,,740.0,735.0,735.26,CHARM_DOMINATED,56.4,0.131,40.3,48.1,NEUTRAL,15.6
2026-07-23 10:32:00,95545825.0,79604096.0,118621324.0,108120757.0,14693.0,1345588.44,-1692016415.79,-969659.0,433969.0,-0.1077,-0.1504,-0.18,0.2324,1369116.0,852784.0,-88232364.1292,96315934.7723,POSITIVE,LONG_GAMMA,DEALER_LONG_GAMMA,0.37,BEARISH,MEDIUM,4.0,38.8,49.9,10.1,33.1,1.5,45.0,,736.0,735.0,735.96,CHARM_DOMINATED,56.4,0.131,54.4,37.6,LONG,33.6
2026-07-23 10:33:00,95864959.0,80691202.0,119637543.0,108339253.0,10095.52,1353936.18,-1614751530.41,-774799.0,1119786.0,-0.1103,-0.219,-0.2423,-0.522,319134.0,1016219.0,77264885.3734,-79020822.1098,POSITIVE,LONG_GAMMA,DEALER_LONG_GAMMA,0.4,NEUTRAL,MEDIUM,8.2,35.7,49.9,10.1,32.0,16.0,30.0,,738.0,736.0,735.92,CHARM_DOMINATED,56.4,0.131,41.8,48.5,NEUTRAL,13.4
2026-07-23 10:34:00,95961874.0,81953281.0,120350760.0,109017059.0,5871.23,1306404.8,-1437548853.59,-697643.0,627644.0,-0.1127,-0.4026,-0.2608,-0.7607,96915.0,713217.0,177202676.8263,99220811.0113,POSITIVE,LONG_GAMMA,DEALER_LONG_GAMMA,0.32,BEARISH,MEDIUM,10.8,39.0,49.9,18.8,31.3,15.6,45.0,,739.0,735.0,736.18,CHARM_DOMINATED,56.4,0.131,37.7,51.3,SHORT,27.2
2026-07-23 10:35:00,97329127.0,82325726.0,120900270.0,109627956.0,9170.77,1362527.5,-1509329629.18,-235397.0,449675.0,-0.108,-0.2366,-0.2245,0.4266,1367253.0,549510.0,-71780775.5894,58194689.9963,POSITIVE,LONG_GAMMA,DEALER_LONG_GAMMA,0.39,BEARISH,MEDIUM,7.3,41.1,49.9,12.2,30.8,0.9,45.0,,736.0,736.0,736.6,CHARM_DOMINATED,58.2,0.125,50.5,38.3,LONG,24.4
2026-07-23 10:36:00,98274870.0,82886808.0,121773072.0,109981241.0,8050.55,1423889.12,-1315456611.2,99569.0,340950.0,-0.1068,0.0116,-0.2446,0.0401,945743.0,872802.0,193873017.9823,-66187659.9034,POSITIVE,LONG_GAMMA,DEALER_LONG_GAMMA,0.39,BEARISH,MEDIUM,5.0,42.5,49.9,7.9,30.5,0.8,45.0,,736.0,736.0,736.43,CHARM_DOMINATED,58.2,0.125,42.4,47.4,NEUTRAL,10.0
2026-07-23 10:37:00,98709460.0,83631397.0,122300690.0,110647411.0,7409.81,1374670.04,-1315393262.87,57809.0,1013017.0,-0.1067,-0.0754,-0.2117,-0.0967,434590.0,527618.0,63348.3252,44257232.5353,POSITIVE,LONG_GAMMA,DEALER_LONG_GAMMA,0.37,BEARISH,MEDIUM,3.5,43.4,49.9,8.6,30.3,0.7,45.0,,737.0,735.0,736.77,CHARM_DOMINATED,58.2,0.125,36.8,52.7,SHORT,31.8
2026-07-23 10:38:00,99436639.0,85519529.0,122605809.0,111833939.0,6249.68,1204887.2,-1231141824.93,-356613.0,-430746.0,-0.1043,0.0923,-0.1351,0.4089,727179.0,305119.0,84251437.9404,-18888728.0636,POSITIVE,LONG_GAMMA,DEALER_LONG_GAMMA,0.53,BEARISH,MEDIUM,2.5,40.5,49.9,5.6,30.2,0.6,35.0,,735.0,735.0,737.03,CHARM_DOMINATED,58.2,0.125,39.1,49.5,SHORT,20.8
2026-07-23 10:39:00,100396186.0,86308442.0,123422970.0,112117467.0,5118.91,1220385.06,-1365195100.66,10191.0,-1514348.0,-0.1029,0.1815,-0.1367,0.0801,959547.0,817161.0,-134053275.7314,-121869102.0493,POSITIVE,LONG_GAMMA,DEALER_LONG_GAMMA,0.53,BEARISH,MEDIUM,1.8,36.1,49.9,3.6,30.1,0.5,28.0,,737.0,736.0,737.13,CHARM_DOMINATED,58.2,0.125,43.6,45.4,NEUTRAL,3.6
2026-07-23 10:40:00,100900081.0,87515387.0,123889865.0,112613802.0,2728.57,1170020.1,-1265702627.81,-322992.0,-918008.0,-0.1023,0.0886,-0.1288,0.0381,503895.0,466895.0,99492472.8475,-59437794.5748,POSITIVE,LONG_GAMMA,DEALER_LONG_GAMMA,0.42,BEARISH,MEDIUM,6.5,35.7,49.9,14.6,30.1,15.3,35.0,,738.0,737.0,737.61,CHARM_DOMINATED,58.2,0.125,35.5,52.3,SHORT,33.6
2026-07-23 10:41:00,101707440.0,87949194.0,124977953.0,112717502.0,562.17,1243346.75,-1180761437.24,-232239.0,1688696.0,-0.1027,0.0343,-0.1078,-0.1481,807359.0,1088088.0,84941190.5729,117117750.6057,POSITIVE,LONG_GAMMA,DEALER_LONG_GAMMA,0.39,BEARISH,MEDIUM,4.2,39.0,49.9,9.5,30.1,0.1,45.0,,737.0,737.0,737.08,CHARM_DOMINATED,58.2,0.125,41.3,46.1,NEUTRAL,9.6
2026-07-23 10:42:00,102254243.0,88493713.0,125373169.0,113725394.0,2609.05,1177882.55,-1312178304.13,-264607.0,674067.0,-0.1016,0.0714,-0.0533,0.1609,546803.0,395216.0,-131416866.8872,-5957436.7152,POSITIVE,LONG_GAMMA,DEALER_LONG_GAMMA,0.39,BEARISH,MEDIUM,2.8,41.1,49.9,6.2,30.1,0.2,45.0,,737.0,735.0,737.56,CHARM_DOMINATED,58.2,0.125,35.6,52.3,SHORT,33.4
2026-07-23 10:43:00,103182604.0,88650038.0,125609911.0,114860534.0,7792.61,1165158.24,-1371072083.01,118593.0,221174.0,-0.098,0.1099,-0.0161,0.5936,928361.0,236742.0,-58893778.8814,-187372154.5945,POSITIVE,LONG_GAMMA,DEALER_LONG_GAMMA,0.4,NEUTRAL,MEDIUM,7.3,37.2,49.9,7.5,30.1,15.7,30.0,,738.0,737.0,736.84,CHARM_DOMINATED,58.2,0.125,40.1,47.9,NEUTRAL,15.6
2026-07-23 10:44:00,103614097.0,88967495.0,126184478.0,115886365.0,9859.66,1128967.14,-1527565113.51,-89706.0,-670719.0,-0.0982,0.0763,-0.0582,-0.1422,431493.0,574567.0,-156493030.5017,-84455566.5344,POSITIVE,LONG_GAMMA,DEALER_LONG_GAMMA,0.49,BEARISH,MEDIUM,5.1,36.4,49.9,8.4,30.1,0.9,35.0,,737.0,737.0,736.92,CHARM_DOMINATED,58.2,0.125,35.6,51.8,SHORT,32.4
2026-07-23 10:45:00,104017534.0,89140905.0,126729000.0,116543793.0,10945.24,1144709.91,-1544943953.81,80216.0,-489264.0,-0.0984,0.0467,-0.0569,-0.1488,403437.0,544522.0,-17378840.3018,8219387.4825,POSITIVE,LONG_GAMMA,DEALER_LONG_GAMMA,0.54,NEUTRAL,MEDIUM,8.9,30.7,49.9,9.0,30.1,16.0,20.0,,737.0,737.0,736.4,CHARM_DOMINATED,58.2,0.125,44.0,46.1,NEUTRAL,4.2
2026-07-23 10:46:00,104808302.0,89636408.0,128110609.0,116901161.0,8696.55,1227882.84,-1410214430.24,72529.0,734843.0,-0.1,-0.0051,0.0138,-0.272,790768.0,1381609.0,134729523.5746,166368746.3279,POSITIVE,LONG_GAMMA,DEALER_LONG_GAMMA,0.4,NEUTRAL,MEDIUM,11.3,30.5,49.9,9.4,30.1,15.8,30.0,,737.0,735.0,736.74,CHARM_DOMINATED,58.2,0.125,39.6,49.8,SHORT,20.4
2026-07-23 10:47:00,105094230.0,89835113.0,128554576.0,117294105.0,8766.15,1229025.75,-1389301703.88,222257.0,756753.0,-0.1004,-0.0567,-0.0198,-0.2165,285928.0,443967.0,20912726.3538,164757060.3659,POSITIVE,LONG_GAMMA,DEALER_LONG_GAMMA,0.37,BEARISH,MEDIUM,7.6,35.6,49.9,9.6,30.1,0.8,45.0,,738.0,737.0,736.55,CHARM_DOMINATED,58.2,0.125,38.6,51.3,SHORT,25.4
2026-07-23 10:48:00,105431961.0,89986365.0,129023578.0,117632340.0,8821.18,1246103.66,-1377989344.37,310978.0,701720.0,-0.1006,-0.2056,0.0095,-0.1627,337731.0,469002.0,11312359.5114,-42562798.7038,POSITIVE,LONG_GAMMA,DEALER_LONG_GAMMA,0.37,BEARISH,MEDIUM,5.2,38.9,49.9,9.7,30.1,0.8,45.0,,737.0,736.0,736.62,CHARM_DOMINATED,58.2,0.125,37.1,53.0,SHORT,31.8
2026-07-23 10:49:00,105628071.0,90230081.0,129250608.0,117873257.0,8721.12,1244894.12,-1402815403.69,366125.0,-586980.0,-0.1006,-0.2071,0.0413,-0.0731,196110.0,227030.0,-24826059.3182,-84577974.8676,POSITIVE,LONG_GAMMA,DEALER_LONG_GAMMA,0.54,NEUTRAL,MEDIUM,8.9,32.3,49.9,9.8,30.1,15.8,20.0,,738.0,736.0,736.63,CHARM_DOMINATED,58.2,0.125,37.9,52.3,SHORT,28.8
2026-07-23 10:50:00,105806276.0,90905808.0,129498004.0,118362460.0,7647.99,1175323.25,-1307160172.96,194835.0,-890068.0,-0.1007,-0.2151,-0.0071,-0.1626,178205.0,247396.0,95655230.7338,19302042.7752,POSITIVE,LONG_GAMMA,DEALER_LONG_GAMMA,0.53,BEARISH,MEDIUM,6.0,33.2,49.9,6.4,30.1,0.7,35.0,,735.0,737.0,736.66,CHARM_DOMINATED,58.2,0.125,36.7,52.3,SHORT,31.2
2026-07-23 10:51:00,106125798.0,91203493.0,129827139.0,118545378.0,7022.24,1178413.23,-1209873698.17,-35455.0,-438669.0,-0.1004,-0.1315,-0.0128,-0.0148,319522.0,329135.0,97286474.7894,103227702.665,POSITIVE,LONG_GAMMA,DEALER_LONG_GAMMA,0.49,BEARISH,MEDIUM,4.1,33.8,49.9,7.7,30.1,0.6,35.0,,737.0,737.0,736.73,CHARM_DOMINATED,58.2,0.125,36.2,51.8,SHORT,31.2
2026-07-23 10:52:00,106378114.0,91466020.0,130049947.0,118687475.0,6424.96,1184939.03,-1108672207.19,-49004.0,-294802.0,-0.1001,-0.0761,-0.0052,0.0621,252316.0,222808.0,101201490.9748,63829397.1743,POSITIVE,LONG_GAMMA,DEALER_LONG_GAMMA,0.49,BEARISH,MEDIUM,2.9,34.2,49.9,8.5,30.1,0.6,35.0,,737.0,736.0,736.83,CHARM_DOMINATED,58.2,0.125,36.0,51.9,SHORT,31.8
2026-07-23 10:53:00,106782043.0,91721762.0,130144533.0,119027519.0,7741.08,1178766.79,-1149817043.15,-131908.0,447505.0,-0.0986,0.0927,-0.013,0.6205,403929.0,94586.0,-41144835.9576,-66442525.2531,POSITIVE,LONG_GAMMA,DEALER_LONG_GAMMA,0.37,BEARISH,MEDIUM,2.1,38.0,49.9,9.0,30.1,0.7,45.0,,737.0,736.0,736.85,CHARM_DOMINATED,58.2,0.125,35.9,52.9,SHORT,34.0
2026-07-23 10:54:00,106994652.0,92023814.0,130551902.0,119116185.0,6299.83,1206846.26,-1030167990.1,-73757.0,353134.0,-0.0992,0.0245,-0.0386,-0.3141,212609.0,407369.0,119649053.0501,-59991874.3359,POSITIVE,LONG_GAMMA,DEALER_LONG_GAMMA,0.37,BEARISH,MEDIUM,1.6,40.4,49.9,9.4,30.1,0.6,45.0,,738.0,735.0,737.03,CHARM_DOMINATED,58.2,0.125,38.4,49.6,SHORT,22.4
2026-07-23 10:55:00,107494744.0,93018621.0,130844802.0,119813869.0,5726.95,1167115.07,-911206951.01,-105791.0,-375114.0,-0.098,0.1126,-0.0266,0.2613,500092.0,292900.0,118961039.0956,89276718.5643,POSITIVE,LONG_GAMMA,DEALER_LONG_GAMMA,0.53,BEARISH,MEDIUM,1.2,38.5,49.9,6.1,30.1,0.5,35.0,,737.0,736.0,737.41,CHARM_DOMINATED,58.2,0.125,34.7,53.5,SHORT,37.6
2026-07-23 10:56:00,107964034.0,93975190.0,131440964.0,120295504.0,3607.12,1174095.29,-938543710.02,-213952.0,-334278.0,-0.0981,0.065,-0.0162,-0.1191,469290.0,596162.0,-27336759.0157,6560031.4937,POSITIVE,LONG_GAMMA,DEALER_LONG_GAMMA,0.54,NEUTRAL,MEDIUM,6.1,32.0,49.9,7.5,30.1,15.3,20.0,,739.0,737.0,737.5,CHARM_DOMINATED,58.2,0.125,37.0,52.4,SHORT,30.8
2026-07-23 10:57:00,108191549.0,94810722.0,132150461.0,120629938.0,237.54,1163088.72,-788648324.32,-274643.0,-567730.0,-0.0997,-0.0733,-0.0661,-0.5144,227515.0,709497.0,149895385.7056,-58025732.7279,POSITIVE,LONG_GAMMA,DEALER_LONG_GAMMA,0.45,NEUTRAL,MEDIUM,14.5,27.8,49.9,17.1,30.1,30.0,20.0,,740.0,737.0,737.2,CHARM_DOMINATED,58.2,0.125,38.4,52.8,SHORT,28.8
2026-07-23 10:58:00,108621266.0,95177349.0,132636877.0,120842877.0,-302.42,1186127.28,-799643015.56,-187876.0,245406.0,-0.0995,-0.1508,-0.1274,-0.0619,429717.0,486416.0,-10994691.244,23638207.1909,POSITIVE,LONG_GAMMA,DEALER_LONG_GAMMA,0.37,BEARISH,MEDIUM,9.4,33.8,49.9,14.6,30.1,0.0,45.0,,738.0,736.0,737.44,CHARM_DOMINATED,58.2,0.125,35.0,55.9,SHORT,41.8
2026-07-23 10:59:00,109022306.0,96074111.0,132847909.0,121606348.0,-123.57,1080307.03,-861573833.48,-443360.0,321276.0,-0.0985,-0.0621,-0.104,0.3104,401040.0,211032.0,-61930817.92,-97742067.927,POSITIVE,LONG_GAMMA,DEALER_LONG_GAMMA,0.39,BEARISH,MEDIUM,6.1,37.7,49.9,9.5,30.1,0.0,45.0,,737.0,736.0,737.82,CHARM_DOMINATED,58.2,0.125,35.1,56.6,SHORT,43.0
2026-07-23 11:00:00,110583751.0,96154294.0,133509898.0,121617500.0,2324.35,1259657.86,-792387413.26,162960.0,776355.0,-0.0939,0.0737,-0.0161,0.4045,1561445.0,661989.0,69186420.2153,-65822546.0832,POSITIVE,LONG_GAMMA,DEALER_LONG_GAMMA,0.37,BEARISH,MEDIUM,4.0,40.3,49.9,9.7,30.1,0.2,45.0,,738.0,736.0,737.83,CHARM_DOMINATED,58.2,0.125,36.8,52.2,SHORT,30.8
2026-07-23 11:01:00,111184851.0,96755699.0,133891924.0,122029607.0,2261.48,1230857.62,-784510722.75,231433.0,299378.0,-0.0927,0.1357,0.049,0.2228,601100.0,382026.0,7876690.5162,74994309.9478,POSITIVE,LONG_GAMMA,DEALER_LONG_GAMMA,0.39,BEARISH,MEDIUM,2.7,41.9,49.9,6.3,30.1,0.2,45.0,,737.0,737.0,737.66,CHARM_DOMINATED,58.2,0.125,39.8,49.3,SHORT,19.0
2026-07-23 11:02:00,111380841.0,97997602.0,134135864.0,122785612.0,53.88,1078862.75,-703679090.53,-33572.0,537042.0,-0.0927,0.2326,0.0594,-0.109,195990.0,243940.0,80831632.2211,40726360.221,POSITIVE,LONG_GAMMA,DEALER_LONG_GAMMA,0.43,NEUTRAL,MEDIUM,7.0,35.6,49.9,4.1,30.1,15.0,24.0,,735.0,737.0,738.03,CHARM_DOMINATED,58.2,0.125,39.3,49.3,SHORT,20.0
2026-07-23 11:03:00,111840668.0,99204625.0,134714127.0,123124452.0,-3840.47,997108.61,-566034599.39,-202440.0,-1240681.0,-0.0928,0.2156,0.0594,-0.1141,459827.0,578263.0,137644491.1364,70706506.313,POSITIVE,LONG_GAMMA,DEALER_LONG_GAMMA,0.53,BEARISH,MEDIUM,4.5,33.0,49.9,2.7,30.1,0.0,28.3,,737.0,737.0,738.09,CHARM_DOMINATED,58.2,0.125,39.1,51.4,SHORT,24.6
2026-07-23 11:04:00,112276278.0,99858898.0,134894195.0,123623665.0,-3799.88,942980.09,-443937716.66,-100369.0,-1918710.0,-0.0915,0.2279,0.0817,0.4151,435610.0,180068.0,122096882.7301,85516525.5646,POSITIVE,LONG_GAMMA,DEALER_LONG_GAMMA,0.49,BEARISH,MEDIUM,2.9,31.3,49.9,5.3,30.1,0.0,28.3,,738.0,738.0,737.99,CHARM_DOMINATED,58.2,0.125,37.8,51.5,SHORT,27.4
2026-07-23 11:05:00,112657407.0,100202871.0,135424078.0,123888428.0,-4510.32,937992.09,-526326404.38,-466334.0,546414.0,-0.0918,0.04,0.0724,-0.1633,381129.0,529883.0,-82388687.7153,-89383964.1714,POSITIVE,LONG_GAMMA,DEALER_LONG_GAMMA,0.34,NEUTRAL,MEDIUM,12.4,31.0,49.9,15.7,30.1,30.0,30.4,,739.0,735.0,738.0,CHARM_DOMINATED,58.2,0.125,40.2,51.4,SHORT,22.4
2026-07-23 11:06:00,113575970.0,100356675.0,135772660.0,124740448.0,213.87,965663.62,-798155631.09,-407992.0,1041472.0,-0.089,0.1195,0.1123,0.4498,918563.0,348582.0,-271829226.7166,-306979644.1492,POSITIVE,LONG_GAMMA,DEALER_LONG_GAMMA,0.32,BEARISH,MEDIUM,13.3,35.9,49.9,22.5,30.1,15.0,45.0,,738.0,737.0,737.74,CHARM_DOMINATED,58.2,0.125,34.8,54.6,SHORT,39.6
2026-07-23 11:07:00,113787436.0,100971473.0,136227701.0,124949964.0,-2174.4,915689.91,-712303086.88,-127958.0,658054.0,-0.0898,0.07,0.0906,-0.3655,211466.0,455041.0,85852544.2134,-112842438.759,POSITIVE,LONG_GAMMA,DEALER_LONG_GAMMA,0.39,BEARISH,MEDIUM,8.6,39.1,49.9,14.6,30.1,0.0,45.2,,737.0,739.0,737.76,CHARM_DOMINATED,58.2,0.125,35.0,51.4,SHORT,32.8
2026-07-23 11:08:00,114112178.0,101277702.0,136600108.0,125022628.0,-3113.64,941911.52,-726558182.49,37248.0,258356.0,-0.0897,0.0927,0.0634,-0.0684,324742.0,372407.0,-14255095.6154,212907681.515,POSITIVE,LONG_GAMMA,DEALER_LONG_GAMMA,0.39,BEARISH,MEDIUM,5.6,41.3,49.9,9.5,30.1,0.0,45.3,,738.0,739.0,738.07,CHARM_DOMINATED,58.2,0.125,39.9,49.9,SHORT,20.0
2026-07-23 11:09:00,114824892.0,101906494.0,137174443.0,125558702.0,-2586.85,931491.22,-745737758.62,169246.0,-187588.0,-0.0887,0.0556,0.0836,0.1075,712714.0,574335.0,-19179576.126,76271005.3809,POSITIVE,LONG_GAMMA,DEALER_LONG_GAMMA,0.49,BEARISH,MEDIUM,3.6,39.2,49.9,9.7,30.1,0.0,35.2,,739.0,738.0,738.25,CHARM_DOMINATED,58.2,0.125,42.0,48.2,NEUTRAL,12.4
2026-07-23 11:10:00,115178289.0,102331194.0,137318387.0,125825947.0,-2316.9,926920.93,-728747656.22,69870.0,30188.0,-0.0877,0.1419,0.0855,0.4211,353397.0,143944.0,16990102.3962,-36893461.1639,POSITIVE,LONG_GAMMA,DEALER_LONG_GAMMA,0.37,BEARISH,MEDIUM,2.3,41.3,49.9,9.8,30.1,0.0,45.2,,739.0,738.0,738.47,CHARM_DOMINATED,58.2,0.125,40.3,49.1,SHORT,17.6
2026-07-23 11:11:00,116916338.0,102929335.0,137958626.0,126166331.0,649.28,1074918.71,-751509261.09,305558.0,375556.0,-0.0826,0.2089,0.1574,0.4616,1738049.0,640239.0,-22761604.8687,13831584.6344,POSITIVE,LONG_GAMMA,DEALER_LONG_GAMMA,0.39,BEARISH,MEDIUM,1.5,39.4,49.9,6.4,30.1,0.1,36.0,,738.0,738.0,738.59,CHARM_DOMINATED,58.2,0.125,42.6,46.9,NEUTRAL,8.6
2026-07-23 11:12:00,117211152.0,103807628.0,138284290.0,126414757.0,-1551.35,1055513.07,-709095882.74,235871.0,26086.0,-0.0825,0.2495,0.1904,-0.0497,294814.0,325664.0,42413378.3564,10920623.6087,POSITIVE,LONG_GAMMA,DEALER_LONG_GAMMA,0.37,BEARISH,LOW,1.0,38.2,42.9,7.7,30.1,0.0,36.1,,740.0,737.0,738.61,CHARM_DOMINATED,58.2,0.125,40.9,48.7,NEUTRAL,15.6
2026-07-23 11:13:00,117211152.0,103807628.0,138284290.0,126414757.0,-1551.35,1055513.07,-709095882.74,172220.0,347384.0,-0.0825,0.2958,0.2067,0.0,0.0,0.0,0.0,24092440.4145,POSITIVE,LONG_GAMMA,DEALER_LONG_GAMMA,0.37,BEARISH,MEDIUM,0.7,37.5,45.4,8.5,30.1,0.0,36.1,,740.0,737.0,738.61,CHARM_DOMINATED,58.2,0.125,40.4,48.6,SHORT,16.4
2026-07-23 11:14:00,117211152.0,103807628.0,138284290.0,126414757.0,-1551.35,1055513.07,-709095882.74,147784.0,-791326.0,-0.0825,0.3651,0.202,0.0,0.0,0.0,0.0,-9825886.7438,POSITIVE,LONG_GAMMA,DEALER_LONG_GAMMA,0.49,BEARISH,MEDIUM,0.5,34.2,47.0,9.0,30.1,0.0,28.1,,740.0,737.0,738.61,CHARM_DOMINATED,58.2,0.125,40.2,48.6,SHORT,16.8
2026-07-23 11:15:00,117211152.0,103807628.0,138284290.0,126414757.0,-1551.35,1055513.07,-709095882.74,186704.0,-466761.0,-0.0825,0.3558,0.1625,0.0,0.0,0.0,0.0,-21206689.1782,POSITIVE,LONG_GAMMA,DEALER_LONG_GAMMA,0.49,BEARISH,MEDIUM,0.3,32.1,48.0,9.4,30.1,0.0,28.1,,740.0,737.0,738.61,CHARM_DOMINATED,58.2,0.125,40.3,48.6,SHORT,16.6
2026-07-23 11:16:00,117211152.0,103807628.0,138284290.0,126414757.0,-1551.35,1055513.07,-709095882.74,-101248.0,253120.0,-0.0825,-0.0497,0.1568,0.0,0.0,0.0,0.0,0.0,POSITIVE,LONG_GAMMA,DEALER_LONG_GAMMA,0.37,BEARISH,MEDIUM,0.2,36.7,48.7,9.6,30.1,0.0,45.1,,740.0,737.0,738.61,CHARM_DOMINATED,58.2,0.125,39.4,49.1,SHORT,19.4
2026-07-23 11:17:00,117211152.0,103807628.0,138284290.0,126414757.0,-1551.35,1055513.07,-709095882.74,0.0,0.0,-0.0825,0.0,0.1685,0.0,0.0,0.0,0.0,0.0,POSITIVE,LONG_GAMMA,DEALER_LONG_GAMMA,0.49,BEARISH,LOW,0.1,36.1,42.2,9.7,30.1,0.0,35.1,,740.0,737.0,738.61,CHARM_DOMINATED,58.2,0.125,39.3,48.5,SHORT,18.4
2026-07-23 11:18:00,117211152.0,103807628.0,138284290.0,126414757.0,-1551.35,1055513.07,-709095882.74,0.0,0.0,-0.0825,0.0,0.2014,0.0,0.0,0.0,0.0,0.0,POSITIVE,LONG_GAMMA,DEALER_LONG_GAMMA,0.49,BEARISH,LOW,0.1,35.8,37.9,9.8,30.1,0.0,35.1,,740.0,737.0,738.61,CHARM_DOMINATED,58.2,0.125,39.3,48.5,SHORT,18.4
2026-07-23 11:19:00,117211152.0,103807628.0,138284290.0,126414757.0,-1551.35,1055513.07,-709095882.74,0.0,0.0,-0.0825,0.0,0.1856,0.0,0.0,0.0,0.0,0.0,POSITIVE,LONG_GAMMA,DEALER_LONG_GAMMA,0.49,BEARISH,LOW,0.1,35.6,35.1,9.9,30.1,0.0,35.1,,740.0,737.0,738.61,CHARM_DOMINATED,58.2,0.125,39.3,48.5,SHORT,18.4
2026-07-23 11:20:00,117211152.0,103807628.0,138284290.0,126414757.0,-1551.35,1055513.07,-709095882.74,0.0,0.0,-0.0825,0.0,0.2284,0.0,0.0,0.0,0.0,0.0,POSITIVE,LONG_GAMMA,DEALER_LONG_GAMMA,0.49,BEARISH,LOW,0.1,35.4,33.3,9.9,30.1,0.0,35.1,,740.0,737.0,738.61,CHARM_DOMINATED,58.2,0.125,39.2,48.8,SHORT,19.2
2026-07-23 11:21:00,117211152.0,103807628.0,138284290.0,126414757.0,-1551.35,1055513.07,-709095882.74,0.0,0.0,-0.0825,0.0,0.1828,0.0,0.0,0.0,0.0,0.0,POSITIVE,LONG_GAMMA,DEALER_LONG_GAMMA,0.49,BEARISH,LOW,0.1,35.3,32.1,9.9,30.1,0.0,35.1,,740.0,737.0,738.61,CHARM_DOMINATED,58.2,0.125,39.2,49.1,SHORT,19.8
2026-07-23 11:22:00,117211152.0,103807628.0,138284290.0,126414757.0,-1551.35,1055513.07,-709095882.74,0.0,0.0,-0.0825,0.0,0.2495,0.0,0.0,0.0,0.0,0.0,POSITIVE,LONG_GAMMA,DEALER_LONG_GAMMA,0.49,BEARISH,LOW,0.1,35.2,31.4,9.9,30.1,0.0,35.1,,740.0,737.0,738.61,CHARM_DOMINATED,58.2,0.125,39.1,49.3,SHORT,20.4
2026-07-23 11:23:00,117211152.0,103807628.0,138284290.0,126414757.0,-1551.35,1055513.07,-709095882.74,0.0,0.0,-0.0825,0.0,0.2958,0.0,0.0,0.0,0.0,0.0,POSITIVE,LONG_GAMMA,DEALER_LONG_GAMMA,0.49,BEARISH,LOW,0.1,35.2,30.9,9.9,30.1,0.0,35.1,,740.0,737.0,738.61,CHARM_DOMINATED,58.2,0.125,39.1,49.2,SHORT,20.2
2026-07-23 11:24:00,117211152.0,103807628.0,138284290.0,126414757.0,-1551.35,1055513.07,-709095882.74,0.0,0.0,-0.0825,0.0,0.3651,0.0,0.0,0.0,0.0,0.0,POSITIVE,LONG_GAMMA,DEALER_LONG_GAMMA,0.49,BEARISH,LOW,0.1,35.2,30.6,9.9,30.1,0.0,35.1,,740.0,737.0,738.61,CHARM_DOMINATED,58.2,0.125,39.1,49.1,SHORT,20.0
2026-07-23 11:25:00,129038968.0,110275143.0,143941655.0,128592783.0,884.06,1758081.81,-80270448.26,1767928.0,2946547.0,-0.0546,0.3529,0.3533,0.3529,11827816.0,5657365.0,628825434.4751,314412717.2375,POSITIVE,LONG_GAMMA,DEALER_LONG_GAMMA,0.49,NEUTRAL,MEDIUM,7.1,29.9,33.5,11.7,24.8,20.1,20.0,,739.0,738.0,739.48,CHARM_DOMINATED,58.2,0.125,49.6,46.1,NEUTRAL,7.0
2026-07-23 11:26:00,129577353.0,110594324.0,144342304.0,128880201.0,1459.51,1790016.0,-101342523.74,1834415.0,3057358.0,-0.0539,0.3424,0.3296,0.1467,538385.0,400649.0,-21072075.478,303876679.4985,POSITIVE,LONG_GAMMA,DEALER_LONG_GAMMA,0.46,NEUTRAL,MEDIUM,11.7,26.4,37.1,16.4,21.4,20.1,20.0,,740.0,740.0,739.38,CHARM_DOMINATED,58.2,0.125,47.9,45.9,NEUTRAL,4.0
2026-07-23 11:27:00,129867311.0,111092791.0,144782898.0,129330290.0,411.13,1756341.47,-76902355.12,1790814.0,2984690.0,-0.0543,0.3215,0.3215,-0.2062,289958.0,440594.0,24440168.6165,-312728670.6683,POSITIVE,LONG_GAMMA,DEALER_LONG_GAMMA,0.49,NEUTRAL,MEDIUM,14.6,24.2,37.4,15.9,19.2,20.0,20.0,,739.0,739.0,739.24,CHARM_DOMINATED,58.2,0.125,46.0,46.2,NEUTRAL,0.4
2026-07-23 11:28:00,130096383.0,111660623.0,144844922.0,130086400.0,1947.5,1650483.04,-292672929.38,1584245.0,-4725958.0,-0.0536,0.3252,0.3252,0.5739,229072.0,62024.0,-215770574.2541,-399541882.3173,POSITIVE,LONG_GAMMA,DEALER_LONG_GAMMA,0.61,BULLISH,MEDIUM,21.8,15.7,41.8,19.1,17.7,35.2,0.0,,741.0,739.0,739.43,CHARM_DOMINATED,58.2,0.125,45.8,45.9,NEUTRAL,0.2
2026-07-23 11:29:00,130150512.0,112257691.0,144895713.0,130744897.0,2050.29,1542585.88,-254547648.25,1354116.0,-5386536.0,-0.0536,0.3237,0.3237,0.0318,54129.0,50791.0,38125281.124,-90506693.1343,POSITIVE,LONG_GAMMA,DEALER_LONG_GAMMA,0.6,NEUTRAL,MEDIUM,21.2,14.4,44.7,17.7,16.8,20.2,12.0,,738.0,739.0,739.6,CHARM_DOMINATED,58.2,0.125,41.5,52.2,SHORT,21.4
2026-07-23 11:30:00,130510600.0,112675830.0,144972206.0,131276590.0,3495.77,1482780.97,-333951048.79,-516462.0,-956130.0,-0.0525,0.1763,0.3308,0.6496,360088.0,76492.0,-79403400.5326,75026143.1145,POSITIVE,LONG_GAMMA,DEALER_LONG_GAMMA,0.65,BULLISH,MEDIUM,26.1,9.4,46.6,16.8,16.2,35.3,0.0,,739.0,739.0,739.29,CHARM_DOMINATED,58.2,0.125,46.1,48.0,NEUTRAL,3.8
2026-07-23 11:31:00,130844008.0,113328383.0,145526704.0,131503252.0,1375.15,1492849.62,-285237372.74,-581211.0,73690.0,-0.0531,0.0336,0.3061,-0.249,333408.0,554499.0,48713676.0495,73477784.3235,POSITIVE,LONG_GAMMA,DEALER_LONG_GAMMA,0.43,BULLISH,LOW,34.5,9.6,40.8,28.4,15.8,50.1,10.0,,740.0,739.0,739.33,CHARM_DOMINATED,58.2,0.125,45.1,45.3,NEUTRAL,0.4
2026-07-23 11:32:00,130983490.0,113557235.0,145826942.0,131660172.0,589.68,1501733.26,-329797059.6,-526820.0,941542.0,-0.0536,0.0334,0.2923,-0.3656,139482.0,300238.0,-44559686.8676,22716054.2953,POSITIVE,LONG_GAMMA,DEALER_LONG_GAMMA,0.52,BULLISH,MEDIUM,34.7,9.7,44.0,23.7,15.5,35.0,10.0,,739.0,739.0,739.31,CHARM_DOMINATED,58.2,0.125,42.4,47.4,NEUTRAL,10.0
2026-07-23 11:33:00,130986740.0,113563263.0,145846812.0,131674740.0,572.09,1500531.07,-337736537.67,-319747.0,853669.0,-0.0537,-0.0589,0.2912,-0.7189,3250.0,19870.0,-7939478.0671,-10904720.2259,POSITIVE,LONG_GAMMA,DEALER_LONG_GAMMA,0.49,NEUTRAL,MEDIUM,29.6,15.1,46.1,20.7,15.3,20.0,25.0,,736.0,740.0,739.29,CHARM_DOMINATED,58.2,0.125,42.5,46.9,NEUTRAL,8.8
2026-07-23 11:34:00,130986740.0,113563263.0,145846812.0,131674740.0,572.09,1500531.07,-337736537.67,-89618.0,271104.0,-0.0537,-0.0643,0.2912,0.0,0.0,0.0,0.0,-6046733.6245,POSITIVE,LONG_GAMMA,DEALER_LONG_GAMMA,0.49,NEUTRAL,MEDIUM,26.3,18.6,47.5,18.7,15.2,20.0,25.0,,736.0,740.0,739.29,CHARM_DOMINATED,58.2,0.125,42.3,46.7,NEUTRAL,8.8
2026-07-23 11:35:00,130986740.0,113563263.0,145846812.0,131674740.0,572.09,1500531.07,-337736537.67,13033.0,-30479.0,-0.0537,-0.295,0.2912,0.0,0.0,0.0,0.0,26249582.4674,POSITIVE,LONG_GAMMA,DEALER_LONG_GAMMA,0.65,BULLISH,MEDIUM,29.4,12.1,48.4,17.4,15.1,35.0,0.0,,736.0,740.0,739.29,CHARM_DOMINATED,58.2,0.125,42.2,46.6,NEUTRAL,8.8
2026-07-23 11:36:00,130986740.0,113563263.0,145846812.0,131674740.0,572.09,1500531.07,-337736537.67,11294.0,-28236.0,-0.0537,-0.3832,0.2912,0.0,0.0,0.0,0.0,3969739.0336,POSITIVE,LONG_GAMMA,DEALER_LONG_GAMMA,0.6,NEUTRAL,MEDIUM,26.1,13.1,49.0,16.6,15.1,20.0,15.0,,736.0,740.0,739.29,CHARM_DOMINATED,58.2,0.125,42.1,46.6,NEUTRAL,9.0
2026-07-23 11:37:00,130986740.0,113563263.0,145846812.0,131674740.0,572.09,1500531.07,-337736537.67,505.0,-1262.0,-0.0537,-0.7189,0.2912,0.0,0.0,0.0,0.0,0.0,POSITIVE,LONG_GAMMA,DEALER_LONG_GAMMA,0.6,NEUTRAL,MEDIUM,24.0,13.8,49.4,16.0,15.1,20.0,15.0,,736.0,740.0,739.29,CHARM_DOMINATED,58.2,0.125,42.0,46.6,NEUTRAL,9.2
2026-07-23 11:38:00,130986740.0,113563263.0,145846812.0,131674740.0,572.09,1500531.07,-337736537.67,0.0,0.0,-0.0537,0.0,0.2912,0.0,0.0,0.0,0.0,0.0,POSITIVE,LONG_GAMMA,DEALER_LONG_GAMMA,0.6,NEUTRAL,LOW,22.6,14.2,42.6,15.7,15.1,20.0,15.0,,736.0,740.0,739.29,CHARM_DOMINATED,58.2,0.125,41.9,46.7,NEUTRAL,9.6
2026-07-23 11:39:00,130986740.0,113563263.0,145846812.0,131674740.0,572.09,1500531.07,-337736537.67,0.0,0.0,-0.0537,0.0,0.2912,0.0,0.0,0.0,0.0,0.0,POSITIVE,LONG_GAMMA,DEALER_LONG_GAMMA,0.6,NEUTRAL,LOW,21.7,14.5,38.2,15.5,15.1,20.0,15.0,,736.0,740.0,739.29,CHARM_DOMINATED,58.2,0.125,41.8,46.7,NEUTRAL,9.8
2026-07-23 11:40:00,130986740.0,113563263.0,145846812.0,131674740.0,572.09,1500531.07,-337736537.67,0.0,0.0,-0.0537,0.0,0.0111,0.0,0.0,0.0,0.0,0.0,POSITIVE,LONG_GAMMA,DEALER_LONG_GAMMA,0.6,NEUTRAL,LOW,21.1,14.7,35.3,15.3,15.1,20.0,15.0,,736.0,740.0,739.29,CHARM_DOMINATED,58.2,0.125,41.7,46.6,NEUTRAL,9.8
2026-07-23 11:41:00,130986740.0,113563263.0,145846812.0,131674740.0,572.09,1500531.07,-337736537.67,0.0,0.0,-0.0537,0.0,-0.0326,0.0,0.0,0.0,0.0,0.0,POSITIVE,LONG_GAMMA,DEALER_LONG_GAMMA,0.6,NEUTRAL,LOW,20.7,14.8,33.4,15.2,15.1,20.0,15.0,,736.0,740.0,739.29,CHARM_DOMINATED,58.2,0.125,41.6,46.5,NEUTRAL,9.8
2026-07-23 11:42:00,130986740.0,113563263.0,145846812.0,131674740.0,572.09,1500531.07,-337736537.67,0.0,0.0,-0.0537,0.0,0.0254,0.0,0.0,0.0,0.0,0.0,POSITIVE,LONG_GAMMA,DEALER_LONG_GAMMA,0.6,NEUTRAL,LOW,20.5,14.9,32.2,15.1,15.1,20.0,15.0,,736.0,740.0,739.29,CHARM_DOMINATED,58.2,0.125,41.5,46.4,NEUTRAL,9.8
2026-07-23 11:43:00,130986740.0,113563263.0,145846812.0,131674740.0,572.09,1500531.07,-337736537.67,0.0,0.0,-0.0537,0.0,-0.0589,0.0,0.0,0.0,0.0,0.0,POSITIVE,LONG_GAMMA,DEALER_LONG_GAMMA,0.6,NEUTRAL,LOW,20.3,14.9,31.4,15.1,15.1,20.0,15.0,,736.0,740.0,739.29,CHARM_DOMINATED,58.2,0.125,41.5,46.3,NEUTRAL,9.6
2026-07-23 11:44:00,130986740.0,113563263.0,145846812.0,131674740.0,572.09,1500531.07,-337736537.67,0.0,0.0,-0.0537,0.0,-0.0643,0.0,0.0,0.0,0.0,0.0,POSITIVE,LONG_GAMMA,DEALER_LONG_GAMMA,0.6,NEUTRAL,LOW,20.2,14.9,30.9,15.1,15.1,20.0,15.0,,736.0,740.0,739.29,CHARM_DOMINATED,58.2,0.125,42.0,46.4,NEUTRAL,8.8
2026-07-23 11:45:00,130986740.0,113563263.0,145846812.0,131674740.0,572.09,1500531.07,-337736537.67,0.0,0.0,-0.0537,0.0,-0.295,0.0,0.0,0.0,0.0,0.0,POSITIVE,LONG_GAMMA,DEALER_LONG_GAMMA,0.6,NEUTRAL,LOW,20.1,14.9,30.6,15.1,15.1,20.0,15.0,,736.0,740.0,739.29,CHARM_DOMINATED,58.2,0.125,41.8,46.4,NEUTRAL,9.2
2026-07-23 11:46:00,130986740.0,113563263.0,145846812.0,131674740.0,572.09,1500531.07,-337736537.67,0.0,0.0,-0.0537,0.0,-0.3832,0.0,0.0,0.0,0.0,0.0,POSITIVE,LONG_GAMMA,DEALER_LONG_GAMMA,0.6,NEUTRAL,LOW,20.1,14.9,30.4,15.1,15.1,20.0,15.0,,736.0,740.0,739.29,CHARM_DOMINATED,58.2,0.125,41.6,46.4,NEUTRAL,9.6
2026-07-23 11:47:00,130986740.0,113563263.0,145846812.0,131674740.0,572.09,1500531.07,-337736537.67,0.0,0.0,-0.0537,0.0,-0.7189,0.0,0.0,0.0,0.0,0.0,POSITIVE,LONG_GAMMA,DEALER_LONG_GAMMA,0.6,NEUTRAL,LOW,20.1,14.9,30.3,15.1,15.1,20.0,15.0,,736.0,740.0,739.29,CHARM_DOMINATED,58.2,0.125,41.4,46.5,NEUTRAL,10.2
2026-07-23 11:48:00,130986740.0,113563263.0,145846812.0,131674740.0,572.09,1500531.07,-337736537.67,0.0,0.0,-0.0537,0.0,0.0,0.0,0.0,0.0,0.0,0.0,POSITIVE,LONG_GAMMA,DEALER_LONG_GAMMA,0.6,NEUTRAL,LOW,20.1,14.9,30.2,15.1,15.1,20.0,15.0,,736.0,740.0,739.29,CHARM_DOMINATED,58.2,0.125,41.1,46.5,NEUTRAL,10.8
2026-07-23 11:49:00,130986740.0,113563263.0,145846812.0,131674740.0,572.09,1500531.07,-337736537.67,0.0,0.0,-0.0537,0.0,0.0,0.0,0.0,0.0,0.0,0.0,POSITIVE,LONG_GAMMA,DEALER_LONG_GAMMA,0.6,NEUTRAL,LOW,20.1,14.9,30.1,15.1,15.1,20.0,15.0,,736.0,740.0,739.29,CHARM_DOMINATED,58.2,0.125,40.8,47.0,NEUTRAL,12.4
2026-07-23 11:50:00,130986740.0,113563263.0,145846812.0,131674740.0,572.09,1500531.07,-337736537.67,0.0,0.0,-0.0537,0.0,0.0,0.0,0.0,0.0,0.0,0.0,POSITIVE,LONG_GAMMA,DEALER_LONG_GAMMA,0.6,NEUTRAL,LOW,20.1,14.9,30.1,15.1,15.1,20.0,15.0,,736.0,740.0,739.29,CHARM_DOMINATED,58.2,0.125,40.7,46.9,NEUTRAL,12.4
2026-07-23 11:51:00,130986740.0,113563263.0,145846812.0,131674740.0,572.09,1500531.07,-337736537.67,0.0,0.0,-0.0537,0.0,0.0,0.0,0.0,0.0,0.0,0.0,POSITIVE,LONG_GAMMA,DEALER_LONG_GAMMA,0.6,NEUTRAL,LOW,20.1,14.9,30.1,15.1,15.1,20.0,15.0,,736.0,740.0,739.29,CHARM_DOMINATED,58.2,0.125,40.5,46.9,NEUTRAL,12.8
2026-07-23 11:52:00,130986740.0,113563263.0,145846812.0,131674740.0,572.09,1500531.07,-337736537.67,0.0,0.0,-0.0537,0.0,0.0,0.0,0.0,0.0,0.0,0.0,POSITIVE,LONG_GAMMA,DEALER_LONG_GAMMA,0.6,NEUTRAL,LOW,20.1,14.9,30.1,15.1,15.1,20.0,15.0,,736.0,740.0,739.29,CHARM_DOMINATED,58.2,0.125,40.4,46.6,NEUTRAL,12.4
2026-07-23 11:53:00,130986740.0,113563263.0,145846812.0,131674740.0,572.09,1500531.07,-337736537.67,0.0,0.0,-0.0537,0.0,0.0,0.0,0.0,0.0,0.0,0.0,POSITIVE,LONG_GAMMA,DEALER_LONG_GAMMA,0.6,NEUTRAL,LOW,20.1,14.9,30.1,15.1,15.1,20.0,15.0,,736.0,740.0,739.29,CHARM_DOMINATED,58.2,0.125,40.3,46.8,NEUTRAL,13.0
2026-07-23 12:37:00,0.0,0.0,0.0,0.0,0.0,0.0,0.0,0.0,0.0,0.0,0.0,0.0,0.0,0,0,0.0,0.0,NEGATIVE,SHORT_GAMMA,DEALER_SHORT_GAMMA,0.39,BEARISH,LOW,0.0,35.0,30.0,0.0,15.0,0.0,35.0,,0.0,0.0,737.48,LONG_GAMMA_PINNING,0.0,0.0,30.8,39.3,SHORT,17.0
2026-07-23 12:38:00,47045.0,485201.0,987223.0,128078.0,-5452.57,36694.62,93770266.72,0.0,0.0,-0.909,-0.909,-0.909,-0.909,47045.0,987223.0,0.0,0.0,POSITIVE,LONG_GAMMA,DEALER_LONG_GAMMA,0.38,BEARISH,MEDIUM,0.0,53.5,37.0,5.2,23.8,0.0,87.7,,736.0,738.0,737.64,CHARM_DOMINATED,45.8,0.0,22.3,61.3,SHORT,78.0
2026-07-23 12:39:00,370579.0,812919.0,988468.0,1153276.0,-1045.68,-75033.4,-139377656.58,-303574.0,-1449126.0,-0.4546,-0.4546,-0.4546,0.9923,323534.0,1246.0,-233147923.3001,0.0,NEGATIVE,SHORT_GAMMA,DEALER_SHORT_GAMMA,0.38,BEARISH,HIGH,0.0,58.9,52.0,6.9,40.0,0.0,68.9,,738.0,738.0,737.69,CHARM_DOMINATED,51.1,0.147,28.9,58.2,SHORT,58.6
2026-07-23 12:40:00,475075.0,1012741.0,1311486.0,1385474.0,-1578.89,-73323.76,-180677990.67,-203885.0,-425495.0,-0.4682,-0.4682,-0.4682,-0.5111,104496.0,323017.0,-41300334.0912,191847589.209,NEGATIVE,SHORT_GAMMA,DEALER_SHORT_GAMMA,0.34,BEARISH,HIGH,5.2,63.4,61.8,16.7,50.5,15.0,71.8,,739.0,737.0,737.68,CHARM_DOMINATED,48.1,0.656,29.5,55.5,SHORT,52.0
2026-07-23 12:41:00,850268.0,1164413.0,2164488.0,2236232.0,-1024.47,-42384.24,-145920415.04,-96472.0,414203.0,-0.4359,-0.4359,-0.4359,-0.389,375193.0,853002.0,34757575.6261,229876544.0676,NEGATIVE,SHORT_GAMMA,DEALER_SHORT_GAMMA,0.37,BEARISH,HIGH,13.9,61.3,68.2,23.1,60.8,30.0,57.3,FLOW_EXPANSION_BEARISH|LIQUIDATION_CASCADE,738.0,738.0,737.29,SHORT_GAMMA_PANIC,45.3,0.664,28.4,55.8,SHORT,54.8
2026-07-23 12:42:00,1172669.0,1330227.0,3026542.0,2451236.0,-2576.5,37216.49,-510313397.0,83550.0,645206.0,-0.4415,-0.4415,-0.4415,-0.4556,322401.0,862054.0,-364392981.9596,-27593574.4711,POSITIVE,LONG_GAMMA,PUT_PANIC,0.42,BEARISH,MEDIUM,14.3,62.2,61.8,18.5,62.3,15.0,64.0,FLOW_EXPANSION_BEARISH,738.0,737.0,737.46,SHORT_GAMMA_PANIC,42.3,0.673,29.0,55.6,SHORT,53.2
2026-07-23 12:43:00,1443376.0,1492189.0,3278420.0,2895288.0,-1190.16,6493.89,-634107649.53,-17334.0,831646.0,-0.3886,-0.2427,-0.3886,0.036,270707.0,251879.0,-123794252.5288,-240822238.0116,POSITIVE,LONG_GAMMA,PUT_PANIC,0.42,BEARISH,MEDIUM,14.5,59.7,57.7,15.5,63.2,15.0,54.9,FLOW_EXPANSION_BEARISH,738.0,738.0,737.55,SHORT_GAMMA_PANIC,42.7,1.0,28.8,54.5,SHORT,51.4
2026-07-23 12:44:00,1745301.0,1722914.0,3638466.0,3076780.0,-1870.5,49953.67,-377302959.08,238244.0,212692.0,-0.3516,-0.3169,-0.3516,-0.0878,301925.0,360045.0,256804690.4509,231322922.1278,POSITIVE,LONG_GAMMA,PUT_PANIC,0.39,BEARISH,MEDIUM,9.4,63.7,55.0,13.6,63.8,0.0,71.1,FLOW_EXPANSION_BEARISH,738.0,738.0,737.79,SHORT_GAMMA_PANIC,39.7,1.0,30.3,53.6,SHORT,46.6
2026-07-23 12:45:00,1804552.0,2049146.0,3806278.0,3605116.0,-1660.42,-30387.57,-225161331.78,113644.0,-668428.0,-0.3568,-0.3047,-0.3568,-0.4781,59251.0,167812.0,152141627.2988,448566776.119,NEGATIVE,SHORT_GAMMA,DEALER_SHORT_GAMMA,0.4,BEARISH,HIGH,6.1,62.3,63.8,8.8,66.0,0.0,59.8,,736.0,738.0,737.66,CHARM_DOMINATED,47.9,0.656,31.4,54.0,SHORT,45.2
2026-07-23 12:46:00,2510151.0,2312244.0,4511214.0,3661034.0,-3209.78,103455.94,-25424232.09,286796.0,-122182.0,-0.285,-0.1714,-0.285,0.0005,705599.0,704937.0,199737099.6897,109434144.5331,POSITIVE,LONG_GAMMA,DEALER_LONG_GAMMA,0.38,BEARISH,MEDIUM,4.0,62.2,59.0,5.7,62.1,0.0,62.0,,738.0,737.0,738.08,CHARM_DOMINATED,47.9,0.156,37.7,48.9,SHORT,22.4
2026-07-23 12:47:00,2723342.0,2586540.0,4833146.0,3792702.0,-4117.3,142314.43,-131176737.04,151900.0,114563.0,-0.2792,-0.0762,-0.2792,-0.2032,213191.0,321932.0,-105752504.9513,-157480861.5057,POSITIVE,LONG_GAMMA,PUT_PANIC,0.39,BEARISH,MEDIUM,2.6,66.3,55.9,7.2,63.1,0.0,73.8,,739.0,738.0,738.23,CHARM_DOMINATED,58.2,0.125,36.0,53.5,SHORT,35.0
2026-07-23 12:48:00,2806554.0,2937552.0,5305520.0,3798162.0,-7573.19,159394.29,35181465.01,208408.0,662140.0,-0.3081,-0.1958,-0.3081,-0.7005,83212.0,472374.0,166358202.0504,-145636514.9447,POSITIVE,LONG_GAMMA,PUT_PANIC,0.31,BEARISH,MEDIUM,1.7,72.0,53.8,9.9,58.5,0.0,82.7,FLOW_EXPANSION_BEARISH,737.0,738.0,738.19,CHARM_DOMINATED,58.2,0.125,36.2,55.0,SHORT,37.6
2026-07-23 12:49:00,3052226.0,3060701.0,5472743.0,4025300.0,-6770.97,152907.86,99121117.01,170979.0,-101715.0,-0.2839,-0.1679,-0.2839,0.19,245672.0,167222.0,63939651.9975,68156629.6548,POSITIVE,LONG_GAMMA,DEALER_LONG_GAMMA,0.41,BEARISH,MEDIUM,6.4,65.9,52.5,11.7,52.0,15.0,54.4,,737.0,738.0,738.17,CHARM_DOMINATED,58.2,0.125,36.1,54.0,SHORT,35.8
2026-07-23 12:50:00,3430230.0,3081365.0,5617387.0,4235979.0,-4904.59,193068.21,73708162.84,354741.0,-425998.0,-0.2417,-0.054,-0.2417,0.4465,378004.0,144644.0,-25412954.1697,-11039499.6357,POSITIVE,LONG_GAMMA,DEALER_LONG_GAMMA,0.41,BEARISH,MEDIUM,9.4,59.6,51.6,12.9,47.8,15.0,48.0,,738.0,738.0,738.03,CHARM_DOMINATED,58.2,0.125,40.6,49.4,SHORT,17.6
2026-07-23 12:51:00,3487572.0,3342755.0,5860541.0,4479847.0,-5727.77,147336.96,-77932671.73,95485.0,-114419.0,-0.2538,-0.1598,-0.2538,-0.6184,57342.0,243154.0,-151640834.5645,-203675821.3911,POSITIVE,LONG_GAMMA,DEALER_LONG_GAMMA,0.38,BEARISH,MEDIUM,11.4,56.1,51.0,11.9,50.3,15.0,49.7,,739.0,738.0,738.12,CHARM_DOMINATED,58.2,0.125,35.5,53.2,SHORT,35.4
2026-07-23 12:52:00,3563788.0,3519534.0,6162767.0,4775203.0,-6235.79,154610.99,-231173906.11,50914.0,-133244.0,-0.2672,-0.2254,-0.2672,-0.5972,76216.0,302226.0,-153241234.3842,-171704383.3882,POSITIVE,LONG_GAMMA,DEALER_LONG_GAMMA,0.31,BEARISH,MEDIUM,12.7,59.4,50.6,20.0,51.9,15.0,65.5,,741.0,738.0,738.07,CHARM_DOMINATED,58.2,0.125,49.7,39.2,LONG,21.0
2026-07-23 12:53:00,3764170.0,3551542.0,6519640.0,4898258.0,-6500.17,221652.97,-328832004.47,91530.0,-142378.0,-0.2679,-0.1181,-0.1963,-0.2808,200382.0,356872.0,-97658098.3562,-36922772.0031,POSITIVE,LONG_GAMMA,DEALER_LONG_GAMMA,0.33,BEARISH,MEDIUM,18.8,56.3,50.4,25.2,53.0,30.0,50.6,,741.0,738.0,737.96,CHARM_DOMINATED,58.2,0.125,33.6,52.9,SHORT,38.6
2026-07-23 12:54:00,3884618.0,3696156.0,6701370.0,5250262.0,-5866.03,221696.13,-521572961.22,40120.0,-5252.0,-0.2661,-0.1923,-0.2383,-0.2028,120447.0,181731.0,-192740956.7571,7241506.9177,POSITIVE,LONG_GAMMA,DEALER_LONG_GAMMA,0.35,BEARISH,LOW,12.2,58.9,43.3,19.9,53.7,0.0,63.7,,739.0,738.0,737.82,CHARM_DOMINATED,58.2,0.125,33.2,55.7,SHORT,45.0
2026-07-23 12:55:00,4089088.0,3868942.0,7312569.0,5390098.0,-8007.84,287336.87,-406936008.94,82469.0,386160.0,-0.2827,-0.4402,-0.2483,-0.4986,204471.0,611198.0,114636952.2846,86397664.1339,POSITIVE,LONG_GAMMA,PUT_PANIC,0.39,BEARISH,MEDIUM,7.9,65.4,45.6,16.4,57.7,0.0,77.6,,738.0,738.0,737.63,CHARM_DOMINATED,58.2,0.125,33.7,56.0,SHORT,44.6
2026-07-23 12:56:00,4241672.0,4186862.0,8121056.0,5565393.0,-12388.87,358808.07,153767963.14,216993.0,104573.0,-0.3138,-0.4997,-0.2744,-0.6825,152584.0,808487.0,560703972.0804,482869989.7392,POSITIVE,LONG_GAMMA,PUT_PANIC,0.34,BEARISH,MEDIUM,10.4,66.3,47.1,15.9,55.0,15.0,67.8,FLOW_EXPANSION_BEARISH,737.0,738.0,737.41,CHARM_DOMINATED,58.2,0.125,34.1,57.1,SHORT,46.0
2026-07-23 12:57:00,4510678.0,4326300.0,8431579.0,6333051.0,-9628.24,306047.2,63181863.03,170218.0,110569.0,-0.303,-0.4111,-0.2364,-0.0716,269006.0,310523.0,-90586100.1102,274110938.2214,POSITIVE,LONG_GAMMA,PUT_PANIC,0.32,BEARISH,MEDIUM,12.0,65.5,48.1,19.1,53.2,15.0,63.9,FLOW_EXPANSION_BEARISH,738.0,737.0,737.33,CHARM_DOMINATED,58.2,0.125,33.2,56.1,SHORT,45.8
2026-07-23 12:58:00,4796552.0,4452348.0,9488244.0,6816637.0,-10869.32,337044.4,-145773942.64,236360.0,136761.0,-0.3284,-0.4839,-0.2987,-0.5741,285874.0,1056665.0,-208955805.6711,-487441415.0732,POSITIVE,LONG_GAMMA,PUT_PANIC,0.41,BEARISH,MEDIUM,7.8,70.7,48.8,12.4,57.3,0.0,80.2,FLOW_EXPANSION_BEARISH,737.0,737.0,737.16,CHARM_DOMINATED,58.2,0.125,33.3,57.2,SHORT,47.8
2026-07-23 12:59:00,4971428.0,4626144.0,10345353.0,6876819.0,-14389.88,452906.58,-101926713.93,434850.0,-84337.0,-0.3509,-0.5405,-0.3504,-0.6611,174876.0,857109.0,43847228.7114,-317613224.465,POSITIVE,LONG_GAMMA,DEALER_LONG_GAMMA,0.35,BEARISH,LOW,5.1,71.8,42.2,11.6,56.5,0.0,73.8,,738.0,737.0,737.24,CHARM_DOMINATED,58.2,0.125,34.3,58.9,SHORT,49.2
2026-07-23 13:00:00,5225336.0,4644322.0,10671704.0,7095215.0,-14034.15,541778.47,-35087712.2,402977.0,554722.0,-0.3426,-0.4945,-0.3349,-0.1248,253908.0,326351.0,66839001.7339,205114068.1133,POSITIVE,LONG_GAMMA,PUT_PANIC,0.41,BEARISH,MEDIUM,3.3,75.9,44.9,7.5,59.5,0.0,83.6,FLOW_EXPANSION_BEARISH,737.0,737.0,737.12,CHARM_DOMINATED,58.2,0.125,36.4,55.2,SHORT,37.6
2026-07-23 13:01:00,5487556.0,4864748.0,11083233.0,7639613.0,-13156.38,483499.29,-71571201.08,291191.0,147537.0,-0.3377,-0.4079,-0.3764,-0.2216,262219.0,411529.0,-36483488.8805,97732044.9066,POSITIVE,LONG_GAMMA,PUT_PANIC,0.44,BEARISH,MEDIUM,7.4,72.6,46.7,4.9,61.4,15.0,66.5,FLOW_EXPANSION_BEARISH,737.0,737.0,737.02,CHARM_DOMINATED,58.2,0.125,36.1,53.9,SHORT,35.6
2026-07-23 13:02:00,5623588.0,5152446.0,11649268.0,8720046.0,-11857.87,422314.97,95657849.38,223492.0,-903274.0,-0.3489,-0.486,-0.403,-0.6125,136033.0,566035.0,167229050.4585,10029665.5663,POSITIVE,LONG_GAMMA,DEALER_LONG_GAMMA,0.38,BEARISH,MEDIUM,4.8,71.3,47.9,8.4,53.9,0.0,69.0,,736.0,737.0,737.06,CHARM_DOMINATED,58.2,0.125,46.3,40.1,NEUTRAL,12.4
2026-07-23 13:03:00,5790180.0,5379754.0,11651668.0,9399544.0,-9156.06,294418.97,79535766.48,-70652.0,-1069165.0,-0.3361,-0.3705,-0.3604,0.9716,166591.0,2400.0,-16122082.9048,60375727.3501,POSITIVE,LONG_GAMMA,DEALER_LONG_GAMMA,0.41,BEARISH,MEDIUM,8.4,63.8,48.6,10.7,49.0,15.0,49.8,,736.0,737.0,737.17,CHARM_DOMINATED,58.2,0.125,29.1,56.2,SHORT,54.2
2026-07-23 13:04:00,6198018.0,5442504.0,12010525.0,9582754.0,-8258.04,375118.78,-30359846.26,-126107.0,-420685.0,-0.3192,-0.1517,-0.3503,0.0639,407838.0,358857.0,-109895612.7392,-128381628.6109,POSITIVE,LONG_GAMMA,DEALER_LONG_GAMMA,0.41,BEARISH,MEDIUM,10.7,58.2,49.1,7.0,51.1,15.0,47.9,,737.0,738.0,737.08,CHARM_DOMINATED,58.2,0.125,33.3,51.8,SHORT,37.0
2026-07-23 13:05:00,6241597.0,5629403.0,12548682.0,9719071.0,-11038.85,423629.77,162258911.46,-143140.0,392383.0,-0.3357,-0.2975,-0.4229,-0.8502,43580.0,538157.0,192618757.725,-34191911.2839,POSITIVE,LONG_GAMMA,PUT_PANIC,0.3,BEARISH,MEDIUM,7.0,64.5,49.4,13.3,50.7,0.0,76.3,FLOW_EXPANSION_BEARISH,739.0,737.0,736.94,CHARM_DOMINATED,58.2,0.125,28.2,55.1,SHORT,53.8
2026-07-23 13:06:00,6490258.0,5705650.0,12969438.0,10146652.0,-10176.95,475745.79,231484130.44,-91807.0,1016887.0,-0.333,-0.3058,-0.4061,-0.2571,248660.0,420756.0,69225218.9809,193930836.1749,POSITIVE,LONG_GAMMA,PUT_PANIC,0.3,BEARISH,MEDIUM,4.5,68.1,49.6,17.4,50.5,0.0,74.9,FLOW_EXPANSION_BEARISH,737.0,736.0,736.96,CHARM_DOMINATED,58.2,0.125,29.0,55.8,SHORT,53.6
2026-07-23 13:07:00,6564499.0,5877727.0,13201487.0,10530067.0,-10073.92,430464.09,160045515.18,-8435.0,166842.0,-0.3358,-0.2452,-0.4022,-0.5152,74242.0,232049.0,-71438615.2623,-42468270.6337,POSITIVE,LONG_GAMMA,PUT_PANIC,0.31,BEARISH,MEDIUM,2.9,70.4,49.7,16.6,50.3,0.0,74.5,FLOW_EXPANSION_BEARISH,736.0,737.0,736.99,CHARM_DOMINATED,58.2,0.125,31.6,56.9,SHORT,50.6
2026-07-23 13:08:00,6642025.0,6113820.0,13711158.0,10870086.0,-11943.33,461106.82,233098656.67,141345.0,-413804.0,-0.3473,-0.4148,-0.4284,-0.7359,77526.0,509670.0,73053141.4846,-130114725.2418,POSITIVE,LONG_GAMMA,DEALER_LONG_GAMMA,0.35,BEARISH,MEDIUM,1.9,69.0,49.8,19.5,46.7,0.0,66.5,,738.0,737.0,736.87,CHARM_DOMINATED,58.5,0.125,30.3,58.1,SHORT,55.6
2026-07-23 13:09:00,6794432.0,6320610.0,13897596.0,11134724.0,-11832.86,419389.91,407703891.89,10682.0,-335620.0,-0.3433,-0.5197,-0.4241,-0.1004,152406.0,186439.0,174605235.2226,124935886.4944,POSITIVE,LONG_GAMMA,DEALER_LONG_GAMMA,0.38,BEARISH,MEDIUM,1.2,67.9,49.9,17.9,44.4,0.0,66.0,,737.0,737.0,737.02,CHARM_DOMINATED,58.5,0.125,46.4,40.2,NEUTRAL,12.4
2026-07-23 13:10:00,6864500.0,6480388.0,14283765.0,11138437.0,-14207.11,458169.42,638757016.24,17527.0,98889.0,-0.3508,-0.4717,-0.4305,-0.6928,70069.0,386168.0,231053124.3479,202021916.6741,POSITIVE,LONG_GAMMA,PUT_PANIC,0.34,BEARISH,MEDIUM,6.0,66.3,49.9,16.9,46.4,15.0,63.4,FLOW_EXPANSION_BEARISH,736.0,737.0,736.89,CHARM_DOMINATED,58.5,0.125,29.0,55.8,SHORT,53.6
2026-07-23 13:11:00,7128576.0,6508125.0,14502895.0,11334728.0,-13230.98,468136.39,621568706.71,36245.0,258839.0,-0.3409,-0.4122,-0.3771,0.093,264076.0,219130.0,-17188309.5237,-16896780.9415,POSITIVE,LONG_GAMMA,PUT_PANIC,0.32,BEARISH,MEDIUM,9.2,64.8,49.9,19.7,47.7,15.0,61.9,FLOW_EXPANSION_BEARISH,737.0,737.0,736.93,CHARM_DOMINATED,58.5,0.125,29.3,54.9,SHORT,51.2
2026-07-23 13:12:00,7380377.0,6675899.0,14728534.0,11504565.0,-12998.82,495365.06,480117968.74,114051.0,291333.0,-0.3324,-0.3035,-0.3739,0.0548,251801.0,225639.0,-141450737.9747,-282148703.5345,POSITIVE,LONG_GAMMA,PUT_PANIC,0.32,BEARISH,MEDIUM,11.2,63.5,49.9,21.6,48.5,15.0,61.2,FLOW_EXPANSION_BEARISH,738.0,737.0,737.12,CHARM_DOMINATED,58.5,0.125,32.9,50.9,SHORT,36.0
2026-07-23 13:13:00,7514435.0,7219915.0,14913696.0,12080878.0,-12615.15,295736.06,40366379.87,-48388.0,-214116.0,-0.3299,-0.1591,-0.3325,-0.1601,134058.0,185162.0,-439751588.8671,-397533570.833,POSITIVE,LONG_GAMMA,DEALER_LONG_GAMMA,0.31,BEARISH,MEDIUM,12.5,64.1,49.9,31.5,45.5,15.0,65.3,,739.0,735.0,737.24,CHARM_DOMINATED,58.5,0.125,30.9,55.9,SHORT,50.0
2026-07-23 13:14:00,7755896.0,7341554.0,15242884.0,12137420.0,-13462.68,346209.72,-24436620.22,56622.0,-365567.0,-0.3255,-0.1664,-0.2751,-0.1537,241460.0,329188.0,-64803000.0924,-172957770.7306,POSITIVE,LONG_GAMMA,DEALER_LONG_GAMMA,0.32,BEARISH,MEDIUM,13.4,64.7,49.9,29.2,48.8,15.0,65.8,,737.0,737.0,737.27,CHARM_DOMINATED,58.5,0.125,31.0,57.4,SHORT,52.8
2026-07-23 13:15:00,7818095.0,7563915.0,15431580.0,12555480.0,-13426.98,261048.14,87657201.54,-79832.0,-465559.0,-0.3275,-0.0924,-0.2947,-0.5042,62200.0,188697.0,112093821.7622,314246574.2558,POSITIVE,LONG_GAMMA,DEALER_LONG_GAMMA,0.38,BEARISH,MEDIUM,8.7,65.0,49.9,24.2,45.7,0.0,65.6,,735.0,737.0,737.0,CHARM_DOMINATED,58.5,0.125,31.3,57.9,SHORT,53.2
2026-07-23 13:16:00,7887931.0,7767640.0,15769824.0,12689268.0,-15374.78,260741.53,378267946.27,-117554.0,355143.0,-0.3332,-0.2505,-0.3226,-0.6577,69836.0,338244.0,290610744.7269,453629577.7243,POSITIVE,LONG_GAMMA,PUT_PANIC,0.34,BEARISH,MEDIUM,10.9,64.0,49.9,21.0,47.2,15.0,62.3,FLOW_EXPANSION_BEARISH,736.0,737.0,737.1,CHARM_DOMINATED,58.5,0.125,35.6,54.4,SHORT,37.6
2026-07-23 13:17:00,7904476.0,8199428.0,16004064.0,12862534.0,-17619.45,208455.34,758863312.93,-216374.0,-20087.0,-0.3388,-0.4175,-0.3125,-0.8681,16546.0,234240.0,380595366.6609,311957644.859,POSITIVE,LONG_GAMMA,DEALER_LONG_GAMMA,0.41,BEARISH,LOW,12.3,60.5,42.9,18.9,44.7,15.0,54.1,,734.0,737.0,737.07,CHARM_DOMINATED,58.5,0.125,35.7,56.2,SHORT,41.0
2026-07-23 13:18:00,8051848.0,8413478.0,16161174.0,13469966.0,-15856.52,101733.7,587157979.21,-159552.0,-268371.0,-0.3349,-0.3978,-0.332,-0.032,147372.0,157110.0,-171705333.7196,-96907266.7739,POSITIVE,LONG_GAMMA,DEALER_LONG_GAMMA,0.38,BEARISH,MEDIUM,8.0,62.8,45.4,17.5,43.1,0.0,67.1,,737.0,737.0,737.02,CHARM_DOMINATED,58.5,0.125,46.0,41.8,NEUTRAL,8.4
2026-07-23 13:19:00,8231904.0,8658444.0,16345713.0,13878722.0,-15319.82,78553.03,602561769.38,-295870.0,-227320.0,-0.3301,-0.397,-0.3613,-0.0123,180056.0,184538.0,15403790.1661,-413753827.4707,POSITIVE,LONG_GAMMA,DEALER_LONG_GAMMA,0.31,BEARISH,MEDIUM,10.4,64.0,47.0,28.9,42.0,15.0,66.3,,738.0,737.0,736.91,CHARM_DOMINATED,63.3,0.11,28.3,59.4,SHORT,62.2
2026-07-23 13:20:00,8341160.0,8799906.0,16502094.0,14172030.0,-14919.79,75067.38,630964095.57,-251793.0,-183237.0,-0.3285,-0.3435,-0.3063,-0.1774,109255.0,156380.0,28402326.1911,-82541958.2921,POSITIVE,LONG_GAMMA,DEALER_LONG_GAMMA,0.41,BEARISH,MEDIUM,12.0,59.3,48.0,24.0,41.3,15.0,50.7,,737.0,737.0,737.0,CHARM_DOMINATED,63.3,0.11,30.2,56.6,SHORT,52.8
2026-07-23 13:21:00,8350310.0,9011534.0,16632908.0,14351094.0,-15858.46,32533.49,760293831.34,-316051.0,199304.0,-0.3315,-0.3023,-0.3265,-0.8692,9151.0,130814.0,129329735.7726,157016802.7586,POSITIVE,LONG_GAMMA,PUT_PANIC,0.34,BEARISH,MEDIUM,13.1,60.0,48.7,20.9,44.3,15.0,61.4,FLOW_EXPANSION_BEARISH,734.0,736.0,737.04,CHARM_DOMINATED,63.3,0.11,45.0,40.0,NEUTRAL,10.0
2026-07-23 13:22:00,8556822.0,9183434.0,16923564.0,14622324.0,-16025.92,37961.41,815059742.01,-234390.0,281122.0,-0.3284,-0.17,-0.3027,-0.1693,206511.0,290657.0,54765910.6732,70144765.0443,POSITIVE,LONG_GAMMA,PUT_PANIC,0.3,BEARISH,MEDIUM,8.5,65.7,49.2,22.3,46.3,0.0,76.2,FLOW_EXPANSION_BEARISH,738.0,739.0,737.25,CHARM_DOMINATED,63.3,0.11,43.1,43.3,NEUTRAL,0.4
2026-07-23 13:23:00,8662122.0,9375810.0,17038574.0,14865750.0,-15869.89,-17561.05,941571874.65,-174088.0,91738.0,-0.3259,-0.1796,-0.2445,-0.0441,105300.0,115010.0,126512132.6395,11772990.6745,NEGATIVE,SHORT_GAMMA,DEALER_SHORT_GAMMA,0.47,BEARISH,HIGH,5.5,69.3,60.0,19.7,52.8,0.0,75.9,FLOW_EXPANSION_BEARISH,736.0,737.0,737.12,CHARM_DOMINATED,63.3,0.11,28.2,55.1,SHORT,53.8
2026-07-23 13:24:00,8745702.0,9522018.0,17119134.0,15023606.0,-15630.07,-35290.82,873199180.19,-144248.0,109472.0,-0.3237,-0.2017,-0.2456,0.0184,83580.0,80560.0,-68372694.4668,-62978104.1366,NEGATIVE,SHORT_GAMMA,DEALER_SHORT_GAMMA,0.45,BEARISH,HIGH,3.6,71.5,67.0,21.6,57.1,0.0,75.5,FLOW_EXPANSION_BEARISH,738.0,737.0,737.39,CHARM_DOMINATED,63.3,0.11,41.5,41.4,NEUTRAL,0.2
2026-07-23 13:25:00,9036820.0,9748524.0,17246203.0,15370952.0,-14166.83,-24208.97,780239049.65,-141554.0,-72018.0,-0.3123,-0.0337,-0.1539,0.3923,291118.0,127068.0,-92960130.5383,-171305434.1589,NEGATIVE,SHORT_GAMMA,DEALER_SHORT_GAMMA,0.35,BEARISH,HIGH,7.6,63.6,71.6,19.3,56.4,15.0,48.8,,737.0,740.0,737.42,CHARM_DOMINATED,63.3,0.11,42.8,41.3,NEUTRAL,3.0
2026-07-23 13:26:00,9149618.0,10116268.0,17454673.0,15903642.0,-13479.3,-158769.13,486116866.99,-207242.0,-210859.0,-0.3122,-0.0139,-0.1872,-0.2978,112798.0,208470.0,-294122182.6573,-222610875.6841,NEGATIVE,SHORT_GAMMA,DEALER_SHORT_GAMMA,0.35,BEARISH,HIGH,10.2,58.2,74.5,17.8,55.9,15.0,48.1,,735.0,737.0,737.17,CHARM_DOMINATED,63.3,0.11,29.8,52.8,SHORT,46.0
2026-07-23 13:27:00,9315926.0,10157538.0,17643120.0,16186414.0,-12575.89,-118324.55,653609475.93,-211907.0,-56998.0,-0.3089,0.0267,-0.2019,-0.0624,166308.0,188447.0,167492608.9438,17351625.6458,NEGATIVE,SHORT_GAMMA,DEALER_SHORT_GAMMA,0.35,BEARISH,MEDIUM,11.9,54.3,69.4,16.8,55.6,15.0,47.2,,737.0,737.0,737.15,CHARM_DOMINATED,63.3,0.11,30.6,54.8,SHORT,48.4
2026-07-23 13:28:00,9383704.0,10283002.0,17675024.0,16583593.0,-11266.7,-163031.2,585691656.67,-253401.0,-176009.0,-0.3064,0.0627,-0.1926,0.3599,67778.0,31904.0,-67917819.2616,243328551.4389,NEGATIVE,SHORT_GAMMA,DEALER_SHORT_GAMMA,0.38,BEARISH,HIGH,7.7,56.7,73.1,19.7,55.4,0.0,61.0,,738.0,738.0,737.27,CHARM_DOMINATED,63.3,0.11,44.3,42.4,NEUTRAL,3.8
2026-07-23 13:29:00,9414448.0,10597826.0,17690088.0,16921678.0,-11181.45,-261943.48,574711036.91,-346836.0,34300.0,-0.3053,0.0789,-0.1921,0.3423,30744.0,15064.0,-10980619.7606,23865567.3456,NEGATIVE,SHORT_GAMMA,DEALER_SHORT_GAMMA,0.47,BEARISH,MEDIUM,5.0,61.6,68.5,18.1,58.8,0.0,70.8,FLOW_EXPANSION_BEARISH,733.0,737.0,737.34,CHARM_DOMINATED,63.3,0.11,44.5,43.5,NEUTRAL,2.0
2026-07-23 13:30:00,9456592.0,10891468.0,17948960.0,17152124.0,-12451.28,-292690.42,579980730.34,-360317.0,-143485.0,-0.3099,-0.2521,-0.2115,-0.72,42145.0,258871.0,5269693.4265,-52642858.0082,NEGATIVE,SHORT_GAMMA,DEALER_SHORT_GAMMA,0.34,BEARISH,HIGH,8.5,61.6,72.5,29.3,57.5,15.0,61.7,,739.0,738.0,737.48,CHARM_DOMINATED,63.3,0.11,44.9,44.5,NEUTRAL,0.8
2026-07-23 13:31:00,9751752.0,11075476.0,18008941.0,17548044.0,-10059.91,-342485.56,428860612.36,-289441.0,-155530.0,-0.2974,0.0414,-0.0915,0.6622,295160.0,59982.0,-151120117.9785,-33475992.7649,NEGATIVE,SHORT_GAMMA,DEALER_SHORT_GAMMA,0.34,BEARISH,HIGH,10.8,55.6,75.1,27.8,56.6,15.0,44.6,,738.0,737.0,737.57,CHARM_DOMINATED,64.4,0.107,46.5,43.0,NEUTRAL,7.0
2026-07-23 13:32:00,10139260.0,11214618.0,18515689.0,17551908.0,-11510.66,-185236.2,432880509.35,-145334.0,616161.0,-0.2923,-0.029,-0.0583,-0.1333,387508.0,506748.0,4019896.9888,-70694647.3278,NEGATIVE,SHORT_GAMMA,DEALER_SHORT_GAMMA,0.41,BEARISH,HIGH,12.3,55.5,76.8,26.8,59.5,15.0,55.3,,738.0,738.0,737.48,CHARM_DOMINATED,61.4,0.616,26.2,34.5,SHORT,16.6
2026-07-23 13:33:00,10346814.0,11293136.0,18752934.0,17589608.0,-11668.57,-111136.56,230497732.04,4974.0,700100.0,-0.2889,-0.0562,-0.0607,-0.0668,207554.0,237244.0,-202382777.3054,-26256227.8823,NEGATIVE,SHORT_GAMMA,DEALER_SHORT_GAMMA,0.41,BEARISH,HIGH,13.2,55.4,77.9,26.2,61.4,15.0,55.3,,738.0,738.0,737.37,CHARM_DOMINATED,61.4,1.0,35.9,53.8,SHORT,35.8
2026-07-23 13:34:00,10484130.0,11480998.0,18785086.0,17898710.0,-10564.01,-215994.83,191154049.82,60895.0,474707.0,-0.2836,-0.0117,-0.0399,0.6206,137316.0,32152.0,-39343682.225,-47313119.2703,NEGATIVE,SHORT_GAMMA,DEALER_SHORT_GAMMA,0.47,BEARISH,HIGH,8.6,60.3,78.6,22.3,62.7,0.0,69.3,,737.0,737.0,737.6,CHARM_DOMINATED,69.5,0.591,48.9,41.5,NEUTRAL,14.8
2026-07-23 13:35:00,10756460.0,11705450.0,19044650.0,18108056.0,-10116.59,-203342.66,-206724322.27,125129.0,-230171.0,-0.2781,0.0852,-0.0257,0.024,272330.0,259564.0,-397878372.0893,-119429586.9989,NEGATIVE,SHORT_GAMMA,DEALER_SHORT_GAMMA,0.38,BEARISH,HIGH,5.6,59.8,79.1,18.0,65.3,0.0,58.7,,738.0,737.0,737.48,CHARM_DOMINATED,69.5,0.091,35.0,53.0,SHORT,36.0
2026-07-23 13:36:00,10901874.0,11992290.0,19178870.0,18604284.0,-8559.52,-294968.99,-415191313.9,69399.0,-784192.0,-0.2752,-0.0085,0.0011,0.04,145414.0,134220.0,-208466991.6264,-182309452.0926,NEGATIVE,SHORT_GAMMA,DEALER_SHORT_GAMMA,0.38,BEARISH,HIGH,3.6,59.0,79.4,15.2,66.9,0.0,57.5,,738.0,737.0,737.37,CHARM_DOMINATED,69.5,0.091,46.1,39.4,NEUTRAL,13.4
2026-07-23 13:37:00,11298706.0,12018460.0,20011258.0,18822506.0,-9868.28,-111876.9,-434651334.14,116115.0,192622.0,-0.2783,-0.1266,-0.0593,-0.3543,396831.0,832388.0,-19460020.2423,104647521.2228,NEGATIVE,SHORT_GAMMA,DEALER_SHORT_GAMMA,0.44,BEARISH,HIGH,7.6,57.0,79.6,9.9,71.5,15.0,53.3,LIQUIDATION_CASCADE,737.0,737.0,737.05,CHARM_DOMINATED,69.5,0.091,36.5,48.2,SHORT,23.4
2026-07-23 13:38:00,11734978.0,12046482.0,20439343.0,19271565.0,-7461.07,-22089.64,-852857797.61,127854.0,404256.0,-0.2705,-0.097,-0.0507,0.0095,436272.0,428086.0,-418206463.4711,84339440.0012,NEGATIVE,SHORT_GAMMA,DEALER_SHORT_GAMMA,0.41,BEARISH,HIGH,10.2,55.1,79.7,9.9,74.5,15.0,51.5,LIQUIDATION_CASCADE,738.0,737.0,736.99,CHARM_DOMINATED,69.5,0.091,33.1,52.4,SHORT,38.6
2026-07-23 13:39:00,11883272.0,12336658.0,20772306.0,19566448.0,-8878.72,-30904.45,-947882864.87,172593.0,625436.0,-0.2722,-0.1737,-0.0759,-0.3837,148295.0,332962.0,-95025067.2578,-142652259.4301,NEGATIVE,SHORT_GAMMA,DEALER_SHORT_GAMMA,0.44,BEARISH,HIGH,11.9,54.1,79.8,6.4,76.4,15.0,52.3,LIQUIDATION_CASCADE,733.0,737.0,736.9,CHARM_DOMINATED,69.5,0.091,34.4,55.0,SHORT,41.2
2026-07-23 13:40:00,12016016.0,12455892.0,20900448.0,19941172.0,-7796.26,-67577.88,-656269949.71,106359.0,-223896.0,-0.2699,-0.1914,-0.1018,0.0176,132744.0,128143.0,291612915.1581,317127165.8068,NEGATIVE,SHORT_GAMMA,PUT_PANIC,0.38,BEARISH,HIGH,13.0,49.7,79.9,7.7,74.2,15.0,41.5,,737.0,737.0,736.89,CHARM_DOMINATED,69.5,0.091,35.4,58.9,SHORT,47.0
2026-07-23 13:41:00,12076876.0,12701758.0,20966798.0,20517636.0,-6142.61,-209068.11,-683685351.71,68022.0,-1030049.0,-0.269,-0.2069,-0.0908,-0.0431,60860.0,66349.0,-27415401.9946,388714521.9462,NEGATIVE,SHORT_GAMMA,PUT_PANIC,0.33,NEUTRAL,HIGH,19.0,46.5,79.9,17.3,72.7,30.0,40.4,,739.0,737.0,736.94,CHARM_DOMINATED,69.5,0.091,36.7,59.9,SHORT,46.4
2026-07-23 13:42:00,12241596.0,12982238.0,21618515.0,20753584.0,-9030.89,-252719.25,-160447917.79,-68942.0,-351131.0,-0.2769,-0.2605,-0.1521,-0.5965,164719.0,651718.0,523237433.9177,149617092.0115,NEGATIVE,SHORT_GAMMA,DEALER_SHORT_GAMMA,0.4,BEARISH,HIGH,12.3,50.3,79.9,11.2,71.8,0.0,57.3,,735.0,737.0,736.67,CHARM_DOMINATED,69.5,0.091,34.5,57.5,SHORT,46.0
2026-07-23 13:43:00,12399294.0,13233924.0,21888319.0,21474340.0,-6553.71,-420371.94,-760878662.59,-255385.0,-144915.0,-0.2767,-0.3713,-0.1657,-0.2622,157698.0,269804.0,-600430744.8064,-170695412.0261,NEGATIVE,SHORT_GAMMA,DEALER_SHORT_GAMMA,0.34,BEARISH,HIGH,13.2,52.2,79.9,19.5,71.2,15.0,55.7,,737.0,737.0,736.75,CHARM_DOMINATED,69.5,0.091,35.6,55.9,SHORT,40.6
2026-07-23 13:44:00,12514386.0,13394822.0,21929368.0,21864537.0,-4724.05,-510573.06,-972699924.24,-313615.0,250800.0,-0.2733,-0.2941,-0.1552,0.4742,115093.0,41049.0,-211821261.6501,-654037019.1898,NEGATIVE,SHORT_GAMMA,DEALER_SHORT_GAMMA,0.44,BEARISH,HIGH,13.8,51.3,79.9,12.7,74.3,15.0,49.5,LIQUIDATION_CASCADE,736.0,737.0,736.8,CHARM_DOMINATED,69.5,0.091,35.8,58.8,SHORT,46.0
2026-07-23 13:45:00,12514386.0,13394822.0,21929368.0,21864537.0,-4724.05,-510573.06,-972699924.24,-267001.0,-115741.0,-0.2733,-0.3474,-0.1311,0.0,0.0,0.0,0.0,-67313975.3807,NEGATIVE,SHORT_GAMMA,PUT_PANIC,0.4,BEARISH,HIGH,14.2,47.2,79.9,8.3,72.8,15.0,39.5,,736.0,737.0,736.8,CHARM_DOMINATED,69.5,0.091,35.5,58.7,SHORT,46.4
2026-07-23 13:46:00,12514386.0,13394822.0,21929368.0,21864537.0,-4724.05,-510573.06,-972699924.24,-127977.0,-9186.0,-0.2733,-0.375,-0.1732,0.0,0.0,0.0,0.0,406126003.2283,NEGATIVE,SHORT_GAMMA,PUT_PANIC,0.4,BEARISH,MEDIUM,14.5,44.5,72.9,5.4,71.8,15.0,39.5,,736.0,737.0,736.8,CHARM_DOMINATED,69.5,0.091,35.3,60.6,SHORT,50.6
2026-07-23 13:47:00,12514386.0,13394822.0,21929368.0,21864537.0,-4724.05,-510573.06,-972699924.24,-187979.0,469946.0,-0.2733,-0.0652,-0.1794,0.0,0.0,0.0,0.0,105910630.8251,NEGATIVE,SHORT_GAMMA,DEALER_SHORT_GAMMA,0.47,BEARISH,HIGH,9.4,51.5,75.4,3.5,74.7,0.0,64.5,LIQUIDATION_CASCADE,736.0,737.0,736.8,CHARM_DOMINATED,69.5,0.091,35.2,61.1,SHORT,51.8
2026-07-23 13:48:00,12514386.0,13394822.0,21929368.0,21864537.0,-4724.05,-510573.06,-972699924.24,-78991.0,197477.0,-0.2733,0.4742,-0.1888,0.0,0.0,0.0,0.0,0.0,NEGATIVE,SHORT_GAMMA,DEALER_SHORT_GAMMA,0.47,BEARISH,HIGH,6.1,47.0,77.0,2.3,76.6,0.0,38.7,LIQUIDATION_CASCADE,736.0,737.0,736.8,CHARM_DOMINATED,69.5,0.091,35.0,57.5,SHORT,45.0
2026-07-23 13:49:00,12514386.0,13394822.0,21929368.0,21864537.0,-4724.05,-510573.06,-972699924.24,0.0,0.0,-0.2733,0.0,-0.2153,0.0,0.0,0.0,0.0,0.0,NEGATIVE,SHORT_GAMMA,DEALER_SHORT_GAMMA,0.4,BEARISH,MEDIUM,4.0,49.6,71.1,1.5,74.3,0.0,54.5,,736.0,737.0,736.8,CHARM_DOMINATED,69.5,0.091,35.1,57.2,SHORT,44.2
2026-07-23 13:50:00,12514386.0,13394822.0,21929368.0,21864537.0,-4724.05,-510573.06,-972699924.24,0.0,0.0,-0.2733,0.0,-0.2427,0.0,0.0,0.0,0.0,0.0,NEGATIVE,SHORT_GAMMA,PUT_PANIC,0.4,BEARISH,MEDIUM,7.8,46.1,67.2,1.0,72.8,15.0,39.5,,736.0,737.0,736.8,CHARM_DOMINATED,69.5,0.091,35.1,57.2,SHORT,44.2
2026-07-23 13:51:00,12514386.0,13394822.0,21929368.0,21864537.0,-4724.05,-510573.06,-972699924.24,0.0,0.0,-0.2733,0.0,-0.2608,0.0,0.0,0.0,0.0,0.0,NEGATIVE,SHORT_GAMMA,PUT_PANIC,0.4,BEARISH,MEDIUM,10.3,43.8,64.7,0.7,71.8,15.0,39.5,,736.0,737.0,736.8,CHARM_DOMINATED,69.5,0.091,35.0,57.3,SHORT,44.6
2026-07-23 13:52:00,12514386.0,13394822.0,21929368.0,21864537.0,-4724.05,-510573.06,-972699924.24,0.0,0.0,-0.2733,0.0,-0.2241,0.0,0.0,0.0,0.0,0.0,NEGATIVE,SHORT_GAMMA,PUT_PANIC,0.4,BEARISH,MEDIUM,11.9,42.3,63.1,0.5,71.2,15.0,39.5,,736.0,737.0,736.8,CHARM_DOMINATED,69.5,0.091,34.9,57.3,SHORT,44.8
2026-07-23 13:53:00,12514386.0,13394822.0,21929368.0,21864537.0,-4724.05,-510573.06,-972699924.24,0.0,0.0,-0.2733,0.0,-0.3131,0.0,0.0,0.0,0.0,0.0,NEGATIVE,SHORT_GAMMA,DEALER_SHORT_GAMMA,0.4,BEARISH,MEDIUM,7.7,46.6,62.0,0.3,70.8,0.0,54.5,,736.0,737.0,736.8,CHARM_DOMINATED,69.5,0.091,34.9,57.4,SHORT,45.0
2026-07-23 13:54:00,12514386.0,13394822.0,21929368.0,21864537.0,-4724.05,-510573.06,-972699924.24,0.0,0.0,-0.2733,0.0,-0.2941,0.0,0.0,0.0,0.0,0.0,NEGATIVE,SHORT_GAMMA,DEALER_SHORT_GAMMA,0.4,BEARISH,MEDIUM,5.0,49.4,61.3,0.2,70.5,0.0,54.5,,736.0,737.0,736.8,CHARM_DOMINATED,69.5,0.091,35.0,57.4,SHORT,44.8
2026-07-23 13:55:00,12514386.0,13394822.0,21929368.0,21864537.0,-4724.05,-510573.06,-972699924.24,0.0,0.0,-0.2733,0.0,-0.3474,0.0,0.0,0.0,0.0,0.0,NEGATIVE,SHORT_GAMMA,DEALER_SHORT_GAMMA,0.4,BEARISH,MEDIUM,3.2,51.2,60.8,0.1,70.3,0.0,54.5,,736.0,737.0,736.8,CHARM_DOMINATED,69.5,0.091,35.0,57.5,SHORT,45.0
2026-07-23 13:56:00,12514386.0,13394822.0,21929368.0,21864537.0,-4724.05,-510573.06,-972699924.24,0.0,0.0,-0.2733,0.0,-0.375,0.0,0.0,0.0,0.0,0.0,NEGATIVE,SHORT_GAMMA,DEALER_SHORT_GAMMA,0.4,BEARISH,MEDIUM,2.1,52.4,60.5,0.1,70.2,0.0,54.5,,736.0,737.0,736.8,CHARM_DOMINATED,69.5,0.091,35.0,57.5,SHORT,45.0
2026-07-23 13:57:00,12514386.0,13394822.0,21929368.0,21864537.0,-4724.05,-510573.06,-972699924.24,0.0,0.0,-0.2733,0.0,-0.0652,0.0,0.0,0.0,0.0,0.0,NEGATIVE,SHORT_GAMMA,DEALER_SHORT_GAMMA,0.4,BEARISH,MEDIUM,1.4,53.2,60.3,0.1,70.1,0.0,54.5,,736.0,737.0,736.8,CHARM_DOMINATED,69.5,0.091,34.9,57.5,SHORT,45.2
2026-07-23 13:58:00,12514386.0,13394822.0,21929368.0,21864537.0,-4724.05,-510573.06,-972699924.24,0.0,0.0,-0.2733,0.0,0.4742,0.0,0.0,0.0,0.0,0.0,NEGATIVE,SHORT_GAMMA,DEALER_SHORT_GAMMA,0.4,BEARISH,MEDIUM,0.9,53.7,60.2,0.1,70.1,0.0,54.5,,736.0,737.0,736.8,CHARM_DOMINATED,69.5,0.091,34.7,57.5,SHORT,45.6
2026-07-23 13:59:00,12514386.0,13394822.0,21929368.0,21864537.0,-4724.05,-510573.06,-972699924.24,0.0,0.0,-0.2733,0.0,0.0,0.0,0.0,0.0,0.0,0.0,NEGATIVE,SHORT_GAMMA,DEALER_SHORT_GAMMA,0.4,BEARISH,MEDIUM,0.6,54.0,60.1,0.1,70.1,0.0,54.5,,736.0,737.0,736.8,CHARM_DOMINATED,69.5,0.091,34.4,57.6,SHORT,46.4
2026-07-23 14:00:00,12514386.0,13394822.0,21929368.0,21864537.0,-4724.05,-510573.06,-972699924.24,0.0,0.0,-0.2733,0.0,0.0,0.0,0.0,0.0,0.0,0.0,NEGATIVE,SHORT_GAMMA,DEALER_SHORT_GAMMA,0.4,BEARISH,MEDIUM,0.4,54.2,60.1,0.1,70.1,0.0,54.5,,736.0,737.0,736.8,CHARM_DOMINATED,69.5,0.091,34.3,57.6,SHORT,46.6
2026-07-23 14:01:00,12514386.0,13394822.0,21929368.0,21864537.0,-4724.05,-510573.06,-972699924.24,0.0,0.0,-0.2733,0.0,0.0,0.0,0.0,0.0,0.0,0.0,NEGATIVE,SHORT_GAMMA,DEALER_SHORT_GAMMA,0.4,BEARISH,MEDIUM,0.3,54.3,60.1,0.1,70.1,0.0,54.5,,736.0,737.0,736.8,CHARM_DOMINATED,69.5,0.091,34.1,57.6,SHORT,47.0
2026-07-23 14:02:00,12514386.0,13394822.0,21929368.0,21864537.0,-4724.05,-510573.06,-972699924.24,0.0,0.0,-0.2733,0.0,0.0,0.0,0.0,0.0,0.0,0.0,NEGATIVE,SHORT_GAMMA,DEALER_SHORT_GAMMA,0.4,BEARISH,MEDIUM,0.2,54.4,60.1,0.1,70.1,0.0,54.5,,736.0,737.0,736.8,CHARM_DOMINATED,69.5,0.091,33.9,57.7,SHORT,47.6
2026-07-23 14:03:00,12514386.0,13394822.0,21929368.0,21864537.0,-4724.05,-510573.06,-972699924.24,0.0,0.0,-0.2733,0.0,0.0,0.0,0.0,0.0,0.0,0.0,NEGATIVE,SHORT_GAMMA,DEALER_SHORT_GAMMA,0.4,BEARISH,MEDIUM,0.1,54.5,60.1,0.1,70.1,0.0,54.5,,736.0,737.0,736.8,CHARM_DOMINATED,69.5,0.091,33.5,57.7,SHORT,48.4
2026-07-23 14:04:00,12514386.0,13394822.0,21929368.0,21864537.0,-4724.05,-510573.06,-972699924.24,0.0,0.0,-0.2733,0.0,0.0,0.0,0.0,0.0,0.0,0.0,NEGATIVE,SHORT_GAMMA,DEALER_SHORT_GAMMA,0.4,BEARISH,MEDIUM,0.1,54.5,60.1,0.1,70.1,0.0,54.5,,736.0,737.0,736.8,CHARM_DOMINATED,69.5,0.091,33.4,57.7,SHORT,48.6
2026-07-23 14:05:00,12514386.0,13394822.0,21929368.0,21864537.0,-4724.05,-510573.06,-972699924.24,0.0,0.0,-0.2733,0.0,0.0,0.0,0.0,0.0,0.0,0.0,NEGATIVE,SHORT_GAMMA,DEALER_SHORT_GAMMA,0.4,BEARISH,MEDIUM,0.1,54.5,60.1,0.1,70.1,0.0,54.5,,736.0,737.0,736.8,CHARM_DOMINATED,69.5,0.091,33.3,57.7,SHORT,48.8
2026-07-23 14:06:00,12514386.0,13394822.0,21929368.0,21864537.0,-4724.05,-510573.06,-972699924.24,0.0,0.0,-0.2733,0.0,0.0,0.0,0.0,0.0,0.0,0.0,NEGATIVE,SHORT_GAMMA,DEALER_SHORT_GAMMA,0.4,BEARISH,MEDIUM,0.1,54.5,60.1,0.1,70.1,0.0,54.5,,736.0,737.0,736.8,CHARM_DOMINATED,69.5,0.091,33.2,57.8,SHORT,49.2
2026-07-23 14:07:00,12514386.0,13394822.0,21929368.0,21864537.0,-4724.05,-510573.06,-972699924.24,0.0,0.0,-0.2733,0.0,0.0,0.0,0.0,0.0,0.0,0.0,NEGATIVE,SHORT_GAMMA,DEALER_SHORT_GAMMA,0.4,BEARISH,MEDIUM,0.1,54.5,60.1,0.1,70.1,0.0,54.5,,736.0,737.0,736.8,CHARM_DOMINATED,70.6,0.088,33.3,58.0,SHORT,49.4
2026-07-23 14:08:00,12514386.0,13394822.0,21929368.0,21864537.0,-4724.05,-510573.06,-972699924.24,0.0,0.0,-0.2733,0.0,0.0,0.0,0.0,0.0,0.0,0.0,NEGATIVE,SHORT_GAMMA,DEALER_SHORT_GAMMA,0.4,BEARISH,MEDIUM,0.1,54.5,60.1,0.1,70.1,0.0,54.5,,736.0,737.0,736.8,CHARM_DOMINATED,71.7,0.085,33.4,58.2,SHORT,49.6
2026-07-23 14:09:00,12514386.0,13394822.0,21929368.0,21864537.0,-4724.05,-510573.06,-972699924.24,0.0,0.0,-0.2733,0.0,0.0,0.0,0.0,0.0,0.0,0.0,NEGATIVE,SHORT_GAMMA,DEALER_SHORT_GAMMA,0.4,BEARISH,MEDIUM,0.1,54.5,60.1,0.1,70.1,0.0,54.5,,736.0,737.0,736.8,CHARM_DOMINATED,72.7,0.082,33.4,58.4,SHORT,50.0
2026-07-23 14:10:00,12514386.0,13394822.0,21929368.0,21864537.0,-4724.05,-510573.06,-972699924.24,0.0,0.0,-0.2733,0.0,0.0,0.0,0.0,0.0,0.0,0.0,NEGATIVE,SHORT_GAMMA,DEALER_SHORT_GAMMA,0.4,BEARISH,MEDIUM,0.1,54.5,60.1,0.1,70.1,0.0,54.5,,736.0,737.0,736.8,CHARM_DOMINATED,73.8,0.078,33.4,58.6,SHORT,50.4
2026-07-23 14:11:00,12514386.0,13394822.0,21929368.0,21864537.0,-4724.05,-510573.06,-972699924.24,0.0,0.0,-0.2733,0.0,0.0,0.0,0.0,0.0,0.0,0.0,NEGATIVE,SHORT_GAMMA,DEALER_SHORT_GAMMA,0.4,BEARISH,MEDIUM,0.1,54.5,60.1,0.1,70.1,0.0,54.5,,736.0,737.0,736.8,CHARM_DOMINATED,75.0,0.075,33.5,58.8,SHORT,50.6
2026-07-23 14:12:00,12514386.0,13394822.0,21929368.0,21864537.0,-4724.05,-510573.06,-972699924.24,0.0,0.0,-0.2733,0.0,0.0,0.0,0.0,0.0,0.0,0.0,NEGATIVE,SHORT_GAMMA,DEALER_SHORT_GAMMA,0.4,BEARISH,MEDIUM,0.1,54.5,60.1,0.1,70.1,0.0,54.5,,736.0,737.0,736.8,CHARM_DOMINATED,76.1,0.072,33.6,59.0,SHORT,50.8
2026-07-23 14:13:00,12514386.0,13394822.0,21929368.0,21864537.0,-4724.05,-510573.06,-972699924.24,0.0,0.0,-0.2733,0.0,0.0,0.0,0.0,0.0,0.0,0.0,NEGATIVE,SHORT_GAMMA,PUT_PANIC,0.4,BEARISH,MEDIUM,5.3,49.3,60.1,0.1,70.1,15.0,39.5,,736.0,737.0,736.8,CHARM_DOMINATED,76.5,0.07,33.4,59.1,SHORT,51.4
2026-07-23 14:14:00,12514386.0,13394822.0,21929368.0,21864537.0,-4724.05,-510573.06,-972699924.24,0.0,0.0,-0.2733,0.0,0.0,0.0,0.0,0.0,0.0,0.0,NEGATIVE,SHORT_GAMMA,PUT_PANIC,0.4,BEARISH,MEDIUM,8.7,45.9,60.1,0.1,70.1,15.0,39.5,,736.0,737.0,736.8,CHARM_DOMINATED,76.8,0.069,33.4,59.2,SHORT,51.6
2026-07-23 14:15:00,12514386.0,13394822.0,21929368.0,21864537.0,-4724.05,-510573.06,-972699924.24,0.0,0.0,-0.2733,0.0,0.0,0.0,0.0,0.0,0.0,0.0,NEGATIVE,SHORT_GAMMA,DEALER_SHORT_GAMMA,0.4,BEARISH,MEDIUM,5.7,48.9,60.1,0.1,70.1,0.0,54.5,,736.0,737.0,736.8,CHARM_DOMINATED,77.1,0.069,33.4,59.2,SHORT,51.6
2026-07-23 14:16:00,12514386.0,13394822.0,21929368.0,21864537.0,-4724.05,-510573.06,-972699924.24,0.0,0.0,-0.2733,0.0,0.0,0.0,0.0,0.0,0.0,0.0,NEGATIVE,SHORT_GAMMA,DEALER_SHORT_GAMMA,0.4,BEARISH,MEDIUM,3.7,50.9,60.1,0.1,70.1,0.0,54.5,,736.0,737.0,736.8,CHARM_DOMINATED,77.5,0.067,33.5,59.3,SHORT,51.6
2026-07-23 14:17:00,12514386.0,13394822.0,21929368.0,21864537.0,-4724.05,-510573.06,-972699924.24,0.0,0.0,-0.2733,0.0,0.0,0.0,0.0,0.0,0.0,0.0,NEGATIVE,SHORT_GAMMA,DEALER_SHORT_GAMMA,0.4,BEARISH,MEDIUM,2.4,52.2,60.1,0.1,70.1,0.0,54.5,,736.0,737.0,736.8,CHARM_DOMINATED,77.6,0.067,33.5,59.3,SHORT,51.6
2026-07-23 14:18:00,12514386.0,13394822.0,21929368.0,21864537.0,-4724.05,-510573.06,-972699924.24,0.0,0.0,-0.2733,0.0,0.0,0.0,0.0,0.0,0.0,0.0,NEGATIVE,SHORT_GAMMA,DEALER_SHORT_GAMMA,0.4,BEARISH,MEDIUM,1.6,53.0,60.1,0.1,70.1,0.0,54.5,,736.0,737.0,736.8,CHARM_DOMINATED,77.6,0.067,33.5,59.3,SHORT,51.6
2026-07-23 14:19:00,12514386.0,13394822.0,21929368.0,21864537.0,-4724.05,-510573.06,-972699924.24,0.0,0.0,-0.2733,0.0,0.0,0.0,0.0,0.0,0.0,0.0,NEGATIVE,SHORT_GAMMA,DEALER_SHORT_GAMMA,0.4,BEARISH,MEDIUM,1.0,53.5,60.1,0.1,70.1,0.0,54.5,,736.0,737.0,736.8,CHARM_DOMINATED,77.6,0.067,33.5,59.3,SHORT,51.6
2026-07-23 14:20:00,12514386.0,13394822.0,21929368.0,21864537.0,-4724.05,-510573.06,-972699924.24,0.0,0.0,-0.2733,0.0,0.0,0.0,0.0,0.0,0.0,0.0,NEGATIVE,SHORT_GAMMA,DEALER_SHORT_GAMMA,0.4,BEARISH,MEDIUM,0.7,53.9,60.1,0.1,70.1,0.0,54.5,,736.0,737.0,736.8,CHARM_DOMINATED,77.6,0.067,33.5,59.3,SHORT,51.6
2026-07-23 14:21:00,12514386.0,13394822.0,21929368.0,21864537.0,-4724.05,-510573.06,-972699924.24,0.0,0.0,-0.2733,0.0,0.0,0.0,0.0,0.0,0.0,0.0,NEGATIVE,SHORT_GAMMA,DEALER_SHORT_GAMMA,0.4,BEARISH,MEDIUM,0.5,54.1,60.1,0.1,70.1,0.0,54.5,,736.0,737.0,736.8,CHARM_DOMINATED,77.6,0.067,33.5,59.3,SHORT,51.6
2026-07-23 14:22:00,12514386.0,13394822.0,21929368.0,21864537.0,-4724.05,-510573.06,-972699924.24,0.0,0.0,-0.2733,0.0,0.0,0.0,0.0,0.0,0.0,0.0,NEGATIVE,SHORT_GAMMA,DEALER_SHORT_GAMMA,0.4,BEARISH,MEDIUM,0.3,54.3,60.1,0.1,70.1,0.0,54.5,,736.0,737.0,736.8,CHARM_DOMINATED,77.6,0.067,33.5,59.3,SHORT,51.6
2026-07-23 14:23:00,12514386.0,13394822.0,21929368.0,21864537.0,-4724.05,-510573.06,-972699924.24,0.0,0.0,-0.2733,0.0,0.0,0.0,0.0,0.0,0.0,0.0,NEGATIVE,SHORT_GAMMA,DEALER_SHORT_GAMMA,0.4,BEARISH,MEDIUM,0.2,54.4,60.1,0.1,70.1,0.0,54.5,,736.0,737.0,736.8,CHARM_DOMINATED,77.6,0.067,33.6,59.2,SHORT,51.2
2026-07-23 14:24:00,12514386.0,13394822.0,21929368.0,21864537.0,-4724.05,-510573.06,-972699924.24,0.0,0.0,-0.2733,0.0,0.0,0.0,0.0,0.0,0.0,0.0,NEGATIVE,SHORT_GAMMA,DEALER_SHORT_GAMMA,0.4,BEARISH,MEDIUM,0.1,54.5,60.1,0.1,70.1,0.0,54.5,,736.0,737.0,736.8,CHARM_DOMINATED,77.6,0.067,33.6,59.2,SHORT,51.2
2026-07-23 14:25:00,12514386.0,13394822.0,21929368.0,21864537.0,-4724.05,-510573.06,-972699924.24,0.0,0.0,-0.2733,0.0,0.0,0.0,0.0,0.0,0.0,0.0,NEGATIVE,SHORT_GAMMA,DEALER_SHORT_GAMMA,0.4,BEARISH,MEDIUM,0.1,54.5,60.1,0.1,70.1,0.0,54.5,,736.0,737.0,736.8,CHARM_DOMINATED,77.6,0.067,33.6,59.2,SHORT,51.2
2026-07-23 14:26:00,12514386.0,13394822.0,21929368.0,21864537.0,-4724.05,-510573.06,-972699924.24,0.0,0.0,-0.2733,0.0,0.0,0.0,0.0,0.0,0.0,0.0,NEGATIVE,SHORT_GAMMA,DEALER_SHORT_GAMMA,0.4,BEARISH,MEDIUM,0.1,54.5,60.1,0.1,70.1,0.0,54.5,,736.0,737.0,736.8,CHARM_DOMINATED,77.6,0.067,33.6,59.2,SHORT,51.2
2026-07-23 14:27:00,12514386.0,13394822.0,21929368.0,21864537.0,-4724.05,-510573.06,-972699924.24,0.0,0.0,-0.2733,0.0,0.0,0.0,0.0,0.0,0.0,0.0,NEGATIVE,SHORT_GAMMA,DEALER_SHORT_GAMMA,0.4,BEARISH,MEDIUM,0.1,54.5,60.1,0.1,70.1,0.0,54.5,,736.0,737.0,737.7,CHARM_DOMINATED,74.6,0.576,24.9,31.7,NEUTRAL,13.6
2026-07-23 14:28:00,107126814.0,38850902.0,267136350.0,43581965.0,-881484.31,50206707.56,406216448700.6,58529180.0,97548634.0,-0.4275,-0.4432,-0.4432,-0.4432,94612428.0,245206982.0,407189148624.8422,203594574312.4211,POSITIVE,LONG_GAMMA,PUT_PANIC,0.31,BEARISH,MEDIUM,0.1,65.4,56.6,5.3,63.1,0.0,85.7,FLOW_EXPANSION_BEARISH,737.0,740.0,737.72,CHARM_DOMINATED,74.6,1.0,33.2,63.6,SHORT,60.8
2026-07-23 14:29:00,107126814.0,38895156.0,267136350.0,43594358.0,-881712.25,50196830.97,406168023767.05,58517851.0,97529752.0,-0.4275,-0.4432,-0.4432,0.0,0.0,0.0,-48424933.5439,203570361845.6491,POSITIVE,LONG_GAMMA,PUT_PANIC,0.31,BEARISH,MEDIUM,0.1,72.5,54.3,8.7,58.5,0.0,85.7,FLOW_EXPANSION_BEARISH,737.0,740.0,737.71,CHARM_DOMINATED,75.2,0.574,31.5,61.5,SHORT,60.0
2026-07-23 14:30:00,107126814.0,38895156.0,267136350.0,43594358.0,-881712.25,50196830.97,406168023767.05,58517851.0,97529752.0,-0.4275,-0.4432,-0.4432,0.0,0.0,0.0,0.0,-203618786779.193,POSITIVE,LONG_GAMMA,PUT_PANIC,0.31,BEARISH,MEDIUM,0.1,77.1,52.8,10.9,55.5,0.0,85.7,FLOW_EXPANSION_BEARISH,737.0,740.0,737.71,CHARM_DOMINATED,75.2,0.074,31.9,61.8,SHORT,59.8
2026-07-23 14:31:00,107126814.0,38895156.0,267136350.0,43594358.0,-881712.25,50196830.97,406168023767.05,58517851.0,-146341833.0,-0.4275,-0.4432,-0.4432,0.0,0.0,0.0,0.0,-203570361845.6491,POSITIVE,LONG_GAMMA,DEALER_LONG_GAMMA,0.41,BEARISH,MEDIUM,5.3,71.4,51.8,12.3,50.1,15.0,60.7,,737.0,740.0,737.71,CHARM_DOMINATED,75.2,0.074,32.6,62.4,SHORT,59.6
2026-07-23 14:32:00,107126814.0,38895156.0,267136350.0,43594358.0,-881712.25,50196830.97,406168023767.05,58517851.0,-146294628.0,-0.4275,-0.4432,-0.4432,0.0,0.0,0.0,0.0,24212466.7719,POSITIVE,LONG_GAMMA,DEALER_LONG_GAMMA,0.38,BEARISH,MEDIUM,3.4,72.9,51.2,13.2,46.6,0.0,75.7,,737.0,740.0,737.71,CHARM_DOMINATED,77.6,0.067,33.7,63.6,SHORT,59.8
2026-07-23 14:33:00,107126814.0,38895156.0,267136350.0,43594358.0,-881712.25,50196830.97,406168023767.05,-11329.0,28324.0,-0.4275,0.0,-0.4432,0.0,0.0,0.0,0.0,0.0,POSITIVE,LONG_GAMMA,PUT_PANIC,0.31,BEARISH,MEDIUM,2.2,77.4,50.8,13.8,47.8,0.0,85.7,FLOW_EXPANSION_BEARISH,737.0,740.0,737.71,CHARM_DOMINATED,77.6,0.067,31.9,64.2,SHORT,64.6
2026-07-23 14:34:00,107126814.0,38895156.0,267136350.0,43594358.0,-881712.25,50196830.97,406168023767.05,0.0,0.0,-0.4275,0.0,-0.4432,0.0,0.0,0.0,0.0,0.0,POSITIVE,LONG_GAMMA,DEALER_LONG_GAMMA,0.38,BEARISH,LOW,1.4,76.8,43.5,14.2,45.1,0.0,75.7,,737.0,740.0,737.71,CHARM_DOMINATED,78.6,0.064,32.0,64.2,SHORT,64.4
2026-07-23 14:35:00,107126814.0,38895156.0,267136350.0,43594358.0,-881712.25,50196830.97,406168023767.05,0.0,0.0,-0.4275,0.0,-0.4432,0.0,0.0,0.0,0.0,0.0,POSITIVE,LONG_GAMMA,DEALER_LONG_GAMMA,0.38,BEARISH,LOW,0.9,76.4,38.8,14.5,43.3,0.0,75.7,,737.0,740.0,737.71,CHARM_DOMINATED,78.6,0.064,32.0,64.0,SHORT,64.0
2026-07-23 14:36:00,107126814.0,38895156.0,267136350.0,43594358.0,-881712.25,50196830.97,406168023767.05,0.0,0.0,-0.4275,0.0,-0.4432,0.0,0.0,0.0,0.0,0.0,POSITIVE,LONG_GAMMA,DEALER_LONG_GAMMA,0.41,BEARISH,LOW,5.8,70.9,35.7,14.7,42.1,15.0,60.7,,737.0,740.0,737.71,CHARM_DOMINATED,78.6,0.064,32.0,63.8,SHORT,63.6
2026-07-23 14:37:00,107126814.0,38895156.0,267136350.0,43594358.0,-881712.25,50196830.97,406168023767.05,0.0,0.0,-0.4275,0.0,-0.4432,0.0,0.0,0.0,0.0,0.0,POSITIVE,LONG_GAMMA,DEALER_LONG_GAMMA,0.41,BEARISH,LOW,9.0,67.3,33.7,14.8,41.4,15.0,60.7,,737.0,740.0,737.71,CHARM_DOMINATED,78.6,0.064,32.0,63.7,SHORT,63.4
2026-07-23 14:38:00,107126814.0,38895156.0,267136350.0,43594358.0,-881712.25,50196830.97,406168023767.05,0.0,0.0,-0.4275,0.0,-0.4432,0.0,0.0,0.0,0.0,0.0,POSITIVE,LONG_GAMMA,DEALER_LONG_GAMMA,0.41,BEARISH,LOW,11.1,65.0,32.4,14.9,40.9,15.0,60.7,,737.0,740.0,737.71,CHARM_DOMINATED,78.6,0.064,32.0,63.6,SHORT,63.2
2026-07-23 14:39:00,107126814.0,38895156.0,267136350.0,43594358.0,-881712.25,50196830.97,406168023767.05,0.0,0.0,-0.4275,0.0,-0.4432,0.0,0.0,0.0,0.0,0.0,POSITIVE,LONG_GAMMA,DEALER_LONG_GAMMA,0.38,BEARISH,LOW,7.2,68.7,31.6,14.9,40.6,0.0,75.7,,737.0,740.0,737.71,CHARM_DOMINATED,78.6,0.064,32.0,63.5,SHORT,63.0
2026-07-23 14:40:00,107126814.0,38895156.0,267136350.0,43594358.0,-881712.25,50196830.97,406168023767.05,0.0,0.0,-0.4275,0.0,-0.4432,0.0,0.0,0.0,0.0,0.0,POSITIVE,LONG_GAMMA,DEALER_LONG_GAMMA,0.41,BEARISH,LOW,9.9,65.9,31.0,14.9,40.4,15.0,60.7,,737.0,740.0,737.71,CHARM_DOMINATED,78.6,0.064,32.0,63.4,SHORT,62.8
2026-07-23 14:41:00,107126814.0,38895156.0,267136350.0,43594358.0,-881712.25,50196830.97,406168023767.05,0.0,0.0,-0.4275,0.0,-0.4432,0.0,0.0,0.0,0.0,0.0,POSITIVE,LONG_GAMMA,DEALER_LONG_GAMMA,0.41,BEARISH,LOW,11.7,64.1,30.7,14.9,40.3,15.0,60.7,,737.0,740.0,737.71,CHARM_DOMINATED,78.6,0.064,32.0,63.3,SHORT,62.6
2026-07-23 14:42:00,107126814.0,38895156.0,267136350.0,43594358.0,-881712.25,50196830.97,406168023767.05,0.0,0.0,-0.4275,0.0,-0.4432,0.0,0.0,0.0,0.0,0.0,POSITIVE,LONG_GAMMA,DEALER_LONG_GAMMA,0.41,BEARISH,LOW,12.9,62.9,30.5,14.9,40.2,15.0,60.7,,737.0,740.0,737.71,CHARM_DOMINATED,78.6,0.064,32.0,63.2,SHORT,62.4
2026-07-23 14:43:00,107126814.0,38895156.0,267136350.0,43594358.0,-881712.25,50196830.97,406168023767.05,0.0,0.0,-0.4275,0.0,0.0,0.0,0.0,0.0,0.0,0.0,POSITIVE,LONG_GAMMA,DEALER_LONG_GAMMA,0.41,BEARISH,LOW,13.6,62.1,30.3,14.9,40.1,15.0,60.7,,737.0,740.0,737.71,CHARM_DOMINATED,78.6,0.064,32.0,63.0,SHORT,62.0
2026-07-23 14:44:00,107126814.0,38895156.0,267136350.0,43594358.0,-881712.25,50196830.97,406168023767.05,0.0,0.0,-0.4275,0.0,0.0,0.0,0.0,0.0,0.0,0.0,POSITIVE,LONG_GAMMA,DEALER_LONG_GAMMA,0.41,BEARISH,LOW,14.1,61.6,30.2,14.9,40.1,15.0,60.7,,737.0,740.0,737.71,CHARM_DOMINATED,78.6,0.064,32.0,62.8,SHORT,61.6
2026-07-23 14:45:00,107126814.0,38895156.0,267136350.0,43594358.0,-881712.25,50196830.97,406168023767.05,0.0,0.0,-0.4275,0.0,0.0,0.0,0.0,0.0,0.0,0.0,POSITIVE,LONG_GAMMA,DEALER_LONG_GAMMA,0.41,BEARISH,LOW,14.4,61.3,30.1,14.9,40.1,15.0,60.7,,737.0,740.0,737.71,CHARM_DOMINATED,78.6,0.064,32.0,62.5,SHORT,61.0
2026-07-23 14:46:00,107126814.0,38895156.0,267136350.0,43594358.0,-881712.25,50196830.97,406168023767.05,0.0,0.0,-0.4275,0.0,0.0,0.0,0.0,0.0,0.0,0.0,POSITIVE,LONG_GAMMA,DEALER_LONG_GAMMA,0.41,BEARISH,LOW,14.6,61.1,30.1,14.9,40.1,15.0,60.7,,737.0,740.0,737.71,CHARM_DOMINATED,78.6,0.064,32.0,62.3,SHORT,60.6
2026-07-23 14:47:00,107126814.0,38895156.0,267136350.0,43594358.0,-881712.25,50196830.97,406168023767.05,0.0,0.0,-0.4275,0.0,0.0,0.0,0.0,0.0,0.0,0.0,POSITIVE,LONG_GAMMA,DEALER_LONG_GAMMA,0.41,BEARISH,LOW,14.7,61.0,30.1,14.9,40.1,15.0,60.7,,737.0,740.0,737.71,CHARM_DOMINATED,78.6,0.064,32.4,61.9,SHORT,59.0
2026-07-23 14:48:00,107126814.0,38895156.0,267136350.0,43594358.0,-881712.25,50196830.97,406168023767.05,0.0,0.0,-0.4275,0.0,0.0,0.0,0.0,0.0,0.0,0.0,POSITIVE,LONG_GAMMA,DEALER_LONG_GAMMA,0.41,BEARISH,LOW,14.8,60.9,30.1,14.9,40.1,15.0,60.7,,737.0,740.0,737.71,CHARM_DOMINATED,78.6,0.064,32.1,61.8,SHORT,59.4
2026-07-23 14:49:00,107126814.0,38895156.0,267136350.0,43594358.0,-881712.25,50196830.97,406168023767.05,0.0,0.0,-0.4275,0.0,0.0,0.0,0.0,0.0,0.0,0.0,POSITIVE,LONG_GAMMA,DEALER_LONG_GAMMA,0.41,BEARISH,LOW,14.9,60.8,30.1,14.9,40.1,15.0,60.7,,737.0,740.0,737.71,CHARM_DOMINATED,78.6,0.064,32.1,61.8,SHORT,59.4
2026-07-23 14:50:00,107126814.0,38895156.0,267136350.0,43594358.0,-881712.25,50196830.97,406168023767.05,0.0,0.0,-0.4275,0.0,0.0,0.0,0.0,0.0,0.0,0.0,POSITIVE,LONG_GAMMA,DEALER_LONG_GAMMA,0.41,BEARISH,LOW,14.9,60.8,30.1,14.9,40.1,15.0,60.7,,737.0,740.0,737.71,CHARM_DOMINATED,78.6,0.064,32.0,61.7,SHORT,59.4
2026-07-23 14:51:00,107126814.0,38895156.0,267136350.0,43594358.0,-881712.25,50196830.97,406168023767.05,0.0,0.0,-0.4275,0.0,0.0,0.0,0.0,0.0,0.0,0.0,POSITIVE,LONG_GAMMA,DEALER_LONG_GAMMA,0.41,BEARISH,LOW,14.9,60.8,30.1,14.9,40.1,15.0,60.7,,737.0,740.0,737.71,CHARM_DOMINATED,78.6,0.064,32.0,61.7,SHORT,59.4
2026-07-23 14:52:00,107126814.0,38895156.0,267136350.0,43594358.0,-881712.25,50196830.97,406168023767.05,0.0,0.0,-0.4275,0.0,0.0,0.0,0.0,0.0,0.0,0.0,POSITIVE,LONG_GAMMA,DEALER_LONG_GAMMA,0.41,BEARISH,LOW,14.9,60.8,30.1,14.9,40.1,15.0,60.7,,737.0,740.0,737.71,CHARM_DOMINATED,78.6,0.064,32.0,61.7,SHORT,59.4
2026-07-23 14:53:00,107126814.0,38895156.0,267136350.0,43594358.0,-881712.25,50196830.97,406168023767.05,0.0,0.0,-0.4275,0.0,0.0,0.0,0.0,0.0,0.0,0.0,POSITIVE,LONG_GAMMA,DEALER_LONG_GAMMA,0.41,BEARISH,LOW,14.9,60.8,30.1,14.9,40.1,15.0,60.7,,737.0,740.0,737.71,CHARM_DOMINATED,78.6,0.064,31.9,61.7,SHORT,59.6
2026-07-23 14:54:00,107126814.0,38895156.0,267136350.0,43594358.0,-881712.25,50196830.97,406168023767.05,0.0,0.0,-0.4275,0.0,0.0,0.0,0.0,0.0,0.0,0.0,POSITIVE,LONG_GAMMA,DEALER_LONG_GAMMA,0.41,BEARISH,LOW,14.9,60.8,30.1,14.9,40.1,15.0,60.7,,737.0,740.0,737.71,CHARM_DOMINATED,78.6,0.064,31.8,61.7,SHORT,59.8
2026-07-23 14:55:00,107126814.0,38895156.0,267136350.0,43594358.0,-881712.25,50196830.97,406168023767.05,0.0,0.0,-0.4275,0.0,0.0,0.0,0.0,0.0,0.0,0.0,POSITIVE,LONG_GAMMA,DEALER_LONG_GAMMA,0.41,BEARISH,LOW,14.9,60.8,30.1,14.9,40.1,15.0,60.7,,737.0,740.0,737.71,CHARM_DOMINATED,78.6,0.064,31.8,61.7,SHORT,59.8
2026-07-23 14:56:00,107126814.0,38895156.0,267136350.0,43594358.0,-881712.25,50196830.97,406168023767.05,0.0,0.0,-0.4275,0.0,0.0,0.0,0.0,0.0,0.0,0.0,POSITIVE,LONG_GAMMA,DEALER_LONG_GAMMA,0.41,BEARISH,LOW,14.9,60.8,30.1,14.9,40.1,15.0,60.7,,737.0,740.0,737.71,CHARM_DOMINATED,78.6,0.064,31.6,61.7,SHORT,60.2
2026-07-23 14:57:00,107126814.0,38895156.0,267136350.0,43594358.0,-881712.25,50196830.97,406168023767.05,0.0,0.0,-0.4275,0.0,0.0,0.0,0.0,0.0,0.0,0.0,POSITIVE,LONG_GAMMA,DEALER_LONG_GAMMA,0.41,BEARISH,LOW,14.9,60.8,30.1,14.9,40.1,15.0,60.7,,737.0,740.0,737.71,CHARM_DOMINATED,78.6,0.064,31.4,61.9,SHORT,61.0
2026-07-23 14:58:00,107126814.0,38895156.0,267136350.0,43594358.0,-881712.25,50196830.97,406168023767.05,0.0,0.0,-0.4275,0.0,0.0,0.0,0.0,0.0,0.0,0.0,POSITIVE,LONG_GAMMA,DEALER_LONG_GAMMA,0.41,BEARISH,LOW,14.9,60.8,30.1,14.9,40.1,15.0,60.7,,737.0,740.0,737.71,CHARM_DOMINATED,78.6,0.064,49.6,41.2,LONG,16.8
2026-07-23 14:59:00,107126814.0,38895156.0,267136350.0,43594358.0,-881712.25,50196830.97,406168023767.05,0.0,0.0,-0.4275,0.0,0.0,0.0,0.0,0.0,0.0,0.0,POSITIVE,LONG_GAMMA,DEALER_LONG_GAMMA,0.41,BEARISH,LOW,14.9,60.8,30.1,14.9,40.1,15.0,60.7,,737.0,740.0,737.71,CHARM_DOMINATED,78.6,0.064,49.2,41.7,NEUTRAL,15.0
2026-07-23 15:00:00,107126814.0,38895156.0,267136350.0,43594358.0,-881712.25,50196830.97,406168023767.05,0.0,0.0,-0.4275,0.0,0.0,0.0,0.0,0.0,0.0,0.0,POSITIVE,LONG_GAMMA,DEALER_LONG_GAMMA,0.41,BEARISH,LOW,14.9,60.8,30.1,14.9,40.1,15.0,60.7,,737.0,740.0,737.71,CHARM_DOMINATED,78.6,0.064,49.3,41.6,NEUTRAL,15.4
2026-07-23 15:01:00,107126814.0,38895156.0,267136350.0,43594358.0,-881712.25,50196830.97,406168023767.05,0.0,0.0,-0.4275,0.0,0.0,0.0,0.0,0.0,0.0,0.0,POSITIVE,LONG_GAMMA,DEALER_LONG_GAMMA,0.41,BEARISH,LOW,14.9,60.8,30.1,14.9,40.1,15.0,60.7,,737.0,740.0,737.71,CHARM_DOMINATED,78.6,0.064,49.3,41.6,NEUTRAL,15.4
2026-07-23 15:02:00,107126814.0,38895156.0,267136350.0,43594358.0,-881712.25,50196830.97,406168023767.05,0.0,0.0,-0.4275,0.0,0.0,0.0,0.0,0.0,0.0,0.0,POSITIVE,LONG_GAMMA,DEALER_LONG_GAMMA,0.38,BEARISH,LOW,9.7,66.0,30.1,14.9,40.1,0.0,75.7,,737.0,740.0,737.71,CHARM_DOMINATED,78.6,0.064,50.4,42.7,NEUTRAL,15.4
2026-07-23 15:03:00,107126814.0,38895156.0,267136350.0,43594358.0,-881712.25,50196830.97,406168023767.05,0.0,0.0,-0.4275,0.0,0.0,0.0,0.0,0.0,0.0,0.0,POSITIVE,LONG_GAMMA,DEALER_LONG_GAMMA,0.38,BEARISH,LOW,6.3,69.4,30.1,14.9,40.1,0.0,75.7,,737.0,740.0,737.71,CHARM_DOMINATED,78.6,0.064,50.4,42.7,NEUTRAL,15.4
2026-07-23 15:04:00,107126814.0,38895156.0,267136350.0,43594358.0,-881712.25,50196830.97,406168023767.05,0.0,0.0,-0.4275,0.0,0.0,0.0,0.0,0.0,0.0,0.0,POSITIVE,LONG_GAMMA,DEALER_LONG_GAMMA,0.38,BEARISH,LOW,4.1,71.6,30.1,14.9,40.1,0.0,75.7,,737.0,740.0,737.71,CHARM_DOMINATED,78.6,0.064,50.4,42.7,NEUTRAL,15.4
2026-07-23 15:05:00,107126814.0,38895156.0,267136350.0,43594358.0,-881712.25,50196830.97,406168023767.05,0.0,0.0,-0.4275,0.0,0.0,0.0,0.0,0.0,0.0,0.0,POSITIVE,LONG_GAMMA,DEALER_LONG_GAMMA,0.38,BEARISH,LOW,2.7,73.0,30.1,14.9,40.1,0.0,75.7,,737.0,740.0,737.71,CHARM_DOMINATED,78.6,0.064,50.4,42.7,NEUTRAL,15.4
2026-07-23 15:06:00,107126814.0,38895156.0,267136350.0,43594358.0,-881712.25,50196830.97,406168023767.05,0.0,0.0,-0.4275,0.0,0.0,0.0,0.0,0.0,0.0,0.0,POSITIVE,LONG_GAMMA,DEALER_LONG_GAMMA,0.38,BEARISH,LOW,1.8,73.9,30.1,14.9,40.1,0.0,75.7,,737.0,740.0,737.71,CHARM_DOMINATED,78.6,0.064,50.4,42.7,NEUTRAL,15.4
2026-07-23 15:07:00,107126814.0,38895156.0,267136350.0,43594358.0,-881712.25,50196830.97,406168023767.05,0.0,0.0,-0.4275,0.0,0.0,0.0,0.0,0.0,0.0,0.0,POSITIVE,LONG_GAMMA,DEALER_LONG_GAMMA,0.38,BEARISH,LOW,1.2,74.5,30.1,14.9,40.1,0.0,75.7,,737.0,740.0,737.71,CHARM_DOMINATED,78.6,0.064,50.4,42.7,NEUTRAL,15.4
2026-07-23 15:08:00,107126814.0,38895156.0,267136350.0,43594358.0,-881712.25,50196830.97,406168023767.05,0.0,0.0,-0.4275,0.0,0.0,0.0,0.0,0.0,0.0,0.0,POSITIVE,LONG_GAMMA,DEALER_LONG_GAMMA,0.38,BEARISH,LOW,0.8,74.9,30.1,14.9,40.1,0.0,75.7,,737.0,740.0,737.71,CHARM_DOMINATED,78.6,0.064,50.4,42.7,NEUTRAL,15.4
2026-07-23 15:09:00,107126814.0,38895156.0,267136350.0,43594358.0,-881712.25,50196830.97,406168023767.05,0.0,0.0,-0.4275,0.0,0.0,0.0,0.0,0.0,0.0,0.0,POSITIVE,LONG_GAMMA,DEALER_LONG_GAMMA,0.38,BEARISH,LOW,0.5,75.2,30.1,14.9,40.1,0.0,75.7,,737.0,740.0,737.71,CHARM_DOMINATED,78.6,0.064,50.4,42.7,NEUTRAL,15.4
2026-07-23 15:10:00,107126814.0,38895156.0,267136350.0,43594358.0,-881712.25,50196830.97,406168023767.05,0.0,0.0,-0.4275,0.0,0.0,0.0,0.0,0.0,0.0,0.0,POSITIVE,LONG_GAMMA,DEALER_LONG_GAMMA,0.38,BEARISH,LOW,0.3,75.4,30.1,14.9,40.1,0.0,75.7,,737.0,740.0,737.71,CHARM_DOMINATED,78.6,0.064,50.4,42.7,NEUTRAL,15.4
2026-07-23 15:11:00,107126814.0,38895156.0,267136350.0,43594358.0,-881712.25,50196830.97,406168023767.05,0.0,0.0,-0.4275,0.0,0.0,0.0,0.0,0.0,0.0,0.0,POSITIVE,LONG_GAMMA,DEALER_LONG_GAMMA,0.38,BEARISH,LOW,0.2,75.5,30.1,14.9,40.1,0.0,75.7,,737.0,740.0,737.71,CHARM_DOMINATED,78.6,0.064,50.4,42.7,NEUTRAL,15.4
2026-07-23 15:12:00,107126814.0,38895156.0,267136350.0,43594358.0,-881712.25,50196830.97,406168023767.05,0.0,0.0,-0.4275,0.0,0.0,0.0,0.0,0.0,0.0,0.0,POSITIVE,LONG_GAMMA,DEALER_LONG_GAMMA,0.38,BEARISH,LOW,0.1,75.6,30.1,14.9,40.1,0.0,75.7,,737.0,740.0,737.71,CHARM_DOMINATED,78.6,0.064,50.4,42.7,NEUTRAL,15.4
2026-07-23 15:13:00,107126814.0,38895156.0,267136350.0,43594358.0,-881712.25,50196830.97,406168023767.05,0.0,0.0,-0.4275,0.0,0.0,0.0,0.0,0.0,0.0,0.0,POSITIVE,LONG_GAMMA,DEALER_LONG_GAMMA,0.38,BEARISH,LOW,0.1,75.6,30.1,14.9,40.1,0.0,75.7,,737.0,740.0,737.71,CHARM_DOMINATED,78.6,0.064,50.4,42.7,NEUTRAL,15.4
2026-07-23 15:14:00,107126814.0,38895156.0,267136350.0,43594358.0,-881712.25,50196830.97,406168023767.05,0.0,0.0,-0.4275,0.0,0.0,0.0,0.0,0.0,0.0,0.0,POSITIVE,LONG_GAMMA,DEALER_LONG_GAMMA,0.38,BEARISH,LOW,0.1,75.6,30.1,14.9,40.1,0.0,75.7,,737.0,740.0,737.71,CHARM_DOMINATED,78.6,0.064,50.4,42.7,NEUTRAL,15.4
2026-07-23 15:15:00,107126814.0,38895156.0,267136350.0,43594358.0,-881712.25,50196830.97,406168023767.05,0.0,0.0,-0.4275,0.0,0.0,0.0,0.0,0.0,0.0,0.0,POSITIVE,LONG_GAMMA,DEALER_LONG_GAMMA,0.38,BEARISH,LOW,0.1,75.6,30.1,14.9,40.1,0.0,75.7,,737.0,740.0,737.71,CHARM_DOMINATED,78.6,0.064,50.4,42.7,NEUTRAL,15.4
2026-07-23 15:16:00,107126814.0,38895156.0,267136350.0,43594358.0,-881712.25,50196830.97,406168023767.05,0.0,0.0,-0.4275,0.0,0.0,0.0,0.0,0.0,0.0,0.0,POSITIVE,LONG_GAMMA,DEALER_LONG_GAMMA,0.38,BEARISH,LOW,0.1,75.6,30.1,14.9,40.1,0.0,75.7,,737.0,740.0,737.71,CHARM_DOMINATED,78.6,0.064,50.4,42.7,NEUTRAL,15.4
2026-07-23 15:17:00,107126814.0,38895156.0,267136350.0,43594358.0,-881712.25,50196830.97,406168023767.05,0.0,0.0,-0.4275,0.0,0.0,0.0,0.0,0.0,0.0,0.0,POSITIVE,LONG_GAMMA,DEALER_LONG_GAMMA,0.38,BEARISH,LOW,0.1,75.6,30.1,14.9,40.1,0.0,75.7,,737.0,740.0,737.71,CHARM_DOMINATED,78.6,0.064,50.4,42.7,NEUTRAL,15.4
2026-07-23 15:18:00,107126814.0,38895156.0,267136350.0,43594358.0,-881712.25,50196830.97,406168023767.05,0.0,0.0,-0.4275,0.0,0.0,0.0,0.0,0.0,0.0,0.0,POSITIVE,LONG_GAMMA,DEALER_LONG_GAMMA,0.38,BEARISH,LOW,0.1,75.6,30.1,14.9,40.1,0.0,75.7,,737.0,740.0,737.71,CHARM_DOMINATED,78.6,0.064,50.4,42.7,NEUTRAL,15.4
2026-07-23 15:19:00,107126814.0,38895156.0,267136350.0,43594358.0,-881712.25,50196830.97,406168023767.05,0.0,0.0,-0.4275,0.0,0.0,0.0,0.0,0.0,0.0,0.0,POSITIVE,LONG_GAMMA,DEALER_LONG_GAMMA,0.38,BEARISH,LOW,0.1,75.6,30.1,14.9,40.1,0.0,75.7,,737.0,740.0,737.71,CHARM_DOMINATED,78.6,0.064,50.4,42.7,NEUTRAL,15.4
2026-07-23 15:20:00,107126814.0,38895156.0,267136350.0,43594358.0,-881712.25,50196830.97,406168023767.05,0.0,0.0,-0.4275,0.0,0.0,0.0,0.0,0.0,0.0,0.0,POSITIVE,LONG_GAMMA,DEALER_LONG_GAMMA,0.38,BEARISH,LOW,0.1,75.6,30.1,14.9,40.1,0.0,75.7,,737.0,740.0,737.71,CHARM_DOMINATED,78.6,0.064,50.4,42.7,NEUTRAL,15.4
2026-07-23 15:21:00,107126814.0,38895156.0,267136350.0,43594358.0,-881712.25,50196830.97,406168023767.05,0.0,0.0,-0.4275,0.0,0.0,0.0,0.0,0.0,0.0,0.0,POSITIVE,LONG_GAMMA,DEALER_LONG_GAMMA,0.38,BEARISH,LOW,0.1,75.6,30.1,14.9,40.1,0.0,75.7,,737.0,740.0,737.71,CHARM_DOMINATED,78.6,0.064,50.4,42.7,NEUTRAL,15.4
2026-07-23 15:22:00,107126814.0,38895156.0,267136350.0,43594358.0,-881712.25,50196830.97,406168023767.05,0.0,0.0,-0.4275,0.0,0.0,0.0,0.0,0.0,0.0,0.0,POSITIVE,LONG_GAMMA,DEALER_LONG_GAMMA,0.38,BEARISH,LOW,0.1,75.6,30.1,14.9,40.1,0.0,75.7,,737.0,740.0,737.71,CHARM_DOMINATED,78.6,0.064,50.4,42.7,NEUTRAL,15.4
2026-07-23 15:23:00,107126814.0,38895156.0,267136350.0,43594358.0,-881712.25,50196830.97,406168023767.05,0.0,0.0,-0.4275,0.0,0.0,0.0,0.0,0.0,0.0,0.0,POSITIVE,LONG_GAMMA,DEALER_LONG_GAMMA,0.38,BEARISH,LOW,0.1,75.6,30.1,14.9,40.1,0.0,75.7,,737.0,740.0,737.71,CHARM_DOMINATED,78.6,0.064,50.4,42.7,NEUTRAL,15.4
2026-07-23 15:24:00,107126814.0,38895156.0,267136350.0,43594358.0,-881712.25,50196830.97,406168023767.05,0.0,0.0,-0.4275,0.0,0.0,0.0,0.0,0.0,0.0,0.0,POSITIVE,LONG_GAMMA,DEALER_LONG_GAMMA,0.38,BEARISH,LOW,0.1,75.6,30.1,14.9,40.1,0.0,75.7,,737.0,740.0,737.71,CHARM_DOMINATED,78.6,0.064,50.4,42.7,NEUTRAL,15.4
2026-07-23 15:25:00,107126814.0,38895156.0,267136350.0,43594358.0,-881712.25,50196830.97,406168023767.05,0.0,0.0,-0.4275,0.0,0.0,0.0,0.0,0.0,0.0,0.0,POSITIVE,LONG_GAMMA,DEALER_LONG_GAMMA,0.38,BEARISH,LOW,0.1,75.6,30.1,14.9,40.1,0.0,75.7,,737.0,740.0,737.71,CHARM_DOMINATED,78.6,0.064,50.4,42.7,NEUTRAL,15.4
2026-07-23 15:26:00,107126814.0,38895156.0,267136350.0,43594358.0,-881712.25,50196830.97,406168023767.05,0.0,0.0,-0.4275,0.0,0.0,0.0,0.0,0.0,0.0,0.0,POSITIVE,LONG_GAMMA,DEALER_LONG_GAMMA,0.38,BEARISH,LOW,0.1,75.6,30.1,14.9,40.1,0.0,75.7,,737.0,740.0,737.71,CHARM_DOMINATED,78.6,0.064,50.4,42.7,NEUTRAL,15.4
2026-07-23 15:27:00,107126814.0,38895156.0,267136350.0,43594358.0,-881712.25,50196830.97,406168023767.05,0.0,0.0,-0.4275,0.0,0.0,0.0,0.0,0.0,0.0,0.0,POSITIVE,LONG_GAMMA,DEALER_LONG_GAMMA,0.38,BEARISH,LOW,0.1,75.6,30.1,14.9,40.1,0.0,75.7,,737.0,740.0,737.71,CHARM_DOMINATED,78.6,0.064,50.4,42.7,NEUTRAL,15.4
2026-07-23 15:28:00,107126814.0,38895156.0,267136350.0,43594358.0,-881712.25,50196830.97,406168023767.05,0.0,0.0,-0.4275,0.0,0.0,0.0,0.0,0.0,0.0,0.0,POSITIVE,LONG_GAMMA,DEALER_LONG_GAMMA,0.38,BEARISH,LOW,0.1,75.6,30.1,14.9,40.1,0.0,75.7,,737.0,740.0,737.71,CHARM_DOMINATED,78.6,0.064,50.4,42.7,NEUTRAL,15.4
2026-07-23 15:29:00,107126814.0,38895156.0,267136350.0,43594358.0,-881712.25,50196830.97,406168023767.05,0.0,0.0,-0.4275,0.0,0.0,0.0,0.0,0.0,0.0,0.0,POSITIVE,LONG_GAMMA,DEALER_LONG_GAMMA,0.38,BEARISH,LOW,0.1,75.6,30.1,14.9,40.1,0.0,75.7,,737.0,740.0,737.71,CHARM_DOMINATED,78.6,0.064,50.4,42.7,NEUTRAL,15.4
2026-07-23 15:30:00,107126814.0,38895156.0,267136350.0,43594358.0,-881712.25,50196830.97,406168023767.05,0.0,0.0,-0.4275,0.0,0.0,0.0,0.0,0.0,0.0,0.0,POSITIVE,LONG_GAMMA,DEALER_LONG_GAMMA,0.38,BEARISH,LOW,0.1,75.6,30.1,14.9,40.1,0.0,75.7,,737.0,740.0,737.71,CHARM_DOMINATED,78.6,0.064,50.4,42.7,NEUTRAL,15.4
2026-07-23 15:31:00,107126814.0,38895156.0,267136350.0,43594358.0,-881712.25,50196830.97,406168023767.05,0.0,0.0,-0.4275,0.0,0.0,0.0,0.0,0.0,0.0,0.0,POSITIVE,LONG_GAMMA,DEALER_LONG_GAMMA,0.38,BEARISH,LOW,0.1,75.6,30.1,14.9,40.1,0.0,75.7,,737.0,740.0,737.71,CHARM_DOMINATED,78.6,0.064,50.4,42.7,NEUTRAL,15.4
2026-07-23 15:32:00,107126814.0,38895156.0,267136350.0,43594358.0,-881712.25,50196830.97,406168023767.05,0.0,0.0,-0.4275,0.0,0.0,0.0,0.0,0.0,0.0,0.0,POSITIVE,LONG_GAMMA,DEALER_LONG_GAMMA,0.38,BEARISH,LOW,0.1,75.6,30.1,14.9,40.1,0.0,75.7,,737.0,740.0,737.71,CHARM_DOMINATED,78.6,0.064,50.4,42.7,NEUTRAL,15.4
2026-07-23 15:33:00,107126814.0,38895156.0,267136350.0,43594358.0,-881712.25,50196830.97,406168023767.05,0.0,0.0,-0.4275,0.0,0.0,0.0,0.0,0.0,0.0,0.0,POSITIVE,LONG_GAMMA,DEALER_LONG_GAMMA,0.38,BEARISH,LOW,0.1,75.6,30.1,14.9,40.1,0.0,75.7,,737.0,740.0,737.71,CHARM_DOMINATED,78.6,0.064,50.4,42.7,NEUTRAL,15.4
2026-07-23 15:34:00,107126814.0,38895156.0,267136350.0,43594358.0,-881712.25,50196830.97,406168023767.05,0.0,0.0,-0.4275,0.0,0.0,0.0,0.0,0.0,0.0,0.0,POSITIVE,LONG_GAMMA,DEALER_LONG_GAMMA,0.38,BEARISH,LOW,0.1,75.6,30.1,14.9,40.1,0.0,75.7,,737.0,740.0,737.71,CHARM_DOMINATED,78.6,0.064,50.4,42.7,NEUTRAL,15.4
2026-07-23 15:35:00,107126814.0,38895156.0,267136350.0,43594358.0,-881712.25,50196830.97,406168023767.05,0.0,0.0,-0.4275,0.0,0.0,0.0,0.0,0.0,0.0,0.0,POSITIVE,LONG_GAMMA,DEALER_LONG_GAMMA,0.38,BEARISH,LOW,0.1,75.6,30.1,14.9,40.1,0.0,75.7,,737.0,740.0,737.71,CHARM_DOMINATED,78.6,0.064,50.4,42.7,NEUTRAL,15.4
2026-07-23 15:36:00,107126814.0,38895156.0,267136350.0,43594358.0,-881712.25,50196830.97,406168023767.05,0.0,0.0,-0.4275,0.0,0.0,0.0,0.0,0.0,0.0,0.0,POSITIVE,LONG_GAMMA,DEALER_LONG_GAMMA,0.38,BEARISH,LOW,0.1,75.6,30.1,14.9,40.1,0.0,75.7,,737.0,740.0,737.71,CHARM_DOMINATED,78.6,0.064,50.4,42.7,NEUTRAL,15.4
2026-07-23 15:37:00,107126814.0,38895156.0,267136350.0,43594358.0,-881712.25,50196830.97,406168023767.05,0.0,0.0,-0.4275,0.0,0.0,0.0,0.0,0.0,0.0,0.0,POSITIVE,LONG_GAMMA,DEALER_LONG_GAMMA,0.38,BEARISH,LOW,0.1,75.6,30.1,14.9,40.1,0.0,75.7,,737.0,740.0,737.71,CHARM_DOMINATED,78.6,0.064,50.4,42.7,NEUTRAL,15.4
2026-07-23 15:38:00,107126814.0,38895156.0,267136350.0,43594358.0,-881712.25,50196830.97,406168023767.05,0.0,0.0,-0.4275,0.0,0.0,0.0,0.0,0.0,0.0,0.0,POSITIVE,LONG_GAMMA,DEALER_LONG_GAMMA,0.38,BEARISH,LOW,0.1,75.6,30.1,14.9,40.1,0.0,75.7,,737.0,740.0,737.71,CHARM_DOMINATED,78.6,0.064,50.4,42.7,NEUTRAL,15.4
2026-07-23 15:39:00,107126814.0,38895156.0,267136350.0,43594358.0,-881712.25,50196830.97,406168023767.05,0.0,0.0,-0.4275,0.0,0.0,0.0,0.0,0.0,0.0,0.0,POSITIVE,LONG_GAMMA,DEALER_LONG_GAMMA,0.38,BEARISH,LOW,0.1,75.6,30.1,14.9,40.1,0.0,75.7,,737.0,740.0,737.71,CHARM_DOMINATED,78.6,0.064,50.4,42.7,NEUTRAL,15.4
