strike,oi_c,oi_p,vol_c,vol_p,oi_net,vol_net,gex,vex,dex,inv_gex,inv_vex_call,inv_vex_put
7435.0,7430.0,7425.0,7420.0,7415.0,5.0,5.0,355356.1457941711,355220.1651894355,-561754.8762554716,1.0251080548855498,2948.5691539399563,-2947.544045885071
