strike,oi_c,oi_p,vol_c,vol_p,oi_net,vol_net,gex,vex,dex,inv_gex,inv_vex_call,inv_vex_put
7435.0,7430.0,7425.0,7420.0,7415.0,5.0,5.0,327718.6893288334,327625.0661653587,-544495.2365335918,0.23432730619856557,741.2691037278988,-741.0347764217003
