strike,oi_c,oi_p,vol_c,vol_p,oi_net,vol_net,gex,vex,dex,inv_gex,inv_vex_call,inv_vex_put
7435.0,7430.0,7425.0,7420.0,7415.0,5.0,5.0,465654.7729504733,465318.52756267495,-634189.0785585571,0.5662774310040959,620.1301391958066,-619.5638617648025
