strike,oi_c,oi_p,vol_c,vol_p,oi_net,vol_net,gex,vex,dex,inv_gex,inv_vex_call,inv_vex_put
7435.0,7430.0,7425.0,7420.0,7415.0,5.0,5.0,350844.6781614,350714.9374948757,-559377.1660990716,1.0251080548855498,2948.5691539399563,-2947.544045885071
