strike,oi_c,oi_p,vol_c,vol_p,oi_net,vol_net,gex,vex,dex,inv_gex,inv_vex_call,inv_vex_put
7435.0,7430.0,7425.0,7420.0,7415.0,5.0,5.0,352628.8871447526,352497.6627269266,-559818.7753034492,1.0251080548855498,2948.5691539399563,-2947.544045885071
