strike,oi_c,oi_p,vol_c,vol_p,oi_net,vol_net,gex,vex,dex,inv_gex,inv_vex_call,inv_vex_put
7435.0,7430.0,7425.0,7420.0,7415.0,5.0,5.0,341737.2750354113,341622.62636817736,-553190.3087720365,0.7403525265131066,2217.846345935242,-2217.105993408729
