strike,oi_c,oi_p,vol_c,vol_p,oi_net,vol_net,gex,vex,dex,inv_gex,inv_vex_call,inv_vex_put
7435.0,7430.0,7425.0,7420.0,7415.0,5.0,5.0,484070.01362157974,483690.2040204806,-649673.2548818265,1.7960962326724257,1793.3554812574166,-1791.5593850247442
