{
  "activo": "ES",
  "spot": 7560.25,
  "banda_pct": 0.01,
  "minutos_ahora": 900,
  "generated_at": "2026-05-24 23:56:05",
  "ranking": [
    "color",
    "speed",
    "zomma",
    "charm",
    "vanna",
    "vomma",
    "gamma",
    "delta"
  ],
  "lider": "color",
  "resumen": [
    "#1 COLOR     \u2014 Color dGamma/dT (OI)            score=1.980  conc=1.980  grad=0.000  val@spot=-5.58e+15  p39 | FLIP en 7622.89",
    "#2 SPEED     \u2014 Speed dGamma/dS (OI)            score=1.960  conc=1.960  grad=0.000  val@spot=3.37e+12  p93 | FLIP en 7588.12",
    "#3 ZOMMA     \u2014 Zomma dGamma/dVol (OI)          score=1.824  conc=1.823  grad=0.001  val@spot=-3.61e+14  p38 | FLIP en 7621.88",
    "#4 CHARM     \u2014 Charm dDelta/dT (OI)            score=1.746  conc=1.746  grad=0.000  val@spot=-1.24e+12  p8 | FLIP en 7591.21",
    "#5 VEX       \u2014 Vanna Exposure (OI)             score=1.642  conc=1.630  grad=0.007  val@spot=4.90e+12  p93 | FLIP en 7588.36",
    "#6 VOMMA     \u2014 Vomma dVega/dVol (OI)           score=0.957  conc=0.947  grad=0.010  val@spot=2.69e+15  p77 | FLIP en 7489.51",
    "#7 GEX       \u2014 Gamma Exposure (OI)             score=0.883  conc=0.882  grad=0.001  val@spot=2.43e+10  p64",
    "#8 DEX       \u2014 Net Delta (OI)                  score=0.572  conc=0.571  grad=0.001  val@spot=2.02e+10  p51"
  ],
  "por_superficie": {
    "gamma": {
      "n_strikes_banda": 61,
      "var_banda": 1.8766327599088986e+20,
      "var_total": 2.1272643830746202e+20,
      "concentracion": 0.8822,
      "gradiente_t": 0.0005,
      "score": 0.8827,
      "flip_en_banda": false,
      "nivel_flip": null,
      "valor_spot_now": 24275541883.65,
      "percentil_spot": 63.9,
      "interpretacion": "ALTA \u2014 domina el comportamiento cerca del spot"
    },
    "vanna": {
      "n_strikes_banda": 61,
      "var_banda": 7.318347397245576e+24,
      "var_total": 4.4896010867622344e+24,
      "concentracion": 1.6301,
      "gradiente_t": 0.0073,
      "score": 1.6419,
      "flip_en_banda": true,
      "nivel_flip": 7588.3553,
      "valor_spot_now": 4896960564178.6,
      "percentil_spot": 93.4,
      "interpretacion": "ALTA \u2014 domina el comportamiento cerca del spot"
    },
    "delta": {
      "n_strikes_banda": 61,
      "var_banda": 1.8835768526037146e+20,
      "var_total": 3.2993178132545654e+20,
      "concentracion": 0.5709,
      "gradiente_t": 0.0013,
      "score": 0.5717,
      "flip_en_banda": false,
      "nivel_flip": null,
      "valor_spot_now": 20232445266.06,
      "percentil_spot": 50.8,
      "interpretacion": "MEDIA \u2014 relevante, monitorear en conjunto"
    },
    "charm": {
      "n_strikes_banda": 61,
      "var_banda": 8.824769668568913e+24,
      "var_total": 5.053832398211389e+24,
      "concentracion": 1.7462,
      "gradiente_t": 0.0001,
      "score": 1.7463,
      "flip_en_banda": true,
      "nivel_flip": 7591.2122,
      "valor_spot_now": -1236749317549.33,
      "percentil_spot": 8.2,
      "interpretacion": "ALTA \u2014 domina el comportamiento cerca del spot"
    },
    "color": {
      "n_strikes_banda": 61,
      "var_banda": 1.3799687780995412e+36,
      "var_total": 6.970188222709524e+35,
      "concentracion": 1.9798,
      "gradiente_t": 0.0,
      "score": 1.9798,
      "flip_en_banda": true,
      "nivel_flip": 7622.8861,
      "valor_spot_now": -5580956263048652.0,
      "percentil_spot": 39.3,
      "interpretacion": "ALTA \u2014 domina el comportamiento cerca del spot"
    },
    "speed": {
      "n_strikes_banda": 61,
      "var_banda": 8.049722519660973e+25,
      "var_total": 4.107596823832431e+25,
      "concentracion": 1.9597,
      "gradiente_t": 0.0001,
      "score": 1.9598,
      "flip_en_banda": true,
      "nivel_flip": 7588.1212,
      "valor_spot_now": 3373299554372.12,
      "percentil_spot": 93.4,
      "interpretacion": "ALTA \u2014 domina el comportamiento cerca del spot"
    },
    "vomma": {
      "n_strikes_banda": 61,
      "var_banda": 7.363994675173662e+29,
      "var_total": 7.774762584504664e+29,
      "concentracion": 0.9472,
      "gradiente_t": 0.0102,
      "score": 0.9569,
      "flip_en_banda": true,
      "nivel_flip": 7489.5068,
      "valor_spot_now": 2688371915647764.5,
      "percentil_spot": 77.0,
      "interpretacion": "ALTA \u2014 domina el comportamiento cerca del spot"
    },
    "zomma": {
      "n_strikes_banda": 61,
      "var_banda": 9.730259067259946e+29,
      "var_total": 5.3388387375980646e+29,
      "concentracion": 1.8225,
      "gradiente_t": 0.0008,
      "score": 1.8241,
      "flip_en_banda": true,
      "nivel_flip": 7621.8791,
      "valor_spot_now": -361228302243556.94,
      "percentil_spot": 37.7,
      "interpretacion": "ALTA \u2014 domina el comportamiento cerca del spot"
    }
  },
  "tiene_inv": false
}