{
  "activo": "ES",
  "spot": 7615.25,
  "banda_pct": 0.01,
  "minutos_ahora": 900,
  "generated_at": "2026-06-01 06:16:07",
  "ranking": [
    "zomma",
    "color",
    "speed",
    "vanna",
    "charm",
    "gamma",
    "vomma",
    "delta"
  ],
  "lider": "zomma",
  "resumen": [
    "#1 ZOMMA     \u2014 Zomma dGamma/dVol (OI)          score=1.898  conc=1.897  grad=0.001  val@spot=-5.96e+14  p30 | FLIP en 7683.69",
    "#2 COLOR     \u2014 Color dGamma/dT (OI)            score=1.835  conc=1.835  grad=0.000  val@spot=-1.06e+16  p28 | FLIP en 7599.87",
    "#3 SPEED     \u2014 Speed dGamma/dS (OI)            score=1.754  conc=1.754  grad=0.000  val@spot=2.73e+12  p85 | FLIP en 7645.60",
    "#4 VEX       \u2014 Vanna Exposure (OI)             score=1.438  conc=1.424  grad=0.010  val@spot=4.17e+12  p82 | FLIP en 7648.34",
    "#5 CHARM     \u2014 Charm dDelta/dT (OI)            score=1.354  conc=1.354  grad=0.000  val@spot=-1.08e+12  p21 | FLIP en 7656.51",
    "#6 GEX       \u2014 Gamma Exposure (OI)             score=1.223  conc=1.222  grad=0.001  val@spot=1.13e+10  p52 | FLIP en 7585.09",
    "#7 VOMMA     \u2014 Vomma dVega/dVol (OI)           score=0.966  conc=0.958  grad=0.008  val@spot=5.56e+14  p38 | FLIP en 7558.25",
    "#8 DEX       \u2014 Net Delta (OI)                  score=0.561  conc=0.560  grad=0.002  val@spot=1.19e+10  p46"
  ],
  "por_superficie": {
    "gamma": {
      "n_strikes_banda": 61,
      "var_banda": 1.1932435992108643e+20,
      "var_total": 9.762923505098247e+19,
      "concentracion": 1.2222,
      "gradiente_t": 0.0007,
      "score": 1.2231,
      "flip_en_banda": true,
      "nivel_flip": 7585.0902,
      "valor_spot_now": 11298286862.38,
      "percentil_spot": 52.5,
      "interpretacion": "ALTA \u2014 domina el comportamiento cerca del spot"
    },
    "vanna": {
      "n_strikes_banda": 61,
      "var_banda": 2.448183180119926e+24,
      "var_total": 1.7193607429495298e+24,
      "concentracion": 1.4239,
      "gradiente_t": 0.0097,
      "score": 1.4376,
      "flip_en_banda": true,
      "nivel_flip": 7648.3368,
      "valor_spot_now": 4167688462594.25,
      "percentil_spot": 82.0,
      "interpretacion": "ALTA \u2014 domina el comportamiento cerca del spot"
    },
    "delta": {
      "n_strikes_banda": 61,
      "var_banda": 3.932677981900868e+19,
      "var_total": 7.017290861832926e+19,
      "concentracion": 0.5604,
      "gradiente_t": 0.0015,
      "score": 0.5613,
      "flip_en_banda": false,
      "nivel_flip": null,
      "valor_spot_now": 11862280394.4,
      "percentil_spot": 45.9,
      "interpretacion": "MEDIA \u2014 relevante, monitorear en conjunto"
    },
    "charm": {
      "n_strikes_banda": 61,
      "var_banda": 2.123584506333756e+24,
      "var_total": 1.5684750791312429e+24,
      "concentracion": 1.3539,
      "gradiente_t": 0.0001,
      "score": 1.354,
      "flip_en_banda": true,
      "nivel_flip": 7656.5128,
      "valor_spot_now": -1081190395896.23,
      "percentil_spot": 21.3,
      "interpretacion": "ALTA \u2014 domina el comportamiento cerca del spot"
    },
    "color": {
      "n_strikes_banda": 61,
      "var_banda": 4.189920411168911e+35,
      "var_total": 2.2827931967771145e+35,
      "concentracion": 1.8354,
      "gradiente_t": 0.0,
      "score": 1.8354,
      "flip_en_banda": true,
      "nivel_flip": 7599.8693,
      "valor_spot_now": -1.057365264261552e+16,
      "percentil_spot": 27.9,
      "interpretacion": "ALTA \u2014 domina el comportamiento cerca del spot"
    },
    "speed": {
      "n_strikes_banda": 61,
      "var_banda": 2.2755715328855514e+25,
      "var_total": 1.2977172182103535e+25,
      "concentracion": 1.7535,
      "gradiente_t": 0.0001,
      "score": 1.7536,
      "flip_en_banda": true,
      "nivel_flip": 7645.5952,
      "valor_spot_now": 2725433841542.39,
      "percentil_spot": 85.2,
      "interpretacion": "ALTA \u2014 domina el comportamiento cerca del spot"
    },
    "vomma": {
      "n_strikes_banda": 61,
      "var_banda": 2.828621854766497e+29,
      "var_total": 2.9535515152474185e+29,
      "concentracion": 0.9577,
      "gradiente_t": 0.0082,
      "score": 0.9656,
      "flip_en_banda": true,
      "nivel_flip": 7558.2531,
      "valor_spot_now": 555871304693139.5,
      "percentil_spot": 37.7,
      "interpretacion": "ALTA \u2014 domina el comportamiento cerca del spot"
    },
    "zomma": {
      "n_strikes_banda": 61,
      "var_banda": 2.7091490876404848e+29,
      "var_total": 1.4281915382981449e+29,
      "concentracion": 1.8969,
      "gradiente_t": 0.0007,
      "score": 1.8982,
      "flip_en_banda": true,
      "nivel_flip": 7683.6891,
      "valor_spot_now": -596204396226352.0,
      "percentil_spot": 29.5,
      "interpretacion": "ALTA \u2014 domina el comportamiento cerca del spot"
    }
  },
  "tiene_inv": false
}