{
  "activo": "ES",
  "spot": 7540.0,
  "banda_pct": 0.01,
  "minutos_ahora": 900,
  "generated_at": "2026-06-03 22:54:41",
  "ranking": [
    "vanna",
    "zomma",
    "charm",
    "speed",
    "color",
    "gamma",
    "vomma",
    "delta"
  ],
  "lider": "vanna",
  "resumen": [
    "#1 VEX       \u2014 Vanna Exposure (OI)             score=1.209  conc=1.196  grad=0.011  val@spot=1.34e+12  p51",
    "#2 ZOMMA     \u2014 Zomma dGamma/dVol (OI)          score=1.179  conc=1.177  grad=0.001  val@spot=3.40e+14  p90 | FLIP en 7581.17",
    "#3 CHARM     \u2014 Charm dDelta/dT (OI)            score=0.979  conc=0.979  grad=0.000  val@spot=-3.85e+11  p51",
    "#4 SPEED     \u2014 Speed dGamma/dS (OI)            score=0.939  conc=0.938  grad=0.000  val@spot=7.15e+11  p52 | FLIP en 7482.74",
    "#5 COLOR     \u2014 Color dGamma/dT (OI)            score=0.862  conc=0.862  grad=0.000  val@spot=7.22e+15  p88 | FLIP en 7583.66",
    "#6 GEX       \u2014 Gamma Exposure (OI)             score=0.695  conc=0.694  grad=0.001  val@spot=-3.98e+09  p51 | FLIP en 7568.04",
    "#7 VOMMA     \u2014 Vomma dVega/dVol (OI)           score=0.609  conc=0.606  grad=0.006  val@spot=4.73e+13  p51 | FLIP en 7537.79",
    "#8 DEX       \u2014 Net Delta (OI)                  score=0.327  conc=0.327  grad=0.002  val@spot=9.42e+09  p34"
  ],
  "por_superficie": {
    "gamma": {
      "n_strikes_banda": 61,
      "var_banda": 2.9010671983830413e+19,
      "var_total": 4.178737552210311e+19,
      "concentracion": 0.6942,
      "gradiente_t": 0.0007,
      "score": 0.6947,
      "flip_en_banda": true,
      "nivel_flip": 7568.0375,
      "valor_spot_now": -3984098797.49,
      "percentil_spot": 50.8,
      "interpretacion": "ALTA \u2014 domina el comportamiento cerca del spot"
    },
    "vanna": {
      "n_strikes_banda": 61,
      "var_banda": 6.764349156527757e+23,
      "var_total": 5.655077564389814e+23,
      "concentracion": 1.1962,
      "gradiente_t": 0.0105,
      "score": 1.2087,
      "flip_en_banda": false,
      "nivel_flip": null,
      "valor_spot_now": 1342230285601.23,
      "percentil_spot": 50.8,
      "interpretacion": "ALTA \u2014 domina el comportamiento cerca del spot"
    },
    "delta": {
      "n_strikes_banda": 61,
      "var_banda": 5.11874746825148e+18,
      "var_total": 1.5657654534176809e+19,
      "concentracion": 0.3269,
      "gradiente_t": 0.0016,
      "score": 0.3274,
      "flip_en_banda": false,
      "nivel_flip": null,
      "valor_spot_now": 9416753865.2,
      "percentil_spot": 34.4,
      "interpretacion": "MEDIA \u2014 relevante, monitorear en conjunto"
    },
    "charm": {
      "n_strikes_banda": 61,
      "var_banda": 5.8257295929358204e+23,
      "var_total": 5.951299099447144e+23,
      "concentracion": 0.9789,
      "gradiente_t": 0.0001,
      "score": 0.979,
      "flip_en_banda": false,
      "nivel_flip": null,
      "valor_spot_now": -384628427835.3,
      "percentil_spot": 50.8,
      "interpretacion": "ALTA \u2014 domina el comportamiento cerca del spot"
    },
    "color": {
      "n_strikes_banda": 61,
      "var_banda": 2.741348543760641e+34,
      "var_total": 3.1794639181816744e+34,
      "concentracion": 0.8622,
      "gradiente_t": 0.0,
      "score": 0.8622,
      "flip_en_banda": true,
      "nivel_flip": 7583.663,
      "valor_spot_now": 7216047567761872.0,
      "percentil_spot": 88.5,
      "interpretacion": "ALTA \u2014 domina el comportamiento cerca del spot"
    },
    "speed": {
      "n_strikes_banda": 61,
      "var_banda": 2.238968913134184e+24,
      "var_total": 2.3860219019702424e+24,
      "concentracion": 0.9384,
      "gradiente_t": 0.0001,
      "score": 0.9385,
      "flip_en_banda": true,
      "nivel_flip": 7482.7445,
      "valor_spot_now": 714952210941.09,
      "percentil_spot": 52.5,
      "interpretacion": "ALTA \u2014 domina el comportamiento cerca del spot"
    },
    "vomma": {
      "n_strikes_banda": 61,
      "var_banda": 8.53046977479123e+28,
      "var_total": 1.4084971738027828e+29,
      "concentracion": 0.6056,
      "gradiente_t": 0.0058,
      "score": 0.6092,
      "flip_en_banda": true,
      "nivel_flip": 7537.7939,
      "valor_spot_now": 47261580713297.88,
      "percentil_spot": 50.8,
      "interpretacion": "ALTA \u2014 domina el comportamiento cerca del spot"
    },
    "zomma": {
      "n_strikes_banda": 61,
      "var_banda": 4.735567207927348e+28,
      "var_total": 4.022611299770984e+28,
      "concentracion": 1.1772,
      "gradiente_t": 0.0012,
      "score": 1.1786,
      "flip_en_banda": true,
      "nivel_flip": 7581.1704,
      "valor_spot_now": 339948698478512.9,
      "percentil_spot": 90.2,
      "interpretacion": "ALTA \u2014 domina el comportamiento cerca del spot"
    }
  },
  "tiene_inv": false
}