{
  "activo": "ES",
  "spot": 7410.0,
  "banda_pct": 0.01,
  "minutos_ahora": 900,
  "generated_at": "2026-05-12 06:52:02",
  "ranking": [
    "zomma",
    "color",
    "speed",
    "vomma",
    "charm",
    "gamma",
    "vanna",
    "delta"
  ],
  "lider": "zomma",
  "resumen": [
    "#1 ZOMMA     \u2014 Zomma dGamma/dVol (OI)          score=1.754  conc=1.752  grad=0.001  val@spot=2.51e+14  p90 | FLIP en 7415.63",
    "#2 COLOR     \u2014 Color dGamma/dT (OI)            score=1.411  conc=1.411  grad=0.000  val@spot=2.93e+15  p52 | FLIP en 7414.77",
    "#3 SPEED     \u2014 Speed dGamma/dS (OI)            score=1.363  conc=1.362  grad=0.001  val@spot=1.13e+12  p93 | FLIP en 7391.56",
    "#4 VOMMA     \u2014 Vomma dVega/dVol (OI)           score=1.268  conc=1.261  grad=0.005  val@spot=-3.78e+14  p52 | FLIP en 7373.38",
    "#5 CHARM     \u2014 Charm dDelta/dT (OI)            score=1.157  conc=1.157  grad=0.001  val@spot=-2.50e+12  p10",
    "#6 GEX       \u2014 Gamma Exposure (OI)             score=1.007  conc=1.004  grad=0.002  val@spot=-4.50e+09  p52 | FLIP en 7447.07",
    "#7 VEX       \u2014 Vanna Exposure (OI)             score=0.660  conc=0.658  grad=0.003  val@spot=3.04e+12  p93",
    "#8 DEX       \u2014 Net Delta (OI)                  score=0.521  conc=0.518  grad=0.005  val@spot=2.24e+10  p52"
  ],
  "por_superficie": {
    "gamma": {
      "n_strikes_banda": 29,
      "var_banda": 4.7456520792148386e+19,
      "var_total": 4.7244215431637025e+19,
      "concentracion": 1.0045,
      "gradiente_t": 0.0021,
      "score": 1.0066,
      "flip_en_banda": true,
      "nivel_flip": 7447.0723,
      "valor_spot_now": -4502808887.84,
      "percentil_spot": 51.7,
      "interpretacion": "ALTA \u2014 domina el comportamiento cerca del spot"
    },
    "vanna": {
      "n_strikes_banda": 29,
      "var_banda": 8.248170507667137e+23,
      "var_total": 1.253960597602322e+24,
      "concentracion": 0.6578,
      "gradiente_t": 0.0034,
      "score": 0.66,
      "flip_en_banda": false,
      "nivel_flip": null,
      "valor_spot_now": 3041368552255.47,
      "percentil_spot": 93.1,
      "interpretacion": "ALTA \u2014 domina el comportamiento cerca del spot"
    },
    "delta": {
      "n_strikes_banda": 29,
      "var_banda": 1.51375033308547e+19,
      "var_total": 2.9206259762324967e+19,
      "concentracion": 0.5183,
      "gradiente_t": 0.0049,
      "score": 0.5208,
      "flip_en_banda": false,
      "nivel_flip": null,
      "valor_spot_now": 22442713702.56,
      "percentil_spot": 51.7,
      "interpretacion": "MEDIA \u2014 relevante, monitorear en conjunto"
    },
    "charm": {
      "n_strikes_banda": 29,
      "var_banda": 2.6472677494933097e+25,
      "var_total": 2.2888968005203666e+25,
      "concentracion": 1.1566,
      "gradiente_t": 0.0005,
      "score": 1.1572,
      "flip_en_banda": false,
      "nivel_flip": null,
      "valor_spot_now": -2503782969103.35,
      "percentil_spot": 10.3,
      "interpretacion": "ALTA \u2014 domina el comportamiento cerca del spot"
    },
    "color": {
      "n_strikes_banda": 29,
      "var_banda": 5.508831347341318e+34,
      "var_total": 3.9053603522799646e+34,
      "concentracion": 1.4106,
      "gradiente_t": 0.0,
      "score": 1.4106,
      "flip_en_banda": true,
      "nivel_flip": 7414.774,
      "valor_spot_now": 2931886538770859.0,
      "percentil_spot": 51.7,
      "interpretacion": "ALTA \u2014 domina el comportamiento cerca del spot"
    },
    "speed": {
      "n_strikes_banda": 29,
      "var_banda": 1.448639320146017e+24,
      "var_total": 1.0637285137136901e+24,
      "concentracion": 1.3619,
      "gradiente_t": 0.0005,
      "score": 1.3625,
      "flip_en_banda": true,
      "nivel_flip": 7391.5612,
      "valor_spot_now": 1129153412818.24,
      "percentil_spot": 93.1,
      "interpretacion": "ALTA \u2014 domina el comportamiento cerca del spot"
    },
    "vomma": {
      "n_strikes_banda": 29,
      "var_banda": 7.565736509950699e+28,
      "var_total": 5.998244199973327e+28,
      "concentracion": 1.2613,
      "gradiente_t": 0.0051,
      "score": 1.2678,
      "flip_en_banda": true,
      "nivel_flip": 7373.3764,
      "valor_spot_now": -377832677661806.3,
      "percentil_spot": 51.7,
      "interpretacion": "ALTA \u2014 domina el comportamiento cerca del spot"
    },
    "zomma": {
      "n_strikes_banda": 29,
      "var_banda": 7.95060451948985e+28,
      "var_total": 4.538659587847853e+28,
      "concentracion": 1.7518,
      "gradiente_t": 0.0011,
      "score": 1.7536,
      "flip_en_banda": true,
      "nivel_flip": 7415.6261,
      "valor_spot_now": 251223506330613.16,
      "percentil_spot": 89.7,
      "interpretacion": "ALTA \u2014 domina el comportamiento cerca del spot"
    }
  },
  "tiene_inv": false
}