{
  "activo": "ES",
  "spot": 7222.75,
  "banda_pct": 0.01,
  "minutos_ahora": 900,
  "generated_at": "2026-05-04 14:07:27",
  "ranking": [
    "inv_speed",
    "inv_color",
    "speed",
    "color",
    "inv_gamma",
    "inv_vanna",
    "vanna",
    "gamma",
    "charm",
    "inv_charm",
    "inv_delta",
    "delta"
  ],
  "lider": "inv_speed",
  "resumen": [
    "#1 INV_SPEED \u2014 Speed dGamma/dS (flujo neto)    score=4.521  conc=4.520  grad=0.000  val@spot=1.48e+12  p75 | FLIP en 7259.69",
    "#2 INV_COLOR \u2014 Color dGamma/dT (flujo neto)    score=4.334  conc=4.334  grad=0.000  val@spot=4.16e+15  p71 | FLIP en 7240.82",
    "#3 SPEED     \u2014 Speed dGamma/dS (OI)            score=4.055  conc=4.053  grad=0.001  val@spot=-4.47e+11  p14 | FLIP en 7226.42",
    "#4 COLOR     \u2014 Color dGamma/dT (OI)            score=3.920  conc=3.920  grad=0.000  val@spot=7.79e+15  p89 | FLIP en 7269.87",
    "#5 INV_GEX   \u2014 Gamma Exposure (flujo neto)     score=3.860  conc=3.859  grad=0.000  val@spot=-1.39e+09  p43 | FLIP en 7230.66",
    "#6 INV_VEX   \u2014 Vanna Exposure (flujo neto)     score=2.984  conc=2.967  grad=0.006  val@spot=1.68e+12  p86 | FLIP en 7262.83",
    "#7 VEX       \u2014 Vanna Exposure (OI)             score=1.923  conc=1.903  grad=0.011  val@spot=5.92e+11  p14",
    "#8 GEX       \u2014 Gamma Exposure (OI)             score=1.412  conc=1.411  grad=0.000  val@spot=-8.06e+09  p4 | FLIP en 7247.71",
    "#9 CHARM     \u2014 Charm dDelta/dT (OI)            score=0.596  conc=0.596  grad=0.000  val@spot=-2.23e+11  p93",
    "#10 INV_CHARM \u2014 Charm dDelta/dT (flujo neto)    score=0.248  conc=0.248  grad=0.000  val@spot=-2.67e+11  p21 | FLIP en 7281.75",
    "#11 INV_DEX   \u2014 Net Delta (flujo neto)          score=0.142  conc=0.142  grad=0.001  val@spot=-4.07e+08  p11 | FLIP en 7244.40",
    "#12 DEX       \u2014 Net Delta (OI)                  score=0.133  conc=0.133  grad=0.001  val@spot=1.34e+10  p36"
  ],
  "por_superficie": {
    "gamma": {
      "n_strikes_banda": 28,
      "var_banda": 3.904277201600558e+19,
      "var_total": 2.7664113553023574e+19,
      "concentracion": 1.4113,
      "gradiente_t": 0.0003,
      "score": 1.4117,
      "flip_en_banda": true,
      "nivel_flip": 7247.7114,
      "valor_spot_now": -8056936045.7,
      "percentil_spot": 3.6,
      "interpretacion": "ALTA \u2014 domina el comportamiento cerca del spot"
    },
    "vanna": {
      "n_strikes_banda": 28,
      "var_banda": 6.0298135545218815e+23,
      "var_total": 3.16923101283864e+23,
      "concentracion": 1.9026,
      "gradiente_t": 0.0109,
      "score": 1.9234,
      "flip_en_banda": false,
      "nivel_flip": null,
      "valor_spot_now": 591769821841.21,
      "percentil_spot": 14.3,
      "interpretacion": "ALTA \u2014 domina el comportamiento cerca del spot"
    },
    "delta": {
      "n_strikes_banda": 28,
      "var_banda": 6.262960162869091e+18,
      "var_total": 4.70654944900287e+19,
      "concentracion": 0.1331,
      "gradiente_t": 0.0011,
      "score": 0.1332,
      "flip_en_banda": false,
      "nivel_flip": null,
      "valor_spot_now": 13414130338.75,
      "percentil_spot": 35.7,
      "interpretacion": "BAJA \u2014 energ\u00eda dispersa lejos del spot"
    },
    "charm": {
      "n_strikes_banda": 28,
      "var_banda": 3.322496790990914e+23,
      "var_total": 5.574883038708775e+23,
      "concentracion": 0.596,
      "gradiente_t": 0.0002,
      "score": 0.5961,
      "flip_en_banda": false,
      "nivel_flip": null,
      "valor_spot_now": -222898530847.62,
      "percentil_spot": 92.9,
      "interpretacion": "MEDIA \u2014 relevante, monitorear en conjunto"
    },
    "color": {
      "n_strikes_banda": 28,
      "var_banda": 4.4917573150700575e+35,
      "var_total": 1.1457344432390811e+35,
      "concentracion": 3.9204,
      "gradiente_t": 0.0,
      "score": 3.9204,
      "flip_en_banda": true,
      "nivel_flip": 7269.8707,
      "valor_spot_now": 7793625142341484.0,
      "percentil_spot": 89.3,
      "interpretacion": "ALTA \u2014 domina el comportamiento cerca del spot"
    },
    "speed": {
      "n_strikes_banda": 28,
      "var_banda": 9.650589537477466e+24,
      "var_total": 2.3812278558186513e+24,
      "concentracion": 4.0528,
      "gradiente_t": 0.0005,
      "score": 4.0548,
      "flip_en_banda": true,
      "nivel_flip": 7226.4228,
      "valor_spot_now": -446580325934.88,
      "percentil_spot": 14.3,
      "interpretacion": "ALTA \u2014 domina el comportamiento cerca del spot"
    },
    "inv_gamma": {
      "n_strikes_banda": 28,
      "var_banda": 5.846687511806602e+19,
      "var_total": 1.5152287071423515e+19,
      "concentracion": 3.8586,
      "gradiente_t": 0.0002,
      "score": 3.8596,
      "flip_en_banda": true,
      "nivel_flip": 7230.6587,
      "valor_spot_now": -1392184820.52,
      "percentil_spot": 42.9,
      "interpretacion": "ALTA \u2014 domina el comportamiento cerca del spot"
    },
    "inv_vanna": {
      "n_strikes_banda": 28,
      "var_banda": 9.85322578491645e+23,
      "var_total": 3.320550921585292e+23,
      "concentracion": 2.9673,
      "gradiente_t": 0.0056,
      "score": 2.984,
      "flip_en_banda": true,
      "nivel_flip": 7262.8315,
      "valor_spot_now": 1677983135269.52,
      "percentil_spot": 85.7,
      "interpretacion": "ALTA \u2014 domina el comportamiento cerca del spot"
    },
    "inv_delta": {
      "n_strikes_banda": 28,
      "var_banda": 3.1269801402584643e+18,
      "var_total": 2.2034235358610457e+19,
      "concentracion": 0.1419,
      "gradiente_t": 0.0011,
      "score": 0.1421,
      "flip_en_banda": true,
      "nivel_flip": 7244.4028,
      "valor_spot_now": -406502262.1,
      "percentil_spot": 10.7,
      "interpretacion": "BAJA \u2014 energ\u00eda dispersa lejos del spot"
    },
    "inv_charm": {
      "n_strikes_banda": 28,
      "var_banda": 1.003199352213588e+24,
      "var_total": 4.039843901001255e+24,
      "concentracion": 0.2483,
      "gradiente_t": 0.0,
      "score": 0.2483,
      "flip_en_banda": true,
      "nivel_flip": 7281.7545,
      "valor_spot_now": -267104900708.19,
      "percentil_spot": 21.4,
      "interpretacion": "BAJA \u2014 energ\u00eda dispersa lejos del spot"
    },
    "inv_color": {
      "n_strikes_banda": 28,
      "var_banda": 1.533206858616953e+36,
      "var_total": 3.537884235937491e+35,
      "concentracion": 4.3337,
      "gradiente_t": 0.0,
      "score": 4.3337,
      "flip_en_banda": true,
      "nivel_flip": 7240.8232,
      "valor_spot_now": 4155321139291681.5,
      "percentil_spot": 71.4,
      "interpretacion": "ALTA \u2014 domina el comportamiento cerca del spot"
    },
    "inv_speed": {
      "n_strikes_banda": 28,
      "var_banda": 2.8681776778925836e+25,
      "var_total": 6.345727113723056e+24,
      "concentracion": 4.5199,
      "gradiente_t": 0.0002,
      "score": 4.5209,
      "flip_en_banda": true,
      "nivel_flip": 7259.6885,
      "valor_spot_now": 1478511928464.64,
      "percentil_spot": 75.0,
      "interpretacion": "ALTA \u2014 domina el comportamiento cerca del spot"
    }
  },
  "tiene_inv": true
}