{
  "activo": "ES",
  "spot": 7444.75,
  "banda_pct": 0.01,
  "minutos_ahora": 900,
  "generated_at": "2026-05-20 22:23:33",
  "ranking": [
    "vanna",
    "vomma",
    "color",
    "gamma",
    "zomma",
    "charm",
    "speed",
    "delta"
  ],
  "lider": "vanna",
  "resumen": [
    "#1 VEX       \u2014 Vanna Exposure (OI)             score=0.590  conc=0.581  grad=0.015  val@spot=1.40e+12  p86",
    "#2 VOMMA     \u2014 Vomma dVega/dVol (OI)           score=0.586  conc=0.584  grad=0.003  val@spot=1.57e+14  p51 | FLIP en 7428.22",
    "#3 COLOR     \u2014 Color dGamma/dT (OI)            score=0.485  conc=0.485  grad=0.000  val@spot=4.00e+13  p51 | FLIP en 7447.42",
    "#4 GEX       \u2014 Gamma Exposure (OI)             score=0.454  conc=0.454  grad=0.001  val@spot=1.33e+09  p51 | FLIP en 7428.63",
    "#5 ZOMMA     \u2014 Zomma dGamma/dVol (OI)          score=0.442  conc=0.441  grad=0.002  val@spot=1.09e+13  p51 | FLIP en 7454.47",
    "#6 CHARM     \u2014 Charm dDelta/dT (OI)            score=0.441  conc=0.441  grad=0.000  val@spot=-5.25e+11  p7",
    "#7 SPEED     \u2014 Speed dGamma/dS (OI)            score=0.432  conc=0.432  grad=0.000  val@spot=6.19e+11  p81",
    "#8 DEX       \u2014 Net Delta (OI)                  score=0.147  conc=0.146  grad=0.002  val@spot=8.35e+09  p25"
  ],
  "por_superficie": {
    "gamma": {
      "n_strikes_banda": 59,
      "var_banda": 1.1914687189274126e+19,
      "var_total": 2.626003774598306e+19,
      "concentracion": 0.4537,
      "gradiente_t": 0.0005,
      "score": 0.4539,
      "flip_en_banda": true,
      "nivel_flip": 7428.6265,
      "valor_spot_now": 1330118652.84,
      "percentil_spot": 50.8,
      "interpretacion": "MEDIA \u2014 relevante, monitorear en conjunto"
    },
    "vanna": {
      "n_strikes_banda": 59,
      "var_banda": 1.3456541274661398e+23,
      "var_total": 2.3167709899154518e+23,
      "concentracion": 0.5808,
      "gradiente_t": 0.0149,
      "score": 0.5895,
      "flip_en_banda": false,
      "nivel_flip": null,
      "valor_spot_now": 1400485715658.29,
      "percentil_spot": 86.4,
      "interpretacion": "MEDIA \u2014 relevante, monitorear en conjunto"
    },
    "delta": {
      "n_strikes_banda": 59,
      "var_banda": 1.9047804725339277e+18,
      "var_total": 1.2999110206489313e+19,
      "concentracion": 0.1465,
      "gradiente_t": 0.0019,
      "score": 0.1468,
      "flip_en_banda": false,
      "nivel_flip": null,
      "valor_spot_now": 8352695627.85,
      "percentil_spot": 25.4,
      "interpretacion": "BAJA \u2014 energ\u00eda dispersa lejos del spot"
    },
    "charm": {
      "n_strikes_banda": 59,
      "var_banda": 1.043416896555775e+23,
      "var_total": 2.3656290159887266e+23,
      "concentracion": 0.4411,
      "gradiente_t": 0.0001,
      "score": 0.4411,
      "flip_en_banda": false,
      "nivel_flip": null,
      "valor_spot_now": -524914994545.58,
      "percentil_spot": 6.8,
      "interpretacion": "MEDIA \u2014 relevante, monitorear en conjunto"
    },
    "color": {
      "n_strikes_banda": 59,
      "var_banda": 4.3366515981695146e+33,
      "var_total": 8.936403072522205e+33,
      "concentracion": 0.4853,
      "gradiente_t": 0.0,
      "score": 0.4853,
      "flip_en_banda": true,
      "nivel_flip": 7447.4219,
      "valor_spot_now": 40012916458456.38,
      "percentil_spot": 50.8,
      "interpretacion": "MEDIA \u2014 relevante, monitorear en conjunto"
    },
    "speed": {
      "n_strikes_banda": 59,
      "var_banda": 1.8724694176953737e+23,
      "var_total": 4.3364111830609344e+23,
      "concentracion": 0.4318,
      "gradiente_t": 0.0001,
      "score": 0.4318,
      "flip_en_banda": false,
      "nivel_flip": null,
      "valor_spot_now": 618599637137.43,
      "percentil_spot": 81.4,
      "interpretacion": "MEDIA \u2014 relevante, monitorear en conjunto"
    },
    "vomma": {
      "n_strikes_banda": 59,
      "var_banda": 4.426216142338177e+28,
      "var_total": 7.577800072170527e+28,
      "concentracion": 0.5841,
      "gradiente_t": 0.0031,
      "score": 0.5859,
      "flip_en_banda": true,
      "nivel_flip": 7428.2195,
      "valor_spot_now": 156935495336045.3,
      "percentil_spot": 50.8,
      "interpretacion": "MEDIA \u2014 relevante, monitorear en conjunto"
    },
    "zomma": {
      "n_strikes_banda": 59,
      "var_banda": 2.8255155419664086e+27,
      "var_total": 6.407873283398529e+27,
      "concentracion": 0.4409,
      "gradiente_t": 0.0018,
      "score": 0.4418,
      "flip_en_banda": true,
      "nivel_flip": 7454.4699,
      "valor_spot_now": 10932909804269.11,
      "percentil_spot": 50.8,
      "interpretacion": "MEDIA \u2014 relevante, monitorear en conjunto"
    }
  },
  "tiene_inv": false
}