{
  "activo": "ES",
  "spot": 7381.75,
  "banda_pct": 0.01,
  "minutos_ahora": 900,
  "generated_at": "2026-05-19 21:22:38",
  "ranking": [
    "zomma",
    "color",
    "charm",
    "speed",
    "vanna",
    "gamma",
    "vomma",
    "delta"
  ],
  "lider": "zomma",
  "resumen": [
    "#1 ZOMMA     \u2014 Zomma dGamma/dVol (OI)          score=1.659  conc=1.657  grad=0.001  val@spot=3.62e+13  p51 | FLIP en 7387.80",
    "#2 COLOR     \u2014 Color dGamma/dT (OI)            score=1.614  conc=1.614  grad=0.000  val@spot=4.94e+14  p51 | FLIP en 7385.15",
    "#3 CHARM     \u2014 Charm dDelta/dT (OI)            score=1.461  conc=1.461  grad=0.000  val@spot=-7.96e+11  p5",
    "#4 SPEED     \u2014 Speed dGamma/dS (OI)            score=1.435  conc=1.434  grad=0.000  val@spot=9.29e+11  p88 | FLIP en 7311.75",
    "#5 VEX       \u2014 Vanna Exposure (OI)             score=0.962  conc=0.948  grad=0.015  val@spot=2.12e+12  p93",
    "#6 GEX       \u2014 Gamma Exposure (OI)             score=0.762  conc=0.761  grad=0.001  val@spot=-3.62e+09  p51 | FLIP en 7411.45",
    "#7 VOMMA     \u2014 Vomma dVega/dVol (OI)           score=0.390  conc=0.388  grad=0.004  val@spot=-4.54e+14  p19 | FLIP en 7433.67",
    "#8 DEX       \u2014 Net Delta (OI)                  score=0.272  conc=0.271  grad=0.002  val@spot=1.11e+10  p41"
  ],
  "por_superficie": {
    "gamma": {
      "n_strikes_banda": 59,
      "var_banda": 2.9208687063571108e+19,
      "var_total": 3.836697544997019e+19,
      "concentracion": 0.7613,
      "gradiente_t": 0.0008,
      "score": 0.7619,
      "flip_en_banda": true,
      "nivel_flip": 7411.4528,
      "valor_spot_now": -3619739590.86,
      "percentil_spot": 50.8,
      "interpretacion": "ALTA \u2014 domina el comportamiento cerca del spot"
    },
    "vanna": {
      "n_strikes_banda": 59,
      "var_banda": 4.018544614752922e+23,
      "var_total": 4.241171791928583e+23,
      "concentracion": 0.9475,
      "gradiente_t": 0.0148,
      "score": 0.9615,
      "flip_en_banda": false,
      "nivel_flip": null,
      "valor_spot_now": 2123126939796.13,
      "percentil_spot": 93.2,
      "interpretacion": "ALTA \u2014 domina el comportamiento cerca del spot"
    },
    "delta": {
      "n_strikes_banda": 59,
      "var_banda": 6.611200908006461e+18,
      "var_total": 2.4367558015187296e+19,
      "concentracion": 0.2713,
      "gradiente_t": 0.0018,
      "score": 0.2718,
      "flip_en_banda": false,
      "nivel_flip": null,
      "valor_spot_now": 11148624559.29,
      "percentil_spot": 40.7,
      "interpretacion": "BAJA \u2014 energ\u00eda dispersa lejos del spot"
    },
    "charm": {
      "n_strikes_banda": 59,
      "var_banda": 1.4512627849156115e+24,
      "var_total": 9.934795928165495e+23,
      "concentracion": 1.4608,
      "gradiente_t": 0.0001,
      "score": 1.4609,
      "flip_en_banda": false,
      "nivel_flip": null,
      "valor_spot_now": -796331631214.71,
      "percentil_spot": 5.1,
      "interpretacion": "ALTA \u2014 domina el comportamiento cerca del spot"
    },
    "color": {
      "n_strikes_banda": 59,
      "var_banda": 4.532855522636717e+34,
      "var_total": 2.80839939781486e+34,
      "concentracion": 1.614,
      "gradiente_t": 0.0,
      "score": 1.614,
      "flip_en_banda": true,
      "nivel_flip": 7385.1515,
      "valor_spot_now": 494094916890515.1,
      "percentil_spot": 50.8,
      "interpretacion": "ALTA \u2014 domina el comportamiento cerca del spot"
    },
    "speed": {
      "n_strikes_banda": 59,
      "var_banda": 1.7968097349609274e+24,
      "var_total": 1.252661537092166e+24,
      "concentracion": 1.4344,
      "gradiente_t": 0.0001,
      "score": 1.4345,
      "flip_en_banda": true,
      "nivel_flip": 7311.7517,
      "valor_spot_now": 928859315094.62,
      "percentil_spot": 88.1,
      "interpretacion": "ALTA \u2014 domina el comportamiento cerca del spot"
    },
    "vomma": {
      "n_strikes_banda": 59,
      "var_banda": 4.5074246507094345e+28,
      "var_total": 1.160897523466991e+29,
      "concentracion": 0.3883,
      "gradiente_t": 0.0042,
      "score": 0.3899,
      "flip_en_banda": true,
      "nivel_flip": 7433.6684,
      "valor_spot_now": -454437038030983.25,
      "percentil_spot": 18.6,
      "interpretacion": "MEDIA \u2014 relevante, monitorear en conjunto"
    },
    "zomma": {
      "n_strikes_banda": 59,
      "var_banda": 2.4517699030719263e+28,
      "var_total": 1.4796713048969532e+28,
      "concentracion": 1.657,
      "gradiente_t": 0.001,
      "score": 1.6586,
      "flip_en_banda": true,
      "nivel_flip": 7387.7954,
      "valor_spot_now": 36156801897171.18,
      "percentil_spot": 50.8,
      "interpretacion": "ALTA \u2014 domina el comportamiento cerca del spot"
    }
  },
  "tiene_inv": false
}