{
  "activo": "ES",
  "spot": 7575.75,
  "banda_pct": 0.01,
  "minutos_ahora": 900,
  "generated_at": "2026-05-28 20:26:14",
  "ranking": [
    "color",
    "speed",
    "charm",
    "zomma",
    "vomma",
    "vanna",
    "gamma",
    "delta"
  ],
  "lider": "color",
  "resumen": [
    "#1 COLOR     \u2014 Color dGamma/dT (OI)            score=1.639  conc=1.639  grad=0.000  val@spot=-2.68e+15  p18 | FLIP en 7621.54",
    "#2 SPEED     \u2014 Speed dGamma/dS (OI)            score=1.384  conc=1.384  grad=0.000  val@spot=9.07e+11  p59 | FLIP en 7619.63",
    "#3 CHARM     \u2014 Charm dDelta/dT (OI)            score=1.221  conc=1.221  grad=0.000  val@spot=-3.57e+11  p51",
    "#4 ZOMMA     \u2014 Zomma dGamma/dVol (OI)          score=1.220  conc=1.218  grad=0.001  val@spot=-1.64e+14  p26 | FLIP en 7502.29",
    "#5 VOMMA     \u2014 Vomma dVega/dVol (OI)           score=0.963  conc=0.949  grad=0.015  val@spot=1.40e+15  p51",
    "#6 VEX       \u2014 Vanna Exposure (OI)             score=0.774  conc=0.762  grad=0.015  val@spot=1.35e+12  p51 | FLIP en 7638.48",
    "#7 GEX       \u2014 Gamma Exposure (OI)             score=0.432  conc=0.432  grad=0.000  val@spot=1.23e+10  p51",
    "#8 DEX       \u2014 Net Delta (OI)                  score=0.349  conc=0.349  grad=0.001  val@spot=2.96e+10  p51"
  ],
  "por_superficie": {
    "gamma": {
      "n_strikes_banda": 61,
      "var_banda": 1.85300711998648e+19,
      "var_total": 4.290576544159949e+19,
      "concentracion": 0.4319,
      "gradiente_t": 0.0003,
      "score": 0.432,
      "flip_en_banda": false,
      "nivel_flip": null,
      "valor_spot_now": 12251989944.54,
      "percentil_spot": 50.8,
      "interpretacion": "MEDIA \u2014 relevante, monitorear en conjunto"
    },
    "vanna": {
      "n_strikes_banda": 61,
      "var_banda": 2.9742672381259492e+23,
      "var_total": 3.901062335725757e+23,
      "concentracion": 0.7624,
      "gradiente_t": 0.0152,
      "score": 0.774,
      "flip_en_banda": true,
      "nivel_flip": 7638.4841,
      "valor_spot_now": 1350936503878.97,
      "percentil_spot": 50.8,
      "interpretacion": "ALTA \u2014 domina el comportamiento cerca del spot"
    },
    "delta": {
      "n_strikes_banda": 61,
      "var_banda": 5.22660737392441e+19,
      "var_total": 1.4965807144819828e+20,
      "concentracion": 0.3492,
      "gradiente_t": 0.0005,
      "score": 0.3494,
      "flip_en_banda": false,
      "nivel_flip": null,
      "valor_spot_now": 29567317490.57,
      "percentil_spot": 50.8,
      "interpretacion": "MEDIA \u2014 relevante, monitorear en conjunto"
    },
    "charm": {
      "n_strikes_banda": 61,
      "var_banda": 1.3010768744379996e+24,
      "var_total": 1.0652556556733566e+24,
      "concentracion": 1.2214,
      "gradiente_t": 0.0,
      "score": 1.2214,
      "flip_en_banda": false,
      "nivel_flip": null,
      "valor_spot_now": -356516682371.4,
      "percentil_spot": 50.8,
      "interpretacion": "ALTA \u2014 domina el comportamiento cerca del spot"
    },
    "color": {
      "n_strikes_banda": 61,
      "var_banda": 1.6284735181113396e+35,
      "var_total": 9.938769752039022e+34,
      "concentracion": 1.6385,
      "gradiente_t": 0.0,
      "score": 1.6385,
      "flip_en_banda": true,
      "nivel_flip": 7621.5439,
      "valor_spot_now": -2678518686009535.0,
      "percentil_spot": 18.0,
      "interpretacion": "ALTA \u2014 domina el comportamiento cerca del spot"
    },
    "speed": {
      "n_strikes_banda": 61,
      "var_banda": 6.781510801754424e+24,
      "var_total": 4.899924007162271e+24,
      "concentracion": 1.384,
      "gradiente_t": 0.0,
      "score": 1.384,
      "flip_en_banda": true,
      "nivel_flip": 7619.6346,
      "valor_spot_now": 907370850132.93,
      "percentil_spot": 59.0,
      "interpretacion": "ALTA \u2014 domina el comportamiento cerca del spot"
    },
    "vomma": {
      "n_strikes_banda": 61,
      "var_banda": 2.977134654859553e+29,
      "var_total": 3.137700282429313e+29,
      "concentracion": 0.9488,
      "gradiente_t": 0.0154,
      "score": 0.9634,
      "flip_en_banda": false,
      "nivel_flip": null,
      "valor_spot_now": 1401245760007747.5,
      "percentil_spot": 50.8,
      "interpretacion": "ALTA \u2014 domina el comportamiento cerca del spot"
    },
    "zomma": {
      "n_strikes_banda": 61,
      "var_banda": 3.6199144348899074e+28,
      "var_total": 2.9708755658811945e+28,
      "concentracion": 1.2185,
      "gradiente_t": 0.0008,
      "score": 1.2195,
      "flip_en_banda": true,
      "nivel_flip": 7502.2947,
      "valor_spot_now": -164106717544449.56,
      "percentil_spot": 26.2,
      "interpretacion": "ALTA \u2014 domina el comportamiento cerca del spot"
    }
  },
  "tiene_inv": false
}