{
  "activo": "ES",
  "spot": 7577.75,
  "banda_pct": 0.01,
  "minutos_ahora": 900,
  "generated_at": "2026-06-01 21:07:26",
  "ranking": [
    "zomma",
    "color",
    "speed",
    "charm",
    "vanna",
    "gamma",
    "vomma",
    "delta"
  ],
  "lider": "zomma",
  "resumen": [
    "#1 ZOMMA     \u2014 Zomma dGamma/dVol (OI)          score=1.363  conc=1.360  grad=0.002  val@spot=2.14e+14  p70 | FLIP en 7607.95",
    "#2 COLOR     \u2014 Color dGamma/dT (OI)            score=1.355  conc=1.355  grad=0.000  val@spot=3.87e+15  p66 | FLIP en 7606.03",
    "#3 SPEED     \u2014 Speed dGamma/dS (OI)            score=1.161  conc=1.160  grad=0.000  val@spot=8.65e+11  p59 | FLIP en 7533.12",
    "#4 CHARM     \u2014 Charm dDelta/dT (OI)            score=1.071  conc=1.071  grad=0.000  val@spot=-5.08e+11  p38 | FLIP en 7514.53",
    "#5 VEX       \u2014 Vanna Exposure (OI)             score=1.028  conc=1.016  grad=0.011  val@spot=1.70e+12  p62 | FLIP en 7524.71",
    "#6 GEX       \u2014 Gamma Exposure (OI)             score=0.816  conc=0.815  grad=0.001  val@spot=-5.08e+09  p51 | FLIP en 7612.67",
    "#7 VOMMA     \u2014 Vomma dVega/dVol (OI)           score=0.598  conc=0.595  grad=0.006  val@spot=-3.90e+14  p51 | FLIP en 7632.43",
    "#8 DEX       \u2014 Net Delta (OI)                  score=0.429  conc=0.428  grad=0.002  val@spot=7.35e+09  p48"
  ],
  "por_superficie": {
    "gamma": {
      "n_strikes_banda": 61,
      "var_banda": 2.504325078210775e+19,
      "var_total": 3.07386820344838e+19,
      "concentracion": 0.8147,
      "gradiente_t": 0.001,
      "score": 0.8155,
      "flip_en_banda": true,
      "nivel_flip": 7612.667,
      "valor_spot_now": -5078055694.43,
      "percentil_spot": 50.8,
      "interpretacion": "ALTA \u2014 domina el comportamiento cerca del spot"
    },
    "vanna": {
      "n_strikes_banda": 61,
      "var_banda": 4.155127571555261e+23,
      "var_total": 4.088302659615895e+23,
      "concentracion": 1.0163,
      "gradiente_t": 0.0113,
      "score": 1.0278,
      "flip_en_banda": true,
      "nivel_flip": 7524.7075,
      "valor_spot_now": 1696547846561.69,
      "percentil_spot": 62.3,
      "interpretacion": "ALTA \u2014 domina el comportamiento cerca del spot"
    },
    "delta": {
      "n_strikes_banda": 61,
      "var_banda": 8.030693913802762e+18,
      "var_total": 1.876411958052201e+19,
      "concentracion": 0.428,
      "gradiente_t": 0.0015,
      "score": 0.4286,
      "flip_en_banda": false,
      "nivel_flip": null,
      "valor_spot_now": 7351055169.56,
      "percentil_spot": 47.5,
      "interpretacion": "MEDIA \u2014 relevante, monitorear en conjunto"
    },
    "charm": {
      "n_strikes_banda": 61,
      "var_banda": 2.4693945178942292e+23,
      "var_total": 2.3047603742076566e+23,
      "concentracion": 1.0714,
      "gradiente_t": 0.0001,
      "score": 1.0715,
      "flip_en_banda": true,
      "nivel_flip": 7514.5302,
      "valor_spot_now": -508087614415.09,
      "percentil_spot": 37.7,
      "interpretacion": "ALTA \u2014 domina el comportamiento cerca del spot"
    },
    "color": {
      "n_strikes_banda": 61,
      "var_banda": 1.723706886126693e+34,
      "var_total": 1.2719740719287112e+34,
      "concentracion": 1.3551,
      "gradiente_t": 0.0,
      "score": 1.3551,
      "flip_en_banda": true,
      "nivel_flip": 7606.0279,
      "valor_spot_now": 3871694115862406.0,
      "percentil_spot": 65.6,
      "interpretacion": "ALTA \u2014 domina el comportamiento cerca del spot"
    },
    "speed": {
      "n_strikes_banda": 61,
      "var_banda": 1.005456224907165e+24,
      "var_total": 8.664938797651607e+23,
      "concentracion": 1.1604,
      "gradiente_t": 0.0001,
      "score": 1.1605,
      "flip_en_banda": true,
      "nivel_flip": 7533.1228,
      "valor_spot_now": 864631013137.97,
      "percentil_spot": 59.0,
      "interpretacion": "ALTA \u2014 domina el comportamiento cerca del spot"
    },
    "vomma": {
      "n_strikes_banda": 61,
      "var_banda": 5.652525646816477e+28,
      "var_total": 9.508316614596556e+28,
      "concentracion": 0.5945,
      "gradiente_t": 0.0062,
      "score": 0.5981,
      "flip_en_banda": true,
      "nivel_flip": 7632.429,
      "valor_spot_now": -390394490007456.9,
      "percentil_spot": 50.8,
      "interpretacion": "MEDIA \u2014 relevante, monitorear en conjunto"
    },
    "zomma": {
      "n_strikes_banda": 61,
      "var_banda": 2.0587101260788175e+28,
      "var_total": 1.5133548585390972e+28,
      "concentracion": 1.3604,
      "gradiente_t": 0.0017,
      "score": 1.3627,
      "flip_en_banda": true,
      "nivel_flip": 7607.9537,
      "valor_spot_now": 213692086241590.97,
      "percentil_spot": 70.5,
      "interpretacion": "ALTA \u2014 domina el comportamiento cerca del spot"
    }
  },
  "tiene_inv": false
}