{
  "activo": "ES",
  "spot": 7428.25,
  "banda_pct": 0.01,
  "minutos_ahora": 900,
  "generated_at": "2026-06-08 22:37:04",
  "ranking": [
    "vanna",
    "speed",
    "zomma",
    "color",
    "charm",
    "vomma",
    "gamma",
    "delta"
  ],
  "lider": "vanna",
  "resumen": [
    "#1 VEX       \u2014 Vanna Exposure (OI)             score=0.944  conc=0.929  grad=0.017  val@spot=1.69e+12  p80",
    "#2 SPEED     \u2014 Speed dGamma/dS (OI)            score=0.922  conc=0.922  grad=0.000  val@spot=7.14e+11  p70",
    "#3 ZOMMA     \u2014 Zomma dGamma/dVol (OI)          score=0.884  conc=0.883  grad=0.001  val@spot=5.01e+13  p52 | FLIP en 7442.33",
    "#4 COLOR     \u2014 Color dGamma/dT (OI)            score=0.851  conc=0.851  grad=0.000  val@spot=2.82e+14  p52 | FLIP en 7430.80",
    "#5 CHARM     \u2014 Charm dDelta/dT (OI)            score=0.757  conc=0.757  grad=0.000  val@spot=-6.62e+11  p7",
    "#6 VOMMA     \u2014 Vomma dVega/dVol (OI)           score=0.586  conc=0.582  grad=0.007  val@spot=-3.89e+14  p50 | FLIP en 7474.85",
    "#7 GEX       \u2014 Gamma Exposure (OI)             score=0.547  conc=0.546  grad=0.000  val@spot=-2.99e+09  p50 | FLIP en 7456.83",
    "#8 DEX       \u2014 Net Delta (OI)                  score=0.234  conc=0.234  grad=0.002  val@spot=1.20e+10  p38"
  ],
  "por_superficie": {
    "gamma": {
      "n_strikes_banda": 60,
      "var_banda": 1.6958330527493421e+19,
      "var_total": 3.103025485855999e+19,
      "concentracion": 0.5465,
      "gradiente_t": 0.0004,
      "score": 0.5467,
      "flip_en_banda": true,
      "nivel_flip": 7456.8304,
      "valor_spot_now": -2987937571.39,
      "percentil_spot": 50.0,
      "interpretacion": "MEDIA \u2014 relevante, monitorear en conjunto"
    },
    "vanna": {
      "n_strikes_banda": 60,
      "var_banda": 2.2832239249806457e+23,
      "var_total": 2.4578779215317132e+23,
      "concentracion": 0.9289,
      "gradiente_t": 0.0166,
      "score": 0.9444,
      "flip_en_banda": false,
      "nivel_flip": null,
      "valor_spot_now": 1687653289357.94,
      "percentil_spot": 80.0,
      "interpretacion": "ALTA \u2014 domina el comportamiento cerca del spot"
    },
    "delta": {
      "n_strikes_banda": 60,
      "var_banda": 3.873725556249252e+18,
      "var_total": 1.6555339325591372e+19,
      "concentracion": 0.234,
      "gradiente_t": 0.0017,
      "score": 0.2344,
      "flip_en_banda": false,
      "nivel_flip": null,
      "valor_spot_now": 12044870350.28,
      "percentil_spot": 38.3,
      "interpretacion": "BAJA \u2014 energ\u00eda dispersa lejos del spot"
    },
    "charm": {
      "n_strikes_banda": 60,
      "var_banda": 7.670294193979949e+23,
      "var_total": 1.0128545049564859e+24,
      "concentracion": 0.7573,
      "gradiente_t": 0.0001,
      "score": 0.7573,
      "flip_en_banda": false,
      "nivel_flip": null,
      "valor_spot_now": -661931698771.05,
      "percentil_spot": 6.7,
      "interpretacion": "ALTA \u2014 domina el comportamiento cerca del spot"
    },
    "color": {
      "n_strikes_banda": 60,
      "var_banda": 2.414026711117257e+34,
      "var_total": 2.8371057388008176e+34,
      "concentracion": 0.8509,
      "gradiente_t": 0.0,
      "score": 0.8509,
      "flip_en_banda": true,
      "nivel_flip": 7430.7989,
      "valor_spot_now": 282015060959191.9,
      "percentil_spot": 51.7,
      "interpretacion": "ALTA \u2014 domina el comportamiento cerca del spot"
    },
    "speed": {
      "n_strikes_banda": 60,
      "var_banda": 1.0654365245302233e+24,
      "var_total": 1.1552824079319556e+24,
      "concentracion": 0.9222,
      "gradiente_t": 0.0,
      "score": 0.9223,
      "flip_en_banda": false,
      "nivel_flip": null,
      "valor_spot_now": 713880549092.54,
      "percentil_spot": 70.0,
      "interpretacion": "ALTA \u2014 domina el comportamiento cerca del spot"
    },
    "vomma": {
      "n_strikes_banda": 60,
      "var_banda": 4.8668393266351445e+28,
      "var_total": 8.36102557482627e+28,
      "concentracion": 0.5821,
      "gradiente_t": 0.0069,
      "score": 0.5861,
      "flip_en_banda": true,
      "nivel_flip": 7474.8534,
      "valor_spot_now": -388589375295982.6,
      "percentil_spot": 50.0,
      "interpretacion": "MEDIA \u2014 relevante, monitorear en conjunto"
    },
    "zomma": {
      "n_strikes_banda": 60,
      "var_banda": 9.283324888790009e+27,
      "var_total": 1.0508176743031548e+28,
      "concentracion": 0.8834,
      "gradiente_t": 0.0011,
      "score": 0.8844,
      "flip_en_banda": true,
      "nivel_flip": 7442.3283,
      "valor_spot_now": 50124675362721.54,
      "percentil_spot": 51.7,
      "interpretacion": "ALTA \u2014 domina el comportamiento cerca del spot"
    }
  },
  "tiene_inv": false
}