{
  "activo": "ES",
  "spot": 7479.25,
  "banda_pct": 0.01,
  "minutos_ahora": 900,
  "generated_at": "2026-05-21 21:26:49",
  "ranking": [
    "color",
    "speed",
    "zomma",
    "charm",
    "vanna",
    "gamma",
    "vomma",
    "delta"
  ],
  "lider": "color",
  "resumen": [
    "#1 COLOR     \u2014 Color dGamma/dT (OI)            score=1.463  conc=1.463  grad=0.000  val@spot=-8.39e+15  p43 | FLIP en 7435.11",
    "#2 SPEED     \u2014 Speed dGamma/dS (OI)            score=1.302  conc=1.302  grad=0.000  val@spot=1.35e+12  p67 | FLIP en 7532.89",
    "#3 ZOMMA     \u2014 Zomma dGamma/dVol (OI)          score=1.227  conc=1.226  grad=0.001  val@spot=-2.74e+14  p50 | FLIP en 7446.94",
    "#4 CHARM     \u2014 Charm dDelta/dT (OI)            score=1.200  conc=1.200  grad=0.000  val@spot=-1.10e+12  p52 | FLIP en 7534.83",
    "#5 VEX       \u2014 Vanna Exposure (OI)             score=0.952  conc=0.939  grad=0.013  val@spot=2.96e+12  p52 | FLIP en 7532.04",
    "#6 GEX       \u2014 Gamma Exposure (OI)             score=0.607  conc=0.606  grad=0.001  val@spot=1.11e+10  p52 | FLIP en 7423.04",
    "#7 VOMMA     \u2014 Vomma dVega/dVol (OI)           score=0.450  conc=0.449  grad=0.003  val@spot=7.21e+14  p52 | FLIP en 7418.39",
    "#8 DEX       \u2014 Net Delta (OI)                  score=0.390  conc=0.389  grad=0.001  val@spot=2.78e+10  p52"
  ],
  "por_superficie": {
    "gamma": {
      "n_strikes_banda": 60,
      "var_banda": 6.021656555136745e+19,
      "var_total": 9.931325404955199e+19,
      "concentracion": 0.6063,
      "gradiente_t": 0.0009,
      "score": 0.6069,
      "flip_en_banda": true,
      "nivel_flip": 7423.0417,
      "valor_spot_now": 11095988746.07,
      "percentil_spot": 51.7,
      "interpretacion": "ALTA \u2014 domina el comportamiento cerca del spot"
    },
    "vanna": {
      "n_strikes_banda": 60,
      "var_banda": 1.4337224389733367e+24,
      "var_total": 1.526250989497829e+24,
      "concentracion": 0.9394,
      "gradiente_t": 0.0131,
      "score": 0.9517,
      "flip_en_banda": true,
      "nivel_flip": 7532.0383,
      "valor_spot_now": 2959894072382.91,
      "percentil_spot": 51.7,
      "interpretacion": "ALTA \u2014 domina el comportamiento cerca del spot"
    },
    "delta": {
      "n_strikes_banda": 60,
      "var_banda": 5.18848555878473e+19,
      "var_total": 1.3326901439006248e+20,
      "concentracion": 0.3893,
      "gradiente_t": 0.0013,
      "score": 0.3898,
      "flip_en_banda": false,
      "nivel_flip": null,
      "valor_spot_now": 27771838021.65,
      "percentil_spot": 51.7,
      "interpretacion": "MEDIA \u2014 relevante, monitorear en conjunto"
    },
    "charm": {
      "n_strikes_banda": 60,
      "var_banda": 2.3465468995820577e+24,
      "var_total": 1.955040813939771e+24,
      "concentracion": 1.2003,
      "gradiente_t": 0.0001,
      "score": 1.2003,
      "flip_en_banda": true,
      "nivel_flip": 7534.827,
      "valor_spot_now": -1097501362563.53,
      "percentil_spot": 51.7,
      "interpretacion": "ALTA \u2014 domina el comportamiento cerca del spot"
    },
    "color": {
      "n_strikes_banda": 60,
      "var_banda": 9.422336879801264e+34,
      "var_total": 6.442201260931442e+34,
      "concentracion": 1.4626,
      "gradiente_t": 0.0,
      "score": 1.4626,
      "flip_en_banda": true,
      "nivel_flip": 7435.1133,
      "valor_spot_now": -8390947515143340.0,
      "percentil_spot": 43.3,
      "interpretacion": "ALTA \u2014 domina el comportamiento cerca del spot"
    },
    "speed": {
      "n_strikes_banda": 60,
      "var_banda": 4.0893443470303485e+24,
      "var_total": 3.1404188421933067e+24,
      "concentracion": 1.3022,
      "gradiente_t": 0.0001,
      "score": 1.3023,
      "flip_en_banda": true,
      "nivel_flip": 7532.8855,
      "valor_spot_now": 1354635866840.12,
      "percentil_spot": 66.7,
      "interpretacion": "ALTA \u2014 domina el comportamiento cerca del spot"
    },
    "vomma": {
      "n_strikes_banda": 60,
      "var_banda": 1.6719805802192886e+29,
      "var_total": 3.7223858604508015e+29,
      "concentracion": 0.4492,
      "gradiente_t": 0.0027,
      "score": 0.4504,
      "flip_en_banda": true,
      "nivel_flip": 7418.3938,
      "valor_spot_now": 720905043250739.0,
      "percentil_spot": 51.7,
      "interpretacion": "MEDIA \u2014 relevante, monitorear en conjunto"
    },
    "zomma": {
      "n_strikes_banda": 60,
      "var_banda": 4.092138129726369e+28,
      "var_total": 3.3387540099647313e+28,
      "concentracion": 1.2256,
      "gradiente_t": 0.001,
      "score": 1.2269,
      "flip_en_banda": true,
      "nivel_flip": 7446.9397,
      "valor_spot_now": -273992581099521.25,
      "percentil_spot": 50.0,
      "interpretacion": "ALTA \u2014 domina el comportamiento cerca del spot"
    }
  },
  "tiene_inv": false
}