{
  "activo": "ES",
  "spot": 7551.0,
  "banda_pct": 0.01,
  "minutos_ahora": 900,
  "generated_at": "2026-05-26 09:27:42",
  "ranking": [
    "color",
    "speed",
    "zomma",
    "charm",
    "vanna",
    "vomma",
    "gamma",
    "delta"
  ],
  "lider": "color",
  "resumen": [
    "#1 COLOR     \u2014 Color dGamma/dT (OI)            score=2.016  conc=2.016  grad=0.000  val@spot=6.10e+15  p87 | FLIP en 7621.79",
    "#2 SPEED     \u2014 Speed dGamma/dS (OI)            score=1.983  conc=1.983  grad=0.000  val@spot=3.98e+12  p95 | FLIP en 7586.23",
    "#3 ZOMMA     \u2014 Zomma dGamma/dVol (OI)          score=1.761  conc=1.759  grad=0.001  val@spot=3.50e+14  p80 | FLIP en 7619.14",
    "#4 CHARM     \u2014 Charm dDelta/dT (OI)            score=1.606  conc=1.605  grad=0.000  val@spot=-1.41e+12  p10 | FLIP en 7593.31",
    "#5 VEX       \u2014 Vanna Exposure (OI)             score=1.556  conc=1.545  grad=0.008  val@spot=5.59e+12  p93 | FLIP en 7588.07",
    "#6 VOMMA     \u2014 Vomma dVega/dVol (OI)           score=1.060  conc=1.049  grad=0.010  val@spot=3.08e+15  p97 | FLIP en 7498.61",
    "#7 GEX       \u2014 Gamma Exposure (OI)             score=0.939  conc=0.938  grad=0.001  val@spot=2.01e+10  p53 | FLIP en 7485.24",
    "#8 DEX       \u2014 Net Delta (OI)                  score=0.531  conc=0.530  grad=0.002  val@spot=1.71e+10  p50"
  ],
  "por_superficie": {
    "gamma": {
      "n_strikes_banda": 60,
      "var_banda": 2.2392255987581977e+20,
      "var_total": 2.387200917934339e+20,
      "concentracion": 0.938,
      "gradiente_t": 0.0006,
      "score": 0.9385,
      "flip_en_banda": true,
      "nivel_flip": 7485.2389,
      "valor_spot_now": 20063576177.12,
      "percentil_spot": 53.3,
      "interpretacion": "ALTA \u2014 domina el comportamiento cerca del spot"
    },
    "vanna": {
      "n_strikes_banda": 60,
      "var_banda": 7.188130494636679e+24,
      "var_total": 4.653830184247296e+24,
      "concentracion": 1.5446,
      "gradiente_t": 0.0076,
      "score": 1.5563,
      "flip_en_banda": true,
      "nivel_flip": 7588.0715,
      "valor_spot_now": 5593371806641.59,
      "percentil_spot": 93.3,
      "interpretacion": "ALTA \u2014 domina el comportamiento cerca del spot"
    },
    "delta": {
      "n_strikes_banda": 60,
      "var_banda": 1.6385850584227486e+20,
      "var_total": 3.092297638287874e+20,
      "concentracion": 0.5299,
      "gradiente_t": 0.0015,
      "score": 0.5307,
      "flip_en_banda": false,
      "nivel_flip": null,
      "valor_spot_now": 17074022956.91,
      "percentil_spot": 50.0,
      "interpretacion": "MEDIA \u2014 relevante, monitorear en conjunto"
    },
    "charm": {
      "n_strikes_banda": 60,
      "var_banda": 8.129039150831829e+24,
      "var_total": 5.063252374059737e+24,
      "concentracion": 1.6055,
      "gradiente_t": 0.0001,
      "score": 1.6056,
      "flip_en_banda": true,
      "nivel_flip": 7593.3056,
      "valor_spot_now": -1406219364837.69,
      "percentil_spot": 10.0,
      "interpretacion": "ALTA \u2014 domina el comportamiento cerca del spot"
    },
    "color": {
      "n_strikes_banda": 60,
      "var_banda": 1.6451384002158496e+36,
      "var_total": 8.161021903981777e+35,
      "concentracion": 2.0158,
      "gradiente_t": 0.0,
      "score": 2.0159,
      "flip_en_banda": true,
      "nivel_flip": 7621.7944,
      "valor_spot_now": 6099648618732896.0,
      "percentil_spot": 86.7,
      "interpretacion": "ALTA \u2014 domina el comportamiento cerca del spot"
    },
    "speed": {
      "n_strikes_banda": 60,
      "var_banda": 9.31176180389288e+25,
      "var_total": 4.695475420950691e+25,
      "concentracion": 1.9831,
      "gradiente_t": 0.0001,
      "score": 1.9833,
      "flip_en_banda": true,
      "nivel_flip": 7586.2283,
      "valor_spot_now": 3979663776103.21,
      "percentil_spot": 95.0,
      "interpretacion": "ALTA \u2014 domina el comportamiento cerca del spot"
    },
    "vomma": {
      "n_strikes_banda": 60,
      "var_banda": 8.792068099490344e+29,
      "var_total": 8.378403381932424e+29,
      "concentracion": 1.0494,
      "gradiente_t": 0.0098,
      "score": 1.0596,
      "flip_en_banda": true,
      "nivel_flip": 7498.6146,
      "valor_spot_now": 3075243959104533.5,
      "percentil_spot": 96.7,
      "interpretacion": "ALTA \u2014 domina el comportamiento cerca del spot"
    },
    "zomma": {
      "n_strikes_banda": 60,
      "var_banda": 1.08977280933303e+30,
      "var_total": 6.194832931572284e+29,
      "concentracion": 1.7592,
      "gradiente_t": 0.0009,
      "score": 1.7608,
      "flip_en_banda": true,
      "nivel_flip": 7619.136,
      "valor_spot_now": 350446082596193.44,
      "percentil_spot": 80.0,
      "interpretacion": "ALTA \u2014 domina el comportamiento cerca del spot"
    }
  },
  "tiene_inv": false
}