{
  "activo": "ES",
  "spot": 7433.5,
  "banda_pct": 0.01,
  "minutos_ahora": 900,
  "generated_at": "2026-05-18 17:52:31",
  "ranking": [
    "color",
    "charm",
    "vanna",
    "vomma",
    "zomma",
    "speed",
    "gamma",
    "delta"
  ],
  "lider": "color",
  "resumen": [
    "#1 COLOR     \u2014 Color dGamma/dT (OI)            score=0.726  conc=0.726  grad=0.000  val@spot=-5.90e+14  p10 | FLIP en 7492.81",
    "#2 CHARM     \u2014 Charm dDelta/dT (OI)            score=0.654  conc=0.654  grad=0.000  val@spot=-2.71e+11  p23",
    "#3 VEX       \u2014 Vanna Exposure (OI)             score=0.586  conc=0.576  grad=0.018  val@spot=7.71e+11  p87",
    "#4 VOMMA     \u2014 Vomma dVega/dVol (OI)           score=0.550  conc=0.548  grad=0.004  val@spot=-2.09e+14  p50 | FLIP en 7460.24",
    "#5 ZOMMA     \u2014 Zomma dGamma/dVol (OI)          score=0.547  conc=0.547  grad=0.002  val@spot=-1.09e+13  p18 | FLIP en 7486.43",
    "#6 SPEED     \u2014 Speed dGamma/dS (OI)            score=0.499  conc=0.499  grad=0.000  val@spot=3.55e+11  p52",
    "#7 GEX       \u2014 Gamma Exposure (OI)             score=0.468  conc=0.468  grad=0.000  val@spot=-1.14e+09  p50 | FLIP en 7456.26",
    "#8 DEX       \u2014 Net Delta (OI)                  score=0.159  conc=0.159  grad=0.002  val@spot=3.93e+09  p32"
  ],
  "por_superficie": {
    "gamma": {
      "n_strikes_banda": 60,
      "var_banda": 4.4574469374193106e+18,
      "var_total": 9.51828927756527e+18,
      "concentracion": 0.4683,
      "gradiente_t": 0.0003,
      "score": 0.4684,
      "flip_en_banda": true,
      "nivel_flip": 7456.2624,
      "valor_spot_now": -1138639697.41,
      "percentil_spot": 50.0,
      "interpretacion": "MEDIA \u2014 relevante, monitorear en conjunto"
    },
    "vanna": {
      "n_strikes_banda": 60,
      "var_banda": 4.616035159546986e+22,
      "var_total": 8.018062916079052e+22,
      "concentracion": 0.5757,
      "gradiente_t": 0.0185,
      "score": 0.5864,
      "flip_en_banda": false,
      "nivel_flip": null,
      "valor_spot_now": 771196595099.85,
      "percentil_spot": 86.7,
      "interpretacion": "MEDIA \u2014 relevante, monitorear en conjunto"
    },
    "delta": {
      "n_strikes_banda": 60,
      "var_banda": 6.626066981592911e+17,
      "var_total": 4.1765628737598556e+18,
      "concentracion": 0.1586,
      "gradiente_t": 0.0019,
      "score": 0.159,
      "flip_en_banda": false,
      "nivel_flip": null,
      "valor_spot_now": 3926743300.11,
      "percentil_spot": 31.7,
      "interpretacion": "BAJA \u2014 energ\u00eda dispersa lejos del spot"
    },
    "charm": {
      "n_strikes_banda": 60,
      "var_banda": 1.1414547420218432e+23,
      "var_total": 1.7444256672107e+23,
      "concentracion": 0.6543,
      "gradiente_t": 0.0001,
      "score": 0.6544,
      "flip_en_banda": false,
      "nivel_flip": null,
      "valor_spot_now": -270993154987.61,
      "percentil_spot": 23.3,
      "interpretacion": "ALTA \u2014 domina el comportamiento cerca del spot"
    },
    "color": {
      "n_strikes_banda": 60,
      "var_banda": 3.5627059554947474e+33,
      "var_total": 4.908742245192319e+33,
      "concentracion": 0.7258,
      "gradiente_t": 0.0,
      "score": 0.7258,
      "flip_en_banda": true,
      "nivel_flip": 7492.8103,
      "valor_spot_now": -590302939917812.4,
      "percentil_spot": 10.0,
      "interpretacion": "ALTA \u2014 domina el comportamiento cerca del spot"
    },
    "speed": {
      "n_strikes_banda": 60,
      "var_banda": 1.6118519400830217e+23,
      "var_total": 3.228080471713404e+23,
      "concentracion": 0.4993,
      "gradiente_t": 0.0001,
      "score": 0.4994,
      "flip_en_banda": false,
      "nivel_flip": null,
      "valor_spot_now": 354579065409.95,
      "percentil_spot": 51.7,
      "interpretacion": "MEDIA \u2014 relevante, monitorear en conjunto"
    },
    "vomma": {
      "n_strikes_banda": 60,
      "var_banda": 1.826920277431188e+28,
      "var_total": 3.3362691750989223e+28,
      "concentracion": 0.5476,
      "gradiente_t": 0.004,
      "score": 0.5498,
      "flip_en_banda": true,
      "nivel_flip": 7460.2354,
      "valor_spot_now": -208673114804497.28,
      "percentil_spot": 50.0,
      "interpretacion": "MEDIA \u2014 relevante, monitorear en conjunto"
    },
    "zomma": {
      "n_strikes_banda": 60,
      "var_banda": 2.393971326859113e+27,
      "var_total": 4.379256973391606e+27,
      "concentracion": 0.5467,
      "gradiente_t": 0.0015,
      "score": 0.5475,
      "flip_en_banda": true,
      "nivel_flip": 7486.4301,
      "valor_spot_now": -10945940938287.28,
      "percentil_spot": 18.3,
      "interpretacion": "MEDIA \u2014 relevante, monitorear en conjunto"
    }
  },
  "tiene_inv": false
}