{
  "activo": "ES",
  "spot": 7616.25,
  "banda_pct": 0.01,
  "minutos_ahora": 900,
  "generated_at": "2026-05-31 21:12:24",
  "ranking": [
    "zomma",
    "color",
    "speed",
    "charm",
    "vanna",
    "gamma",
    "vomma",
    "delta"
  ],
  "lider": "zomma",
  "resumen": [
    "#1 ZOMMA     \u2014 Zomma dGamma/dVol (OI)          score=1.823  conc=1.822  grad=0.001  val@spot=-6.20e+14  p28 | FLIP en 7598.57",
    "#2 COLOR     \u2014 Color dGamma/dT (OI)            score=1.737  conc=1.737  grad=0.000  val@spot=-1.22e+16  p23 | FLIP en 7596.40",
    "#3 SPEED     \u2014 Speed dGamma/dS (OI)            score=1.696  conc=1.696  grad=0.000  val@spot=2.31e+12  p78 | FLIP en 7650.59",
    "#4 CHARM     \u2014 Charm dDelta/dT (OI)            score=1.456  conc=1.456  grad=0.000  val@spot=-9.13e+11  p30 | FLIP en 7653.63",
    "#5 VEX       \u2014 Vanna Exposure (OI)             score=1.439  conc=1.426  grad=0.009  val@spot=3.53e+12  p75 | FLIP en 7649.99",
    "#6 GEX       \u2014 Gamma Exposure (OI)             score=1.162  conc=1.161  grad=0.001  val@spot=1.14e+10  p52 | FLIP en 7583.59",
    "#7 VOMMA     \u2014 Vomma dVega/dVol (OI)           score=0.897  conc=0.892  grad=0.006  val@spot=4.47e+14  p35 | FLIP en 7553.47",
    "#8 DEX       \u2014 Net Delta (OI)                  score=0.554  conc=0.554  grad=0.002  val@spot=1.23e+10  p52"
  ],
  "por_superficie": {
    "gamma": {
      "n_strikes_banda": 60,
      "var_banda": 1.109271059874912e+20,
      "var_total": 9.552298904166515e+19,
      "concentracion": 1.1613,
      "gradiente_t": 0.0007,
      "score": 1.1621,
      "flip_en_banda": true,
      "nivel_flip": 7583.5943,
      "valor_spot_now": 11393043941.05,
      "percentil_spot": 51.7,
      "interpretacion": "ALTA \u2014 domina el comportamiento cerca del spot"
    },
    "vanna": {
      "n_strikes_banda": 60,
      "var_banda": 2.3411961835890392e+24,
      "var_total": 1.6422987149246064e+24,
      "concentracion": 1.4256,
      "gradiente_t": 0.0094,
      "score": 1.439,
      "flip_en_banda": true,
      "nivel_flip": 7649.994,
      "valor_spot_now": 3525046421773.77,
      "percentil_spot": 75.0,
      "interpretacion": "ALTA \u2014 domina el comportamiento cerca del spot"
    },
    "delta": {
      "n_strikes_banda": 60,
      "var_banda": 3.910457239790484e+19,
      "var_total": 7.062281853645862e+19,
      "concentracion": 0.5537,
      "gradiente_t": 0.0015,
      "score": 0.5545,
      "flip_en_banda": false,
      "nivel_flip": null,
      "valor_spot_now": 12292740935.61,
      "percentil_spot": 51.7,
      "interpretacion": "MEDIA \u2014 relevante, monitorear en conjunto"
    },
    "charm": {
      "n_strikes_banda": 60,
      "var_banda": 2.359078986187888e+24,
      "var_total": 1.6203703538583108e+24,
      "concentracion": 1.4559,
      "gradiente_t": 0.0001,
      "score": 1.456,
      "flip_en_banda": true,
      "nivel_flip": 7653.6265,
      "valor_spot_now": -912581223895.11,
      "percentil_spot": 30.0,
      "interpretacion": "ALTA \u2014 domina el comportamiento cerca del spot"
    },
    "color": {
      "n_strikes_banda": 60,
      "var_banda": 3.780003342554043e+35,
      "var_total": 2.1765214916360005e+35,
      "concentracion": 1.7367,
      "gradiente_t": 0.0,
      "score": 1.7367,
      "flip_en_banda": true,
      "nivel_flip": 7596.403,
      "valor_spot_now": -1.2189623724002292e+16,
      "percentil_spot": 23.3,
      "interpretacion": "ALTA \u2014 domina el comportamiento cerca del spot"
    },
    "speed": {
      "n_strikes_banda": 60,
      "var_banda": 2.09837950269568e+25,
      "var_total": 1.2372292060815296e+25,
      "concentracion": 1.696,
      "gradiente_t": 0.0001,
      "score": 1.6961,
      "flip_en_banda": true,
      "nivel_flip": 7650.5856,
      "valor_spot_now": 2311753526874.13,
      "percentil_spot": 78.3,
      "interpretacion": "ALTA \u2014 domina el comportamiento cerca del spot"
    },
    "vomma": {
      "n_strikes_banda": 60,
      "var_banda": 2.7422515992637674e+29,
      "var_total": 3.0751807281129766e+29,
      "concentracion": 0.8917,
      "gradiente_t": 0.0058,
      "score": 0.8969,
      "flip_en_banda": true,
      "nivel_flip": 7553.4662,
      "valor_spot_now": 446704300583820.9,
      "percentil_spot": 35.0,
      "interpretacion": "ALTA \u2014 domina el comportamiento cerca del spot"
    },
    "zomma": {
      "n_strikes_banda": 60,
      "var_banda": 2.347576780470064e+29,
      "var_total": 1.288551188705034e+29,
      "concentracion": 1.8219,
      "gradiente_t": 0.0007,
      "score": 1.8232,
      "flip_en_banda": true,
      "nivel_flip": 7598.5686,
      "valor_spot_now": -619813671554621.8,
      "percentil_spot": 28.3,
      "interpretacion": "ALTA \u2014 domina el comportamiento cerca del spot"
    }
  },
  "tiene_inv": false
}