{
  "activo": "ES",
  "spot": 7558.75,
  "banda_pct": 0.01,
  "minutos_ahora": 900,
  "generated_at": "2026-06-04 20:08:06",
  "ranking": [
    "vanna",
    "charm",
    "speed",
    "color",
    "zomma",
    "vomma",
    "gamma",
    "delta"
  ],
  "lider": "vanna",
  "resumen": [
    "#1 VEX       \u2014 Vanna Exposure (OI)             score=0.897  conc=0.880  grad=0.019  val@spot=1.69e+12  p53",
    "#2 CHARM     \u2014 Charm dDelta/dT (OI)            score=0.874  conc=0.874  grad=0.000  val@spot=-5.32e+11  p50",
    "#3 SPEED     \u2014 Speed dGamma/dS (OI)            score=0.858  conc=0.858  grad=0.000  val@spot=8.33e+11  p53",
    "#4 COLOR     \u2014 Color dGamma/dT (OI)            score=0.839  conc=0.839  grad=0.000  val@spot=8.94e+14  p63 | FLIP en 7609.42",
    "#5 ZOMMA     \u2014 Zomma dGamma/dVol (OI)          score=0.625  conc=0.625  grad=0.001  val@spot=5.83e+13  p67 | FLIP en 7603.65",
    "#6 VOMMA     \u2014 Vomma dVega/dVol (OI)           score=0.559  conc=0.555  grad=0.007  val@spot=-1.58e+14  p52 | FLIP en 7568.04",
    "#7 GEX       \u2014 Gamma Exposure (OI)             score=0.401  conc=0.400  grad=0.000  val@spot=-1.53e+09  p52 | FLIP en 7573.23",
    "#8 DEX       \u2014 Net Delta (OI)                  score=0.176  conc=0.176  grad=0.001  val@spot=2.41e+10  p15"
  ],
  "por_superficie": {
    "gamma": {
      "n_strikes_banda": 60,
      "var_banda": 2.4186948535356314e+19,
      "var_total": 6.040170066372703e+19,
      "concentracion": 0.4004,
      "gradiente_t": 0.0002,
      "score": 0.4005,
      "flip_en_banda": true,
      "nivel_flip": 7573.2261,
      "valor_spot_now": -1525581484.36,
      "percentil_spot": 51.7,
      "interpretacion": "MEDIA \u2014 relevante, monitorear en conjunto"
    },
    "vanna": {
      "n_strikes_banda": 60,
      "var_banda": 2.7634314188053586e+23,
      "var_total": 3.1390090786064956e+23,
      "concentracion": 0.8804,
      "gradiente_t": 0.0192,
      "score": 0.8973,
      "flip_en_banda": false,
      "nivel_flip": null,
      "valor_spot_now": 1692566058476.06,
      "percentil_spot": 53.3,
      "interpretacion": "ALTA \u2014 domina el comportamiento cerca del spot"
    },
    "delta": {
      "n_strikes_banda": 60,
      "var_banda": 4.02752347742668e+18,
      "var_total": 2.285561494881539e+19,
      "concentracion": 0.1762,
      "gradiente_t": 0.0012,
      "score": 0.1764,
      "flip_en_banda": false,
      "nivel_flip": null,
      "valor_spot_now": 24087380699.5,
      "percentil_spot": 15.0,
      "interpretacion": "BAJA \u2014 energ\u00eda dispersa lejos del spot"
    },
    "charm": {
      "n_strikes_banda": 60,
      "var_banda": 7.435636983564937e+23,
      "var_total": 8.51048014923725e+23,
      "concentracion": 0.8737,
      "gradiente_t": 0.0,
      "score": 0.8737,
      "flip_en_banda": false,
      "nivel_flip": null,
      "valor_spot_now": -532020341706.94,
      "percentil_spot": 50.0,
      "interpretacion": "ALTA \u2014 domina el comportamiento cerca del spot"
    },
    "color": {
      "n_strikes_banda": 60,
      "var_banda": 3.991510834142511e+34,
      "var_total": 4.756935522169857e+34,
      "concentracion": 0.8391,
      "gradiente_t": 0.0,
      "score": 0.8391,
      "flip_en_banda": true,
      "nivel_flip": 7609.419,
      "valor_spot_now": 893839658619863.8,
      "percentil_spot": 63.3,
      "interpretacion": "ALTA \u2014 domina el comportamiento cerca del spot"
    },
    "speed": {
      "n_strikes_banda": 60,
      "var_banda": 1.7415118452294875e+24,
      "var_total": 2.0297153530861277e+24,
      "concentracion": 0.858,
      "gradiente_t": 0.0,
      "score": 0.858,
      "flip_en_banda": false,
      "nivel_flip": null,
      "valor_spot_now": 832538236017.34,
      "percentil_spot": 53.3,
      "interpretacion": "ALTA \u2014 domina el comportamiento cerca del spot"
    },
    "vomma": {
      "n_strikes_banda": 60,
      "var_banda": 1.3307747950132992e+29,
      "var_total": 2.396968346507062e+29,
      "concentracion": 0.5552,
      "gradiente_t": 0.007,
      "score": 0.5591,
      "flip_en_banda": true,
      "nivel_flip": 7568.0359,
      "valor_spot_now": -158470885879628.25,
      "percentil_spot": 51.7,
      "interpretacion": "MEDIA \u2014 relevante, monitorear en conjunto"
    },
    "zomma": {
      "n_strikes_banda": 60,
      "var_banda": 9.563437500956036e+27,
      "var_total": 1.5311485111775158e+28,
      "concentracion": 0.6246,
      "gradiente_t": 0.0009,
      "score": 0.6252,
      "flip_en_banda": true,
      "nivel_flip": 7603.654,
      "valor_spot_now": 58294158902154.61,
      "percentil_spot": 66.7,
      "interpretacion": "ALTA \u2014 domina el comportamiento cerca del spot"
    }
  },
  "tiene_inv": false
}