{
  "activo": "ES",
  "spot": 7374.0,
  "banda_pct": 0.01,
  "minutos_ahora": 900,
  "generated_at": "2026-06-09 19:54:57",
  "ranking": [
    "color",
    "speed",
    "charm",
    "vanna",
    "zomma",
    "vomma",
    "gamma",
    "delta"
  ],
  "lider": "color",
  "resumen": [
    "#1 COLOR     \u2014 Color dGamma/dT (OI)            score=2.585  conc=2.585  grad=0.000  val@spot=2.64e+15  p88 | FLIP en 7447.03",
    "#2 SPEED     \u2014 Speed dGamma/dS (OI)            score=2.323  conc=2.323  grad=0.000  val@spot=1.11e+11  p51 | FLIP en 7336.97",
    "#3 CHARM     \u2014 Charm dDelta/dT (OI)            score=2.172  conc=2.172  grad=0.000  val@spot=-2.11e+11  p51 | FLIP en 7329.97",
    "#4 VEX       \u2014 Vanna Exposure (OI)             score=2.162  conc=2.145  grad=0.008  val@spot=3.79e+11  p51 | FLIP en 7333.62",
    "#5 ZOMMA     \u2014 Zomma dGamma/dVol (OI)          score=1.727  conc=1.725  grad=0.001  val@spot=7.05e+13  p90 | FLIP en 7446.84",
    "#6 VOMMA     \u2014 Vomma dVega/dVol (OI)           score=0.736  conc=0.735  grad=0.001  val@spot=-1.43e+14  p51",
    "#7 GEX       \u2014 Gamma Exposure (OI)             score=0.544  conc=0.544  grad=0.001  val@spot=-2.78e+09  p51",
    "#8 DEX       \u2014 Net Delta (OI)                  score=0.317  conc=0.317  grad=0.001  val@spot=1.01e+10  p51"
  ],
  "por_superficie": {
    "gamma": {
      "n_strikes_banda": 59,
      "var_banda": 8.910240537037637e+17,
      "var_total": 1.6390554880196475e+18,
      "concentracion": 0.5436,
      "gradiente_t": 0.0007,
      "score": 0.544,
      "flip_en_banda": false,
      "nivel_flip": null,
      "valor_spot_now": -2780548256.09,
      "percentil_spot": 50.8,
      "interpretacion": "MEDIA \u2014 relevante, monitorear en conjunto"
    },
    "vanna": {
      "n_strikes_banda": 59,
      "var_banda": 6.379628338414608e+22,
      "var_total": 2.9746129349135143e+22,
      "concentracion": 2.1447,
      "gradiente_t": 0.0078,
      "score": 2.1615,
      "flip_en_banda": true,
      "nivel_flip": 7333.6152,
      "valor_spot_now": 378796234136.53,
      "percentil_spot": 50.8,
      "interpretacion": "ALTA \u2014 domina el comportamiento cerca del spot"
    },
    "delta": {
      "n_strikes_banda": 59,
      "var_banda": 3.210318421112948e+18,
      "var_total": 1.0142781103232582e+19,
      "concentracion": 0.3165,
      "gradiente_t": 0.001,
      "score": 0.3168,
      "flip_en_banda": false,
      "nivel_flip": null,
      "valor_spot_now": 10138088568.65,
      "percentil_spot": 50.8,
      "interpretacion": "MEDIA \u2014 relevante, monitorear en conjunto"
    },
    "charm": {
      "n_strikes_banda": 59,
      "var_banda": 2.8552120262621957e+23,
      "var_total": 1.3147495069324212e+23,
      "concentracion": 2.1717,
      "gradiente_t": 0.0001,
      "score": 2.1718,
      "flip_en_banda": true,
      "nivel_flip": 7329.9673,
      "valor_spot_now": -211205262853.35,
      "percentil_spot": 50.8,
      "interpretacion": "ALTA \u2014 domina el comportamiento cerca del spot"
    },
    "color": {
      "n_strikes_banda": 59,
      "var_banda": 4.565501967650315e+33,
      "var_total": 1.7662126756876988e+33,
      "concentracion": 2.5849,
      "gradiente_t": 0.0,
      "score": 2.5849,
      "flip_en_banda": true,
      "nivel_flip": 7447.0346,
      "valor_spot_now": 2644350073468785.5,
      "percentil_spot": 88.1,
      "interpretacion": "ALTA \u2014 domina el comportamiento cerca del spot"
    },
    "speed": {
      "n_strikes_banda": 59,
      "var_banda": 1.0830429370172769e+23,
      "var_total": 4.662833799599416e+22,
      "concentracion": 2.3227,
      "gradiente_t": 0.0001,
      "score": 2.3229,
      "flip_en_banda": true,
      "nivel_flip": 7336.9725,
      "valor_spot_now": 111407929063.24,
      "percentil_spot": 50.8,
      "interpretacion": "ALTA \u2014 domina el comportamiento cerca del spot"
    },
    "vomma": {
      "n_strikes_banda": 59,
      "var_banda": 3.0934012061763204e+27,
      "var_total": 4.2078083510814315e+27,
      "concentracion": 0.7352,
      "gradiente_t": 0.0011,
      "score": 0.736,
      "flip_en_banda": false,
      "nivel_flip": null,
      "valor_spot_now": -143211989213373.75,
      "percentil_spot": 50.8,
      "interpretacion": "ALTA \u2014 domina el comportamiento cerca del spot"
    },
    "zomma": {
      "n_strikes_banda": 59,
      "var_banda": 9.626842382697886e+26,
      "var_total": 5.580393526731861e+26,
      "concentracion": 1.7251,
      "gradiente_t": 0.0009,
      "score": 1.7267,
      "flip_en_banda": true,
      "nivel_flip": 7446.8379,
      "valor_spot_now": 70492443269069.45,
      "percentil_spot": 89.8,
      "interpretacion": "ALTA \u2014 domina el comportamiento cerca del spot"
    }
  },
  "tiene_inv": false
}