{
  "activo": "ES",
  "spot": 7509.75,
  "banda_pct": 0.01,
  "minutos_ahora": 900,
  "generated_at": "2026-05-27 23:02:32",
  "ranking": [
    "color",
    "speed",
    "charm",
    "zomma",
    "vanna",
    "gamma",
    "vomma",
    "delta"
  ],
  "lider": "color",
  "resumen": [
    "#1 COLOR     \u2014 Color dGamma/dT (OI)            score=1.611  conc=1.611  grad=0.000  val@spot=6.64e+15  p97 | FLIP en 7547.76",
    "#2 SPEED     \u2014 Speed dGamma/dS (OI)            score=1.335  conc=1.335  grad=0.000  val@spot=7.94e+11  p55",
    "#3 CHARM     \u2014 Charm dDelta/dT (OI)            score=1.285  conc=1.285  grad=0.000  val@spot=-6.31e+11  p47",
    "#4 ZOMMA     \u2014 Zomma dGamma/dVol (OI)          score=1.259  conc=1.258  grad=0.001  val@spot=2.75e+14  p98 | FLIP en 7546.98",
    "#5 VEX       \u2014 Vanna Exposure (OI)             score=0.924  conc=0.915  grad=0.010  val@spot=1.78e+12  p55",
    "#6 GEX       \u2014 Gamma Exposure (OI)             score=0.709  conc=0.708  grad=0.001  val@spot=-2.49e+09  p52 | FLIP en 7529.39",
    "#7 VOMMA     \u2014 Vomma dVega/dVol (OI)           score=0.606  conc=0.603  grad=0.006  val@spot=1.97e+14  p63 | FLIP en 7498.49",
    "#8 DEX       \u2014 Net Delta (OI)                  score=0.224  conc=0.223  grad=0.002  val@spot=8.70e+09  p25"
  ],
  "por_superficie": {
    "gamma": {
      "n_strikes_banda": 60,
      "var_banda": 3.244529689918931e+19,
      "var_total": 4.582337430494396e+19,
      "concentracion": 0.7081,
      "gradiente_t": 0.0006,
      "score": 0.7085,
      "flip_en_banda": true,
      "nivel_flip": 7529.3892,
      "valor_spot_now": -2492829564.25,
      "percentil_spot": 51.7,
      "interpretacion": "ALTA \u2014 domina el comportamiento cerca del spot"
    },
    "vanna": {
      "n_strikes_banda": 60,
      "var_banda": 6.489641150523533e+23,
      "var_total": 7.093564371600513e+23,
      "concentracion": 0.9149,
      "gradiente_t": 0.0096,
      "score": 0.9237,
      "flip_en_banda": false,
      "nivel_flip": null,
      "valor_spot_now": 1777804800944.14,
      "percentil_spot": 55.0,
      "interpretacion": "ALTA \u2014 domina el comportamiento cerca del spot"
    },
    "delta": {
      "n_strikes_banda": 60,
      "var_banda": 3.621556722043722e+18,
      "var_total": 1.6221338686950201e+19,
      "concentracion": 0.2233,
      "gradiente_t": 0.0022,
      "score": 0.2237,
      "flip_en_banda": false,
      "nivel_flip": null,
      "valor_spot_now": 8699998160.74,
      "percentil_spot": 25.0,
      "interpretacion": "BAJA \u2014 energ\u00eda dispersa lejos del spot"
    },
    "charm": {
      "n_strikes_banda": 60,
      "var_banda": 1.8701073778689566e+24,
      "var_total": 1.45490087893056e+24,
      "concentracion": 1.2854,
      "gradiente_t": 0.0,
      "score": 1.2854,
      "flip_en_banda": false,
      "nivel_flip": null,
      "valor_spot_now": -631355431649.1,
      "percentil_spot": 46.7,
      "interpretacion": "ALTA \u2014 domina el comportamiento cerca del spot"
    },
    "color": {
      "n_strikes_banda": 60,
      "var_banda": 9.179599301565662e+34,
      "var_total": 5.697308162616503e+34,
      "concentracion": 1.6112,
      "gradiente_t": 0.0,
      "score": 1.6112,
      "flip_en_banda": true,
      "nivel_flip": 7547.7609,
      "valor_spot_now": 6639564652131581.0,
      "percentil_spot": 96.7,
      "interpretacion": "ALTA \u2014 domina el comportamiento cerca del spot"
    },
    "speed": {
      "n_strikes_banda": 60,
      "var_banda": 4.477845044643865e+24,
      "var_total": 3.3538010419529437e+24,
      "concentracion": 1.3352,
      "gradiente_t": 0.0,
      "score": 1.3352,
      "flip_en_banda": false,
      "nivel_flip": null,
      "valor_spot_now": 793986407246.79,
      "percentil_spot": 55.0,
      "interpretacion": "ALTA \u2014 domina el comportamiento cerca del spot"
    },
    "vomma": {
      "n_strikes_banda": 60,
      "var_banda": 6.672244051455355e+28,
      "var_total": 1.1063935569819204e+29,
      "concentracion": 0.6031,
      "gradiente_t": 0.0056,
      "score": 0.6064,
      "flip_en_banda": true,
      "nivel_flip": 7498.4929,
      "valor_spot_now": 196810212246210.25,
      "percentil_spot": 63.3,
      "interpretacion": "ALTA \u2014 domina el comportamiento cerca del spot"
    },
    "zomma": {
      "n_strikes_banda": 60,
      "var_banda": 5.802379359322626e+28,
      "var_total": 4.61163543683157e+28,
      "concentracion": 1.2582,
      "gradiente_t": 0.0008,
      "score": 1.2593,
      "flip_en_banda": true,
      "nivel_flip": 7546.9839,
      "valor_spot_now": 275370421232361.88,
      "percentil_spot": 98.3,
      "interpretacion": "ALTA \u2014 domina el comportamiento cerca del spot"
    }
  },
  "tiene_inv": false
}