{
  "activo": "ES",
  "spot": 7402.25,
  "banda_pct": 0.01,
  "minutos_ahora": 900,
  "generated_at": "2026-05-10 20:11:53",
  "ranking": [
    "zomma",
    "color",
    "gamma",
    "speed",
    "vanna",
    "charm",
    "vomma",
    "delta"
  ],
  "lider": "zomma",
  "resumen": [
    "#1 ZOMMA     \u2014 Zomma dGamma/dVol (OI)          score=1.541  conc=1.539  grad=0.001  val@spot=-1.81e+14  p53 | FLIP en 7388.53",
    "#2 COLOR     \u2014 Color dGamma/dT (OI)            score=1.124  conc=1.124  grad=0.000  val@spot=-5.24e+15  p53 | FLIP en 7386.31",
    "#3 GEX       \u2014 Gamma Exposure (OI)             score=0.962  conc=0.961  grad=0.001  val@spot=5.37e+08  p50 | FLIP en 7397.73",
    "#4 SPEED     \u2014 Speed dGamma/dS (OI)            score=0.949  conc=0.949  grad=0.000  val@spot=1.73e+12  p90 | FLIP en 7463.39",
    "#5 VEX       \u2014 Vanna Exposure (OI)             score=0.861  conc=0.852  grad=0.011  val@spot=3.74e+12  p87 | FLIP en 7467.07",
    "#6 CHARM     \u2014 Charm dDelta/dT (OI)            score=0.760  conc=0.760  grad=0.000  val@spot=-1.36e+12  p20 | FLIP en 7473.56",
    "#7 VOMMA     \u2014 Vomma dVega/dVol (OI)           score=0.558  conc=0.552  grad=0.011  val@spot=-4.18e+14  p17 | FLIP en 7442.35",
    "#8 DEX       \u2014 Net Delta (OI)                  score=0.220  conc=0.220  grad=0.002  val@spot=1.46e+10  p7"
  ],
  "por_superficie": {
    "gamma": {
      "n_strikes_banda": 30,
      "var_banda": 8.631581870266253e+19,
      "var_total": 8.983227152846134e+19,
      "concentracion": 0.9609,
      "gradiente_t": 0.0013,
      "score": 0.9621,
      "flip_en_banda": true,
      "nivel_flip": 7397.727,
      "valor_spot_now": 537211758.44,
      "percentil_spot": 50.0,
      "interpretacion": "ALTA \u2014 domina el comportamiento cerca del spot"
    },
    "vanna": {
      "n_strikes_banda": 30,
      "var_banda": 1.287903145009685e+24,
      "var_total": 1.5115297729745614e+24,
      "concentracion": 0.8521,
      "gradiente_t": 0.0109,
      "score": 0.8613,
      "flip_en_banda": true,
      "nivel_flip": 7467.0693,
      "valor_spot_now": 3736982256814.29,
      "percentil_spot": 86.7,
      "interpretacion": "ALTA \u2014 domina el comportamiento cerca del spot"
    },
    "delta": {
      "n_strikes_banda": 30,
      "var_banda": 8.689131298939801e+18,
      "var_total": 3.955521144577382e+19,
      "concentracion": 0.2197,
      "gradiente_t": 0.002,
      "score": 0.2201,
      "flip_en_banda": false,
      "nivel_flip": null,
      "valor_spot_now": 14606604370.54,
      "percentil_spot": 6.7,
      "interpretacion": "BAJA \u2014 energ\u00eda dispersa lejos del spot"
    },
    "charm": {
      "n_strikes_banda": 30,
      "var_banda": 1.877713978983793e+24,
      "var_total": 2.4702897189947833e+24,
      "concentracion": 0.7601,
      "gradiente_t": 0.0001,
      "score": 0.7602,
      "flip_en_banda": true,
      "nivel_flip": 7473.5626,
      "valor_spot_now": -1355848679967.78,
      "percentil_spot": 20.0,
      "interpretacion": "ALTA \u2014 domina el comportamiento cerca del spot"
    },
    "color": {
      "n_strikes_banda": 30,
      "var_banda": 1.5611828595313288e+35,
      "var_total": 1.3893076758653966e+35,
      "concentracion": 1.1237,
      "gradiente_t": 0.0,
      "score": 1.1237,
      "flip_en_banda": true,
      "nivel_flip": 7386.3141,
      "valor_spot_now": -5239014283238903.0,
      "percentil_spot": 53.3,
      "interpretacion": "ALTA \u2014 domina el comportamiento cerca del spot"
    },
    "speed": {
      "n_strikes_banda": 30,
      "var_banda": 2.871405918741896e+24,
      "var_total": 3.0250361377912e+24,
      "concentracion": 0.9492,
      "gradiente_t": 0.0002,
      "score": 0.9494,
      "flip_en_banda": true,
      "nivel_flip": 7463.3912,
      "valor_spot_now": 1729469913825.77,
      "percentil_spot": 90.0,
      "interpretacion": "ALTA \u2014 domina el comportamiento cerca del spot"
    },
    "vomma": {
      "n_strikes_banda": 30,
      "var_banda": 9.952106364857238e+28,
      "var_total": 1.8019787682424873e+29,
      "concentracion": 0.5523,
      "gradiente_t": 0.0105,
      "score": 0.5581,
      "flip_en_banda": true,
      "nivel_flip": 7442.3506,
      "valor_spot_now": -417776733349519.75,
      "percentil_spot": 16.7,
      "interpretacion": "MEDIA \u2014 relevante, monitorear en conjunto"
    },
    "zomma": {
      "n_strikes_banda": 30,
      "var_banda": 7.9042899675292035e+28,
      "var_total": 5.135757717758746e+28,
      "concentracion": 1.5391,
      "gradiente_t": 0.0014,
      "score": 1.5413,
      "flip_en_banda": true,
      "nivel_flip": 7388.5272,
      "valor_spot_now": -180698027883746.3,
      "percentil_spot": 53.3,
      "interpretacion": "ALTA \u2014 domina el comportamiento cerca del spot"
    }
  },
  "tiene_inv": false
}