{
  "activo": "ES",
  "spot": 7232.75,
  "banda_pct": 0.01,
  "minutos_ahora": 900,
  "generated_at": "2026-05-04 20:33:19",
  "ranking": [
    "inv_color",
    "color",
    "inv_speed",
    "inv_gamma",
    "speed",
    "inv_charm",
    "charm",
    "inv_vanna",
    "gamma",
    "vanna",
    "inv_delta",
    "delta"
  ],
  "lider": "inv_color",
  "resumen": [
    "#1 INV_COLOR \u2014 Color dGamma/dT (flujo neto)    score=4.058  conc=4.058  grad=0.000  val@spot=-4.83e+15  p52 | FLIP en 7245.28",
    "#2 COLOR     \u2014 Color dGamma/dT (OI)            score=3.905  conc=3.905  grad=0.000  val@spot=-1.25e+14  p52 | FLIP en 7234.50",
    "#3 INV_SPEED \u2014 Speed dGamma/dS (flujo neto)    score=3.368  conc=3.367  grad=0.000  val@spot=-1.64e+12  p21 | FLIP en 7294.92",
    "#4 INV_GEX   \u2014 Gamma Exposure (flujo neto)     score=3.251  conc=3.247  grad=0.001  val@spot=4.18e+09  p52 | FLIP en 7252.36",
    "#5 SPEED     \u2014 Speed dGamma/dS (OI)            score=2.793  conc=2.793  grad=0.000  val@spot=1.25e+12  p90 | FLIP en 7167.26",
    "#6 INV_CHARM \u2014 Charm dDelta/dT (flujo neto)    score=2.700  conc=2.700  grad=0.000  val@spot=1.04e+12  p86 | FLIP en 7301.14",
    "#7 CHARM     \u2014 Charm dDelta/dT (OI)            score=2.468  conc=2.468  grad=0.000  val@spot=-8.89e+11  p3",
    "#8 INV_VEX   \u2014 Vanna Exposure (flujo neto)     score=2.460  conc=2.441  grad=0.008  val@spot=-3.11e+12  p17 | FLIP en 7297.13",
    "#9 GEX       \u2014 Gamma Exposure (OI)             score=2.232  conc=2.229  grad=0.001  val@spot=-2.91e+09  p52 | FLIP en 7251.60",
    "#10 VEX       \u2014 Vanna Exposure (OI)             score=1.705  conc=1.683  grad=0.013  val@spot=2.52e+12  p97",
    "#11 INV_DEX   \u2014 Net Delta (flujo neto)          score=0.242  conc=0.242  grad=0.001  val@spot=-1.14e+10  p79",
    "#12 DEX       \u2014 Net Delta (OI)                  score=0.118  conc=0.118  grad=0.002  val@spot=7.96e+09  p24"
  ],
  "por_superficie": {
    "gamma": {
      "n_strikes_banda": 29,
      "var_banda": 4.885073887187519e+19,
      "var_total": 2.1912144734256685e+19,
      "concentracion": 2.2294,
      "gradiente_t": 0.001,
      "score": 2.2316,
      "flip_en_banda": true,
      "nivel_flip": 7251.5953,
      "valor_spot_now": -2907633837.46,
      "percentil_spot": 51.7,
      "interpretacion": "ALTA \u2014 domina el comportamiento cerca del spot"
    },
    "vanna": {
      "n_strikes_banda": 29,
      "var_banda": 5.4263149252828266e+23,
      "var_total": 3.223621033856025e+23,
      "concentracion": 1.6833,
      "gradiente_t": 0.013,
      "score": 1.7051,
      "flip_en_banda": false,
      "nivel_flip": null,
      "valor_spot_now": 2520638273296.42,
      "percentil_spot": 96.6,
      "interpretacion": "ALTA \u2014 domina el comportamiento cerca del spot"
    },
    "delta": {
      "n_strikes_banda": 29,
      "var_banda": 6.332421132508938e+18,
      "var_total": 5.365790173413751e+19,
      "concentracion": 0.118,
      "gradiente_t": 0.0015,
      "score": 0.1182,
      "flip_en_banda": false,
      "nivel_flip": null,
      "valor_spot_now": 7960595475.27,
      "percentil_spot": 24.1,
      "interpretacion": "BAJA \u2014 energ\u00eda dispersa lejos del spot"
    },
    "charm": {
      "n_strikes_banda": 29,
      "var_banda": 1.2053179759291091e+24,
      "var_total": 4.88399862901998e+23,
      "concentracion": 2.4679,
      "gradiente_t": 0.0001,
      "score": 2.4682,
      "flip_en_banda": false,
      "nivel_flip": null,
      "valor_spot_now": -888863522826.97,
      "percentil_spot": 3.4,
      "interpretacion": "ALTA \u2014 domina el comportamiento cerca del spot"
    },
    "color": {
      "n_strikes_banda": 29,
      "var_banda": 1.0745602571326502e+35,
      "var_total": 2.7520510440494995e+34,
      "concentracion": 3.9046,
      "gradiente_t": 0.0,
      "score": 3.9046,
      "flip_en_banda": true,
      "nivel_flip": 7234.4956,
      "valor_spot_now": -124850479041709.0,
      "percentil_spot": 51.7,
      "interpretacion": "ALTA \u2014 domina el comportamiento cerca del spot"
    },
    "speed": {
      "n_strikes_banda": 29,
      "var_banda": 1.8769179168758634e+24,
      "var_total": 6.720908103036487e+23,
      "concentracion": 2.7927,
      "gradiente_t": 0.0002,
      "score": 2.7931,
      "flip_en_banda": true,
      "nivel_flip": 7167.2557,
      "valor_spot_now": 1253946015679.42,
      "percentil_spot": 89.7,
      "interpretacion": "ALTA \u2014 domina el comportamiento cerca del spot"
    },
    "inv_gamma": {
      "n_strikes_banda": 29,
      "var_banda": 7.454150066652435e+19,
      "var_total": 2.295597138896556e+19,
      "concentracion": 3.2472,
      "gradiente_t": 0.0012,
      "score": 3.2511,
      "flip_en_banda": true,
      "nivel_flip": 7252.3642,
      "valor_spot_now": 4177102268.39,
      "percentil_spot": 51.7,
      "interpretacion": "ALTA \u2014 domina el comportamiento cerca del spot"
    },
    "inv_vanna": {
      "n_strikes_banda": 29,
      "var_banda": 1.273537735188553e+24,
      "var_total": 5.21811927329641e+23,
      "concentracion": 2.4406,
      "gradiente_t": 0.0081,
      "score": 2.4604,
      "flip_en_banda": true,
      "nivel_flip": 7297.1252,
      "valor_spot_now": -3106903774185.66,
      "percentil_spot": 17.2,
      "interpretacion": "ALTA \u2014 domina el comportamiento cerca del spot"
    },
    "inv_delta": {
      "n_strikes_banda": 29,
      "var_banda": 1.088774409329769e+19,
      "var_total": 4.507093462652039e+19,
      "concentracion": 0.2416,
      "gradiente_t": 0.0014,
      "score": 0.2419,
      "flip_en_banda": false,
      "nivel_flip": null,
      "valor_spot_now": -11443411015.56,
      "percentil_spot": 79.3,
      "interpretacion": "BAJA \u2014 energ\u00eda dispersa lejos del spot"
    },
    "inv_charm": {
      "n_strikes_banda": 29,
      "var_banda": 1.8106845492329592e+24,
      "var_total": 6.706631318048246e+23,
      "concentracion": 2.6998,
      "gradiente_t": 0.0002,
      "score": 2.7004,
      "flip_en_banda": true,
      "nivel_flip": 7301.1418,
      "valor_spot_now": 1035389047982.98,
      "percentil_spot": 86.2,
      "interpretacion": "ALTA \u2014 domina el comportamiento cerca del spot"
    },
    "inv_color": {
      "n_strikes_banda": 29,
      "var_banda": 2.059316802438086e+35,
      "var_total": 5.074864654190285e+34,
      "concentracion": 4.0579,
      "gradiente_t": 0.0,
      "score": 4.0579,
      "flip_en_banda": true,
      "nivel_flip": 7245.2823,
      "valor_spot_now": -4833759999192973.0,
      "percentil_spot": 51.7,
      "interpretacion": "ALTA \u2014 domina el comportamiento cerca del spot"
    },
    "inv_speed": {
      "n_strikes_banda": 29,
      "var_banda": 4.413932521772095e+24,
      "var_total": 1.3109628095843195e+24,
      "concentracion": 3.3669,
      "gradiente_t": 0.0003,
      "score": 3.3679,
      "flip_en_banda": true,
      "nivel_flip": 7294.9199,
      "valor_spot_now": -1637080082278.11,
      "percentil_spot": 20.7,
      "interpretacion": "ALTA \u2014 domina el comportamiento cerca del spot"
    }
  },
  "tiene_inv": true
}