05:32:18    📊 GLD  FLOW | CallPrem=0 PutPrem=0 | Imbalance=+0.00 | Regime=DEALER_SHORT_GAMMA (39%) | Bias=BEARISH Risk=LOW | Scores B=0 P=15 SQ=0
05:32:18    ✅ NQ   | SPOT=30570.00 | ZERO=30617.34 | GEX↑=    0.00 GEX↓=30500.00 | VEX↑=30700.00 VEX↓=    0.00 | BAC=0.0 SAC=0.0 BAP=0.0 SAP=0.0 | INV_BAC=2076.0 INV_SAC=4594.0 INV_BAP=2236.0 INV_SAP=4018.0
05:32:18    📊 NQ   FLOW | CallPrem=4,675,958 PutPrem=5,824,308 | Imbalance=-0.11 | Regime=DEALER_LONG_GAMMA (54%) | Bias=NEUTRAL Risk=LOW | Scores B=9 P=16 SQ=25
05:32:18    📡 signals.json: 6 señal(es) activa(s): VIX:APPROACHING_GEX_WALL, SPY:APPROACHING_GEX_WALL, SPY:ZERO_PROXIMITY_RESISTANCE, QQQ:ZERO_PROXIMITY_RESISTANCE, SPX:APPROACHING_GEX_WALL, SPX:VIX_REGIME_CONFIRM
05:32:19    🎯 BIAS CONFLICTED conf=3 regime=CHARM_DOMINATED gz=ALIGNED_BEAR confluence=4.3 action=WAIT_CONFIRM T1=7752.79 (MAX_vGEX) SQ:False PK:False
05:32:19    ✅ Ciclo 378 completado en 1.9s | margen=58.1s | read=0.2s compute=1.3s signals=0.1s
05:33:17  ── Ciclo 379  05:33:17 ───────────────────────────────────
05:33:17    VIX: sin 0DTE, usando cadena completa.
05:33:17    VXX: error conectando a Excel: (-2147352567, 'Ocurrió una excepción.', (0, None, None, None, 0, -2147352565), None)
05:33:17    VXX: sin datos, se omite.
05:33:17    UVXY: error conectando a Excel: (-2147352567, 'Ocurrió una excepción.', (0, None, None, None, 0, -2147352565), None)
05:33:17    UVXY: sin datos, se omite.
05:33:17    SVXY: error conectando a Excel: (-2147352567, 'Ocurrió una excepción.', (0, None, None, None, 0, -2147352565), None)
05:33:17    SVXY: sin datos, se omite.
05:33:17    TQQQ: error conectando a Excel: (-2147352567, 'Ocurrió una excepción.', (0, None, None, None, 0, -2147352565), None)
05:33:17    TQQQ: sin datos, se omite.
05:33:17    SQQQ: error conectando a Excel: (-2147352567, 'Ocurrió una excepción.', (0, None, None, None, 0, -2147352565), None)
05:33:17    SQQQ: sin datos, se omite.
05:33:17    SPXS: error conectando a Excel: (-2147352567, 'Ocurrió una excepción.', (0, None, None, None, 0, -2147352565), None)
05:33:17    SPXS: sin datos, se omite.
05:33:17    SPXL: error conectando a Excel: (-2147352567, 'Ocurrió una excepción.', (0, None, None, None, 0, -2147352565), None)
05:33:17    SPXL: sin datos, se omite.
05:33:17    USO: sin 0DTE, usando cadena completa.
05:33:17    TLT: error conectando a Excel: (-2147352567, 'Ocurrió una excepción.', (0, None, None, None, 0, -2147352565), None)
05:33:17    TLT: sin datos, se omite.
05:33:17    GLD: sin 0DTE, usando cadena completa.
05:33:17    NVDA: error conectando a Excel: (-2147352567, 'Ocurrió una excepción.', (0, None, None, None, 0, -2147352565), None)
05:33:17    NVDA: sin datos, se omite.
05:33:17    Fase1 LECTURA: 10 activos en 0.2s
05:33:18    Fase2 COMPUTE: 10/10 activos en 1.0s (4 workers paralelos)
05:33:18    🚨 SIGNAL QQQ GEX_WALL | SPOT=736.94 wall=738.0 dist=1.06pts
05:33:18    🚨 SIGNAL USO GEX_WALL | SPOT=154.85 wall=151.0 dist=3.85pts
05:33:18    🚨 SIGNAL USO VIX_CONFIRM BULLISH | vix=LONG_GAMMA
05:33:18    🚨 SIGNAL USO PINNING_RISK BULLISH | pin=155.0 dist=0.2pts prob=69% T=0.0h [pin=60% charm=True neutral=True]
05:33:18    🚨 SIGNAL GLD GEX_WALL | SPOT=381.08 wall=385.0 dist=3.92pts
05:33:18    🚨 SIGNAL GLD VIX_CONFIRM BULLISH | vix=LONG_GAMMA
05:33:18    📊 VIX  FLOW | CallPrem=0 PutPrem=0 | Imbalance=+0.00 | Regime=DEALER_SHORT_GAMMA (42%) | Bias=BEARISH Risk=MEDIUM | Scores B=0 P=15 SQ=25
05:33:18    ✅ VIX  | SPOT=   16.40 | ZERO=   16.45 | GEX↑=    0.00 GEX↓=   16.00 | VEX↑=   18.00 VEX↓=    0.00 | BAC=0.0 SAC=0.0 BAP=0.0 SAP=0.0 | INV_BAC=2.0 INV_SAC=150.0 INV_BAP=0.0 INV_SAP=8.0
05:33:18    ✅ SPY  | SPOT=  767.18 | ZERO=  768.17 | GEX↑=    0.00 GEX↓=  768.00 | VEX↑=  797.00 VEX↓=    0.00 | BAC=0.0 SAC=0.0 BAP=0.0 SAP=0.0 | INV_BAC=535168.0 INV_SAC=108725.0 INV_BAP=531196.0 INV_SAP=70068.0
05:33:18    📊 SPY  FLOW | CallPrem=0 PutPrem=0 | Imbalance=+0.00 | Regime=DEALER_SHORT_GAMMA (39%) | Bias=BEARISH Risk=LOW | Scores B=0 P=15 SQ=0
05:33:18    📈 signals_performance.csv: 1 outcome(s) registrado(s)
05:33:18    ✅ QQQ  | SPOT=  736.94 | ZERO=  738.00 | GEX↑=    0.00 GEX↓=  738.00 | VEX↑=  767.00 VEX↓=    0.00 | BAC=0.0 SAC=0.0 BAP=0.0 SAP=0.0 | INV_BAC=406048.0 INV_SAC=68532.0 INV_BAP=184603.0 INV_SAP=284458.0
05:33:18    📊 QQQ  FLOW | CallPrem=0 PutPrem=0 | Imbalance=+0.00 | Regime=DEALER_SHORT_GAMMA (39%) | Bias=BEARISH Risk=LOW | Scores B=0 P=15 SQ=0
05:33:18    ✅ SPX  | SPOT= 7743.41 | ZERO= 7735.05 | GEX↑= 7740.00 GEX↓=    0.00 | VEX↑= 7740.00 VEX↓=    0.00 | BAC=0.0 SAC=0.0 BAP=0.0 SAP=0.0 | INV_BAC=48685.0 INV_SAC=1.0 INV_BAP=40263.0 INV_SAP=2708.0
05:33:18    📊 SPX  FLOW | CallPrem=56,691,257 PutPrem=7,900,612 | Imbalance=+0.76 | Regime=DEALER_LONG_GAMMA (47%) | Bias=BULLISH Risk=MEDIUM | Scores B=50 P=15 SQ=47
05:33:18    ✅ ES   | SPOT= 7760.75 | ZERO= 7768.76 | GEX↑=    0.00 GEX↓= 7750.00 | VEX↑=    0.00 VEX↓= 7750.00 | BAC=0.0 SAC=0.0 BAP=0.0 SAP=0.0 | INV_BAC=15788.0 INV_SAC=12868.0 INV_BAP=13908.0 INV_SAP=22270.0
05:33:18    📊 ES   FLOW | CallPrem=4,782,555 PutPrem=5,656,460 | Imbalance=-0.08 | Regime=DEALER_LONG_GAMMA (53%) | Bias=BEARISH Risk=MEDIUM | Scores B=1 P=16 SQ=20
05:33:18    ✅ USO  | SPOT=  154.85 | ZERO=  149.00 | GEX↑=    0.00 GEX↓=  155.00 | VEX↑=  178.00 VEX↓=    0.00 | BAC=0.0 SAC=0.0 BAP=0.0 SAP=0.0 | INV_BAC=40668.0 INV_SAC=6027.0 INV_BAP=29949.0 INV_SAP=18676.0
05:33:18    📊 USO  FLOW | CallPrem=0 PutPrem=0 | Imbalance=+0.00 | Regime=DEALER_LONG_GAMMA (41%) | Bias=NEUTRAL Risk=LOW | Scores B=20 P=0 SQ=15
05:33:18    ✅ RTY  | SPOT= 2840.40 | ZERO= 2869.58 | GEX↑=    0.00 GEX↓= 2840.00 | VEX↑=    0.00 VEX↓= 2860.00 | BAC=0.0 SAC=0.0 BAP=0.0 SAP=0.0 | INV_BAC=1446.0 INV_SAC=6.0 INV_BAP=257.0 INV_SAP=483.0
05:33:18    📊 RTY  FLOW | CallPrem=0 PutPrem=0 | Imbalance=+0.00 | Regime=DEALER_SHORT_GAMMA (38%) | Bias=NEUTRAL Risk=MEDIUM | Scores B=21 P=30 SQ=10
05:33:18    ✅ GLD  | SPOT=  381.08 | ZERO=  382.00 | GEX↑=  381.00 GEX↓=    0.00 | VEX↑=  403.00 VEX↓=    0.00 | BAC=0.0 SAC=0.0 BAP=0.0 SAP=0.0 | INV_BAC=32296.0 INV_SAC=21282.0 INV_BAP=1469.0 INV_SAP=38742.0
05:33:18    📊 GLD  FLOW | CallPrem=0 PutPrem=0 | Imbalance=+0.00 | Regime=DEALER_SHORT_GAMMA (39%) | Bias=BEARISH Risk=LOW | Scores B=0 P=15 SQ=0
05:33:18    ✅ NQ   | SPOT=30574.00 | ZERO=30617.32 | GEX↑=    0.00 GEX↓=30500.00 | VEX↑=30700.00 VEX↓=    0.00 | BAC=0.0 SAC=0.0 BAP=0.0 SAP=0.0 | INV_BAC=2076.0 INV_SAC=4608.0 INV_BAP=2236.0 INV_SAP=4018.0
05:33:18    📊 NQ   FLOW | CallPrem=4,675,958 PutPrem=5,824,308 | Imbalance=-0.11 | Regime=DEALER_LONG_GAMMA (49%) | Bias=BEARISH Risk=LOW | Scores B=6 P=16 SQ=25
05:33:18    ✅ NDX  | SPOT=30608.13 | ZERO=30608.78 | GEX↑=30850.00 GEX↓=    0.00 | VEX↑=31690.00 VEX↓=    0.00 | BAC=0.0 SAC=0.0 BAP=0.0 SAP=0.0 | INV_BAC=1552.0 INV_SAC=1144.0 INV_BAP=1692.0 INV_SAP=1074.0
05:33:18    📊 NDX  FLOW | CallPrem=0 PutPrem=0 | Imbalance=+0.00 | Regime=DEALER_SHORT_GAMMA (39%) | Bias=BEARISH Risk=LOW | Scores B=0 P=15 SQ=0
05:33:18    📡 signals.json: 6 señal(es) activa(s): QQQ:APPROACHING_GEX_WALL, USO:APPROACHING_GEX_WALL, USO:VIX_REGIME_CONFIRM, USO:PINNING_RISK, GLD:APPROACHING_GEX_WALL, GLD:VIX_REGIME_CONFIRM
05:33:18    🎯 BIAS CONFLICTED conf=3 regime=CHARM_DOMINATED gz=ALIGNED_BEAR confluence=4.3 action=WAIT_CONFIRM T1=7752.79 (MAX_vGEX) SQ:False PK:False
05:33:18    ✅ Ciclo 379 completado en 1.6s | margen=58.4s | read=0.2s compute=1.0s signals=0.1s
05:34:17  ── Ciclo 380  05:34:17 ───────────────────────────────────
05:34:17    VIX: sin 0DTE, usando cadena completa.
05:34:17    VXX: error conectando a Excel: (-2147352567, 'Ocurrió una excepción.', (0, None, None, None, 0, -2147352565), None)
05:34:17    VXX: sin datos, se omite.
05:34:17    UVXY: error conectando a Excel: (-2147352567, 'Ocurrió una excepción.', (0, None, None, None, 0, -2147352565), None)
05:34:17    UVXY: sin datos, se omite.
05:34:17    SVXY: error conectando a Excel: (-2147352567, 'Ocurrió una excepción.', (0, None, None, None, 0, -2147352565), None)
05:34:17    SVXY: sin datos, se omite.
05:34:17    TQQQ: error conectando a Excel: (-2147352567, 'Ocurrió una excepción.', (0, None, None, None, 0, -2147352565), None)
05:34:17    TQQQ: sin datos, se omite.
05:34:17    SQQQ: error conectando a Excel: (-2147352567, 'Ocurrió una excepción.', (0, None, None, None, 0, -2147352565), None)
05:34:17    SQQQ: sin datos, se omite.
05:34:17    SPXS: error conectando a Excel: (-2147352567, 'Ocurrió una excepción.', (0, None, None, None, 0, -2147352565), None)
05:34:17    SPXS: sin datos, se omite.
05:34:17    SPXL: error conectando a Excel: (-2147352567, 'Ocurrió una excepción.', (0, None, None, None, 0, -2147352565), None)
05:34:17    SPXL: sin datos, se omite.
05:34:17    USO: sin 0DTE, usando cadena completa.
05:34:17    TLT: error conectando a Excel: (-2147352567, 'Ocurrió una excepción.', (0, None, None, None, 0, -2147352565), None)
05:34:17    TLT: sin datos, se omite.
05:34:17    GLD: sin 0DTE, usando cadena completa.
05:34:17    NVDA: error conectando a Excel: (-2147352567, 'Ocurrió una excepción.', (0, None, None, None, 0, -2147352565), None)
05:34:17    NVDA: sin datos, se omite.
05:34:17    Fase1 LECTURA: 10 activos en 0.2s
05:34:18    Fase2 COMPUTE: 10/10 activos en 1.0s (4 workers paralelos)
05:34:18    🚨 SIGNAL VIX GEX_WALL | SPOT=16.39 wall=14.0 dist=2.39pts
05:34:18    🚨 SIGNAL SPY GEX_WALL | SPOT=767.28 wall=770.0 dist=2.72pts
05:34:18    🚨 SIGNAL SPX GEX_WALL | SPOT=7743.41 wall=7740.0 dist=3.41pts
05:34:18    🚨 SIGNAL GLD REGIME_TRADE_CONFIRM BULLISH | regime=CHARM_DOMINATED conf=65% L=53 S=32 gap=21pts
05:34:18    📊 VIX  FLOW | CallPrem=0 PutPrem=0 | Imbalance=+0.00 | Regime=DEALER_SHORT_GAMMA (42%) | Bias=BEARISH Risk=MEDIUM | Scores B=0 P=15 SQ=25
05:34:18    ✅ VIX  | SPOT=   16.39 | ZERO=   16.45 | GEX↑=    0.00 GEX↓=   16.00 | VEX↑=   18.00 VEX↓=    0.00 | BAC=0.0 SAC=0.0 BAP=0.0 SAP=0.0 | INV_BAC=2.0 INV_SAC=150.0 INV_BAP=0.0 INV_SAP=8.0
05:34:18    📈 signals_performance.csv: 1 outcome(s) registrado(s)
05:34:18    ✅ SPY  | SPOT=  767.28 | ZERO=  768.17 | GEX↑=    0.00 GEX↓=  768.00 | VEX↑=  797.00 VEX↓=    0.00 | BAC=0.0 SAC=0.0 BAP=0.0 SAP=0.0 | INV_BAC=535168.0 INV_SAC=108725.0 INV_BAP=531196.0 INV_SAP=70068.0
05:34:18    📈 signals_performance.csv: 1 outcome(s) registrado(s)
05:34:18    📊 SPY  FLOW | CallPrem=0 PutPrem=0 | Imbalance=+0.00 | Regime=DEALER_SHORT_GAMMA (39%) | Bias=BEARISH Risk=LOW | Scores B=0 P=15 SQ=0
05:34:18    ✅ QQQ  | SPOT=  737.08 | ZERO=  738.00 | GEX↑=    0.00 GEX↓=  738.00 | VEX↑=  767.00 VEX↓=    0.00 | BAC=0.0 SAC=0.0 BAP=0.0 SAP=0.0 | INV_BAC=406048.0 INV_SAC=68532.0 INV_BAP=184603.0 INV_SAP=284458.0
05:34:18    📊 QQQ  FLOW | CallPrem=0 PutPrem=0 | Imbalance=+0.00 | Regime=DEALER_SHORT_GAMMA (39%) | Bias=BEARISH Risk=LOW | Scores B=0 P=15 SQ=0
05:34:18    ✅ SPX  | SPOT= 7743.41 | ZERO= 7735.06 | GEX↑= 7740.00 GEX↓=    0.00 | VEX↑= 7740.00 VEX↓=    0.00 | BAC=0.0 SAC=0.0 BAP=0.0 SAP=0.0 | INV_BAC=48726.0 INV_SAC=1.0 INV_BAP=40282.0 INV_SAP=2708.0
05:34:18    📈 signals_performance.csv: 1 outcome(s) registrado(s)
05:34:18    📊 SPX  FLOW | CallPrem=56,784,346 PutPrem=7,911,312 | Imbalance=+0.76 | Regime=DEALER_LONG_GAMMA (44%) | Bias=BULLISH Risk=HIGH | Scores B=54 P=15 SQ=45
05:34:18    ✅ ES   | SPOT= 7761.75 | ZERO= 7768.74 | GEX↑=    0.00 GEX↓= 7750.00 | VEX↑=    0.00 VEX↓= 7750.00 | BAC=0.0 SAC=0.0 BAP=0.0 SAP=0.0 | INV_BAC=15792.0 INV_SAC=12876.0 INV_BAP=13908.0 INV_SAP=22274.0
05:34:18    📊 ES   FLOW | CallPrem=4,785,690 PutPrem=5,656,795 | Imbalance=-0.08 | Regime=DEALER_LONG_GAMMA (46%) | Bias=BEARISH Risk=MEDIUM | Scores B=1 P=23 SQ=18
05:34:18    📈 signals_performance.csv: 1 outcome(s) registrado(s)
05:34:18    ✅ RTY  | SPOT= 2840.80 | ZERO= 2869.58 | GEX↑=    0.00 GEX↓= 2840.00 | VEX↑=    0.00 VEX↓= 2860.00 | BAC=0.0 SAC=0.0 BAP=0.0 SAP=0.0 | INV_BAC=1446.0 INV_SAC=6.0 INV_BAP=257.0 INV_SAP=483.0
05:34:18    📊 RTY  FLOW | CallPrem=0 PutPrem=0 | Imbalance=+0.00 | Regime=DEALER_SHORT_GAMMA (42%) | Bias=BEARISH Risk=MEDIUM | Scores B=18 P=30 SQ=10
05:34:18    ✅ NDX  | SPOT=30608.13 | ZERO=30608.78 | GEX↑=30850.00 GEX↓=    0.00 | VEX↑=31690.00 VEX↓=    0.00 | BAC=0.0 SAC=0.0 BAP=0.0 SAP=0.0 | INV_BAC=1552.0 INV_SAC=1144.0 INV_BAP=1692.0 INV_SAP=1074.0
05:34:18    📊 NDX  FLOW | CallPrem=0 PutPrem=0 | Imbalance=+0.00 | Regime=DEALER_SHORT_GAMMA (39%) | Bias=BEARISH Risk=LOW | Scores B=0 P=15 SQ=0
05:34:18    ✅ GLD  | SPOT=  381.14 | ZERO=  382.00 | GEX↑=  381.00 GEX↓=    0.00 | VEX↑=  403.00 VEX↓=    0.00 | BAC=0.0 SAC=0.0 BAP=0.0 SAP=0.0 | INV_BAC=32296.0 INV_SAC=21282.0 INV_BAP=1469.0 INV_SAP=38742.0
05:34:18    📊 GLD  FLOW | CallPrem=0 PutPrem=0 | Imbalance=+0.00 | Regime=DEALER_SHORT_GAMMA (39%) | Bias=BEARISH Risk=LOW | Scores B=0 P=15 SQ=0
05:34:18    ✅ USO  | SPOT=  154.85 | ZERO=  149.00 | GEX↑=    0.00 GEX↓=  155.00 | VEX↑=  178.00 VEX↓=    0.00 | BAC=0.0 SAC=0.0 BAP=0.0 SAP=0.0 | INV_BAC=40668.0 INV_SAC=6027.0 INV_BAP=29949.0 INV_SAP=18676.0
05:34:18    📊 USO  FLOW | CallPrem=0 PutPrem=0 | Imbalance=+0.00 | Regime=DEALER_LONG_GAMMA (41%) | Bias=NEUTRAL Risk=LOW | Scores B=20 P=0 SQ=15
05:34:18    ✅ NQ   | SPOT=30579.75 | ZERO=30617.30 | GEX↑=    0.00 GEX↓=30500.00 | VEX↑=30700.00 VEX↓=    0.00 | BAC=0.0 SAC=0.0 BAP=0.0 SAP=0.0 | INV_BAC=2076.0 INV_SAC=4616.0 INV_BAP=2237.0 INV_SAP=4019.0
05:34:18    📊 NQ   FLOW | CallPrem=4,675,958 PutPrem=5,824,670 | Imbalance=-0.11 | Regime=DEALER_LONG_GAMMA (49%) | Bias=BEARISH Risk=LOW | Scores B=4 P=15 SQ=25
05:34:18    📡 signals.json: 4 señal(es) activa(s): VIX:APPROACHING_GEX_WALL, SPY:APPROACHING_GEX_WALL, SPX:APPROACHING_GEX_WALL, GLD:REGIME_TRADE_CONFIRM
05:34:18    🎯 BIAS CONFLICTED conf=3 regime=CHARM_DOMINATED gz=ALIGNED_BEAR confluence=4.3 action=WAIT_CONFIRM T1=7752.78 (MAX_vGEX) SQ:False PK:False
05:34:18    ✅ Ciclo 380 completado en 1.6s | margen=58.4s | read=0.2s compute=1.0s signals=0.1s
05:35:17  ── Ciclo 381  05:35:17 ───────────────────────────────────
05:35:17    VIX: sin 0DTE, usando cadena completa.
05:35:17    VXX: error conectando a Excel: (-2147352567, 'Ocurrió una excepción.', (0, None, None, None, 0, -2147352565), None)
05:35:17    VXX: sin datos, se omite.
05:35:17    UVXY: error conectando a Excel: (-2147352567, 'Ocurrió una excepción.', (0, None, None, None, 0, -2147352565), None)
05:35:17    UVXY: sin datos, se omite.
05:35:17    SVXY: error conectando a Excel: (-2147352567, 'Ocurrió una excepción.', (0, None, None, None, 0, -2147352565), None)
05:35:17    SVXY: sin datos, se omite.
05:35:17    TQQQ: error conectando a Excel: (-2147352567, 'Ocurrió una excepción.', (0, None, None, None, 0, -2147352565), None)
05:35:17    TQQQ: sin datos, se omite.
05:35:17    SQQQ: error conectando a Excel: (-2147352567, 'Ocurrió una excepción.', (0, None, None, None, 0, -2147352565), None)
05:35:17    SQQQ: sin datos, se omite.
05:35:17    SPXS: error conectando a Excel: (-2147352567, 'Ocurrió una excepción.', (0, None, None, None, 0, -2147352565), None)
05:35:17    SPXS: sin datos, se omite.
05:35:17    SPXL: error conectando a Excel: (-2147352567, 'Ocurrió una excepción.', (0, None, None, None, 0, -2147352565), None)
05:35:17    SPXL: sin datos, se omite.
05:35:17    USO: sin 0DTE, usando cadena completa.
05:35:17    TLT: error conectando a Excel: (-2147352567, 'Ocurrió una excepción.', (0, None, None, None, 0, -2147352565), None)
05:35:17    TLT: sin datos, se omite.
05:35:17    GLD: sin 0DTE, usando cadena completa.
05:35:17    NVDA: error conectando a Excel: (-2147352567, 'Ocurrió una excepción.', (0, None, None, None, 0, -2147352565), None)
05:35:17    NVDA: sin datos, se omite.
05:35:17    Fase1 LECTURA: 10 activos en 0.2s
05:35:17    🌊 SWEEP SPX HEDGE_CHASE_SWEEP (call) | path=[7695.0, 7700.0, 7750.0]
05:35:18    Fase2 COMPUTE: 10/10 activos en 1.0s (4 workers paralelos)
05:35:18    🚨 SIGNAL QQQ GEX_WALL | SPOT=737.14 wall=738.0 dist=0.86pts
05:35:18    🚨 SIGNAL GLD GEX_WALL | SPOT=381.23 wall=385.0 dist=3.77pts
05:35:18    🚨 SIGNAL USO GEX_WALL | SPOT=154.87 wall=151.0 dist=3.87pts
05:35:18    🚨 SIGNAL USO CHARM_CASCADE | pin=160.0 T=0.0h
05:35:18    ✅ VIX  | SPOT=   16.39 | ZERO=   16.45 | GEX↑=    0.00 GEX↓=   16.00 | VEX↑=   18.00 VEX↓=    0.00 | BAC=0.0 SAC=0.0 BAP=0.0 SAP=0.0 | INV_BAC=2.0 INV_SAC=150.0 INV_BAP=0.0 INV_SAP=8.0
05:35:18    📊 VIX  FLOW | CallPrem=0 PutPrem=0 | Imbalance=+0.00 | Regime=DEALER_SHORT_GAMMA (42%) | Bias=BEARISH Risk=MEDIUM | Scores B=0 P=15 SQ=25
05:35:18    📈 signals_performance.csv: 1 outcome(s) registrado(s)
05:35:18    📊 SPY  FLOW | CallPrem=0 PutPrem=0 | Imbalance=+0.00 | Regime=DEALER_SHORT_GAMMA (39%) | Bias=BEARISH Risk=LOW | Scores B=0 P=15 SQ=0
05:35:18    ✅ SPY  | SPOT=  767.33 | ZERO=  768.17 | GEX↑=    0.00 GEX↓=  768.00 | VEX↑=  797.00 VEX↓=    0.00 | BAC=0.0 SAC=0.0 BAP=0.0 SAP=0.0 | INV_BAC=535168.0 INV_SAC=108725.0 INV_BAP=531196.0 INV_SAP=70068.0
05:35:18    ✅ QQQ  | SPOT=  737.14 | ZERO=  738.00 | GEX↑=    0.00 GEX↓=  738.00 | VEX↑=  767.00 VEX↓=    0.00 | BAC=0.0 SAC=0.0 BAP=0.0 SAP=0.0 | INV_BAC=406048.0 INV_SAC=68532.0 INV_BAP=184603.0 INV_SAP=284458.0
05:35:18    📊 QQQ  FLOW | CallPrem=0 PutPrem=0 | Imbalance=+0.00 | Regime=DEALER_SHORT_GAMMA (39%) | Bias=BEARISH Risk=LOW | Scores B=0 P=15 SQ=0
05:35:18    📈 signals_performance.csv: 1 outcome(s) registrado(s)
05:35:18    ✅ SPX  | SPOT= 7743.41 | ZERO= 7735.06 | GEX↑= 7740.00 GEX↓=    0.00 | VEX↑= 7740.00 VEX↓=    0.00 | BAC=0.0 SAC=0.0 BAP=0.0 SAP=0.0 | INV_BAC=48791.0 INV_SAC=1.0 INV_BAP=40372.0 INV_SAP=2708.0
05:35:18    📊 SPX  FLOW | CallPrem=56,911,614 PutPrem=7,921,669 | Imbalance=+0.76 | Regime=DEALER_LONG_GAMMA (37%) | Bias=BULLISH Risk=HIGH | Scores B=62 P=15 SQ=55
05:35:18    📈 signals_performance.csv: 1 outcome(s) registrado(s)
05:35:18    ✅ ES   | SPOT= 7762.50 | ZERO= 7768.62 | GEX↑=    0.00 GEX↓= 7750.00 | VEX↑=    0.00 VEX↓= 7750.00 | BAC=0.0 SAC=0.0 BAP=0.0 SAP=0.0 | INV_BAC=15792.0 INV_SAC=12894.0 INV_BAP=13908.0 INV_SAP=22276.0
05:35:18    📊 ES   FLOW | CallPrem=4,785,690 PutPrem=5,656,795 | Imbalance=-0.08 | Regime=DEALER_LONG_GAMMA (33%) | Bias=BEARISH Risk=MEDIUM | Scores B=0 P=27 SQ=21
05:35:18    ✅ NDX  | SPOT=30608.13 | ZERO=30608.78 | GEX↑=30850.00 GEX↓=    0.00 | VEX↑=31690.00 VEX↓=    0.00 | BAC=0.0 SAC=0.0 BAP=0.0 SAP=0.0 | INV_BAC=1552.0 INV_SAC=1144.0 INV_BAP=1692.0 INV_SAP=1074.0
05:35:18    📊 NDX  FLOW | CallPrem=0 PutPrem=0 | Imbalance=+0.00 | Regime=DEALER_SHORT_GAMMA (39%) | Bias=BEARISH Risk=LOW | Scores B=0 P=15 SQ=0
05:35:18    ✅ GLD  | SPOT=  381.23 | ZERO=  382.00 | GEX↑=  381.00 GEX↓=    0.00 | VEX↑=  403.00 VEX↓=    0.00 | BAC=0.0 SAC=0.0 BAP=0.0 SAP=0.0 | INV_BAC=32296.0 INV_SAC=21282.0 INV_BAP=1469.0 INV_SAP=38742.0
05:35:18    📊 GLD  FLOW | CallPrem=0 PutPrem=0 | Imbalance=+0.00 | Regime=DEALER_SHORT_GAMMA (39%) | Bias=BEARISH Risk=LOW | Scores B=0 P=15 SQ=0
05:35:18    ✅ NQ   | SPOT=30581.00 | ZERO=30617.32 | GEX↑=    0.00 GEX↓=30500.00 | VEX↑=30700.00 VEX↓=    0.00 | BAC=0.0 SAC=0.0 BAP=0.0 SAP=0.0 | INV_BAC=2080.0 INV_SAC=4616.0 INV_BAP=2237.0 INV_SAP=4019.0
05:35:18    📊 NQ   FLOW | CallPrem=4,692,658 PutPrem=5,824,670 | Imbalance=-0.11 | Regime=DEALER_LONG_GAMMA (54%) | Bias=NEUTRAL Risk=LOW | Scores B=8 P=15 SQ=25
05:35:18    ✅ RTY  | SPOT= 2841.30 | ZERO= 2869.60 | GEX↑=    0.00 GEX↓= 2840.00 | VEX↑=    0.00 VEX↓= 2860.00 | BAC=0.0 SAC=0.0 BAP=0.0 SAP=0.0 | INV_BAC=1446.0 INV_SAC=6.0 INV_BAP=257.0 INV_SAP=483.0
05:35:18    📊 RTY  FLOW | CallPrem=0 PutPrem=0 | Imbalance=+0.00 | Regime=DEALER_SHORT_GAMMA (38%) | Bias=NEUTRAL Risk=MEDIUM | Scores B=21 P=30 SQ=10
05:35:18    ✅ USO  | SPOT=  154.87 | ZERO=  149.00 | GEX↑=    0.00 GEX↓=  155.00 | VEX↑=  178.00 VEX↓=    0.00 | BAC=0.0 SAC=0.0 BAP=0.0 SAP=0.0 | INV_BAC=40668.0 INV_SAC=6027.0 INV_BAP=29949.0 INV_SAP=18676.0
05:35:18    📊 USO  FLOW | CallPrem=0 PutPrem=0 | Imbalance=+0.00 | Regime=DEALER_LONG_GAMMA (41%) | Bias=NEUTRAL Risk=LOW | Scores B=20 P=0 SQ=15
05:35:18    📡 signals.json: 4 señal(es) activa(s): QQQ:APPROACHING_GEX_WALL, GLD:APPROACHING_GEX_WALL, USO:APPROACHING_GEX_WALL, USO:CHARM_CASCADE
05:35:18    🎯 BIAS CONFLICTED conf=3 regime=CHARM_DOMINATED gz=ALIGNED_BEAR confluence=3.8 action=WAIT_CONFIRM T1=7756.5 (MAX_vGEX) SQ:False PK:False
05:35:18    ✅ Ciclo 381 completado en 1.6s | margen=58.4s | read=0.2s compute=1.0s signals=0.1s
05:36:17  ── Ciclo 382  05:36:17 ───────────────────────────────────
05:36:17    VIX: sin 0DTE, usando cadena completa.
05:36:17    VXX: error conectando a Excel: (-2147352567, 'Ocurrió una excepción.', (0, None, None, None, 0, -2147352565), None)
05:36:17    VXX: sin datos, se omite.
05:36:17    UVXY: error conectando a Excel: (-2147352567, 'Ocurrió una excepción.', (0, None, None, None, 0, -2147352565), None)
05:36:17    UVXY: sin datos, se omite.
05:36:17    SVXY: error conectando a Excel: (-2147352567, 'Ocurrió una excepción.', (0, None, None, None, 0, -2147352565), None)
05:36:17    SVXY: sin datos, se omite.
05:36:17    TQQQ: error conectando a Excel: (-2147352567, 'Ocurrió una excepción.', (0, None, None, None, 0, -2147352565), None)
05:36:17    TQQQ: sin datos, se omite.
05:36:17    SQQQ: error conectando a Excel: (-2147352567, 'Ocurrió una excepción.', (0, None, None, None, 0, -2147352565), None)
05:36:17    SQQQ: sin datos, se omite.
05:36:17    SPXS: error conectando a Excel: (-2147352567, 'Ocurrió una excepción.', (0, None, None, None, 0, -2147352565), None)
05:36:17    SPXS: sin datos, se omite.
05:36:17    SPXL: error conectando a Excel: (-2147352567, 'Ocurrió una excepción.', (0, None, None, None, 0, -2147352565), None)
05:36:17    SPXL: sin datos, se omite.
05:36:17    USO: sin 0DTE, usando cadena completa.
05:36:17    TLT: error conectando a Excel: (-2147352567, 'Ocurrió una excepción.', (0, None, None, None, 0, -2147352565), None)
05:36:17    TLT: sin datos, se omite.
05:36:17    GLD: sin 0DTE, usando cadena completa.
05:36:17    NVDA: error conectando a Excel: (-2147352567, 'Ocurrió una excepción.', (0, None, None, None, 0, -2147352565), None)
05:36:17    NVDA: sin datos, se omite.
05:36:17    Fase1 LECTURA: 10 activos en 0.2s
05:36:17    🔔 BLOCK ES   | UNUSUAL_CALL_VOL     | K= 7800.00 | Contracts=   100 | Premium=$      52,000 | IV=10.8% | Delta=+0.082
05:36:17    🔔 BLOCK ES   | UNUSUAL_PUT_VOL      | K= 7750.00 | Contracts=   100 | Premium=$     131,500 | IV=10.7% | Delta=-0.333
05:36:18    Fase2 COMPUTE: 10/10 activos en 1.0s (4 workers paralelos)
05:36:18    🚨 SIGNAL VIX GEX_WALL | SPOT=16.39 wall=14.0 dist=2.39pts
05:36:18    🚨 SIGNAL VIX ZERO_PROXIMITY_RESISTANCE | dist=0.06pts ZERO=16.45 charm=0.0M prob=50%
05:36:18    🚨 SIGNAL SPY GEX_WALL | SPOT=767.21 wall=770.0 dist=2.79pts
05:36:18    🚨 SIGNAL SPX GEX_WALL | SPOT=7743.41 wall=7740.0 dist=3.41pts
05:36:18    🚨 SIGNAL NDX ZERO_PROXIMITY_RESISTANCE | dist=0.65pts ZERO=30608.78 charm=0.0M prob=50%
05:36:18    ✅ QQQ  | SPOT=  736.99 | ZERO=  738.00 | GEX↑=    0.00 GEX↓=  738.00 | VEX↑=  767.00 VEX↓=    0.00 | BAC=0.0 SAC=0.0 BAP=0.0 SAP=0.0 | INV_BAC=406048.0 INV_SAC=68532.0 INV_BAP=184603.0 INV_SAP=284458.0
05:36:18    🚫 TRADE gated NDX: fuera de sesión (((9, 35), (15, 40)) ET)
05:36:18    📊 QQQ  FLOW | CallPrem=0 PutPrem=0 | Imbalance=+0.00 | Regime=DEALER_SHORT_GAMMA (39%) | Bias=BEARISH Risk=LOW | Scores B=0 P=15 SQ=0
05:36:18    ✅ VIX  | SPOT=   16.39 | ZERO=   16.45 | GEX↑=    0.00 GEX↓=   16.00 | VEX↑=   18.00 VEX↓=    0.00 | BAC=0.0 SAC=0.0 BAP=0.0 SAP=0.0 | INV_BAC=2.0 INV_SAC=150.0 INV_BAP=0.0 INV_SAP=8.0
05:36:18    📊 VIX  FLOW | CallPrem=0 PutPrem=0 | Imbalance=+0.00 | Regime=DEALER_SHORT_GAMMA (42%) | Bias=BEARISH Risk=MEDIUM | Scores B=0 P=15 SQ=25
05:36:18    📈 signals_performance.csv: 2 outcome(s) registrado(s)
05:36:18    ✅ SPY  | SPOT=  767.21 | ZERO=  768.17 | GEX↑=    0.00 GEX↓=  768.00 | VEX↑=  797.00 VEX↓=    0.00 | BAC=0.0 SAC=0.0 BAP=0.0 SAP=0.0 | INV_BAC=535168.0 INV_SAC=108725.0 INV_BAP=531196.0 INV_SAP=70068.0
05:36:18    ✅ SPX  | SPOT= 7743.41 | ZERO= 7735.05 | GEX↑= 7740.00 GEX↓=    0.00 | VEX↑= 7740.00 VEX↓=    0.00 | BAC=0.0 SAC=0.0 BAP=0.0 SAP=0.0 | INV_BAC=48825.0 INV_SAC=1.0 INV_BAP=40450.0 INV_SAP=2708.0
05:36:18    📊 SPY  FLOW | CallPrem=0 PutPrem=0 | Imbalance=+0.00 | Regime=DEALER_SHORT_GAMMA (39%) | Bias=BEARISH Risk=LOW | Scores B=0 P=15 SQ=0
05:36:18    📈 signals_performance.csv: 1 outcome(s) registrado(s)
05:36:18    📊 SPX  FLOW | CallPrem=56,957,775 PutPrem=7,945,903 | Imbalance=+0.76 | Regime=DEALER_LONG_GAMMA (47%) | Bias=BULLISH Risk=MEDIUM | Scores B=56 P=15 SQ=50
05:36:18    ✅ RTY  | SPOT= 2840.80 | ZERO= 2869.58 | GEX↑=    0.00 GEX↓= 2840.00 | VEX↑=    0.00 VEX↓= 2860.00 | BAC=0.0 SAC=0.0 BAP=0.0 SAP=0.0 | INV_BAC=1446.0 INV_SAC=6.0 INV_BAP=257.0 INV_SAP=483.0
05:36:18    📈 signals_performance.csv: 1 outcome(s) registrado(s)
05:36:18    📊 RTY  FLOW | CallPrem=0 PutPrem=0 | Imbalance=+0.00 | Regime=DEALER_SHORT_GAMMA (42%) | Bias=BEARISH Risk=MEDIUM | Scores B=18 P=30 SQ=10
05:36:18    ✅ NDX  | SPOT=30608.13 | ZERO=30608.78 | GEX↑=30850.00 GEX↓=    0.00 | VEX↑=31690.00 VEX↓=    0.00 | BAC=0.0 SAC=0.0 BAP=0.0 SAP=0.0 | INV_BAC=1552.0 INV_SAC=1144.0 INV_BAP=1692.0 INV_SAP=1074.0
05:36:18    📈 signals_performance.csv: 1 outcome(s) registrado(s)
05:36:18    📊 NDX  FLOW | CallPrem=0 PutPrem=0 | Imbalance=+0.00 | Regime=DEALER_SHORT_GAMMA (39%) | Bias=BEARISH Risk=LOW | Scores B=0 P=15 SQ=0
05:36:18    ✅ GLD  | SPOT=  381.18 | ZERO=  382.00 | GEX↑=  381.00 GEX↓=    0.00 | VEX↑=  403.00 VEX↓=    0.00 | BAC=0.0 SAC=0.0 BAP=0.0 SAP=0.0 | INV_BAC=32296.0 INV_SAC=21282.0 INV_BAP=1469.0 INV_SAP=38742.0
05:36:18    📊 GLD  FLOW | CallPrem=0 PutPrem=0 | Imbalance=+0.00 | Regime=DEALER_SHORT_GAMMA (39%) | Bias=BEARISH Risk=LOW | Scores B=0 P=15 SQ=0
05:36:18    📈 signals_performance.csv: 1 outcome(s) registrado(s)
05:36:18    📊 ES   FLOW | CallPrem=4,841,900 PutPrem=5,661,340 | Imbalance=-0.08 | Regime=DEALER_LONG_GAMMA (47%) | Bias=NEUTRAL Risk=MEDIUM | Scores B=6 P=30 SQ=22
05:36:18    ✅ ES   | SPOT= 7761.25 | ZERO= 7768.71 | GEX↑=    0.00 GEX↓= 7750.00 | VEX↑=    0.00 VEX↓= 7750.00 | BAC=0.0 SAC=0.0 BAP=0.0 SAP=0.0 | INV_BAC=15896.0 INV_SAC=12898.0 INV_BAP=13936.0 INV_SAP=22376.0
05:36:18    ✅ USO  | SPOT=  154.93 | ZERO=  149.00 | GEX↑=    0.00 GEX↓=  155.00 | VEX↑=  178.00 VEX↓=    0.00 | BAC=0.0 SAC=0.0 BAP=0.0 SAP=0.0 | INV_BAC=40668.0 INV_SAC=6027.0 INV_BAP=29949.0 INV_SAP=18676.0
05:36:18    📊 USO  FLOW | CallPrem=0 PutPrem=0 | Imbalance=+0.00 | Regime=DEALER_LONG_GAMMA (41%) | Bias=NEUTRAL Risk=LOW | Scores B=20 P=0 SQ=15
05:36:18    ✅ NQ   | SPOT=30575.25 | ZERO=30617.31 | GEX↑=    0.00 GEX↓=30500.00 | VEX↑=30700.00 VEX↓=    0.00 | BAC=0.0 SAC=0.0 BAP=0.0 SAP=0.0 | INV_BAC=2080.0 INV_SAC=4616.0 INV_BAP=2238.0 INV_SAP=4019.0
05:36:18    📊 NQ   FLOW | CallPrem=4,692,658 PutPrem=5,829,295 | Imbalance=-0.11 | Regime=DEALER_LONG_GAMMA (37%) | Bias=BEARISH Risk=LOW | Scores B=5 P=15 SQ=25
05:36:18    📡 signals.json: 5 señal(es) activa(s): VIX:APPROACHING_GEX_WALL, VIX:ZERO_PROXIMITY_RESISTANCE, SPY:APPROACHING_GEX_WALL, SPX:APPROACHING_GEX_WALL, NDX:ZERO_PROXIMITY_RESISTANCE
05:36:18    🎯 BIAS CONFLICTED conf=3 regime=CHARM_DOMINATED gz=ALIGNED_BEAR confluence=3.8 action=WAIT_CONFIRM T1=7752.78 (MAX_vGEX) SQ:False PK:False
05:36:18    ✅ Ciclo 382 completado en 1.6s | margen=58.4s | read=0.2s compute=1.0s signals=0.1s
05:37:17  ── Ciclo 383  05:37:17 ───────────────────────────────────
05:37:17    VIX: sin 0DTE, usando cadena completa.
05:37:17    VXX: error conectando a Excel: (-2147352567, 'Ocurrió una excepción.', (0, None, None, None, 0, -2147352565), None)
05:37:17    VXX: sin datos, se omite.
05:37:17    UVXY: error conectando a Excel: (-2147352567, 'Ocurrió una excepción.', (0, None, None, None, 0, -2147352565), None)
05:37:17    UVXY: sin datos, se omite.
05:37:17    SVXY: error conectando a Excel: (-2147352567, 'Ocurrió una excepción.', (0, None, None, None, 0, -2147352565), None)
05:37:17    SVXY: sin datos, se omite.
05:37:17    TQQQ: error conectando a Excel: (-2147352567, 'Ocurrió una excepción.', (0, None, None, None, 0, -2147352565), None)
05:37:17    TQQQ: sin datos, se omite.
05:37:17    SQQQ: error conectando a Excel: (-2147352567, 'Ocurrió una excepción.', (0, None, None, None, 0, -2147352565), None)
05:37:17    SQQQ: sin datos, se omite.
05:37:17    SPXS: error conectando a Excel: (-2147352567, 'Ocurrió una excepción.', (0, None, None, None, 0, -2147352565), None)
05:37:17    SPXS: sin datos, se omite.
05:37:17    SPXL: error conectando a Excel: (-2147352567, 'Ocurrió una excepción.', (0, None, None, None, 0, -2147352565), None)
05:37:17    SPXL: sin datos, se omite.
05:37:17    USO: sin 0DTE, usando cadena completa.
05:37:17    TLT: error conectando a Excel: (-2147352567, 'Ocurrió una excepción.', (0, None, None, None, 0, -2147352565), None)
05:37:17    TLT: sin datos, se omite.
05:37:17    GLD: sin 0DTE, usando cadena completa.
05:37:17    NVDA: error conectando a Excel: (-2147352567, 'Ocurrió una excepción.', (0, None, None, None, 0, -2147352565), None)
05:37:17    NVDA: sin datos, se omite.
05:37:17    Fase1 LECTURA: 10 activos en 0.2s
05:37:18    Fase2 COMPUTE: 10/10 activos en 1.0s (4 workers paralelos)
05:37:18    🚨 SIGNAL QQQ GEX_WALL | SPOT=736.95 wall=738.0 dist=1.05pts
05:37:18    🚨 SIGNAL SPX VIX_CONFIRM BULLISH | vix=LONG_GAMMA
05:37:18    🚨 SIGNAL GLD GEX_WALL | SPOT=381.19 wall=385.0 dist=3.81pts
05:37:18    🚨 SIGNAL GLD PINNING_RISK BEARISH | pin=381.0 dist=0.2pts prob=78% T=0.0h [pin=80% charm=True neutral=True]
05:37:18    🚨 SIGNAL GLD ZERO_PROXIMITY_RESISTANCE | dist=0.81pts ZERO=382.00 charm=0.0M prob=56%
05:37:18    🚨 SIGNAL USO GEX_WALL | SPOT=154.95 wall=151.0 dist=3.95pts
05:37:18    🚫 TRADE gated SPX: fuera de sesión (((9, 35), (15, 40)) ET)
05:37:18    📊 QQQ  FLOW | CallPrem=0 PutPrem=0 | Imbalance=+0.00 | Regime=DEALER_SHORT_GAMMA (39%) | Bias=BEARISH Risk=LOW | Scores B=0 P=15 SQ=0
05:37:18    ✅ QQQ  | SPOT=  736.95 | ZERO=  738.00 | GEX↑=    0.00 GEX↓=  738.00 | VEX↑=  767.00 VEX↓=    0.00 | BAC=0.0 SAC=0.0 BAP=0.0 SAP=0.0 | INV_BAC=406048.0 INV_SAC=68532.0 INV_BAP=184603.0 INV_SAP=284458.0
05:37:18    📈 signals_performance.csv: 1 outcome(s) registrado(s)
05:37:18    ✅ VIX  | SPOT=   16.41 | ZERO=   16.45 | GEX↑=    0.00 GEX↓=   16.00 | VEX↑=   18.00 VEX↓=    0.00 | BAC=0.0 SAC=0.0 BAP=0.0 SAP=0.0 | INV_BAC=2.0 INV_SAC=150.0 INV_BAP=0.0 INV_SAP=8.0
05:37:18    📊 VIX  FLOW | CallPrem=0 PutPrem=0 | Imbalance=+0.00 | Regime=DEALER_SHORT_GAMMA (42%) | Bias=BEARISH Risk=MEDIUM | Scores B=0 P=15 SQ=25
05:37:18    ✅ SPY  | SPOT=  767.17 | ZERO=  768.17 | GEX↑=    0.00 GEX↓=  768.00 | VEX↑=  797.00 VEX↓=    0.00 | BAC=0.0 SAC=0.0 BAP=0.0 SAP=0.0 | INV_BAC=535168.0 INV_SAC=108725.0 INV_BAP=531196.0 INV_SAP=70068.0
05:37:18    📈 signals_performance.csv: 1 outcome(s) registrado(s)
05:37:18    📊 SPY  FLOW | CallPrem=0 PutPrem=0 | Imbalance=+0.00 | Regime=DEALER_SHORT_GAMMA (39%) | Bias=BEARISH Risk=LOW | Scores B=0 P=15 SQ=0
05:37:18    📈 signals_performance.csv: 2 outcome(s) registrado(s)
05:37:18    📊 SPX  FLOW | CallPrem=57,168,775 PutPrem=7,983,602 | Imbalance=+0.75 | Regime=DEALER_LONG_GAMMA (30%) | Bias=BULLISH Risk=HIGH | Scores B=56 P=15 SQ=50
05:37:18    ✅ SPX  | SPOT= 7743.41 | ZERO= 7735.05 | GEX↑= 7740.00 GEX↓=    0.00 | VEX↑= 7740.00 VEX↓=    0.00 | BAC=0.0 SAC=0.0 BAP=0.0 SAP=0.0 | INV_BAC=48908.0 INV_SAC=1.0 INV_BAP=40524.0 INV_SAP=2708.0
05:37:18    ✅ RTY  | SPOT= 2840.60 | ZERO= 2869.59 | GEX↑=    0.00 GEX↓= 2840.00 | VEX↑=    0.00 VEX↓= 2860.00 | BAC=0.0 SAC=0.0 BAP=0.0 SAP=0.0 | INV_BAC=1446.0 INV_SAC=6.0 INV_BAP=257.0 INV_SAP=483.0
05:37:18    📊 RTY  FLOW | CallPrem=0 PutPrem=0 | Imbalance=+0.00 | Regime=DEALER_SHORT_GAMMA (38%) | Bias=NEUTRAL Risk=MEDIUM | Scores B=21 P=30 SQ=10
05:37:18    ✅ ES   | SPOT= 7761.00 | ZERO= 7768.74 | GEX↑=    0.00 GEX↓= 7750.00 | VEX↑=    0.00 VEX↓= 7750.00 | BAC=0.0 SAC=0.0 BAP=0.0 SAP=0.0 | INV_BAC=15897.0 INV_SAC=12929.0 INV_BAP=13954.0 INV_SAP=22388.0
05:37:18    📊 ES   FLOW | CallPrem=4,842,830 PutPrem=5,697,565 | Imbalance=-0.08 | Regime=DEALER_LONG_GAMMA (58%) | Bias=NEUTRAL Risk=MEDIUM | Scores B=9 P=25 SQ=20
05:37:18    ✅ GLD  | SPOT=  381.19 | ZERO=  382.00 | GEX↑=  381.00 GEX↓=    0.00 | VEX↑=  403.00 VEX↓=    0.00 | BAC=0.0 SAC=0.0 BAP=0.0 SAP=0.0 | INV_BAC=32296.0 INV_SAC=21282.0 INV_BAP=1469.0 INV_SAP=38742.0
05:37:18    📊 GLD  FLOW | CallPrem=0 PutPrem=0 | Imbalance=+0.00 | Regime=DEALER_SHORT_GAMMA (39%) | Bias=BEARISH Risk=LOW | Scores B=0 P=15 SQ=0
05:37:18    ✅ USO  | SPOT=  154.95 | ZERO=  149.00 | GEX↑=    0.00 GEX↓=  155.00 | VEX↑=  178.00 VEX↓=    0.00 | BAC=0.0 SAC=0.0 BAP=0.0 SAP=0.0 | INV_BAC=40668.0 INV_SAC=6027.0 INV_BAP=29949.0 INV_SAP=18676.0
05:37:18    📊 USO  FLOW | CallPrem=0 PutPrem=0 | Imbalance=+0.00 | Regime=DEALER_LONG_GAMMA (41%) | Bias=NEUTRAL Risk=LOW | Scores B=20 P=0 SQ=15
05:37:18    ✅ NQ   | SPOT=30573.00 | ZERO=30617.33 | GEX↑=    0.00 GEX↓=30500.00 | VEX↑=30700.00 VEX↓=    0.00 | BAC=0.0 SAC=0.0 BAP=0.0 SAP=0.0 | INV_BAC=2080.0 INV_SAC=4616.0 INV_BAP=2238.0 INV_SAP=4019.0
05:37:18    📊 NQ   FLOW | CallPrem=4,692,658 PutPrem=5,829,295 | Imbalance=-0.11 | Regime=DEALER_LONG_GAMMA (40%) | Bias=NEUTRAL Risk=LOW | Scores B=8 P=15 SQ=25
05:37:18    ✅ NDX  | SPOT=30608.13 | ZERO=30608.78 | GEX↑=30850.00 GEX↓=    0.00 | VEX↑=31690.00 VEX↓=    0.00 | BAC=0.0 SAC=0.0 BAP=0.0 SAP=0.0 | INV_BAC=1552.0 INV_SAC=1144.0 INV_BAP=1692.0 INV_SAP=1074.0
05:37:18    📊 NDX  FLOW | CallPrem=0 PutPrem=0 | Imbalance=+0.00 | Regime=DEALER_SHORT_GAMMA (39%) | Bias=BEARISH Risk=LOW | Scores B=0 P=15 SQ=0
05:37:18    📡 signals.json: 6 señal(es) activa(s): QQQ:APPROACHING_GEX_WALL, SPX:VIX_REGIME_CONFIRM, GLD:APPROACHING_GEX_WALL, GLD:PINNING_RISK, GLD:ZERO_PROXIMITY_RESISTANCE, USO:APPROACHING_GEX_WALL
05:37:18    🎯 BIAS CONFLICTED conf=3 regime=CHARM_DOMINATED gz=ALIGNED_BEAR confluence=4.3 action=WAIT_CONFIRM T1=7752.78 (MAX_vGEX) SQ:False PK:False
05:37:18    ✅ Ciclo 383 completado en 1.6s | margen=58.4s | read=0.2s compute=1.0s signals=0.1s
05:38:17  ── Ciclo 384  05:38:17 ───────────────────────────────────
05:38:17    VIX: sin 0DTE, usando cadena completa.
05:38:17    VXX: error conectando a Excel: (-2147352567, 'Ocurrió una excepción.', (0, None, None, None, 0, -2147352565), None)
05:38:17    VXX: sin datos, se omite.
05:38:17    UVXY: error conectando a Excel: (-2147352567, 'Ocurrió una excepción.', (0, None, None, None, 0, -2147352565), None)
05:38:17    UVXY: sin datos, se omite.
05:38:17    SVXY: error conectando a Excel: (-2147352567, 'Ocurrió una excepción.', (0, None, None, None, 0, -2147352565), None)
05:38:17    SVXY: sin datos, se omite.
05:38:17    TQQQ: error conectando a Excel: (-2147352567, 'Ocurrió una excepción.', (0, None, None, None, 0, -2147352565), None)
05:38:17    TQQQ: sin datos, se omite.
05:38:17    SQQQ: error conectando a Excel: (-2147352567, 'Ocurrió una excepción.', (0, None, None, None, 0, -2147352565), None)
05:38:17    SQQQ: sin datos, se omite.
05:38:17    SPXS: error conectando a Excel: (-2147352567, 'Ocurrió una excepción.', (0, None, None, None, 0, -2147352565), None)
05:38:17    SPXS: sin datos, se omite.
05:38:17    SPXL: error conectando a Excel: (-2147352567, 'Ocurrió una excepción.', (0, None, None, None, 0, -2147352565), None)
05:38:17    SPXL: sin datos, se omite.
05:38:17    USO: sin 0DTE, usando cadena completa.
05:38:17    TLT: error conectando a Excel: (-2147352567, 'Ocurrió una excepción.', (0, None, None, None, 0, -2147352565), None)
05:38:17    TLT: sin datos, se omite.
05:38:17    GLD: sin 0DTE, usando cadena completa.
05:38:17    NVDA: error conectando a Excel: (-2147352567, 'Ocurrió una excepción.', (0, None, None, None, 0, -2147352565), None)
05:38:17    NVDA: sin datos, se omite.
05:38:17    Fase1 LECTURA: 10 activos en 0.1s
05:38:18    Fase2 COMPUTE: 10/10 activos en 1.0s (4 workers paralelos)
05:38:18    🚨 SIGNAL VIX GEX_WALL | SPOT=16.41 wall=14.0 dist=2.41pts
05:38:18    🚨 SIGNAL QQQ ZERO_PROXIMITY_RESISTANCE | dist=1.17pts ZERO=738.00 charm=0.0M prob=59%
05:38:18    🚨 SIGNAL SPY GEX_WALL | SPOT=767.09 wall=770.0 dist=2.91pts
05:38:18    🚨 SIGNAL SPY ZERO_PROXIMITY_RESISTANCE | dist=1.08pts ZERO=768.17 charm=0.0M prob=58%
05:38:18    🚨 SIGNAL SPX GEX_WALL | SPOT=7743.41 wall=7740.0 dist=3.41pts
05:38:18    ✅ VIX  | SPOT=   16.41 | ZERO=   16.45 | GEX↑=    0.00 GEX↓=   16.00 | VEX↑=   18.00 VEX↓=    0.00 | BAC=0.0 SAC=0.0 BAP=0.0 SAP=0.0 | INV_BAC=2.0 INV_SAC=150.0 INV_BAP=0.0 INV_SAP=8.0
05:38:18    🚨 SIGNAL USO VIX_CONFIRM BULLISH | vix=LONG_GAMMA
05:38:18    🚨 SIGNAL USO REGIME_TRADE_CONFIRM BULLISH | regime=CHARM_DOMINATED conf=75% L=55 S=36 gap=19pts
05:38:18    🚨 SIGNAL GLD VIX_CONFIRM BULLISH | vix=LONG_GAMMA
05:38:18    📊 VIX  FLOW | CallPrem=0 PutPrem=0 | Imbalance=+0.00 | Regime=DEALER_SHORT_GAMMA (42%) | Bias=BEARISH Risk=MEDIUM | Scores B=0 P=15 SQ=25
05:38:18    ✅ QQQ  | SPOT=  736.83 | ZERO=  738.00 | GEX↑=    0.00 GEX↓=  737.00 | VEX↑=  767.00 VEX↓=    0.00 | BAC=0.0 SAC=0.0 BAP=0.0 SAP=0.0 | INV_BAC=406048.0 INV_SAC=68532.0 INV_BAP=184603.0 INV_SAP=284458.0
05:38:18    📊 QQQ  FLOW | CallPrem=0 PutPrem=0 | Imbalance=+0.00 | Regime=DEALER_SHORT_GAMMA (39%) | Bias=BEARISH Risk=LOW | Scores B=0 P=15 SQ=0
05:38:18    📈 signals_performance.csv: 1 outcome(s) registrado(s)
05:38:18    ✅ SPY  | SPOT=  767.09 | ZERO=  768.17 | GEX↑=    0.00 GEX↓=  768.00 | VEX↑=  797.00 VEX↓=    0.00 | BAC=0.0 SAC=0.0 BAP=0.0 SAP=0.0 | INV_BAC=535168.0 INV_SAC=108725.0 INV_BAP=531196.0 INV_SAP=70068.0
05:38:18    📊 SPY  FLOW | CallPrem=0 PutPrem=0 | Imbalance=+0.00 | Regime=DEALER_SHORT_GAMMA (39%) | Bias=BEARISH Risk=LOW | Scores B=0 P=15 SQ=0
05:38:18    📈 signals_performance.csv: 1 outcome(s) registrado(s)
05:38:18    ✅ NDX  | SPOT=30608.13 | ZERO=30608.78 | GEX↑=30850.00 GEX↓=    0.00 | VEX↑=31690.00 VEX↓=    0.00 | BAC=0.0 SAC=0.0 BAP=0.0 SAP=0.0 | INV_BAC=1552.0 INV_SAC=1144.0 INV_BAP=1692.0 INV_SAP=1074.0
05:38:18    📈 signals_performance.csv: 2 outcome(s) registrado(s)
05:38:18    ✅ SPX  | SPOT= 7743.41 | ZERO= 7735.05 | GEX↑= 7740.00 GEX↓=    0.00 | VEX↑= 7740.00 VEX↓=    0.00 | BAC=0.0 SAC=0.0 BAP=0.0 SAP=0.0 | INV_BAC=48994.0 INV_SAC=1.0 INV_BAP=40557.0 INV_SAP=2708.0
05:38:18    📊 NDX  FLOW | CallPrem=0 PutPrem=0 | Imbalance=+0.00 | Regime=DEALER_SHORT_GAMMA (39%) | Bias=BEARISH Risk=LOW | Scores B=0 P=15 SQ=0
05:38:18    📊 SPX  FLOW | CallPrem=57,380,987 PutPrem=7,995,849 | Imbalance=+0.76 | Regime=DEALER_LONG_GAMMA (30%) | Bias=BULLISH Risk=HIGH | Scores B=56 P=15 SQ=50
05:38:18    📈 signals_performance.csv: 2 outcome(s) registrado(s)
05:38:18    ✅ RTY  | SPOT= 2839.80 | ZERO= 2869.59 | GEX↑=    0.00 GEX↓= 2840.00 | VEX↑=    0.00 VEX↓= 2860.00 | BAC=0.0 SAC=0.0 BAP=0.0 SAP=0.0 | INV_BAC=1446.0 INV_SAC=6.0 INV_BAP=257.0 INV_SAP=483.0
05:38:18    📊 RTY  FLOW | CallPrem=0 PutPrem=0 | Imbalance=+0.00 | Regime=DEALER_SHORT_GAMMA (42%) | Bias=BEARISH Risk=MEDIUM | Scores B=18 P=30 SQ=10
05:38:18    📈 signals_performance.csv: 1 outcome(s) registrado(s)
05:38:18    ✅ NQ   | SPOT=30568.50 | ZERO=30617.31 | GEX↑=    0.00 GEX↓=30500.00 | VEX↑=30700.00 VEX↓=    0.00 | BAC=0.0 SAC=0.0 BAP=0.0 SAP=0.0 | INV_BAC=2080.0 INV_SAC=4616.0 INV_BAP=2239.0 INV_SAP=4019.0
05:38:18    📊 NQ   FLOW | CallPrem=4,749,458 PutPrem=5,842,895 | Imbalance=-0.10 | Regime=DEALER_LONG_GAMMA (39%) | Bias=BEARISH Risk=LOW | Scores B=6 P=15 SQ=22
05:38:18    ✅ USO  | SPOT=  154.92 | ZERO=  149.00 | GEX↑=    0.00 GEX↓=  155.00 | VEX↑=  178.00 VEX↓=    0.00 | BAC=0.0 SAC=0.0 BAP=0.0 SAP=0.0 | INV_BAC=40668.0 INV_SAC=6027.0 INV_BAP=29949.0 INV_SAP=18676.0
05:38:18    📊 USO  FLOW | CallPrem=0 PutPrem=0 | Imbalance=+0.00 | Regime=DEALER_LONG_GAMMA (41%) | Bias=NEUTRAL Risk=LOW | Scores B=20 P=0 SQ=15
05:38:18    ✅ GLD  | SPOT=  381.18 | ZERO=  382.00 | GEX↑=  381.00 GEX↓=    0.00 | VEX↑=  403.00 VEX↓=    0.00 | BAC=0.0 SAC=0.0 BAP=0.0 SAP=0.0 | INV_BAC=32296.0 INV_SAC=21282.0 INV_BAP=1469.0 INV_SAP=38742.0
05:38:18    📊 GLD  FLOW | CallPrem=0 PutPrem=0 | Imbalance=+0.00 | Regime=DEALER_SHORT_GAMMA (39%) | Bias=BEARISH Risk=LOW | Scores B=0 P=15 SQ=0
05:38:18    ✅ ES   | SPOT= 7760.00 | ZERO= 7768.79 | GEX↑=    0.00 GEX↓= 7750.00 | VEX↑=    0.00 VEX↓= 7750.00 | BAC=0.0 SAC=0.0 BAP=0.0 SAP=0.0 | INV_BAC=15902.0 INV_SAC=12932.0 INV_BAP=13971.0 INV_SAP=22413.0
05:38:18    📡 signals.json: 8 señal(es) activa(s): VIX:APPROACHING_GEX_WALL, QQQ:ZERO_PROXIMITY_RESISTANCE, SPY:APPROACHING_GEX_WALL, SPY:ZERO_PROXIMITY_RESISTANCE, SPX:APPROACHING_GEX_WALL, USO:VIX_REGIME_CONFIRM, USO:REGIME_TRADE_CONFIRM, GLD:VIX_REGIME_CONFIRM
05:38:18    📊 ES   FLOW | CallPrem=4,854,645 PutPrem=5,723,755 | Imbalance=-0.08 | Regime=DEALER_LONG_GAMMA (50%) | Bias=BEARISH Risk=MEDIUM | Scores B=11 P=28 SQ=18
05:38:18    🎯 BIAS CONFLICTED conf=3 regime=CHARM_DOMINATED gz=ALIGNED_BEAR confluence=4.3 action=WAIT_CONFIRM T1=7752.8 (MAX_vGEX) SQ:False PK:False
05:38:18    ✅ Ciclo 384 completado en 1.6s | margen=58.4s | read=0.1s compute=1.0s signals=0.1s
05:39:17  ── Ciclo 385  05:39:17 ───────────────────────────────────
05:39:17    VIX: sin 0DTE, usando cadena completa.
05:39:17    VXX: error conectando a Excel: (-2147352567, 'Ocurrió una excepción.', (0, None, None, None, 0, -2147352565), None)
05:39:17    VXX: sin datos, se omite.
05:39:17    UVXY: error conectando a Excel: (-2147352567, 'Ocurrió una excepción.', (0, None, None, None, 0, -2147352565), None)
05:39:17    UVXY: sin datos, se omite.
05:39:17    SVXY: error conectando a Excel: (-2147352567, 'Ocurrió una excepción.', (0, None, None, None, 0, -2147352565), None)
05:39:17    SVXY: sin datos, se omite.
05:39:17    TQQQ: error conectando a Excel: (-2147352567, 'Ocurrió una excepción.', (0, None, None, None, 0, -2147352565), None)
05:39:17    TQQQ: sin datos, se omite.
05:39:17    SQQQ: error conectando a Excel: (-2147352567, 'Ocurrió una excepción.', (0, None, None, None, 0, -2147352565), None)
05:39:17    SQQQ: sin datos, se omite.
05:39:17    SPXS: error conectando a Excel: (-2147352567, 'Ocurrió una excepción.', (0, None, None, None, 0, -2147352565), None)
05:39:17    SPXS: sin datos, se omite.
05:39:17    SPXL: error conectando a Excel: (-2147352567, 'Ocurrió una excepción.', (0, None, None, None, 0, -2147352565), None)
05:39:17    SPXL: sin datos, se omite.
05:39:17    USO: sin 0DTE, usando cadena completa.
05:39:17    TLT: error conectando a Excel: (-2147352567, 'Ocurrió una excepción.', (0, None, None, None, 0, -2147352565), None)
05:39:17    TLT: sin datos, se omite.
05:39:17    GLD: sin 0DTE, usando cadena completa.
05:39:17    NVDA: error conectando a Excel: (-2147352567, 'Ocurrió una excepción.', (0, None, None, None, 0, -2147352565), None)
05:39:17    NVDA: sin datos, se omite.
05:39:17    Fase1 LECTURA: 10 activos en 0.2s
05:39:17    🌊 SWEEP ES HEDGE_CHASE_SWEEP (put) | path=[7800.0, 7755.0, 7745.0]
05:39:18    Fase2 COMPUTE: 10/10 activos en 1.0s (4 workers paralelos)
05:39:18    🚨 SIGNAL QQQ GEX_WALL | SPOT=736.93 wall=738.0 dist=1.07pts
05:39:18    🚨 SIGNAL USO GEX_WALL | SPOT=155.00 wall=151.0 dist=4.00pts
05:39:18    🚨 SIGNAL USO PINNING_RISK NEUTRAL | pin=155.0 dist=0.0pts prob=69% T=0.0h [pin=60% charm=True neutral=True]
05:39:18    🚨 SIGNAL GLD GEX_WALL | SPOT=381.29 wall=385.0 dist=3.71pts
05:39:18    ✅ VIX  | SPOT=   16.41 | ZERO=   16.45 | GEX↑=    0.00 GEX↓=   16.00 | VEX↑=   18.00 VEX↓=    0.00 | BAC=0.0 SAC=0.0 BAP=0.0 SAP=0.0 | INV_BAC=2.0 INV_SAC=150.0 INV_BAP=0.0 INV_SAP=8.0
05:39:18    📊 VIX  FLOW | CallPrem=0 PutPrem=0 | Imbalance=+0.00 | Regime=DEALER_SHORT_GAMMA (42%) | Bias=BEARISH Risk=MEDIUM | Scores B=0 P=15 SQ=25
05:39:18    ✅ QQQ  | SPOT=  736.93 | ZERO=  738.00 | GEX↑=    0.00 GEX↓=  738.00 | VEX↑=  767.00 VEX↓=    0.00 | BAC=0.0 SAC=0.0 BAP=0.0 SAP=0.0 | INV_BAC=406048.0 INV_SAC=68532.0 INV_BAP=184603.0 INV_SAP=284458.0
05:39:18    📈 signals_performance.csv: 1 outcome(s) registrado(s)
05:39:18    📊 QQQ  FLOW | CallPrem=0 PutPrem=0 | Imbalance=+0.00 | Regime=DEALER_SHORT_GAMMA (39%) | Bias=BEARISH Risk=LOW | Scores B=0 P=15 SQ=0
05:39:18    ✅ SPY  | SPOT=  767.16 | ZERO=  768.17 | GEX↑=    0.00 GEX↓=  768.00 | VEX↑=  797.00 VEX↓=    0.00 | BAC=0.0 SAC=0.0 BAP=0.0 SAP=0.0 | INV_BAC=535168.0 INV_SAC=108725.0 INV_BAP=531196.0 INV_SAP=70068.0
05:39:18    📊 SPY  FLOW | CallPrem=0 PutPrem=0 | Imbalance=+0.00 | Regime=DEALER_SHORT_GAMMA (39%) | Bias=BEARISH Risk=LOW | Scores B=0 P=15 SQ=0
05:39:18    📈 signals_performance.csv: 1 outcome(s) registrado(s)
05:39:18    ✅ SPX  | SPOT= 7743.41 | ZERO= 7735.05 | GEX↑= 7740.00 GEX↓=    0.00 | VEX↑= 7740.00 VEX↓=    0.00 | BAC=0.0 SAC=0.0 BAP=0.0 SAP=0.0 | INV_BAC=49048.0 INV_SAC=1.0 INV_BAP=40571.0 INV_SAP=2708.0
05:39:18    📈 signals_performance.csv: 2 outcome(s) registrado(s)
05:39:18    📊 SPX  FLOW | CallPrem=57,531,769 PutPrem=8,002,403 | Imbalance=+0.76 | Regime=DEALER_LONG_GAMMA (30%) | Bias=BULLISH Risk=HIGH | Scores B=56 P=15 SQ=50
05:39:18    ✅ ES   | SPOT= 7760.75 | ZERO= 7768.53 | GEX↑=    0.00 GEX↓= 7750.00 | VEX↑=    0.00 VEX↓= 7750.00 | BAC=0.0 SAC=0.0 BAP=0.0 SAP=0.0 | INV_BAC=15902.0 INV_SAC=13018.0 INV_BAP=13971.0 INV_SAP=22493.0
05:39:18    📊 ES   FLOW | CallPrem=4,854,645 PutPrem=5,723,755 | Imbalance=-0.08 | Regime=DEALER_LONG_GAMMA (43%) | Bias=BEARISH Risk=LOW | Scores B=7 P=31 SQ=20
05:39:18    ✅ USO  | SPOT=  155.00 | ZERO=  149.00 | GEX↑=    0.00 GEX↓=  155.00 | VEX↑=  178.00 VEX↓=    0.00 | BAC=0.0 SAC=0.0 BAP=0.0 SAP=0.0 | INV_BAC=40668.0 INV_SAC=6027.0 INV_BAP=29949.0 INV_SAP=18676.0
05:39:18    📊 USO  FLOW | CallPrem=0 PutPrem=0 | Imbalance=+0.00 | Regime=DEALER_LONG_GAMMA (41%) | Bias=NEUTRAL Risk=LOW | Scores B=20 P=0 SQ=15
05:39:18    ✅ NDX  | SPOT=30608.13 | ZERO=30608.78 | GEX↑=30850.00 GEX↓=    0.00 | VEX↑=31690.00 VEX↓=    0.00 | BAC=0.0 SAC=0.0 BAP=0.0 SAP=0.0 | INV_BAC=1552.0 INV_SAC=1144.0 INV_BAP=1692.0 INV_SAP=1074.0
05:39:18    📊 NDX  FLOW | CallPrem=0 PutPrem=0 | Imbalance=+0.00 | Regime=DEALER_SHORT_GAMMA (39%) | Bias=BEARISH Risk=LOW | Scores B=0 P=15 SQ=0
05:39:18    ✅ GLD  | SPOT=  381.29 | ZERO=  382.00 | GEX↑=  381.00 GEX↓=    0.00 | VEX↑=  403.00 VEX↓=    0.00 | BAC=0.0 SAC=0.0 BAP=0.0 SAP=0.0 | INV_BAC=32296.0 INV_SAC=21282.0 INV_BAP=1469.0 INV_SAP=38742.0
05:39:18    📊 GLD  FLOW | CallPrem=0 PutPrem=0 | Imbalance=+0.00 | Regime=DEALER_SHORT_GAMMA (39%) | Bias=BEARISH Risk=LOW | Scores B=0 P=15 SQ=0
05:39:18    ✅ NQ   | SPOT=30573.00 | ZERO=30617.31 | GEX↑=    0.00 GEX↓=30500.00 | VEX↑=30700.00 VEX↓=    0.00 | BAC=0.0 SAC=0.0 BAP=0.0 SAP=0.0 | INV_BAC=2080.0 INV_SAC=4616.0 INV_BAP=2239.0 INV_SAP=4019.0
05:39:18    📊 NQ   FLOW | CallPrem=4,749,458 PutPrem=5,842,895 | Imbalance=-0.10 | Regime=DEALER_LONG_GAMMA (39%) | Bias=BEARISH Risk=LOW | Scores B=4 P=15 SQ=19
05:39:18    📊 RTY  FLOW | CallPrem=0 PutPrem=0 | Imbalance=+0.00 | Regime=DEALER_SHORT_GAMMA (42%) | Bias=BEARISH Risk=MEDIUM | Scores B=16 P=30 SQ=10
05:39:18    ✅ RTY  | SPOT= 2840.10 | ZERO= 2869.57 | GEX↑=    0.00 GEX↓= 2840.00 | VEX↑=    0.00 VEX↓= 2860.00 | BAC=0.0 SAC=0.0 BAP=0.0 SAP=0.0 | INV_BAC=1446.0 INV_SAC=6.0 INV_BAP=257.0 INV_SAP=483.0
05:39:18    📡 signals.json: 4 señal(es) activa(s): QQQ:APPROACHING_GEX_WALL, USO:APPROACHING_GEX_WALL, USO:PINNING_RISK, GLD:APPROACHING_GEX_WALL
05:39:18    🎯 BIAS CONFLICTED conf=3 regime=CHARM_DOMINATED gz=ALIGNED_BEAR confluence=4.3 action=WAIT_CONFIRM T1=7752.73 (MAX_vGEX) SQ:False PK:False
05:39:18    ✅ Ciclo 385 completado en 1.6s | margen=58.4s | read=0.2s compute=1.0s signals=0.1s
05:40:17  ── Ciclo 386  05:40:17 ───────────────────────────────────
05:40:17    VIX: sin 0DTE, usando cadena completa.
05:40:17    VXX: error conectando a Excel: (-2147352567, 'Ocurrió una excepción.', (0, None, None, None, 0, -2147352565), None)
05:40:17    VXX: sin datos, se omite.
05:40:17    UVXY: error conectando a Excel: (-2147352567, 'Ocurrió una excepción.', (0, None, None, None, 0, -2147352565), None)
05:40:17    UVXY: sin datos, se omite.
05:40:17    SVXY: error conectando a Excel: (-2147352567, 'Ocurrió una excepción.', (0, None, None, None, 0, -2147352565), None)
05:40:17    SVXY: sin datos, se omite.
05:40:17    TQQQ: error conectando a Excel: (-2147352567, 'Ocurrió una excepción.', (0, None, None, None, 0, -2147352565), None)
05:40:17    TQQQ: sin datos, se omite.
05:40:17    SQQQ: error conectando a Excel: (-2147352567, 'Ocurrió una excepción.', (0, None, None, None, 0, -2147352565), None)
05:40:17    SQQQ: sin datos, se omite.
05:40:17    SPXS: error conectando a Excel: (-2147352567, 'Ocurrió una excepción.', (0, None, None, None, 0, -2147352565), None)
05:40:17    SPXS: sin datos, se omite.
05:40:17    SPXL: error conectando a Excel: (-2147352567, 'Ocurrió una excepción.', (0, None, None, None, 0, -2147352565), None)
05:40:17    SPXL: sin datos, se omite.
05:40:17    USO: sin 0DTE, usando cadena completa.
05:40:17    TLT: error conectando a Excel: (-2147352567, 'Ocurrió una excepción.', (0, None, None, None, 0, -2147352565), None)
05:40:17    TLT: sin datos, se omite.
05:40:17    GLD: sin 0DTE, usando cadena completa.
05:40:17    NVDA: error conectando a Excel: (-2147352567, 'Ocurrió una excepción.', (0, None, None, None, 0, -2147352565), None)
05:40:17    NVDA: sin datos, se omite.
05:40:17    Fase1 LECTURA: 10 activos en 0.2s
05:40:17    🌊 SWEEP ES HEDGE_CHASE_SWEEP (call) | path=[7745.0, 7775.0, 7820.0]
05:40:18    Fase2 COMPUTE: 10/10 activos en 1.0s (4 workers paralelos)
05:40:18    🚨 SIGNAL SPY GEX_WALL | SPOT=767.15 wall=770.0 dist=2.85pts
05:40:18    🚨 SIGNAL VIX GEX_WALL | SPOT=16.40 wall=14.0 dist=2.40pts
05:40:18    🚨 SIGNAL SPX GEX_WALL | SPOT=7743.41 wall=7740.0 dist=3.41pts
05:40:18    ✅ QQQ  | SPOT=  736.92 | ZERO=  738.00 | GEX↑=    0.00 GEX↓=  738.00 | VEX↑=  767.00 VEX↓=    0.00 | BAC=0.0 SAC=0.0 BAP=0.0 SAP=0.0 | INV_BAC=406048.0 INV_SAC=68532.0 INV_BAP=184603.0 INV_SAP=284458.0
05:40:18    📊 QQQ  FLOW | CallPrem=0 PutPrem=0 | Imbalance=+0.00 | Regime=DEALER_SHORT_GAMMA (39%) | Bias=BEARISH Risk=LOW | Scores B=0 P=15 SQ=0
05:40:18    📈 signals_performance.csv: 1 outcome(s) registrado(s)
05:40:18    ✅ SPY  | SPOT=  767.15 | ZERO=  768.17 | GEX↑=    0.00 GEX↓=  768.00 | VEX↑=  797.00 VEX↓=    0.00 | BAC=0.0 SAC=0.0 BAP=0.0 SAP=0.0 | INV_BAC=535168.0 INV_SAC=108725.0 INV_BAP=531196.0 INV_SAP=70068.0
05:40:18    📊 SPY  FLOW | CallPrem=0 PutPrem=0 | Imbalance=+0.00 | Regime=DEALER_SHORT_GAMMA (39%) | Bias=BEARISH Risk=LOW | Scores B=0 P=15 SQ=0
05:40:18    📈 signals_performance.csv: 1 outcome(s) registrado(s)
05:40:18    ✅ VIX  | SPOT=   16.40 | ZERO=   16.45 | GEX↑=    0.00 GEX↓=   16.00 | VEX↑=   18.00 VEX↓=    0.00 | BAC=0.0 SAC=0.0 BAP=0.0 SAP=0.0 | INV_BAC=2.0 INV_SAC=150.0 INV_BAP=0.0 INV_SAP=8.0
05:40:18    📈 signals_performance.csv: 1 outcome(s) registrado(s)
05:40:18    📊 VIX  FLOW | CallPrem=0 PutPrem=0 | Imbalance=+0.00 | Regime=DEALER_SHORT_GAMMA (42%) | Bias=BEARISH Risk=MEDIUM | Scores B=0 P=15 SQ=25
05:40:18    ✅ SPX  | SPOT= 7743.41 | ZERO= 7735.05 | GEX↑= 7740.00 GEX↓=    0.00 | VEX↑= 7740.00 VEX↓=    0.00 | BAC=0.0 SAC=0.0 BAP=0.0 SAP=0.0 | INV_BAC=49069.0 INV_SAC=1.0 INV_BAP=40651.0 INV_SAP=2708.0
05:40:18    📊 SPX  FLOW | CallPrem=57,603,160 PutPrem=8,013,009 | Imbalance=+0.76 | Regime=DEALER_LONG_GAMMA (47%) | Bias=BULLISH Risk=MEDIUM | Scores B=52 P=15 SQ=46
05:40:18    📈 signals_performance.csv: 1 outcome(s) registrado(s)
05:40:18    ✅ ES   | SPOT= 7760.50 | ZERO= 7768.53 | GEX↑=    0.00 GEX↓= 7750.00 | VEX↑=    0.00 VEX↓= 7750.00 | BAC=0.0 SAC=0.0 BAP=0.0 SAP=0.0 | INV_BAC=15918.0 INV_SAC=13112.0 INV_BAP=14021.0 INV_SAP=22493.0
05:40:18    📈 signals_performance.csv: 1 outcome(s) registrado(s)
05:40:18    ✅ RTY  | SPOT= 2839.80 | ZERO= 2869.57 | GEX↑=    0.00 GEX↓= 2840.00 | VEX↑=    0.00 VEX↓= 2860.00 | BAC=0.0 SAC=0.0 BAP=0.0 SAP=0.0 | INV_BAC=1446.0 INV_SAC=6.0 INV_BAP=257.0 INV_SAP=483.0
05:40:18    📊 ES   FLOW | CallPrem=4,869,045 PutPrem=5,794,330 | Imbalance=-0.09 | Regime=DEALER_LONG_GAMMA (37%) | Bias=BEARISH Risk=MEDIUM | Scores B=5 P=25 SQ=22
05:40:18    📊 RTY  FLOW | CallPrem=0 PutPrem=0 | Imbalance=+0.00 | Regime=DEALER_SHORT_GAMMA (42%) | Bias=BEARISH Risk=MEDIUM | Scores B=15 P=30 SQ=10
05:40:18    ✅ NQ   | SPOT=30572.25 | ZERO=30617.33 | GEX↑=    0.00 GEX↓=30500.00 | VEX↑=30700.00 VEX↓=    0.00 | BAC=0.0 SAC=0.0 BAP=0.0 SAP=0.0 | INV_BAC=2082.0 INV_SAC=4616.0 INV_BAP=2240.0 INV_SAP=4022.0
05:40:18    📊 NQ   FLOW | CallPrem=4,762,582 PutPrem=5,848,720 | Imbalance=-0.10 | Regime=DEALER_LONG_GAMMA (40%) | Bias=NEUTRAL Risk=LOW | Scores B=8 P=15 SQ=21
05:40:18    ✅ USO  | SPOT=  155.10 | ZERO=  149.00 | GEX↑=    0.00 GEX↓=  155.00 | VEX↑=  178.00 VEX↓=    0.00 | BAC=0.0 SAC=0.0 BAP=0.0 SAP=0.0 | INV_BAC=40668.0 INV_SAC=6027.0 INV_BAP=29949.0 INV_SAP=18676.0
05:40:18    📊 USO  FLOW | CallPrem=0 PutPrem=0 | Imbalance=+0.00 | Regime=DEALER_LONG_GAMMA (41%) | Bias=NEUTRAL Risk=LOW | Scores B=20 P=0 SQ=15
05:40:18    ✅ GLD  | SPOT=  381.22 | ZERO=  382.00 | GEX↑=  381.00 GEX↓=    0.00 | VEX↑=  403.00 VEX↓=    0.00 | BAC=0.0 SAC=0.0 BAP=0.0 SAP=0.0 | INV_BAC=32296.0 INV_SAC=21282.0 INV_BAP=1469.0 INV_SAP=38742.0
05:40:18    📊 GLD  FLOW | CallPrem=0 PutPrem=0 | Imbalance=+0.00 | Regime=DEALER_SHORT_GAMMA (39%) | Bias=BEARISH Risk=LOW | Scores B=0 P=15 SQ=0
05:40:18    ✅ NDX  | SPOT=30608.13 | ZERO=30608.78 | GEX↑=30850.00 GEX↓=    0.00 | VEX↑=31690.00 VEX↓=    0.00 | BAC=0.0 SAC=0.0 BAP=0.0 SAP=0.0 | INV_BAC=1552.0 INV_SAC=1144.0 INV_BAP=1692.0 INV_SAP=1074.0
05:40:18    📡 signals.json: 3 señal(es) activa(s): SPY:APPROACHING_GEX_WALL, VIX:APPROACHING_GEX_WALL, SPX:APPROACHING_GEX_WALL
05:40:18    📊 NDX  FLOW | CallPrem=0 PutPrem=0 | Imbalance=+0.00 | Regime=DEALER_SHORT_GAMMA (39%) | Bias=BEARISH Risk=LOW | Scores B=0 P=15 SQ=0
05:40:18    🎯 BIAS CONFLICTED conf=3 regime=CHARM_DOMINATED gz=ALIGNED_BEAR confluence=3.9 action=WAIT_CONFIRM T1=7752.73 (MAX_vGEX) SQ:False PK:False
05:40:18    ✅ Ciclo 386 completado en 1.6s | margen=58.4s | read=0.2s compute=1.0s signals=0.1s
05:41:17  ── Ciclo 387  05:41:17 ───────────────────────────────────
05:41:17    VIX: sin 0DTE, usando cadena completa.
05:41:17    VXX: error conectando a Excel: (-2147352567, 'Ocurrió una excepción.', (0, None, None, None, 0, -2147352565), None)
05:41:17    VXX: sin datos, se omite.
05:41:17    UVXY: error conectando a Excel: (-2147352567, 'Ocurrió una excepción.', (0, None, None, None, 0, -2147352565), None)
05:41:17    UVXY: sin datos, se omite.
05:41:17    SVXY: error conectando a Excel: (-2147352567, 'Ocurrió una excepción.', (0, None, None, None, 0, -2147352565), None)
05:41:17    SVXY: sin datos, se omite.
05:41:17    TQQQ: error conectando a Excel: (-2147352567, 'Ocurrió una excepción.', (0, None, None, None, 0, -2147352565), None)
05:41:17    TQQQ: sin datos, se omite.
05:41:17    SQQQ: error conectando a Excel: (-2147352567, 'Ocurrió una excepción.', (0, None, None, None, 0, -2147352565), None)
05:41:17    SQQQ: sin datos, se omite.
05:41:17    SPXS: error conectando a Excel: (-2147352567, 'Ocurrió una excepción.', (0, None, None, None, 0, -2147352565), None)
05:41:17    SPXS: sin datos, se omite.
05:41:17    SPXL: error conectando a Excel: (-2147352567, 'Ocurrió una excepción.', (0, None, None, None, 0, -2147352565), None)
05:41:17    SPXL: sin datos, se omite.
05:41:17    USO: sin 0DTE, usando cadena completa.
05:41:17    TLT: error conectando a Excel: (-2147352567, 'Ocurrió una excepción.', (0, None, None, None, 0, -2147352565), None)
05:41:17    TLT: sin datos, se omite.
05:41:17    GLD: sin 0DTE, usando cadena completa.
05:41:17    NVDA: error conectando a Excel: (-2147352567, 'Ocurrió una excepción.', (0, None, None, None, 0, -2147352565), None)
05:41:17    NVDA: sin datos, se omite.
05:41:17    Fase1 LECTURA: 10 activos en 0.2s
05:41:18    Fase2 COMPUTE: 10/10 activos en 1.0s (4 workers paralelos)
05:41:18    🚨 SIGNAL QQQ GEX_WALL | SPOT=737.05 wall=738.0 dist=0.95pts
05:41:18    🚨 SIGNAL GLD GEX_WALL | SPOT=381.28 wall=385.0 dist=3.72pts
05:41:18    ✅ VIX  | SPOT=   16.40 | ZERO=   16.45 | GEX↑=    0.00 GEX↓=   16.00 | VEX↑=   18.00 VEX↓=    0.00 | BAC=0.0 SAC=0.0 BAP=0.0 SAP=0.0 | INV_BAC=2.0 INV_SAC=150.0 INV_BAP=0.0 INV_SAP=8.0
05:41:18    🚨 SIGNAL GLD CHARM_CASCADE | pin=380.0 T=0.0h
05:41:18    📊 VIX  FLOW | CallPrem=0 PutPrem=0 | Imbalance=+0.00 | Regime=DEALER_SHORT_GAMMA (42%) | Bias=BEARISH Risk=MEDIUM | Scores B=0 P=15 SQ=25
05:41:18    ✅ QQQ  | SPOT=  737.05 | ZERO=  738.00 | GEX↑=    0.00 GEX↓=  738.00 | VEX↑=  767.00 VEX↓=    0.00 | BAC=0.0 SAC=0.0 BAP=0.0 SAP=0.0 | INV_BAC=406048.0 INV_SAC=68532.0 INV_BAP=184603.0 INV_SAP=284458.0
05:41:18    📊 QQQ  FLOW | CallPrem=0 PutPrem=0 | Imbalance=+0.00 | Regime=DEALER_SHORT_GAMMA (39%) | Bias=BEARISH Risk=LOW | Scores B=0 P=15 SQ=0
05:41:18    ✅ SPY  | SPOT=  767.21 | ZERO=  768.17 | GEX↑=    0.00 GEX↓=  768.00 | VEX↑=  797.00 VEX↓=    0.00 | BAC=0.0 SAC=0.0 BAP=0.0 SAP=0.0 | INV_BAC=535168.0 INV_SAC=108725.0 INV_BAP=531196.0 INV_SAP=70068.0
05:41:18    📈 signals_performance.csv: 1 outcome(s) registrado(s)
05:41:18    📊 SPY  FLOW | CallPrem=0 PutPrem=0 | Imbalance=+0.00 | Regime=DEALER_SHORT_GAMMA (39%) | Bias=BEARISH Risk=LOW | Scores B=0 P=15 SQ=0
05:41:18    ✅ SPX  | SPOT= 7743.41 | ZERO= 7735.05 | GEX↑= 7740.00 GEX↓=    0.00 | VEX↑= 7740.00 VEX↓=    0.00 | BAC=0.0 SAC=0.0 BAP=0.0 SAP=0.0 | INV_BAC=49119.0 INV_SAC=1.0 INV_BAP=40684.0 INV_SAP=2708.0
05:41:18    📊 SPX  FLOW | CallPrem=57,673,887 PutPrem=8,031,781 | Imbalance=+0.76 | Regime=DEALER_LONG_GAMMA (41%) | Bias=BULLISH Risk=HIGH | Scores B=50 P=15 SQ=44
05:41:18    ✅ RTY  | SPOT= 2840.30 | ZERO= 2869.60 | GEX↑=    0.00 GEX↓= 2840.00 | VEX↑=    0.00 VEX↓= 2860.00 | BAC=0.0 SAC=0.0 BAP=0.0 SAP=0.0 | INV_BAC=1446.0 INV_SAC=6.0 INV_BAP=257.0 INV_SAP=483.0
05:41:18    📊 RTY  FLOW | CallPrem=0 PutPrem=0 | Imbalance=+0.00 | Regime=DEALER_SHORT_GAMMA (38%) | Bias=NEUTRAL Risk=MEDIUM | Scores B=19 P=30 SQ=10
05:41:18    📈 signals_performance.csv: 1 outcome(s) registrado(s)
05:41:18    📊 ES   FLOW | CallPrem=4,869,045 PutPrem=5,794,330 | Imbalance=-0.09 | Regime=DEALER_LONG_GAMMA (49%) | Bias=BEARISH Risk=MEDIUM | Scores B=3 P=22 SQ=23
05:41:18    ✅ ES   | SPOT= 7761.25 | ZERO= 7768.51 | GEX↑=    0.00 GEX↓= 7750.00 | VEX↑=    0.00 VEX↓= 7750.00 | BAC=0.0 SAC=0.0 BAP=0.0 SAP=0.0 | INV_BAC=15918.0 INV_SAC=13145.0 INV_BAP=14021.0 INV_SAP=22508.0
05:41:18    ✅ NQ   | SPOT=30578.25 | ZERO=30617.31 | GEX↑=    0.00 GEX↓=30500.00 | VEX↑=30700.00 VEX↓=    0.00 | BAC=0.0 SAC=0.0 BAP=0.0 SAP=0.0 | INV_BAC=2082.0 INV_SAC=4616.0 INV_BAP=2242.0 INV_SAP=4022.0
05:41:18    ✅ GLD  | SPOT=  381.28 | ZERO=  382.00 | GEX↑=  381.00 GEX↓=    0.00 | VEX↑=  403.00 VEX↓=    0.00 | BAC=0.0 SAC=0.0 BAP=0.0 SAP=0.0 | INV_BAC=32296.0 INV_SAC=21282.0 INV_BAP=1469.0 INV_SAP=38742.0
05:41:18    📊 NQ   FLOW | CallPrem=4,762,582 PutPrem=5,851,895 | Imbalance=-0.10 | Regime=DEALER_LONG_GAMMA (49%) | Bias=BEARISH Risk=LOW | Scores B=5 P=15 SQ=23
05:41:18    📊 GLD  FLOW | CallPrem=0 PutPrem=0 | Imbalance=+0.00 | Regime=DEALER_SHORT_GAMMA (39%) | Bias=BEARISH Risk=LOW | Scores B=0 P=15 SQ=0
05:41:18    ✅ USO  | SPOT=  155.05 | ZERO=  149.00 | GEX↑=    0.00 GEX↓=  155.00 | VEX↑=  178.00 VEX↓=    0.00 | BAC=0.0 SAC=0.0 BAP=0.0 SAP=0.0 | INV_BAC=40668.0 INV_SAC=6027.0 INV_BAP=29949.0 INV_SAP=18676.0
05:41:18    📊 USO  FLOW | CallPrem=0 PutPrem=0 | Imbalance=+0.00 | Regime=DEALER_LONG_GAMMA (41%) | Bias=NEUTRAL Risk=LOW | Scores B=20 P=0 SQ=15
05:41:18    ✅ NDX  | SPOT=30608.13 | ZERO=30608.78 | GEX↑=30850.00 GEX↓=    0.00 | VEX↑=31690.00 VEX↓=    0.00 | BAC=0.0 SAC=0.0 BAP=0.0 SAP=0.0 | INV_BAC=1552.0 INV_SAC=1144.0 INV_BAP=1692.0 INV_SAP=1074.0
05:41:18    📊 NDX  FLOW | CallPrem=0 PutPrem=0 | Imbalance=+0.00 | Regime=DEALER_SHORT_GAMMA (39%) | Bias=BEARISH Risk=LOW | Scores B=0 P=15 SQ=0
05:41:18    📡 signals.json: 3 señal(es) activa(s): QQQ:APPROACHING_GEX_WALL, GLD:APPROACHING_GEX_WALL, GLD:CHARM_CASCADE
05:41:18    🎯 BIAS CONFLICTED conf=3 regime=CHARM_DOMINATED gz=ALIGNED_BEAR confluence=3.8 action=WAIT_CONFIRM T1=7752.73 (MAX_vGEX) SQ:False PK:False
05:41:18    ✅ Ciclo 387 completado en 1.6s | margen=58.4s | read=0.2s compute=1.0s signals=0.1s
05:42:17  ── Ciclo 388  05:42:17 ───────────────────────────────────
05:42:17    VIX: sin 0DTE, usando cadena completa.
05:42:17    VXX: error conectando a Excel: (-2147352567, 'Ocurrió una excepción.', (0, None, None, None, 0, -2147352565), None)
05:42:17    VXX: sin datos, se omite.
05:42:17    UVXY: error conectando a Excel: (-2147352567, 'Ocurrió una excepción.', (0, None, None, None, 0, -2147352565), None)
05:42:17    UVXY: sin datos, se omite.
05:42:17    SVXY: error conectando a Excel: (-2147352567, 'Ocurrió una excepción.', (0, None, None, None, 0, -2147352565), None)
05:42:17    SVXY: sin datos, se omite.
05:42:17    TQQQ: error conectando a Excel: (-2147352567, 'Ocurrió una excepción.', (0, None, None, None, 0, -2147352565), None)
05:42:17    TQQQ: sin datos, se omite.
05:42:17    SQQQ: error conectando a Excel: (-2147352567, 'Ocurrió una excepción.', (0, None, None, None, 0, -2147352565), None)
05:42:17    SQQQ: sin datos, se omite.
05:42:17    SPXS: error conectando a Excel: (-2147352567, 'Ocurrió una excepción.', (0, None, None, None, 0, -2147352565), None)
05:42:17    SPXS: sin datos, se omite.
05:42:17    SPXL: error conectando a Excel: (-2147352567, 'Ocurrió una excepción.', (0, None, None, None, 0, -2147352565), None)
05:42:17    SPXL: sin datos, se omite.
05:42:17    USO: sin 0DTE, usando cadena completa.
05:42:17    TLT: error conectando a Excel: (-2147352567, 'Ocurrió una excepción.', (0, None, None, None, 0, -2147352565), None)
05:42:17    TLT: sin datos, se omite.
05:42:17    GLD: sin 0DTE, usando cadena completa.
05:42:17    NVDA: error conectando a Excel: (-2147352567, 'Ocurrió una excepción.', (0, None, None, None, 0, -2147352565), None)
05:42:17    NVDA: sin datos, se omite.
05:42:17    Fase1 LECTURA: 10 activos en 0.2s
05:42:17    🌊 SWEEP SPX HEDGE_CHASE_SWEEP (call) | path=[7685.0, 7740.0, 7760.0]
05:42:18    🔀 DEALER REGIME GLD: CHARM_DOMINATED → LONG_GAMMA_PINNING (conf=84)
05:42:18    Fase2 COMPUTE: 10/10 activos en 1.0s (4 workers paralelos)
05:42:18    🚨 SIGNAL VIX GEX_WALL | SPOT=16.38 wall=14.0 dist=2.38pts
05:42:18    🚨 SIGNAL VIX ZERO_PROXIMITY_RESISTANCE | dist=0.07pts ZERO=16.45 charm=0.0M prob=50%
05:42:18    🚨 SIGNAL SPY GEX_WALL | SPOT=767.25 wall=770.0 dist=2.75pts
05:42:18    🚨 SIGNAL SPX GEX_WALL | SPOT=7743.41 wall=7740.0 dist=3.41pts
05:42:18    🚨 SIGNAL SPX VIX_CONFIRM BULLISH | vix=LONG_GAMMA
05:42:18    🚨 SIGNAL NDX ZERO_PROXIMITY_RESISTANCE | dist=0.65pts ZERO=30608.78 charm=0.0M prob=50%
05:42:18    ✅ VIX  | SPOT=   16.38 | ZERO=   16.45 | GEX↑=    0.00 GEX↓=   16.00 | VEX↑=   18.00 VEX↓=    0.00 | BAC=0.0 SAC=0.0 BAP=0.0 SAP=0.0 | INV_BAC=2.0 INV_SAC=150.0 INV_BAP=0.0 INV_SAP=8.0
05:42:18    🚫 TRADE gated SPX: fuera de sesión (((9, 35), (15, 40)) ET)
05:42:18    📊 VIX  FLOW | CallPrem=0 PutPrem=0 | Imbalance=+0.00 | Regime=DEALER_SHORT_GAMMA (42%) | Bias=BEARISH Risk=MEDIUM | Scores B=0 P=15 SQ=25
05:42:18    🚫 TRADE gated NDX: fuera de sesión (((9, 35), (15, 40)) ET)
05:42:18    ✅ QQQ  | SPOT=  737.10 | ZERO=  738.00 | GEX↑=    0.00 GEX↓=  738.00 | VEX↑=  767.00 VEX↓=    0.00 | BAC=0.0 SAC=0.0 BAP=0.0 SAP=0.0 | INV_BAC=406048.0 INV_SAC=68532.0 INV_BAP=184603.0 INV_SAP=284458.0
05:42:18    📊 QQQ  FLOW | CallPrem=0 PutPrem=0 | Imbalance=+0.00 | Regime=DEALER_SHORT_GAMMA (39%) | Bias=BEARISH Risk=LOW | Scores B=0 P=15 SQ=0
05:42:18    📈 signals_performance.csv: 2 outcome(s) registrado(s)
05:42:18    ✅ SPY  | SPOT=  767.25 | ZERO=  768.17 | GEX↑=    0.00 GEX↓=  768.00 | VEX↑=  797.00 VEX↓=    0.00 | BAC=0.0 SAC=0.0 BAP=0.0 SAP=0.0 | INV_BAC=535168.0 INV_SAC=108725.0 INV_BAP=531196.0 INV_SAP=70068.0
05:42:18    📊 SPY  FLOW | CallPrem=0 PutPrem=0 | Imbalance=+0.00 | Regime=DEALER_SHORT_GAMMA (39%) | Bias=BEARISH Risk=LOW | Scores B=0 P=15 SQ=0
05:42:18    📈 signals_performance.csv: 1 outcome(s) registrado(s)
05:42:18    ✅ SPX  | SPOT= 7743.41 | ZERO= 7735.05 | GEX↑= 7740.00 GEX↓=    0.00 | VEX↑= 7740.00 VEX↓=    0.00 | BAC=0.0 SAC=0.0 BAP=0.0 SAP=0.0 | INV_BAC=49219.0 INV_SAC=1.0 INV_BAP=40741.0 INV_SAP=2708.0
05:42:18    📊 SPX  FLOW | CallPrem=57,837,654 PutPrem=8,052,316 | Imbalance=+0.76 | Regime=DEALER_LONG_GAMMA (39%) | Bias=BULLISH Risk=HIGH | Scores B=49 P=15 SQ=46
05:42:18    📈 signals_performance.csv: 3 outcome(s) registrado(s)
05:42:18    ✅ ES   | SPOT= 7761.75 | ZERO= 7768.44 | GEX↑=    0.00 GEX↓= 7750.00 | VEX↑=    0.00 VEX↓= 7750.00 | BAC=0.0 SAC=0.0 BAP=0.0 SAP=0.0 | INV_BAC=15941.0 INV_SAC=13256.0 INV_BAP=14021.0 INV_SAP=22508.0
05:42:18    📊 ES   FLOW | CallPrem=4,878,035 PutPrem=5,794,330 | Imbalance=-0.09 | Regime=DEALER_LONG_GAMMA (32%) | Bias=BEARISH Risk=MEDIUM | Scores B=7 P=19 SQ=32
05:42:18    📈 signals_performance.csv: 1 outcome(s) registrado(s)
05:42:18    ✅ USO  | SPOT=  155.03 | ZERO=  149.00 | GEX↑=    0.00 GEX↓=  155.00 | VEX↑=  178.00 VEX↓=    0.00 | BAC=0.0 SAC=0.0 BAP=0.0 SAP=0.0 | INV_BAC=40668.0 INV_SAC=6027.0 INV_BAP=29949.0 INV_SAP=18676.0
05:42:18    📊 USO  FLOW | CallPrem=0 PutPrem=0 | Imbalance=+0.00 | Regime=DEALER_LONG_GAMMA (41%) | Bias=NEUTRAL Risk=LOW | Scores B=20 P=0 SQ=15
05:42:18    📈 signals_performance.csv: 1 outcome(s) registrado(s)
05:42:18    ✅ RTY  | SPOT= 2840.80 | ZERO= 2869.59 | GEX↑=    0.00 GEX↓= 2840.00 | VEX↑=    0.00 VEX↓= 2860.00 | BAC=0.0 SAC=0.0 BAP=0.0 SAP=0.0 | INV_BAC=1446.0 INV_SAC=7.0 INV_BAP=257.0 INV_SAP=483.0
05:42:18    ✅ NDX  | SPOT=30608.13 | ZERO=30608.78 | GEX↑=30850.00 GEX↓=    0.00 | VEX↑=31690.00 VEX↓=    0.00 | BAC=0.0 SAC=0.0 BAP=0.0 SAP=0.0 | INV_BAC=1552.0 INV_SAC=1144.0 INV_BAP=1692.0 INV_SAP=1074.0
05:42:18    📊 RTY  FLOW | CallPrem=0 PutPrem=0 | Imbalance=+0.00 | Regime=DEALER_SHORT_GAMMA (38%) | Bias=NEUTRAL Risk=MEDIUM | Scores B=22 P=30 SQ=10
05:42:18    ✅ GLD  | SPOT=  381.28 | ZERO=  382.00 | GEX↑=  381.00 GEX↓=    0.00 | VEX↑=  403.00 VEX↓=    0.00 | BAC=0.0 SAC=0.0 BAP=0.0 SAP=0.0 | INV_BAC=32296.0 INV_SAC=21282.0 INV_BAP=1469.0 INV_SAP=38742.0
05:42:18    📊 NDX  FLOW | CallPrem=0 PutPrem=0 | Imbalance=+0.00 | Regime=DEALER_SHORT_GAMMA (39%) | Bias=BEARISH Risk=LOW | Scores B=0 P=15 SQ=0
05:42:18    📊 GLD  FLOW | CallPrem=0 PutPrem=0 | Imbalance=+0.00 | Regime=DEALER_SHORT_GAMMA (39%) | Bias=BEARISH Risk=LOW | Scores B=0 P=15 SQ=0
05:42:18    ✅ NQ   | SPOT=30580.50 | ZERO=30617.29 | GEX↑=    0.00 GEX↓=30500.00 | VEX↑=30700.00 VEX↓=    0.00 | BAC=0.0 SAC=0.0 BAP=0.0 SAP=0.0 | INV_BAC=2086.0 INV_SAC=4616.0 INV_BAP=2242.0 INV_SAP=4022.0
05:42:18    📊 NQ   FLOW | CallPrem=4,797,408 PutPrem=5,851,895 | Imbalance=-0.10 | Regime=DEALER_LONG_GAMMA (53%) | Bias=BEARISH Risk=LOW | Scores B=3 P=15 SQ=20
05:42:18    📡 signals.json: 6 señal(es) activa(s): VIX:APPROACHING_GEX_WALL, VIX:ZERO_PROXIMITY_RESISTANCE, SPY:APPROACHING_GEX_WALL, SPX:APPROACHING_GEX_WALL, SPX:VIX_REGIME_CONFIRM, NDX:ZERO_PROXIMITY_RESISTANCE
05:42:18    🎯 BIAS CONFLICTED conf=3 regime=CHARM_DOMINATED gz=ALIGNED_BEAR confluence=4.3 action=WAIT_CONFIRM T1=7752.71 (MAX_vGEX) SQ:False PK:False
05:42:18    ✅ Ciclo 388 completado en 1.7s | margen=58.3s | read=0.2s compute=1.0s signals=0.1s
05:43:17  ── Ciclo 389  05:43:17 ───────────────────────────────────
05:43:17    VIX: sin 0DTE, usando cadena completa.
05:43:17    VXX: error conectando a Excel: (-2147352567, 'Ocurrió una excepción.', (0, None, None, None, 0, -2147352565), None)
05:43:17    VXX: sin datos, se omite.
05:43:17    UVXY: error conectando a Excel: (-2147352567, 'Ocurrió una excepción.', (0, None, None, None, 0, -2147352565), None)
05:43:17    UVXY: sin datos, se omite.
05:43:17    SVXY: error conectando a Excel: (-2147352567, 'Ocurrió una excepción.', (0, None, None, None, 0, -2147352565), None)
05:43:17    SVXY: sin datos, se omite.
05:43:17    TQQQ: error conectando a Excel: (-2147352567, 'Ocurrió una excepción.', (0, None, None, None, 0, -2147352565), None)
05:43:17    TQQQ: sin datos, se omite.
05:43:17    SQQQ: error conectando a Excel: (-2147352567, 'Ocurrió una excepción.', (0, None, None, None, 0, -2147352565), None)
05:43:17    SQQQ: sin datos, se omite.
05:43:17    SPXS: error conectando a Excel: (-2147352567, 'Ocurrió una excepción.', (0, None, None, None, 0, -2147352565), None)
05:43:17    SPXS: sin datos, se omite.
05:43:17    SPXL: error conectando a Excel: (-2147352567, 'Ocurrió una excepción.', (0, None, None, None, 0, -2147352565), None)
05:43:17    SPXL: sin datos, se omite.
05:43:17    USO: sin 0DTE, usando cadena completa.
05:43:17    TLT: error conectando a Excel: (-2147352567, 'Ocurrió una excepción.', (0, None, None, None, 0, -2147352565), None)
05:43:17    TLT: sin datos, se omite.
05:43:17    GLD: sin 0DTE, usando cadena completa.
05:43:17    NVDA: error conectando a Excel: (-2147352567, 'Ocurrió una excepción.', (0, None, None, None, 0, -2147352565), None)
05:43:17    NVDA: sin datos, se omite.
05:43:17    Fase1 LECTURA: 10 activos en 0.2s
05:43:18    Fase2 COMPUTE: 10/10 activos en 1.0s (4 workers paralelos)
05:43:18    🚨 SIGNAL QQQ GEX_WALL | SPOT=737.07 wall=738.0 dist=0.93pts
05:43:18    🚨 SIGNAL USO GEX_WALL | SPOT=154.92 wall=151.0 dist=3.92pts
05:43:18    🚨 SIGNAL USO VIX_CONFIRM BULLISH | vix=LONG_GAMMA
05:43:18    🚨 SIGNAL USO CHARM_CASCADE | pin=160.0 T=0.0h
05:43:18    🚨 SIGNAL GLD GEX_WALL | SPOT=381.32 wall=385.0 dist=3.68pts
05:43:18    🚨 SIGNAL GLD PINNING_RISK BEARISH | pin=381.0 dist=0.3pts prob=52% T=0.0h [pin=80% charm=False neutral=True]
05:43:18    📊 VIX  FLOW | CallPrem=0 PutPrem=0 | Imbalance=+0.00 | Regime=DEALER_SHORT_GAMMA (42%) | Bias=BEARISH Risk=MEDIUM | Scores B=0 P=15 SQ=25
05:43:18    ✅ VIX  | SPOT=   16.40 | ZERO=   16.45 | GEX↑=    0.00 GEX↓=   16.00 | VEX↑=   18.00 VEX↓=    0.00 | BAC=0.0 SAC=0.0 BAP=0.0 SAP=0.0 | INV_BAC=2.0 INV_SAC=150.0 INV_BAP=0.0 INV_SAP=8.0
05:43:18    🚨 SIGNAL GLD ZERO_PROXIMITY_RESISTANCE | dist=0.68pts ZERO=382.00 charm=0.0M prob=55%
05:43:18    ✅ SPY  | SPOT=  767.19 | ZERO=  768.17 | GEX↑=    0.00 GEX↓=  768.00 | VEX↑=  797.00 VEX↓=    0.00 | BAC=0.0 SAC=0.0 BAP=0.0 SAP=0.0 | INV_BAC=535168.0 INV_SAC=108725.0 INV_BAP=531196.0 INV_SAP=70068.0
05:43:18    📊 SPY  FLOW | CallPrem=0 PutPrem=0 | Imbalance=+0.00 | Regime=DEALER_SHORT_GAMMA (39%) | Bias=BEARISH Risk=LOW | Scores B=0 P=15 SQ=0
05:43:18    ✅ QQQ  | SPOT=  737.07 | ZERO=  738.00 | GEX↑=    0.00 GEX↓=  738.00 | VEX↑=  767.00 VEX↓=    0.00 | BAC=0.0 SAC=0.0 BAP=0.0 SAP=0.0 | INV_BAC=406048.0 INV_SAC=68532.0 INV_BAP=184603.0 INV_SAP=284458.0
05:43:18    📊 QQQ  FLOW | CallPrem=0 PutPrem=0 | Imbalance=+0.00 | Regime=DEALER_SHORT_GAMMA (39%) | Bias=BEARISH Risk=LOW | Scores B=0 P=15 SQ=0
05:43:18    📈 signals_performance.csv: 1 outcome(s) registrado(s)
05:43:18    ✅ ES   | SPOT= 7761.00 | ZERO= 7768.55 | GEX↑=    0.00 GEX↓= 7750.00 | VEX↑=    0.00 VEX↓= 7750.00 | BAC=0.0 SAC=0.0 BAP=0.0 SAP=0.0 | INV_BAC=15946.0 INV_SAC=13261.0 INV_BAP=14022.0 INV_SAP=22509.0
05:43:18    📊 ES   FLOW | CallPrem=4,882,810 PutPrem=5,794,840 | Imbalance=-0.09 | Regime=DEALER_LONG_GAMMA (43%) | Bias=BEARISH Risk=MEDIUM | Scores B=10 P=18 SQ=26
05:43:18    ✅ SPX  | SPOT= 7743.41 | ZERO= 7735.05 | GEX↑= 7740.00 GEX↓=    0.00 | VEX↑= 7740.00 VEX↓=    0.00 | BAC=0.0 SAC=0.0 BAP=0.0 SAP=0.0 | INV_BAC=49238.0 INV_SAC=1.0 INV_BAP=40809.0 INV_SAP=2708.0
05:43:18    📊 SPX  FLOW | CallPrem=57,891,098 PutPrem=8,064,556 | Imbalance=+0.76 | Regime=DEALER_LONG_GAMMA (47%) | Bias=BULLISH Risk=MEDIUM | Scores B=48 P=15 SQ=44
05:43:18    📈 signals_performance.csv: 2 outcome(s) registrado(s)
05:43:18    ✅ NDX  | SPOT=30608.13 | ZERO=30608.78 | GEX↑=30850.00 GEX↓=    0.00 | VEX↑=31690.00 VEX↓=    0.00 | BAC=0.0 SAC=0.0 BAP=0.0 SAP=0.0 | INV_BAC=1552.0 INV_SAC=1144.0 INV_BAP=1692.0 INV_SAP=1074.0
05:43:18    📊 NDX  FLOW | CallPrem=0 PutPrem=0 | Imbalance=+0.00 | Regime=DEALER_SHORT_GAMMA (39%) | Bias=BEARISH Risk=LOW | Scores B=0 P=15 SQ=0
05:43:18    ✅ USO  | SPOT=  154.92 | ZERO=  149.00 | GEX↑=    0.00 GEX↓=  155.00 | VEX↑=  178.00 VEX↓=    0.00 | BAC=0.0 SAC=0.0 BAP=0.0 SAP=0.0 | INV_BAC=40668.0 INV_SAC=6027.0 INV_BAP=29949.0 INV_SAP=18676.0
05:43:18    📊 USO  FLOW | CallPrem=0 PutPrem=0 | Imbalance=+0.00 | Regime=DEALER_LONG_GAMMA (41%) | Bias=NEUTRAL Risk=LOW | Scores B=20 P=0 SQ=15
05:43:18    ✅ RTY  | SPOT= 2840.40 | ZERO= 2869.57 | GEX↑=    0.00 GEX↓= 2840.00 | VEX↑=    0.00 VEX↓= 2860.00 | BAC=0.0 SAC=0.0 BAP=0.0 SAP=0.0 | INV_BAC=1446.0 INV_SAC=7.0 INV_BAP=257.0 INV_SAP=483.0
05:43:18    📊 RTY  FLOW | CallPrem=0 PutPrem=0 | Imbalance=+0.00 | Regime=DEALER_SHORT_GAMMA (42%) | Bias=BEARISH Risk=MEDIUM | Scores B=18 P=30 SQ=10
05:43:18    ✅ NQ   | SPOT=30579.00 | ZERO=30617.31 | GEX↑=    0.00 GEX↓=30500.00 | VEX↑=30700.00 VEX↓=    0.00 | BAC=0.0 SAC=0.0 BAP=0.0 SAP=0.0 | INV_BAC=2086.0 INV_SAC=4616.0 INV_BAP=2250.0 INV_SAP=4030.0
05:43:18    📊 NQ   FLOW | CallPrem=4,797,408 PutPrem=5,888,545 | Imbalance=-0.10 | Regime=DEALER_LONG_GAMMA (49%) | Bias=BEARISH Risk=LOW | Scores B=2 P=15 SQ=22
05:43:18    ✅ GLD  | SPOT=  381.32 | ZERO=  382.00 | GEX↑=  381.00 GEX↓=    0.00 | VEX↑=  403.00 VEX↓=    0.00 | BAC=0.0 SAC=0.0 BAP=0.0 SAP=0.0 | INV_BAC=32296.0 INV_SAC=21282.0 INV_BAP=1469.0 INV_SAP=38742.0
05:43:18    📊 GLD  FLOW | CallPrem=0 PutPrem=0 | Imbalance=+0.00 | Regime=DEALER_SHORT_GAMMA (39%) | Bias=BEARISH Risk=LOW | Scores B=0 P=15 SQ=0
05:43:18    📡 signals.json: 7 señal(es) activa(s): QQQ:APPROACHING_GEX_WALL, USO:APPROACHING_GEX_WALL, USO:VIX_REGIME_CONFIRM, USO:CHARM_CASCADE, GLD:APPROACHING_GEX_WALL, GLD:PINNING_RISK, GLD:ZERO_PROXIMITY_RESISTANCE
05:43:18    🎯 BIAS CONFLICTED conf=3 regime=CHARM_DOMINATED gz=ALIGNED_BEAR confluence=4.3 action=WAIT_CONFIRM T1=7752.74 (MAX_vGEX) SQ:False PK:False
05:43:18    ✅ Ciclo 389 completado en 1.6s | margen=58.4s | read=0.2s compute=1.0s signals=0.1s
05:44:17  ── Ciclo 390  05:44:17 ───────────────────────────────────
05:44:17    VIX: sin 0DTE, usando cadena completa.
05:44:17    VXX: error conectando a Excel: (-2147352567, 'Ocurrió una excepción.', (0, None, None, None, 0, -2147352565), None)
05:44:17    VXX: sin datos, se omite.
05:44:17    UVXY: error conectando a Excel: (-2147352567, 'Ocurrió una excepción.', (0, None, None, None, 0, -2147352565), None)
05:44:17    UVXY: sin datos, se omite.
05:44:17    SVXY: error conectando a Excel: (-2147352567, 'Ocurrió una excepción.', (0, None, None, None, 0, -2147352565), None)
05:44:17    SVXY: sin datos, se omite.
05:44:17    TQQQ: error conectando a Excel: (-2147352567, 'Ocurrió una excepción.', (0, None, None, None, 0, -2147352565), None)
05:44:17    TQQQ: sin datos, se omite.
05:44:17    SQQQ: error conectando a Excel: (-2147352567, 'Ocurrió una excepción.', (0, None, None, None, 0, -2147352565), None)
05:44:17    SQQQ: sin datos, se omite.
05:44:17    SPXS: error conectando a Excel: (-2147352567, 'Ocurrió una excepción.', (0, None, None, None, 0, -2147352565), None)
05:44:17    SPXS: sin datos, se omite.
05:44:17    SPXL: error conectando a Excel: (-2147352567, 'Ocurrió una excepción.', (0, None, None, None, 0, -2147352565), None)
05:44:17    SPXL: sin datos, se omite.
05:44:17    USO: sin 0DTE, usando cadena completa.
05:44:17    TLT: error conectando a Excel: (-2147352567, 'Ocurrió una excepción.', (0, None, None, None, 0, -2147352565), None)
05:44:17    TLT: sin datos, se omite.
05:44:17    GLD: sin 0DTE, usando cadena completa.
05:44:17    NVDA: error conectando a Excel: (-2147352567, 'Ocurrió una excepción.', (0, None, None, None, 0, -2147352565), None)
05:44:17    NVDA: sin datos, se omite.
05:44:17    Fase1 LECTURA: 10 activos en 0.2s
05:44:18    Fase2 COMPUTE: 10/10 activos en 1.0s (4 workers paralelos)
05:44:18    🚨 SIGNAL VIX GEX_WALL | SPOT=16.40 wall=14.0 dist=2.40pts
05:44:18    🚨 SIGNAL QQQ ZERO_PROXIMITY_RESISTANCE | dist=0.93pts ZERO=738.00 charm=0.0M prob=57%
05:44:18    🚨 SIGNAL SPY GEX_WALL | SPOT=767.21 wall=770.0 dist=2.79pts
05:44:18    🚨 SIGNAL SPY ZERO_PROXIMITY_RESISTANCE | dist=0.96pts ZERO=768.17 charm=0.0M prob=57%
05:44:18    🚨 SIGNAL SPX GEX_WALL | SPOT=7743.41 wall=7740.0 dist=3.41pts
05:44:18    ✅ VIX  | SPOT=   16.40 | ZERO=   16.45 | GEX↑=    0.00 GEX↓=   16.00 | VEX↑=   18.00 VEX↓=    0.00 | BAC=0.0 SAC=0.0 BAP=0.0 SAP=0.0 | INV_BAC=2.0 INV_SAC=150.0 INV_BAP=0.0 INV_SAP=8.0
05:44:18    📊 VIX  FLOW | CallPrem=0 PutPrem=0 | Imbalance=+0.00 | Regime=DEALER_SHORT_GAMMA (42%) | Bias=BEARISH Risk=MEDIUM | Scores B=0 P=15 SQ=25
05:44:18    📈 signals_performance.csv: 1 outcome(s) registrado(s)
05:44:18    ✅ QQQ  | SPOT=  737.07 | ZERO=  738.00 | GEX↑=    0.00 GEX↓=  738.00 | VEX↑=  767.00 VEX↓=    0.00 | BAC=0.0 SAC=0.0 BAP=0.0 SAP=0.0 | INV_BAC=406048.0 INV_SAC=68532.0 INV_BAP=184603.0 INV_SAP=284458.0
05:44:18    📊 QQQ  FLOW | CallPrem=0 PutPrem=0 | Imbalance=+0.00 | Regime=DEALER_SHORT_GAMMA (39%) | Bias=BEARISH Risk=LOW | Scores B=0 P=15 SQ=0
05:44:18    📈 signals_performance.csv: 1 outcome(s) registrado(s)
05:44:18    ✅ SPY  | SPOT=  767.21 | ZERO=  768.17 | GEX↑=    0.00 GEX↓=  768.00 | VEX↑=  797.00 VEX↓=    0.00 | BAC=0.0 SAC=0.0 BAP=0.0 SAP=0.0 | INV_BAC=535168.0 INV_SAC=108725.0 INV_BAP=531196.0 INV_SAP=70068.0
05:44:18    📈 signals_performance.csv: 2 outcome(s) registrado(s)
05:44:18    📊 SPY  FLOW | CallPrem=0 PutPrem=0 | Imbalance=+0.00 | Regime=DEALER_SHORT_GAMMA (39%) | Bias=BEARISH Risk=LOW | Scores B=0 P=15 SQ=0
05:44:18    ✅ SPX  | SPOT= 7743.41 | ZERO= 7735.05 | GEX↑= 7740.00 GEX↓=    0.00 | VEX↑= 7740.00 VEX↓=    0.00 | BAC=0.0 SAC=0.0 BAP=0.0 SAP=0.0 | INV_BAC=49261.0 INV_SAC=1.0 INV_BAP=40821.0 INV_SAP=2708.0
05:44:18    📈 signals_performance.csv: 1 outcome(s) registrado(s)
05:44:18    📊 SPX  FLOW | CallPrem=57,914,632 PutPrem=8,072,905 | Imbalance=+0.76 | Regime=CALL_SQUEEZE (36%) | Bias=BULLISH Risk=MEDIUM | Scores B=56 P=15 SQ=55
05:44:18    ✅ RTY  | SPOT= 2840.40 | ZERO= 2869.57 | GEX↑=    0.00 GEX↓= 2840.00 | VEX↑=    0.00 VEX↓= 2860.00 | BAC=0.0 SAC=0.0 BAP=0.0 SAP=0.0 | INV_BAC=1446.0 INV_SAC=7.0 INV_BAP=257.0 INV_SAP=483.0
05:44:18    📈 signals_performance.csv: 1 outcome(s) registrado(s)
05:44:18    📊 RTY  FLOW | CallPrem=0 PutPrem=0 | Imbalance=+0.00 | Regime=DEALER_SHORT_GAMMA (42%) | Bias=BEARISH Risk=MEDIUM | Scores B=16 P=30 SQ=10
05:44:18    ✅ NQ   | SPOT=30578.25 | ZERO=30617.32 | GEX↑=    0.00 GEX↓=30500.00 | VEX↑=30700.00 VEX↓=    0.00 | BAC=0.0 SAC=0.0 BAP=0.0 SAP=0.0 | INV_BAC=2086.0 INV_SAC=4616.0 INV_BAP=2250.0 INV_SAP=4036.0
05:44:18    📊 NQ   FLOW | CallPrem=4,797,408 PutPrem=5,888,545 | Imbalance=-0.10 | Regime=DEALER_LONG_GAMMA (54%) | Bias=NEUTRAL Risk=LOW | Scores B=7 P=15 SQ=23
05:44:18    ✅ GLD  | SPOT=  381.03 | ZERO=  382.00 | GEX↑=    0.00 GEX↓=  381.00 | VEX↑=  403.00 VEX↓=    0.00 | BAC=0.0 SAC=0.0 BAP=0.0 SAP=0.0 | INV_BAC=32296.0 INV_SAC=21282.0 INV_BAP=1469.0 INV_SAP=38742.0
05:44:18    📊 GLD  FLOW | CallPrem=0 PutPrem=0 | Imbalance=+0.00 | Regime=DEALER_SHORT_GAMMA (39%) | Bias=BEARISH Risk=LOW | Scores B=0 P=15 SQ=0
05:44:18    ✅ USO  | SPOT=  154.87 | ZERO=  149.00 | GEX↑=    0.00 GEX↓=  155.00 | VEX↑=  178.00 VEX↓=    0.00 | BAC=0.0 SAC=0.0 BAP=0.0 SAP=0.0 | INV_BAC=40668.0 INV_SAC=6027.0 INV_BAP=29949.0 INV_SAP=18676.0
05:44:18    📊 USO  FLOW | CallPrem=0 PutPrem=0 | Imbalance=+0.00 | Regime=DEALER_LONG_GAMMA (41%) | Bias=NEUTRAL Risk=LOW | Scores B=20 P=0 SQ=15
05:44:18    ✅ ES   | SPOT= 7761.25 | ZERO= 7768.49 | GEX↑=    0.00 GEX↓= 7750.00 | VEX↑=    0.00 VEX↓= 7750.00 | BAC=0.0 SAC=0.0 BAP=0.0 SAP=0.0 | INV_BAC=15974.0 INV_SAC=13289.0 INV_BAP=14032.0 INV_SAP=22510.0
05:44:18    📊 ES   FLOW | CallPrem=4,897,090 PutPrem=5,806,880 | Imbalance=-0.09 | Regime=DEALER_LONG_GAMMA (49%) | Bias=BEARISH Risk=MEDIUM | Scores B=6 P=17 SQ=26
05:44:18    ✅ NDX  | SPOT=30608.13 | ZERO=30608.78 | GEX↑=30850.00 GEX↓=    0.00 | VEX↑=31690.00 VEX↓=    0.00 | BAC=0.0 SAC=0.0 BAP=0.0 SAP=0.0 | INV_BAC=1552.0 INV_SAC=1144.0 INV_BAP=1692.0 INV_SAP=1074.0
05:44:18    📊 NDX  FLOW | CallPrem=0 PutPrem=0 | Imbalance=+0.00 | Regime=DEALER_SHORT_GAMMA (39%) | Bias=BEARISH Risk=LOW | Scores B=0 P=15 SQ=0
05:44:18    📡 signals.json: 5 señal(es) activa(s): VIX:APPROACHING_GEX_WALL, QQQ:ZERO_PROXIMITY_RESISTANCE, SPY:APPROACHING_GEX_WALL, SPY:ZERO_PROXIMITY_RESISTANCE, SPX:APPROACHING_GEX_WALL
05:44:18    🎯 BIAS CONFLICTED conf=3 regime=CHARM_DOMINATED gz=ALIGNED_BEAR confluence=3.8 action=WAIT_CONFIRM T1=7752.72 (MAX_vGEX) SQ:False PK:False
05:44:19    📊 PerfSummary exportado: 22 señales | PINNING_RISK:wr=46%/n=1000 | ZERO_CROSS_UP:wr=45%/n=1000 | VIX_REGIME_CONFIRM:wr=36%/n=1000
05:44:19    ✅ Ciclo 390 completado en 1.9s | margen=58.1s | read=0.2s compute=1.0s signals=0.1s
05:45:17  ── Ciclo 391  05:45:17 ───────────────────────────────────
05:45:17    VIX: sin 0DTE, usando cadena completa.
05:45:17    VXX: error conectando a Excel: (-2147352567, 'Ocurrió una excepción.', (0, None, None, None, 0, -2147352565), None)
05:45:17    VXX: sin datos, se omite.
05:45:17    UVXY: error conectando a Excel: (-2147352567, 'Ocurrió una excepción.', (0, None, None, None, 0, -2147352565), None)
05:45:17    UVXY: sin datos, se omite.
05:45:17    SVXY: error conectando a Excel: (-2147352567, 'Ocurrió una excepción.', (0, None, None, None, 0, -2147352565), None)
05:45:17    SVXY: sin datos, se omite.
05:45:17    TQQQ: error conectando a Excel: (-2147352567, 'Ocurrió una excepción.', (0, None, None, None, 0, -2147352565), None)
05:45:17    TQQQ: sin datos, se omite.
05:45:17    SQQQ: error conectando a Excel: (-2147352567, 'Ocurrió una excepción.', (0, None, None, None, 0, -2147352565), None)
05:45:17    SQQQ: sin datos, se omite.
05:45:17    SPXS: error conectando a Excel: (-2147352567, 'Ocurrió una excepción.', (0, None, None, None, 0, -2147352565), None)
05:45:17    SPXS: sin datos, se omite.
05:45:17    SPXL: error conectando a Excel: (-2147352567, 'Ocurrió una excepción.', (0, None, None, None, 0, -2147352565), None)
05:45:17    SPXL: sin datos, se omite.
05:45:17    USO: sin 0DTE, usando cadena completa.
05:45:17    TLT: error conectando a Excel: (-2147352567, 'Ocurrió una excepción.', (0, None, None, None, 0, -2147352565), None)
05:45:17    TLT: sin datos, se omite.
05:45:17    GLD: sin 0DTE, usando cadena completa.
05:45:17    NVDA: error conectando a Excel: (-2147352567, 'Ocurrió una excepción.', (0, None, None, None, 0, -2147352565), None)
05:45:17    NVDA: sin datos, se omite.
05:45:17    Fase1 LECTURA: 10 activos en 0.2s
05:45:17    🌊 SWEEP SPX HEDGE_CHASE_SWEEP (call) | path=[7695.0, 7700.0, 7780.0]
05:45:18    🔀 DEALER REGIME GLD: LONG_GAMMA_PINNING → CHARM_DOMINATED (conf=60)
05:45:18    Fase2 COMPUTE: 10/10 activos en 1.0s (4 workers paralelos)
05:45:18    🚨 SIGNAL QQQ GEX_WALL | SPOT=737.07 wall=738.0 dist=0.93pts
05:45:18    🚨 SIGNAL USO GEX_WALL | SPOT=154.87 wall=151.0 dist=3.87pts
05:45:18    🚨 SIGNAL GLD GEX_WALL | SPOT=381.12 wall=385.0 dist=3.88pts
05:45:18    ✅ QQQ  | SPOT=  737.07 | ZERO=  738.00 | GEX↑=    0.00 GEX↓=  738.00 | VEX↑=  767.00 VEX↓=    0.00 | BAC=0.0 SAC=0.0 BAP=0.0 SAP=0.0 | INV_BAC=406048.0 INV_SAC=68532.0 INV_BAP=184603.0 INV_SAP=284458.0
05:45:18    🚨 SIGNAL GLD VIX_CONFIRM BULLISH | vix=LONG_GAMMA
05:45:18    📊 QQQ  FLOW | CallPrem=0 PutPrem=0 | Imbalance=+0.00 | Regime=DEALER_SHORT_GAMMA (39%) | Bias=BEARISH Risk=LOW | Scores B=0 P=15 SQ=0
05:45:18    ✅ VIX  | SPOT=   16.40 | ZERO=   16.45 | GEX↑=    0.00 GEX↓=   16.00 | VEX↑=   18.00 VEX↓=    0.00 | BAC=0.0 SAC=0.0 BAP=0.0 SAP=0.0 | INV_BAC=2.0 INV_SAC=150.0 INV_BAP=0.0 INV_SAP=8.0
05:45:18    📊 VIX  FLOW | CallPrem=0 PutPrem=0 | Imbalance=+0.00 | Regime=DEALER_SHORT_GAMMA (42%) | Bias=BEARISH Risk=MEDIUM | Scores B=0 P=15 SQ=25
05:45:18    📈 signals_performance.csv: 1 outcome(s) registrado(s)
05:45:18    ✅ SPY  | SPOT=  767.24 | ZERO=  768.17 | GEX↑=    0.00 GEX↓=  768.00 | VEX↑=  797.00 VEX↓=    0.00 | BAC=0.0 SAC=0.0 BAP=0.0 SAP=0.0 | INV_BAC=535168.0 INV_SAC=108725.0 INV_BAP=531196.0 INV_SAP=70068.0
05:45:18    📊 SPY  FLOW | CallPrem=0 PutPrem=0 | Imbalance=+0.00 | Regime=DEALER_SHORT_GAMMA (39%) | Bias=BEARISH Risk=LOW | Scores B=0 P=15 SQ=0
05:45:18    ✅ SPX  | SPOT= 7743.41 | ZERO= 7735.05 | GEX↑= 7740.00 GEX↓=    0.00 | VEX↑= 7740.00 VEX↓=    0.00 | BAC=0.0 SAC=0.0 BAP=0.0 SAP=0.0 | INV_BAC=49276.0 INV_SAC=1.0 INV_BAP=40839.0 INV_SAP=2708.0
05:45:18    ✅ RTY  | SPOT= 2840.50 | ZERO= 2869.58 | GEX↑=    0.00 GEX↓= 2840.00 | VEX↑=    0.00 VEX↓= 2860.00 | BAC=0.0 SAC=0.0 BAP=0.0 SAP=0.0 | INV_BAC=1446.0 INV_SAC=7.0 INV_BAP=257.0 INV_SAP=483.0
05:45:18    📊 SPX  FLOW | CallPrem=57,934,953 PutPrem=8,073,421 | Imbalance=+0.76 | Regime=DEALER_LONG_GAMMA (35%) | Bias=BULLISH Risk=HIGH | Scores B=58 P=15 SQ=62
05:45:18    📊 RTY  FLOW | CallPrem=0 PutPrem=0 | Imbalance=+0.00 | Regime=DEALER_SHORT_GAMMA (38%) | Bias=NEUTRAL Risk=MEDIUM | Scores B=20 P=30 SQ=10
05:45:18    ✅ ES   | SPOT= 7761.50 | ZERO= 7768.48 | GEX↑=    0.00 GEX↓= 7750.00 | VEX↑=    0.00 VEX↓= 7750.00 | BAC=0.0 SAC=0.0 BAP=0.0 SAP=0.0 | INV_BAC=15975.0 INV_SAC=13299.0 INV_BAP=14040.0 INV_SAP=22529.0
05:45:18    📊 ES   FLOW | CallPrem=4,897,970 PutPrem=5,809,630 | Imbalance=-0.09 | Regime=DEALER_LONG_GAMMA (37%) | Bias=BEARISH Risk=MEDIUM | Scores B=4 P=16 SQ=26
05:45:18    ✅ USO  | SPOT=  154.87 | ZERO=  149.00 | GEX↑=    0.00 GEX↓=  155.00 | VEX↑=  178.00 VEX↓=    0.00 | BAC=0.0 SAC=0.0 BAP=0.0 SAP=0.0 | INV_BAC=40668.0 INV_SAC=6027.0 INV_BAP=29949.0 INV_SAP=18676.0
05:45:18    📊 USO  FLOW | CallPrem=0 PutPrem=0 | Imbalance=+0.00 | Regime=DEALER_LONG_GAMMA (41%) | Bias=NEUTRAL Risk=LOW | Scores B=20 P=0 SQ=15
05:45:18    ✅ NQ   | SPOT=30578.50 | ZERO=30617.33 | GEX↑=    0.00 GEX↓=30500.00 | VEX↑=30700.00 VEX↓=    0.00 | BAC=0.0 SAC=0.0 BAP=0.0 SAP=0.0 | INV_BAC=2086.0 INV_SAC=4616.0 INV_BAP=2256.0 INV_SAP=4038.0
05:45:18    📊 NQ   FLOW | CallPrem=4,797,408 PutPrem=5,904,145 | Imbalance=-0.10 | Regime=DEALER_LONG_GAMMA (54%) | Bias=NEUTRAL Risk=LOW | Scores B=10 P=15 SQ=24
05:45:18    ✅ GLD  | SPOT=  381.12 | ZERO=  382.00 | GEX↑=  381.00 GEX↓=    0.00 | VEX↑=  403.00 VEX↓=    0.00 | BAC=0.0 SAC=0.0 BAP=0.0 SAP=0.0 | INV_BAC=32296.0 INV_SAC=21282.0 INV_BAP=1469.0 INV_SAP=38742.0
05:45:18    📊 GLD  FLOW | CallPrem=0 PutPrem=0 | Imbalance=+0.00 | Regime=DEALER_SHORT_GAMMA (39%) | Bias=BEARISH Risk=LOW | Scores B=0 P=15 SQ=0
05:45:18    ✅ NDX  | SPOT=30608.13 | ZERO=30608.78 | GEX↑=30850.00 GEX↓=    0.00 | VEX↑=31690.00 VEX↓=    0.00 | BAC=0.0 SAC=0.0 BAP=0.0 SAP=0.0 | INV_BAC=1552.0 INV_SAC=1144.0 INV_BAP=1692.0 INV_SAP=1074.0
05:45:18    📊 NDX  FLOW | CallPrem=0 PutPrem=0 | Imbalance=+0.00 | Regime=DEALER_SHORT_GAMMA (39%) | Bias=BEARISH Risk=LOW | Scores B=0 P=15 SQ=0
05:45:18    📡 signals.json: 4 señal(es) activa(s): QQQ:APPROACHING_GEX_WALL, USO:APPROACHING_GEX_WALL, GLD:APPROACHING_GEX_WALL, GLD:VIX_REGIME_CONFIRM
05:45:18    🎯 BIAS CONFLICTED conf=3 regime=CHARM_DOMINATED gz=ALIGNED_BEAR confluence=4.3 action=WAIT_CONFIRM T1=7752.72 (MAX_vGEX) SQ:False PK:False
05:45:18    ✅ Ciclo 391 completado en 1.6s | margen=58.4s | read=0.2s compute=1.0s signals=0.1s
05:46:17  ── Ciclo 392  05:46:17 ───────────────────────────────────
05:46:17    VIX: sin 0DTE, usando cadena completa.
05:46:17    VXX: error conectando a Excel: (-2147352567, 'Ocurrió una excepción.', (0, None, None, None, 0, -2147352565), None)
05:46:17    VXX: sin datos, se omite.
05:46:17    UVXY: error conectando a Excel: (-2147352567, 'Ocurrió una excepción.', (0, None, None, None, 0, -2147352565), None)
05:46:17    UVXY: sin datos, se omite.
05:46:17    SVXY: error conectando a Excel: (-2147352567, 'Ocurrió una excepción.', (0, None, None, None, 0, -2147352565), None)
05:46:17    SVXY: sin datos, se omite.
05:46:17    TQQQ: error conectando a Excel: (-2147352567, 'Ocurrió una excepción.', (0, None, None, None, 0, -2147352565), None)
05:46:17    TQQQ: sin datos, se omite.
05:46:17    SQQQ: error conectando a Excel: (-2147352567, 'Ocurrió una excepción.', (0, None, None, None, 0, -2147352565), None)
05:46:17    SQQQ: sin datos, se omite.
05:46:17    SPXS: error conectando a Excel: (-2147352567, 'Ocurrió una excepción.', (0, None, None, None, 0, -2147352565), None)
05:46:17    SPXS: sin datos, se omite.
05:46:17    SPXL: error conectando a Excel: (-2147352567, 'Ocurrió una excepción.', (0, None, None, None, 0, -2147352565), None)
05:46:17    SPXL: sin datos, se omite.
05:46:17    USO: sin 0DTE, usando cadena completa.
05:46:17    TLT: error conectando a Excel: (-2147352567, 'Ocurrió una excepción.', (0, None, None, None, 0, -2147352565), None)
05:46:17    TLT: sin datos, se omite.
05:46:17    GLD: sin 0DTE, usando cadena completa.
05:46:17    NVDA: error conectando a Excel: (-2147352567, 'Ocurrió una excepción.', (0, None, None, None, 0, -2147352565), None)
05:46:17    NVDA: sin datos, se omite.
05:46:17    Fase1 LECTURA: 10 activos en 0.2s
05:46:18    Fase2 COMPUTE: 10/10 activos en 1.0s (4 workers paralelos)
05:46:18    🚨 SIGNAL VIX GEX_WALL | SPOT=16.40 wall=14.0 dist=2.40pts
05:46:18    🚨 SIGNAL SPY GEX_WALL | SPOT=767.22 wall=770.0 dist=2.78pts
05:46:18    🚨 SIGNAL SPX GEX_WALL | SPOT=7743.41 wall=7740.0 dist=3.41pts
05:46:18    🚨 SIGNAL USO REGIME_TRADE_CONFIRM BULLISH | regime=CHARM_DOMINATED conf=75% L=54 S=35 gap=19pts
05:46:18    📊 VIX  FLOW | CallPrem=0 PutPrem=0 | Imbalance=+0.00 | Regime=DEALER_SHORT_GAMMA (42%) | Bias=BEARISH Risk=MEDIUM | Scores B=0 P=15 SQ=25
05:46:18    ✅ VIX  | SPOT=   16.40 | ZERO=   16.45 | GEX↑=    0.00 GEX↓=   16.00 | VEX↑=   18.00 VEX↓=    0.00 | BAC=0.0 SAC=0.0 BAP=0.0 SAP=0.0 | INV_BAC=2.0 INV_SAC=150.0 INV_BAP=0.0 INV_SAP=8.0
05:46:18    📈 signals_performance.csv: 1 outcome(s) registrado(s)
05:46:18    ✅ SPY  | SPOT=  767.22 | ZERO=  768.17 | GEX↑=    0.00 GEX↓=  768.00 | VEX↑=  797.00 VEX↓=    0.00 | BAC=0.0 SAC=0.0 BAP=0.0 SAP=0.0 | INV_BAC=535168.0 INV_SAC=108725.0 INV_BAP=531196.0 INV_SAP=70068.0
05:46:18    📈 signals_performance.csv: 1 outcome(s) registrado(s)
05:46:18    📊 SPY  FLOW | CallPrem=0 PutPrem=0 | Imbalance=+0.00 | Regime=DEALER_SHORT_GAMMA (39%) | Bias=BEARISH Risk=LOW | Scores B=0 P=15 SQ=0
05:46:18    ✅ QQQ  | SPOT=  737.06 | ZERO=  738.00 | GEX↑=    0.00 GEX↓=  738.00 | VEX↑=  767.00 VEX↓=    0.00 | BAC=0.0 SAC=0.0 BAP=0.0 SAP=0.0 | INV_BAC=406048.0 INV_SAC=68532.0 INV_BAP=184603.0 INV_SAP=284458.0
05:46:18    📊 QQQ  FLOW | CallPrem=0 PutPrem=0 | Imbalance=+0.00 | Regime=DEALER_SHORT_GAMMA (39%) | Bias=BEARISH Risk=LOW | Scores B=0 P=15 SQ=0
05:46:18    📈 signals_performance.csv: 1 outcome(s) registrado(s)
05:46:18    ✅ SPX  | SPOT= 7743.41 | ZERO= 7735.05 | GEX↑= 7740.00 GEX↓=    0.00 | VEX↑= 7740.00 VEX↓=    0.00 | BAC=0.0 SAC=0.0 BAP=0.0 SAP=0.0 | INV_BAC=49297.0 INV_SAC=1.0 INV_BAP=40907.0 INV_SAP=2708.0
05:46:18    📊 SPX  FLOW | CallPrem=57,998,896 PutPrem=8,076,573 | Imbalance=+0.76 | Regime=DEALER_LONG_GAMMA (41%) | Bias=BULLISH Risk=HIGH | Scores B=54 P=15 SQ=54
05:46:18    ✅ RTY  | SPOT= 2840.30 | ZERO= 2869.56 | GEX↑=    0.00 GEX↓= 2840.00 | VEX↑=    0.00 VEX↓= 2860.00 | BAC=0.0 SAC=0.0 BAP=0.0 SAP=0.0 | INV_BAC=1446.0 INV_SAC=7.0 INV_BAP=257.0 INV_SAP=483.0
05:46:18    📈 signals_performance.csv: 1 outcome(s) registrado(s)
05:46:18    📊 RTY  FLOW | CallPrem=0 PutPrem=0 | Imbalance=+0.00 | Regime=DEALER_SHORT_GAMMA (42%) | Bias=BEARISH Risk=MEDIUM | Scores B=17 P=30 SQ=10
05:46:18    ✅ NDX  | SPOT=30608.13 | ZERO=30608.78 | GEX↑=30850.00 GEX↓=    0.00 | VEX↑=31690.00 VEX↓=    0.00 | BAC=0.0 SAC=0.0 BAP=0.0 SAP=0.0 | INV_BAC=1552.0 INV_SAC=1144.0 INV_BAP=1692.0 INV_SAP=1074.0
05:46:18    📊 NDX  FLOW | CallPrem=0 PutPrem=0 | Imbalance=+0.00 | Regime=DEALER_SHORT_GAMMA (39%) | Bias=BEARISH Risk=LOW | Scores B=0 P=15 SQ=0
05:46:18    ✅ ES   | SPOT= 7761.25 | ZERO= 7768.50 | GEX↑=    0.00 GEX↓= 7750.00 | VEX↑=    0.00 VEX↓= 7750.00 | BAC=0.0 SAC=0.0 BAP=0.0 SAP=0.0 | INV_BAC=15975.0 INV_SAC=13301.0 INV_BAP=14062.0 INV_SAP=22532.0
05:46:18    📊 ES   FLOW | CallPrem=4,897,970 PutPrem=5,824,130 | Imbalance=-0.09 | Regime=DEALER_LONG_GAMMA (49%) | Bias=BEARISH Risk=MEDIUM | Scores B=3 P=16 SQ=25
05:46:18    ✅ GLD  | SPOT=  381.07 | ZERO=  382.00 | GEX↑=  381.00 GEX↓=    0.00 | VEX↑=  403.00 VEX↓=    0.00 | BAC=0.0 SAC=0.0 BAP=0.0 SAP=0.0 | INV_BAC=32296.0 INV_SAC=21282.0 INV_BAP=1469.0 INV_SAP=38742.0
05:46:18    📊 GLD  FLOW | CallPrem=0 PutPrem=0 | Imbalance=+0.00 | Regime=DEALER_SHORT_GAMMA (39%) | Bias=BEARISH Risk=LOW | Scores B=0 P=15 SQ=0
05:46:18    ✅ USO  | SPOT=  154.87 | ZERO=  149.00 | GEX↑=    0.00 GEX↓=  155.00 | VEX↑=  178.00 VEX↓=    0.00 | BAC=0.0 SAC=0.0 BAP=0.0 SAP=0.0 | INV_BAC=40668.0 INV_SAC=6027.0 INV_BAP=29949.0 INV_SAP=18676.0
05:46:18    📊 USO  FLOW | CallPrem=0 PutPrem=0 | Imbalance=+0.00 | Regime=DEALER_LONG_GAMMA (41%) | Bias=NEUTRAL Risk=LOW | Scores B=20 P=0 SQ=15
05:46:18    📊 NQ   FLOW | CallPrem=4,797,408 PutPrem=5,908,545 | Imbalance=-0.10 | Regime=DEALER_LONG_GAMMA (54%) | Bias=NEUTRAL Risk=LOW | Scores B=11 P=15 SQ=24
05:46:18    📡 signals.json: 4 señal(es) activa(s): VIX:APPROACHING_GEX_WALL, SPY:APPROACHING_GEX_WALL, SPX:APPROACHING_GEX_WALL, USO:REGIME_TRADE_CONFIRM
05:46:18    ✅ NQ   | SPOT=30577.75 | ZERO=30617.33 | GEX↑=    0.00 GEX↓=30500.00 | VEX↑=30700.00 VEX↓=    0.00 | BAC=0.0 SAC=0.0 BAP=0.0 SAP=0.0 | INV_BAC=2086.0 INV_SAC=4618.0 INV_BAP=2264.0 INV_SAP=4038.0
05:46:18    🎯 BIAS CONFLICTED conf=3 regime=CHARM_DOMINATED gz=ALIGNED_BEAR confluence=4.3 action=WAIT_CONFIRM T1=7752.72 (MAX_vGEX) SQ:False PK:False
05:46:18    ✅ Ciclo 392 completado en 1.7s | margen=58.3s | read=0.2s compute=1.0s signals=0.1s
05:47:17  ── Ciclo 393  05:47:17 ───────────────────────────────────
05:47:17    VIX: sin 0DTE, usando cadena completa.
05:47:17    VXX: error conectando a Excel: (-2147352567, 'Ocurrió una excepción.', (0, None, None, None, 0, -2147352565), None)
05:47:17    VXX: sin datos, se omite.
05:47:17    UVXY: error conectando a Excel: (-2147352567, 'Ocurrió una excepción.', (0, None, None, None, 0, -2147352565), None)
05:47:17    UVXY: sin datos, se omite.
05:47:17    SVXY: error conectando a Excel: (-2147352567, 'Ocurrió una excepción.', (0, None, None, None, 0, -2147352565), None)
05:47:17    SVXY: sin datos, se omite.
05:47:17    TQQQ: error conectando a Excel: (-2147352567, 'Ocurrió una excepción.', (0, None, None, None, 0, -2147352565), None)
05:47:17    TQQQ: sin datos, se omite.
05:47:17    SQQQ: error conectando a Excel: (-2147352567, 'Ocurrió una excepción.', (0, None, None, None, 0, -2147352565), None)
05:47:17    SQQQ: sin datos, se omite.
05:47:17    SPXS: error conectando a Excel: (-2147352567, 'Ocurrió una excepción.', (0, None, None, None, 0, -2147352565), None)
05:47:17    SPXS: sin datos, se omite.
05:47:17    SPXL: error conectando a Excel: (-2147352567, 'Ocurrió una excepción.', (0, None, None, None, 0, -2147352565), None)
05:47:17    SPXL: sin datos, se omite.
05:47:17    USO: sin 0DTE, usando cadena completa.
05:47:17    TLT: error conectando a Excel: (-2147352567, 'Ocurrió una excepción.', (0, None, None, None, 0, -2147352565), None)
05:47:17    TLT: sin datos, se omite.
05:47:17    GLD: sin 0DTE, usando cadena completa.
05:47:17    NVDA: error conectando a Excel: (-2147352567, 'Ocurrió una excepción.', (0, None, None, None, 0, -2147352565), None)
05:47:17    NVDA: sin datos, se omite.
05:47:17    Fase1 LECTURA: 10 activos en 0.2s
05:47:18    Fase2 COMPUTE: 10/10 activos en 1.0s (4 workers paralelos)
05:47:18    🚨 SIGNAL QQQ GEX_WALL | SPOT=737.05 wall=738.0 dist=0.95pts
05:47:18    🚨 SIGNAL SPX VIX_CONFIRM BULLISH | vix=LONG_GAMMA
05:47:18    🚨 SIGNAL GLD GEX_WALL | SPOT=381.03 wall=385.0 dist=3.97pts
05:47:18    🚨 SIGNAL USO GEX_WALL | SPOT=154.84 wall=151.0 dist=3.84pts
05:47:18    🚫 TRADE gated SPX: fuera de sesión (((9, 35), (15, 40)) ET)
05:47:18    ✅ SPY  | SPOT=  767.26 | ZERO=  768.17 | GEX↑=    0.00 GEX↓=  768.00 | VEX↑=  797.00 VEX↓=    0.00 | BAC=0.0 SAC=0.0 BAP=0.0 SAP=0.0 | INV_BAC=535168.0 INV_SAC=108725.0 INV_BAP=531196.0 INV_SAP=70068.0
05:47:18    📊 SPY  FLOW | CallPrem=0 PutPrem=0 | Imbalance=+0.00 | Regime=DEALER_SHORT_GAMMA (39%) | Bias=BEARISH Risk=LOW | Scores B=0 P=15 SQ=0
05:47:18    ✅ VIX  | SPOT=   16.40 | ZERO=   16.45 | GEX↑=    0.00 GEX↓=   16.00 | VEX↑=   18.00 VEX↓=    0.00 | BAC=0.0 SAC=0.0 BAP=0.0 SAP=0.0 | INV_BAC=2.0 INV_SAC=150.0 INV_BAP=0.0 INV_SAP=8.0
05:47:18    📈 signals_performance.csv: 1 outcome(s) registrado(s)
05:47:18    📊 VIX  FLOW | CallPrem=0 PutPrem=0 | Imbalance=+0.00 | Regime=DEALER_SHORT_GAMMA (42%) | Bias=BEARISH Risk=MEDIUM | Scores B=0 P=15 SQ=25
05:47:18    ✅ QQQ  | SPOT=  737.05 | ZERO=  738.00 | GEX↑=    0.00 GEX↓=  738.00 | VEX↑=  767.00 VEX↓=    0.00 | BAC=0.0 SAC=0.0 BAP=0.0 SAP=0.0 | INV_BAC=406048.0 INV_SAC=68532.0 INV_BAP=184603.0 INV_SAP=284458.0
05:47:18    📈 signals_performance.csv: 1 outcome(s) registrado(s)
05:47:18    📊 QQQ  FLOW | CallPrem=0 PutPrem=0 | Imbalance=+0.00 | Regime=DEALER_SHORT_GAMMA (39%) | Bias=BEARISH Risk=LOW | Scores B=0 P=15 SQ=0
05:47:18    ✅ SPX  | SPOT= 7743.41 | ZERO= 7735.05 | GEX↑= 7740.00 GEX↓=    0.00 | VEX↑= 7740.00 VEX↓=    0.00 | BAC=0.0 SAC=0.0 BAP=0.0 SAP=0.0 | INV_BAC=49357.0 INV_SAC=1.0 INV_BAP=40978.0 INV_SAP=2708.0
05:47:18    📈 signals_performance.csv: 1 outcome(s) registrado(s)
05:47:18    📊 SPX  FLOW | CallPrem=58,096,784 PutPrem=8,109,276 | Imbalance=+0.76 | Regime=CALL_SQUEEZE (35%) | Bias=BULLISH Risk=HIGH | Scores B=60 P=15 SQ=65
05:47:18    ✅ ES   | SPOT= 7761.75 | ZERO= 7768.48 | GEX↑=    0.00 GEX↓= 7750.00 | VEX↑=    0.00 VEX↓= 7750.00 | BAC=0.0 SAC=0.0 BAP=0.0 SAP=0.0 | INV_BAC=15980.0 INV_SAC=13321.0 INV_BAP=14064.0 INV_SAP=22532.0
05:47:18    📈 signals_performance.csv: 2 outcome(s) registrado(s)
05:47:18    📊 ES   FLOW | CallPrem=4,904,945 PutPrem=5,828,050 | Imbalance=-0.09 | Regime=DEALER_LONG_GAMMA (49%) | Bias=BEARISH Risk=MEDIUM | Scores B=2 P=16 SQ=25
05:47:18    ✅ RTY  | SPOT= 2840.70 | ZERO= 2869.58 | GEX↑=    0.00 GEX↓= 2840.00 | VEX↑=    0.00 VEX↓= 2860.00 | BAC=0.0 SAC=0.0 BAP=0.0 SAP=0.0 | INV_BAC=1446.0 INV_SAC=7.0 INV_BAP=257.0 INV_SAP=483.0
05:47:18    📊 RTY  FLOW | CallPrem=0 PutPrem=0 | Imbalance=+0.00 | Regime=DEALER_SHORT_GAMMA (38%) | Bias=NEUTRAL Risk=MEDIUM | Scores B=21 P=30 SQ=10
05:47:18    ✅ GLD  | SPOT=  381.03 | ZERO=  382.00 | GEX↑=    0.00 GEX↓=  381.00 | VEX↑=  403.00 VEX↓=    0.00 | BAC=0.0 SAC=0.0 BAP=0.0 SAP=0.0 | INV_BAC=32296.0 INV_SAC=21282.0 INV_BAP=1469.0 INV_SAP=38742.0
05:47:18    📊 GLD  FLOW | CallPrem=0 PutPrem=0 | Imbalance=+0.00 | Regime=DEALER_SHORT_GAMMA (39%) | Bias=BEARISH Risk=LOW | Scores B=0 P=15 SQ=0
05:47:18    ✅ USO  | SPOT=  154.84 | ZERO=  149.00 | GEX↑=    0.00 GEX↓=  155.00 | VEX↑=  178.00 VEX↓=    0.00 | BAC=0.0 SAC=0.0 BAP=0.0 SAP=0.0 | INV_BAC=40668.0 INV_SAC=6027.0 INV_BAP=29949.0 INV_SAP=18676.0
05:47:18    📊 USO  FLOW | CallPrem=0 PutPrem=0 | Imbalance=+0.00 | Regime=DEALER_LONG_GAMMA (41%) | Bias=NEUTRAL Risk=LOW | Scores B=20 P=0 SQ=15
05:47:18    ✅ NDX  | SPOT=30608.13 | ZERO=30608.78 | GEX↑=30850.00 GEX↓=    0.00 | VEX↑=31690.00 VEX↓=    0.00 | BAC=0.0 SAC=0.0 BAP=0.0 SAP=0.0 | INV_BAC=1552.0 INV_SAC=1144.0 INV_BAP=1692.0 INV_SAP=1074.0
05:47:18    📊 NDX  FLOW | CallPrem=0 PutPrem=0 | Imbalance=+0.00 | Regime=DEALER_SHORT_GAMMA (39%) | Bias=BEARISH Risk=LOW | Scores B=0 P=15 SQ=0
05:47:18    ✅ NQ   | SPOT=30578.00 | ZERO=30617.30 | GEX↑=    0.00 GEX↓=30500.00 | VEX↑=30700.00 VEX↓=    0.00 | BAC=0.0 SAC=0.0 BAP=0.0 SAP=0.0 | INV_BAC=2092.0 INV_SAC=4618.0 INV_BAP=2268.0 INV_SAP=4038.0
05:47:18    📡 signals.json: 4 señal(es) activa(s): QQQ:APPROACHING_GEX_WALL, SPX:VIX_REGIME_CONFIRM, GLD:APPROACHING_GEX_WALL, USO:APPROACHING_GEX_WALL
05:47:18    📊 NQ   FLOW | CallPrem=4,835,032 PutPrem=5,933,820 | Imbalance=-0.10 | Regime=DEALER_LONG_GAMMA (39%) | Bias=BEARISH Risk=LOW | Scores B=7 P=15 SQ=21
05:47:18    🎯 BIAS CONFLICTED conf=3 regime=CHARM_DOMINATED gz=ALIGNED_BEAR confluence=4.3 action=WAIT_CONFIRM T1=7752.72 (MAX_vGEX) SQ:False PK:False
05:47:18    ✅ Ciclo 393 completado en 1.6s | margen=58.4s | read=0.2s compute=1.0s signals=0.1s
05:48:17  ── Ciclo 394  05:48:17 ───────────────────────────────────
05:48:17    VIX: sin 0DTE, usando cadena completa.
05:48:17    VXX: error conectando a Excel: (-2147352567, 'Ocurrió una excepción.', (0, None, None, None, 0, -2147352565), None)
05:48:17    VXX: sin datos, se omite.
05:48:17    UVXY: error conectando a Excel: (-2147352567, 'Ocurrió una excepción.', (0, None, None, None, 0, -2147352565), None)
05:48:17    UVXY: sin datos, se omite.
05:48:17    SVXY: error conectando a Excel: (-2147352567, 'Ocurrió una excepción.', (0, None, None, None, 0, -2147352565), None)
05:48:17    SVXY: sin datos, se omite.
05:48:17    TQQQ: error conectando a Excel: (-2147352567, 'Ocurrió una excepción.', (0, None, None, None, 0, -2147352565), None)
05:48:17    TQQQ: sin datos, se omite.
05:48:17    SQQQ: error conectando a Excel: (-2147352567, 'Ocurrió una excepción.', (0, None, None, None, 0, -2147352565), None)
05:48:17    SQQQ: sin datos, se omite.
05:48:17    SPXS: error conectando a Excel: (-2147352567, 'Ocurrió una excepción.', (0, None, None, None, 0, -2147352565), None)
05:48:17    SPXS: sin datos, se omite.
05:48:17    SPXL: error conectando a Excel: (-2147352567, 'Ocurrió una excepción.', (0, None, None, None, 0, -2147352565), None)
05:48:17    SPXL: sin datos, se omite.
05:48:17    USO: sin 0DTE, usando cadena completa.
05:48:17    TLT: error conectando a Excel: (-2147352567, 'Ocurrió una excepción.', (0, None, None, None, 0, -2147352565), None)
05:48:17    TLT: sin datos, se omite.
05:48:17    GLD: sin 0DTE, usando cadena completa.
05:48:17    NVDA: error conectando a Excel: (-2147352567, 'Ocurrió una excepción.', (0, None, None, None, 0, -2147352565), None)
05:48:17    NVDA: sin datos, se omite.
05:48:17    Fase1 LECTURA: 10 activos en 0.2s
05:48:18    Fase2 COMPUTE: 10/10 activos en 1.0s (4 workers paralelos)
05:48:18    🚨 SIGNAL VIX GEX_WALL | SPOT=16.39 wall=14.0 dist=2.39pts
05:48:18    🚨 SIGNAL VIX ZERO_PROXIMITY_RESISTANCE | dist=0.06pts ZERO=16.45 charm=0.0M prob=50%
05:48:18    🚨 SIGNAL SPY GEX_WALL | SPOT=767.24 wall=770.0 dist=2.76pts
05:48:18    🚨 SIGNAL SPX GEX_WALL | SPOT=7743.41 wall=7740.0 dist=3.41pts
05:48:18    🚨 SIGNAL NDX ZERO_PROXIMITY_RESISTANCE | dist=0.65pts ZERO=30608.78 charm=0.0M prob=50%
05:48:18    🚨 SIGNAL USO VIX_CONFIRM BULLISH | vix=LONG_GAMMA
05:48:18    🚨 SIGNAL USO PINNING_RISK BULLISH | pin=155.0 dist=0.1pts prob=69% T=0.0h [pin=60% charm=True neutral=True]
05:48:18    📊 VIX  FLOW | CallPrem=0 PutPrem=0 | Imbalance=+0.00 | Regime=DEALER_SHORT_GAMMA (42%) | Bias=BEARISH Risk=MEDIUM | Scores B=0 P=15 SQ=25
05:48:18    🚫 TRADE gated NDX: fuera de sesión (((9, 35), (15, 40)) ET)
05:48:18    ✅ VIX  | SPOT=   16.39 | ZERO=   16.45 | GEX↑=    0.00 GEX↓=   16.00 | VEX↑=   18.00 VEX↓=    0.00 | BAC=0.0 SAC=0.0 BAP=0.0 SAP=0.0 | INV_BAC=2.0 INV_SAC=150.0 INV_BAP=0.0 INV_SAP=8.0
05:48:18    📈 signals_performance.csv: 2 outcome(s) registrado(s)
05:48:18    ✅ QQQ  | SPOT=  737.06 | ZERO=  738.00 | GEX↑=    0.00 GEX↓=  738.00 | VEX↑=  767.00 VEX↓=    0.00 | BAC=0.0 SAC=0.0 BAP=0.0 SAP=0.0 | INV_BAC=406048.0 INV_SAC=68532.0 INV_BAP=184603.0 INV_SAP=284458.0
05:48:18    📊 QQQ  FLOW | CallPrem=0 PutPrem=0 | Imbalance=+0.00 | Regime=DEALER_SHORT_GAMMA (39%) | Bias=BEARISH Risk=LOW | Scores B=0 P=15 SQ=0
05:48:18    📈 signals_performance.csv: 1 outcome(s) registrado(s)
05:48:18    📈 signals_performance.csv: 1 outcome(s) registrado(s)
05:48:18    📊 SPY  FLOW | CallPrem=0 PutPrem=0 | Imbalance=+0.00 | Regime=DEALER_SHORT_GAMMA (39%) | Bias=BEARISH Risk=LOW | Scores B=0 P=15 SQ=0
05:48:18    ✅ SPY  | SPOT=  767.24 | ZERO=  768.17 | GEX↑=    0.00 GEX↓=  768.00 | VEX↑=  797.00 VEX↓=    0.00 | BAC=0.0 SAC=0.0 BAP=0.0 SAP=0.0 | INV_BAC=535168.0 INV_SAC=108725.0 INV_BAP=531196.0 INV_SAP=70068.0
05:48:18    📈 signals_performance.csv: 1 outcome(s) registrado(s)
05:48:18    ✅ SPX  | SPOT= 7743.41 | ZERO= 7735.05 | GEX↑= 7740.00 GEX↓=    0.00 | VEX↑= 7740.00 VEX↓=    0.00 | BAC=0.0 SAC=0.0 BAP=0.0 SAP=0.0 | INV_BAC=49396.0 INV_SAC=1.0 INV_BAP=40996.0 INV_SAP=2708.0
05:48:18    📊 SPX  FLOW | CallPrem=58,185,383 PutPrem=8,120,291 | Imbalance=+0.76 | Regime=DEALER_LONG_GAMMA (30%) | Bias=BULLISH Risk=HIGH | Scores B=58 P=15 SQ=60
05:48:18    📈 signals_performance.csv: 1 outcome(s) registrado(s)
05:48:18    ✅ ES   | SPOT= 7761.50 | ZERO= 7768.51 | GEX↑=    0.00 GEX↓= 7750.00 | VEX↑=    0.00 VEX↓= 7750.00 | BAC=0.0 SAC=0.0 BAP=0.0 SAP=0.0 | INV_BAC=15986.0 INV_SAC=13323.0 INV_BAP=14110.0 INV_SAP=22538.0
05:48:18    📊 ES   FLOW | CallPrem=4,912,650 PutPrem=5,894,650 | Imbalance=-0.09 | Regime=DEALER_LONG_GAMMA (43%) | Bias=BEARISH Risk=MEDIUM | Scores B=6 P=15 SQ=22
05:48:18    ✅ RTY  | SPOT= 2840.90 | ZERO= 2869.60 | GEX↑=    0.00 GEX↓= 2840.00 | VEX↑=    0.00 VEX↓= 2860.00 | BAC=0.0 SAC=0.0 BAP=0.0 SAP=0.0 | INV_BAC=1446.0 INV_SAC=7.0 INV_BAP=257.0 INV_SAP=483.0
05:48:18    📊 RTY  FLOW | CallPrem=0 PutPrem=0 | Imbalance=+0.00 | Regime=DEALER_SHORT_GAMMA (38%) | Bias=NEUTRAL Risk=MEDIUM | Scores B=23 P=30 SQ=10
05:48:18    ✅ NDX  | SPOT=30608.13 | ZERO=30608.78 | GEX↑=30850.00 GEX↓=    0.00 | VEX↑=31690.00 VEX↓=    0.00 | BAC=0.0 SAC=0.0 BAP=0.0 SAP=0.0 | INV_BAC=1552.0 INV_SAC=1144.0 INV_BAP=1692.0 INV_SAP=1074.0
05:48:18    📊 NDX  FLOW | CallPrem=0 PutPrem=0 | Imbalance=+0.00 | Regime=DEALER_SHORT_GAMMA (39%) | Bias=BEARISH Risk=LOW | Scores B=0 P=15 SQ=0
05:48:18    ✅ GLD  | SPOT=  381.03 | ZERO=  382.00 | GEX↑=    0.00 GEX↓=  381.00 | VEX↑=  403.00 VEX↓=    0.00 | BAC=0.0 SAC=0.0 BAP=0.0 SAP=0.0 | INV_BAC=32296.0 INV_SAC=21282.0 INV_BAP=1469.0 INV_SAP=38742.0
05:48:18    📊 GLD  FLOW | CallPrem=0 PutPrem=0 | Imbalance=+0.00 | Regime=DEALER_SHORT_GAMMA (39%) | Bias=BEARISH Risk=LOW | Scores B=0 P=15 SQ=0
05:48:18    📊 USO  FLOW | CallPrem=0 PutPrem=0 | Imbalance=+0.00 | Regime=DEALER_LONG_GAMMA (41%) | Bias=NEUTRAL Risk=LOW | Scores B=20 P=0 SQ=15
05:48:18    ✅ USO  | SPOT=  154.92 | ZERO=  149.00 | GEX↑=    0.00 GEX↓=  155.00 | VEX↑=  178.00 VEX↓=    0.00 | BAC=0.0 SAC=0.0 BAP=0.0 SAP=0.0 | INV_BAC=40668.0 INV_SAC=6027.0 INV_BAP=29949.0 INV_SAP=18676.0
05:48:18    ✅ NQ   | SPOT=30578.25 | ZERO=30617.32 | GEX↑=    0.00 GEX↓=30500.00 | VEX↑=30700.00 VEX↓=    0.00 | BAC=0.0 SAC=0.0 BAP=0.0 SAP=0.0 | INV_BAC=2104.0 INV_SAC=4618.0 INV_BAP=2274.0 INV_SAP=4040.0
05:48:18    📊 NQ   FLOW | CallPrem=4,835,032 PutPrem=5,980,395 | Imbalance=-0.11 | Regime=DEALER_LONG_GAMMA (39%) | Bias=BEARISH Risk=LOW | Scores B=5 P=15 SQ=19
05:48:18    📡 signals.json: 7 señal(es) activa(s): VIX:APPROACHING_GEX_WALL, VIX:ZERO_PROXIMITY_RESISTANCE, SPY:APPROACHING_GEX_WALL, SPX:APPROACHING_GEX_WALL, NDX:ZERO_PROXIMITY_RESISTANCE, USO:VIX_REGIME_CONFIRM, USO:PINNING_RISK
05:48:18    🎯 BIAS CONFLICTED conf=3 regime=CHARM_DOMINATED gz=ALIGNED_BEAR confluence=4.3 action=WAIT_CONFIRM T1=7752.73 (MAX_vGEX) SQ:False PK:False
05:48:18    ✅ Ciclo 394 completado en 1.7s | margen=58.3s | read=0.2s compute=1.0s signals=0.1s
05:49:17  ── Ciclo 395  05:49:17 ───────────────────────────────────
05:49:17    VIX: sin 0DTE, usando cadena completa.
05:49:17    VXX: error conectando a Excel: (-2147352567, 'Ocurrió una excepción.', (0, None, None, None, 0, -2147352565), None)
05:49:17    VXX: sin datos, se omite.
05:49:17    UVXY: error conectando a Excel: (-2147352567, 'Ocurrió una excepción.', (0, None, None, None, 0, -2147352565), None)
05:49:17    UVXY: sin datos, se omite.
05:49:17    SVXY: error conectando a Excel: (-2147352567, 'Ocurrió una excepción.', (0, None, None, None, 0, -2147352565), None)
05:49:17    SVXY: sin datos, se omite.
05:49:17    TQQQ: error conectando a Excel: (-2147352567, 'Ocurrió una excepción.', (0, None, None, None, 0, -2147352565), None)
05:49:17    TQQQ: sin datos, se omite.
05:49:17    SQQQ: error conectando a Excel: (-2147352567, 'Ocurrió una excepción.', (0, None, None, None, 0, -2147352565), None)
05:49:17    SQQQ: sin datos, se omite.
05:49:17    SPXS: error conectando a Excel: (-2147352567, 'Ocurrió una excepción.', (0, None, None, None, 0, -2147352565), None)
05:49:17    SPXS: sin datos, se omite.
05:49:17    SPXL: error conectando a Excel: (-2147352567, 'Ocurrió una excepción.', (0, None, None, None, 0, -2147352565), None)
05:49:17    SPXL: sin datos, se omite.
05:49:17    USO: sin 0DTE, usando cadena completa.
05:49:17    TLT: error conectando a Excel: (-2147352567, 'Ocurrió una excepción.', (0, None, None, None, 0, -2147352565), None)
05:49:17    TLT: sin datos, se omite.
05:49:17    GLD: sin 0DTE, usando cadena completa.
05:49:17    NVDA: error conectando a Excel: (-2147352567, 'Ocurrió una excepción.', (0, None, None, None, 0, -2147352565), None)
05:49:17    NVDA: sin datos, se omite.
05:49:17    Fase1 LECTURA: 10 activos en 0.1s
05:49:18    Fase2 COMPUTE: 10/10 activos en 1.0s (4 workers paralelos)
05:49:18    🚨 SIGNAL QQQ GEX_WALL | SPOT=737.14 wall=738.0 dist=0.86pts
05:49:18    🚨 SIGNAL USO GEX_WALL | SPOT=154.90 wall=151.0 dist=3.90pts
05:49:18    🚨 SIGNAL GLD GEX_WALL | SPOT=381.05 wall=385.0 dist=3.95pts
05:49:18    🚨 SIGNAL GLD PINNING_RISK BEARISH | pin=381.0 dist=0.1pts prob=52% T=0.0h [pin=80% charm=False neutral=True]
05:49:18    🚨 SIGNAL GLD REGIME_TRADE_CONFIRM BULLISH | regime=CHARM_DOMINATED conf=74% L=57 S=36 gap=21pts
05:49:18    ✅ SPY  | SPOT=  767.27 | ZERO=  768.17 | GEX↑=    0.00 GEX↓=  768.00 | VEX↑=  797.00 VEX↓=    0.00 | BAC=0.0 SAC=0.0 BAP=0.0 SAP=0.0 | INV_BAC=535168.0 INV_SAC=108725.0 INV_BAP=531196.0 INV_SAP=70068.0
05:49:18    📊 SPY  FLOW | CallPrem=0 PutPrem=0 | Imbalance=+0.00 | Regime=DEALER_SHORT_GAMMA (39%) | Bias=BEARISH Risk=LOW | Scores B=0 P=15 SQ=0
05:49:18    🚨 SIGNAL GLD ZERO_PROXIMITY_RESISTANCE | dist=0.95pts ZERO=382.00 charm=0.0M prob=57%
05:49:18    ✅ VIX  | SPOT=   16.38 | ZERO=   16.45 | GEX↑=    0.00 GEX↓=   16.00 | VEX↑=   18.00 VEX↓=    0.00 | BAC=0.0 SAC=0.0 BAP=0.0 SAP=0.0 | INV_BAC=2.0 INV_SAC=150.0 INV_BAP=0.0 INV_SAP=8.0
05:49:18    ✅ QQQ  | SPOT=  737.14 | ZERO=  738.00 | GEX↑=    0.00 GEX↓=  738.00 | VEX↑=  767.00 VEX↓=    0.00 | BAC=0.0 SAC=0.0 BAP=0.0 SAP=0.0 | INV_BAC=406048.0 INV_SAC=68532.0 INV_BAP=184603.0 INV_SAP=284458.0
05:49:18    📊 VIX  FLOW | CallPrem=0 PutPrem=0 | Imbalance=+0.00 | Regime=DEALER_SHORT_GAMMA (42%) | Bias=BEARISH Risk=MEDIUM | Scores B=0 P=15 SQ=25
05:49:18    📈 signals_performance.csv: 1 outcome(s) registrado(s)
05:49:18    📊 QQQ  FLOW | CallPrem=0 PutPrem=0 | Imbalance=+0.00 | Regime=DEALER_SHORT_GAMMA (39%) | Bias=BEARISH Risk=LOW | Scores B=0 P=15 SQ=0
05:49:18    📈 signals_performance.csv: 1 outcome(s) registrado(s)
05:49:18    ✅ SPX  | SPOT= 7743.41 | ZERO= 7735.05 | GEX↑= 7740.00 GEX↓=    0.00 | VEX↑= 7740.00 VEX↓=    0.00 | BAC=0.0 SAC=0.0 BAP=0.0 SAP=0.0 | INV_BAC=49428.0 INV_SAC=1.0 INV_BAP=41068.0 INV_SAP=2708.0
05:49:18    📊 SPX  FLOW | CallPrem=58,247,512 PutPrem=8,186,843 | Imbalance=+0.75 | Regime=DEALER_LONG_GAMMA (30%) | Bias=BULLISH Risk=HIGH | Scores B=57 P=15 SQ=56
05:49:18    📈 signals_performance.csv: 2 outcome(s) registrado(s)
05:49:18    ✅ RTY  | SPOT= 2841.30 | ZERO= 2869.58 | GEX↑=    0.00 GEX↓= 2840.00 | VEX↑=    0.00 VEX↓= 2860.00 | BAC=0.0 SAC=0.0 BAP=0.0 SAP=0.0 | INV_BAC=1446.0 INV_SAC=7.0 INV_BAP=257.0 INV_SAP=483.0
05:49:18    📊 RTY  FLOW | CallPrem=0 PutPrem=0 | Imbalance=+0.00 | Regime=DEALER_SHORT_GAMMA (42%) | Bias=BEARISH Risk=MEDIUM | Scores B=19 P=30 SQ=10
05:49:18    ✅ USO  | SPOT=  154.90 | ZERO=  149.00 | GEX↑=    0.00 GEX↓=  155.00 | VEX↑=  178.00 VEX↓=    0.00 | BAC=0.0 SAC=0.0 BAP=0.0 SAP=0.0 | INV_BAC=40668.0 INV_SAC=6027.0 INV_BAP=29949.0 INV_SAP=18676.0
05:49:18    📊 USO  FLOW | CallPrem=0 PutPrem=0 | Imbalance=+0.00 | Regime=DEALER_LONG_GAMMA (41%) | Bias=NEUTRAL Risk=LOW | Scores B=20 P=0 SQ=15
05:49:18    ✅ ES   | SPOT= 7761.75 | ZERO= 7768.45 | GEX↑=    0.00 GEX↓= 7750.00 | VEX↑=    0.00 VEX↓= 7750.00 | BAC=0.0 SAC=0.0 BAP=0.0 SAP=0.0 | INV_BAC=16018.0 INV_SAC=13333.0 INV_BAP=14140.0 INV_SAP=22538.0
05:49:18    📊 ES   FLOW | CallPrem=4,961,800 PutPrem=5,900,500 | Imbalance=-0.09 | Regime=DEALER_LONG_GAMMA (37%) | Bias=BEARISH Risk=MEDIUM | Scores B=4 P=15 SQ=23
05:49:18    ✅ GLD  | SPOT=  381.05 | ZERO=  382.00 | GEX↑=  381.00 GEX↓=    0.00 | VEX↑=  403.00 VEX↓=    0.00 | BAC=0.0 SAC=0.0 BAP=0.0 SAP=0.0 | INV_BAC=32296.0 INV_SAC=21282.0 INV_BAP=1469.0 INV_SAP=38742.0
05:49:18    📊 GLD  FLOW | CallPrem=0 PutPrem=0 | Imbalance=+0.00 | Regime=DEALER_SHORT_GAMMA (39%) | Bias=BEARISH Risk=LOW | Scores B=0 P=15 SQ=0
05:49:18    ✅ NDX  | SPOT=30608.13 | ZERO=30608.78 | GEX↑=30850.00 GEX↓=    0.00 | VEX↑=31690.00 VEX↓=    0.00 | BAC=0.0 SAC=0.0 BAP=0.0 SAP=0.0 | INV_BAC=1552.0 INV_SAC=1144.0 INV_BAP=1692.0 INV_SAP=1074.0
05:49:18    📊 NDX  FLOW | CallPrem=0 PutPrem=0 | Imbalance=+0.00 | Regime=DEALER_SHORT_GAMMA (39%) | Bias=BEARISH Risk=LOW | Scores B=0 P=15 SQ=0
05:49:18    ✅ NQ   | SPOT=30582.00 | ZERO=30617.29 | GEX↑=    0.00 GEX↓=30500.00 | VEX↑=30700.00 VEX↓=    0.00 | BAC=0.0 SAC=0.0 BAP=0.0 SAP=0.0 | INV_BAC=2109.0 INV_SAC=4619.0 INV_BAP=2274.0 INV_SAP=4040.0
05:49:18    📊 NQ   FLOW | CallPrem=4,841,770 PutPrem=5,980,395 | Imbalance=-0.11 | Regime=DEALER_LONG_GAMMA (37%) | Bias=BEARISH Risk=LOW | Scores B=3 P=15 SQ=21
05:49:18    📡 signals.json: 6 señal(es) activa(s): QQQ:APPROACHING_GEX_WALL, USO:APPROACHING_GEX_WALL, GLD:APPROACHING_GEX_WALL, GLD:PINNING_RISK, GLD:REGIME_TRADE_CONFIRM, GLD:ZERO_PROXIMITY_RESISTANCE
05:49:18    🎯 BIAS CONFLICTED conf=3 regime=CHARM_DOMINATED gz=ALIGNED_BEAR confluence=4.3 action=WAIT_CONFIRM T1=7752.71 (MAX_vGEX) SQ:False PK:False
05:49:18    ✅ Ciclo 395 completado en 1.6s | margen=58.4s | read=0.1s compute=1.0s signals=0.1s
05:50:17  ── Ciclo 396  05:50:17 ───────────────────────────────────
05:50:17    VIX: sin 0DTE, usando cadena completa.
05:50:17    VXX: error conectando a Excel: (-2147352567, 'Ocurrió una excepción.', (0, None, None, None, 0, -2147352565), None)
05:50:17    VXX: sin datos, se omite.
05:50:17    UVXY: error conectando a Excel: (-2147352567, 'Ocurrió una excepción.', (0, None, None, None, 0, -2147352565), None)
05:50:17    UVXY: sin datos, se omite.
05:50:17    SVXY: error conectando a Excel: (-2147352567, 'Ocurrió una excepción.', (0, None, None, None, 0, -2147352565), None)
05:50:17    SVXY: sin datos, se omite.
05:50:17    TQQQ: error conectando a Excel: (-2147352567, 'Ocurrió una excepción.', (0, None, None, None, 0, -2147352565), None)
05:50:17    TQQQ: sin datos, se omite.
05:50:17    SQQQ: error conectando a Excel: (-2147352567, 'Ocurrió una excepción.', (0, None, None, None, 0, -2147352565), None)
05:50:17    SQQQ: sin datos, se omite.
05:50:17    SPXS: error conectando a Excel: (-2147352567, 'Ocurrió una excepción.', (0, None, None, None, 0, -2147352565), None)
05:50:17    SPXS: sin datos, se omite.
05:50:17    SPXL: error conectando a Excel: (-2147352567, 'Ocurrió una excepción.', (0, None, None, None, 0, -2147352565), None)
05:50:17    SPXL: sin datos, se omite.
05:50:17    USO: sin 0DTE, usando cadena completa.
05:50:17    TLT: error conectando a Excel: (-2147352567, 'Ocurrió una excepción.', (0, None, None, None, 0, -2147352565), None)
05:50:17    TLT: sin datos, se omite.
05:50:17    GLD: sin 0DTE, usando cadena completa.
05:50:17    NVDA: error conectando a Excel: (-2147352567, 'Ocurrió una excepción.', (0, None, None, None, 0, -2147352565), None)
05:50:17    NVDA: sin datos, se omite.
05:50:17    Fase1 LECTURA: 10 activos en 0.2s
05:50:17    🌊 SWEEP SPX HEDGE_CHASE_SWEEP (call) | path=[7710.0, 7730.0, 7745.0]
05:50:18    Fase2 COMPUTE: 10/10 activos en 1.0s (4 workers paralelos)
05:50:18    🚨 SIGNAL VIX GEX_WALL | SPOT=16.37 wall=14.0 dist=2.37pts
05:50:18    🚨 SIGNAL SPY GEX_WALL | SPOT=767.30 wall=770.0 dist=2.70pts
05:50:18    🚨 SIGNAL SPY ZERO_PROXIMITY_RESISTANCE | dist=0.87pts ZERO=768.17 charm=0.0M prob=56%
05:50:18    🚨 SIGNAL QQQ ZERO_PROXIMITY_RESISTANCE | dist=0.76pts ZERO=738.00 charm=0.0M prob=56%
05:50:18    🚨 SIGNAL SPX GEX_WALL | SPOT=7743.41 wall=7740.0 dist=3.41pts
05:50:18    🚨 SIGNAL GLD VIX_CONFIRM BULLISH | vix=LONG_GAMMA
05:50:18    ✅ VIX  | SPOT=   16.37 | ZERO=   16.45 | GEX↑=    0.00 GEX↓=   16.00 | VEX↑=   18.00 VEX↓=    0.00 | BAC=0.0 SAC=0.0 BAP=0.0 SAP=0.0 | INV_BAC=2.0 INV_SAC=150.0 INV_BAP=0.0 INV_SAP=8.0
05:50:18    📊 VIX  FLOW | CallPrem=0 PutPrem=0 | Imbalance=+0.00 | Regime=DEALER_SHORT_GAMMA (42%) | Bias=BEARISH Risk=MEDIUM | Scores B=0 P=15 SQ=25
05:50:18    ✅ SPY  | SPOT=  767.30 | ZERO=  768.17 | GEX↑=    0.00 GEX↓=  768.00 | VEX↑=  797.00 VEX↓=    0.00 | BAC=0.0 SAC=0.0 BAP=0.0 SAP=0.0 | INV_BAC=535168.0 INV_SAC=108725.0 INV_BAP=531196.0 INV_SAP=70068.0
05:50:18    📈 signals_performance.csv: 1 outcome(s) registrado(s)
05:50:18    📊 SPY  FLOW | CallPrem=0 PutPrem=0 | Imbalance=+0.00 | Regime=DEALER_SHORT_GAMMA (39%) | Bias=BEARISH Risk=LOW | Scores B=0 P=15 SQ=0
05:50:18    ✅ QQQ  | SPOT=  737.24 | ZERO=  738.00 | GEX↑=    0.00 GEX↓=  738.00 | VEX↑=  767.00 VEX↓=    0.00 | BAC=0.0 SAC=0.0 BAP=0.0 SAP=0.0 | INV_BAC=406048.0 INV_SAC=68532.0 INV_BAP=184603.0 INV_SAP=284458.0
05:50:18    📈 signals_performance.csv: 2 outcome(s) registrado(s)
05:50:18    📊 QQQ  FLOW | CallPrem=0 PutPrem=0 | Imbalance=+0.00 | Regime=DEALER_SHORT_GAMMA (39%) | Bias=BEARISH Risk=LOW | Scores B=0 P=15 SQ=0
05:50:18    📈 signals_performance.csv: 1 outcome(s) registrado(s)
05:50:18    ✅ ES   | SPOT= 7762.25 | ZERO= 7768.37 | GEX↑=    0.00 GEX↓= 7750.00 | VEX↑=    0.00 VEX↓= 7750.00 | BAC=0.0 SAC=0.0 BAP=0.0 SAP=0.0 | INV_BAC=16058.0 INV_SAC=13364.0 INV_BAP=14150.0 INV_SAP=22562.0
05:50:18    📊 ES   FLOW | CallPrem=5,006,050 PutPrem=5,900,500 | Imbalance=-0.08 | Regime=DEALER_LONG_GAMMA (37%) | Bias=BEARISH Risk=MEDIUM | Scores B=3 P=15 SQ=24
05:50:18    📈 signals_performance.csv: 1 outcome(s) registrado(s)
05:50:18    ✅ SPX  | SPOT= 7743.41 | ZERO= 7735.06 | GEX↑= 7740.00 GEX↓=    0.00 | VEX↑= 7740.00 VEX↓=    0.00 | BAC=0.0 SAC=0.0 BAP=0.0 SAP=0.0 | INV_BAC=49461.0 INV_SAC=1.0 INV_BAP=41122.0 INV_SAP=2708.0
05:50:18    📊 SPX  FLOW | CallPrem=58,333,540 PutPrem=8,191,181 | Imbalance=+0.75 | Regime=CALL_SQUEEZE (41%) | Bias=BULLISH Risk=MEDIUM | Scores B=67 P=15 SQ=66
05:50:18    📈 signals_performance.csv: 1 outcome(s) registrado(s)
05:50:18    ✅ RTY  | SPOT= 2841.80 | ZERO= 2869.60 | GEX↑=    0.00 GEX↓= 2840.00 | VEX↑=    0.00 VEX↓= 2860.00 | BAC=0.0 SAC=0.0 BAP=0.0 SAP=0.0 | INV_BAC=1446.0 INV_SAC=7.0 INV_BAP=257.0 INV_SAP=483.0
05:50:18    📊 RTY  FLOW | CallPrem=0 PutPrem=0 | Imbalance=+0.00 | Regime=DEALER_SHORT_GAMMA (38%) | Bias=NEUTRAL Risk=MEDIUM | Scores B=22 P=30 SQ=10
05:50:18    📈 signals_performance.csv: 1 outcome(s) registrado(s)
05:50:18    ✅ USO  | SPOT=  154.82 | ZERO=  149.00 | GEX↑=    0.00 GEX↓=  155.00 | VEX↑=  178.00 VEX↓=    0.00 | BAC=0.0 SAC=0.0 BAP=0.0 SAP=0.0 | INV_BAC=40668.0 INV_SAC=6027.0 INV_BAP=29949.0 INV_SAP=18676.0
05:50:18    📊 USO  FLOW | CallPrem=0 PutPrem=0 | Imbalance=+0.00 | Regime=DEALER_LONG_GAMMA (41%) | Bias=NEUTRAL Risk=LOW | Scores B=20 P=0 SQ=15
05:50:18    ✅ GLD  | SPOT=  381.14 | ZERO=  382.00 | GEX↑=  381.00 GEX↓=    0.00 | VEX↑=  403.00 VEX↓=    0.00 | BAC=0.0 SAC=0.0 BAP=0.0 SAP=0.0 | INV_BAC=32296.0 INV_SAC=21282.0 INV_BAP=1469.0 INV_SAP=38742.0
05:50:18    📊 GLD  FLOW | CallPrem=0 PutPrem=0 | Imbalance=+0.00 | Regime=DEALER_SHORT_GAMMA (39%) | Bias=BEARISH Risk=LOW | Scores B=0 P=15 SQ=0
05:50:18    ✅ NDX  | SPOT=30608.13 | ZERO=30608.78 | GEX↑=30850.00 GEX↓=    0.00 | VEX↑=31690.00 VEX↓=    0.00 | BAC=0.0 SAC=0.0 BAP=0.0 SAP=0.0 | INV_BAC=1552.0 INV_SAC=1144.0 INV_BAP=1692.0 INV_SAP=1074.0
05:50:18    📊 NDX  FLOW | CallPrem=0 PutPrem=0 | Imbalance=+0.00 | Regime=DEALER_SHORT_GAMMA (39%) | Bias=BEARISH Risk=LOW | Scores B=0 P=15 SQ=0
05:50:18    ✅ NQ   | SPOT=30586.00 | ZERO=30617.32 | GEX↑=    0.00 GEX↓=30500.00 | VEX↑=30700.00 VEX↓=    0.00 | BAC=0.0 SAC=0.0 BAP=0.0 SAP=0.0 | INV_BAC=2110.0 INV_SAC=4621.0 INV_BAP=2280.0 INV_SAP=4042.0
05:50:18    📊 NQ   FLOW | CallPrem=4,841,770 PutPrem=6,018,495 | Imbalance=-0.11 | Regime=DEALER_LONG_GAMMA (58%) | Bias=NEUTRAL Risk=LOW | Scores B=7 P=15 SQ=19
05:50:18    📡 signals.json: 6 señal(es) activa(s): VIX:APPROACHING_GEX_WALL, SPY:APPROACHING_GEX_WALL, SPY:ZERO_PROXIMITY_RESISTANCE, QQQ:ZERO_PROXIMITY_RESISTANCE, SPX:APPROACHING_GEX_WALL, GLD:VIX_REGIME_CONFIRM
05:50:18    🎯 BIAS CONFLICTED conf=3 regime=CHARM_DOMINATED gz=ALIGNED_BEAR confluence=4.3 action=WAIT_CONFIRM T1=7752.69 (MAX_vGEX) SQ:False PK:False
05:50:18    ✅ Ciclo 396 completado en 1.7s | margen=58.3s | read=0.2s compute=1.0s signals=0.1s
05:51:17  ── Ciclo 397  05:51:17 ───────────────────────────────────
05:51:17    VIX: sin 0DTE, usando cadena completa.
05:51:17    VXX: error conectando a Excel: (-2147352567, 'Ocurrió una excepción.', (0, None, None, None, 0, -2147352565), None)
05:51:17    VXX: sin datos, se omite.
05:51:17    UVXY: error conectando a Excel: (-2147352567, 'Ocurrió una excepción.', (0, None, None, None, 0, -2147352565), None)
05:51:17    UVXY: sin datos, se omite.
05:51:17    SVXY: error conectando a Excel: (-2147352567, 'Ocurrió una excepción.', (0, None, None, None, 0, -2147352565), None)
05:51:17    SVXY: sin datos, se omite.
05:51:17    TQQQ: error conectando a Excel: (-2147352567, 'Ocurrió una excepción.', (0, None, None, None, 0, -2147352565), None)
05:51:17    TQQQ: sin datos, se omite.
05:51:17    SQQQ: error conectando a Excel: (-2147352567, 'Ocurrió una excepción.', (0, None, None, None, 0, -2147352565), None)
05:51:17    SQQQ: sin datos, se omite.
05:51:17    SPXS: error conectando a Excel: (-2147352567, 'Ocurrió una excepción.', (0, None, None, None, 0, -2147352565), None)
05:51:17    SPXS: sin datos, se omite.
05:51:17    SPXL: error conectando a Excel: (-2147352567, 'Ocurrió una excepción.', (0, None, None, None, 0, -2147352565), None)
05:51:17    SPXL: sin datos, se omite.
05:51:17    USO: sin 0DTE, usando cadena completa.
05:51:17    TLT: error conectando a Excel: (-2147352567, 'Ocurrió una excepción.', (0, None, None, None, 0, -2147352565), None)
05:51:17    TLT: sin datos, se omite.
05:51:17    GLD: sin 0DTE, usando cadena completa.
05:51:17    NVDA: error conectando a Excel: (-2147352567, 'Ocurrió una excepción.', (0, None, None, None, 0, -2147352565), None)
05:51:17    NVDA: sin datos, se omite.
05:51:17    Fase1 LECTURA: 10 activos en 0.2s
05:51:18    Fase2 COMPUTE: 10/10 activos en 1.0s (4 workers paralelos)
05:51:18    🚨 SIGNAL QQQ GEX_WALL | SPOT=737.54 wall=738.0 dist=0.46pts
05:51:18    🚨 SIGNAL USO GEX_WALL | SPOT=154.89 wall=151.0 dist=3.89pts
05:51:18    🚨 SIGNAL GLD GEX_WALL | SPOT=381.10 wall=385.0 dist=3.90pts
05:51:18    📊 SPY  FLOW | CallPrem=0 PutPrem=0 | Imbalance=+0.00 | Regime=DEALER_SHORT_GAMMA (39%) | Bias=BEARISH Risk=LOW | Scores B=0 P=15 SQ=0
05:51:18    ✅ SPY  | SPOT=  767.49 | ZERO=  768.17 | GEX↑=    0.00 GEX↓=  768.00 | VEX↑=  797.00 VEX↓=    0.00 | BAC=0.0 SAC=0.0 BAP=0.0 SAP=0.0 | INV_BAC=535168.0 INV_SAC=108725.0 INV_BAP=531196.0 INV_SAP=70068.0
05:51:18    ✅ VIX  | SPOT=   16.36 | ZERO=   16.45 | GEX↑=    0.00 GEX↓=   16.00 | VEX↑=   18.00 VEX↓=    0.00 | BAC=0.0 SAC=0.0 BAP=0.0 SAP=0.0 | INV_BAC=2.0 INV_SAC=150.0 INV_BAP=0.0 INV_SAP=8.0
05:51:18    📊 VIX  FLOW | CallPrem=0 PutPrem=0 | Imbalance=+0.00 | Regime=DEALER_SHORT_GAMMA (42%) | Bias=BEARISH Risk=MEDIUM | Scores B=0 P=15 SQ=25
05:51:18    ✅ QQQ  | SPOT=  737.54 | ZERO=  738.00 | GEX↑=    0.00 GEX↓=  738.00 | VEX↑=  772.00 VEX↓=    0.00 | BAC=0.0 SAC=0.0 BAP=0.0 SAP=0.0 | INV_BAC=406048.0 INV_SAC=68532.0 INV_BAP=184603.0 INV_SAP=284458.0
05:51:18    📊 QQQ  FLOW | CallPrem=0 PutPrem=0 | Imbalance=+0.00 | Regime=DEALER_SHORT_GAMMA (39%) | Bias=BEARISH Risk=LOW | Scores B=0 P=15 SQ=0
05:51:18    ✅ SPX  | SPOT= 7743.41 | ZERO= 7735.06 | GEX↑= 7740.00 GEX↓=    0.00 | VEX↑= 7740.00 VEX↓=    0.00 | BAC=0.0 SAC=0.0 BAP=0.0 SAP=0.0 | INV_BAC=49512.0 INV_SAC=1.0 INV_BAP=41241.0 INV_SAP=2708.0
05:51:18    📈 signals_performance.csv: 1 outcome(s) registrado(s)
05:51:18    📊 SPX  FLOW | CallPrem=58,473,486 PutPrem=8,218,330 | Imbalance=+0.75 | Regime=DEALER_LONG_GAMMA (36%) | Bias=BULLISH Risk=MEDIUM | Scores B=68 P=15 SQ=61
05:51:18    ✅ RTY  | SPOT= 2842.20 | ZERO= 2869.58 | GEX↑=    0.00 GEX↓= 2840.00 | VEX↑=    0.00 VEX↓= 2860.00 | BAC=0.0 SAC=0.0 BAP=0.0 SAP=0.0 | INV_BAC=1446.0 INV_SAC=7.0 INV_BAP=257.0 INV_SAP=483.0
05:51:18    📊 RTY  FLOW | CallPrem=0 PutPrem=0 | Imbalance=+0.00 | Regime=DEALER_SHORT_GAMMA (42%) | Bias=BEARISH Risk=MEDIUM | Scores B=19 P=30 SQ=10
05:51:18    📊 ES   FLOW | CallPrem=5,006,050 PutPrem=5,900,500 | Imbalance=-0.08 | Regime=DEALER_LONG_GAMMA (53%) | Bias=BEARISH Risk=MEDIUM | Scores B=2 P=15 SQ=21
05:51:18    ✅ ES   | SPOT= 7764.00 | ZERO= 7768.26 | GEX↑=    0.00 GEX↓= 7750.00 | VEX↑=    0.00 VEX↓= 7750.00 | BAC=0.0 SAC=0.0 BAP=0.0 SAP=0.0 | INV_BAC=16058.0 INV_SAC=13436.0 INV_BAP=14150.0 INV_SAP=22566.0
05:51:18    ✅ USO  | SPOT=  154.89 | ZERO=  149.00 | GEX↑=    0.00 GEX↓=  155.00 | VEX↑=  178.00 VEX↓=    0.00 | BAC=0.0 SAC=0.0 BAP=0.0 SAP=0.0 | INV_BAC=40668.0 INV_SAC=6027.0 INV_BAP=29949.0 INV_SAP=18676.0
05:51:18    📊 USO  FLOW | CallPrem=0 PutPrem=0 | Imbalance=+0.00 | Regime=DEALER_LONG_GAMMA (41%) | Bias=NEUTRAL Risk=LOW | Scores B=20 P=0 SQ=15
05:51:18    ✅ GLD  | SPOT=  381.10 | ZERO=  382.00 | GEX↑=  381.00 GEX↓=    0.00 | VEX↑=  403.00 VEX↓=    0.00 | BAC=0.0 SAC=0.0 BAP=0.0 SAP=0.0 | INV_BAC=32296.0 INV_SAC=21282.0 INV_BAP=1469.0 INV_SAP=38742.0
05:51:18    📊 GLD  FLOW | CallPrem=0 PutPrem=0 | Imbalance=+0.00 | Regime=DEALER_SHORT_GAMMA (39%) | Bias=BEARISH Risk=LOW | Scores B=0 P=15 SQ=0
05:51:18    ✅ NDX  | SPOT=30608.13 | ZERO=30608.78 | GEX↑=30850.00 GEX↓=    0.00 | VEX↑=31690.00 VEX↓=    0.00 | BAC=0.0 SAC=0.0 BAP=0.0 SAP=0.0 | INV_BAC=1552.0 INV_SAC=1144.0 INV_BAP=1692.0 INV_SAP=1074.0
05:51:18    📊 NDX  FLOW | CallPrem=0 PutPrem=0 | Imbalance=+0.00 | Regime=DEALER_SHORT_GAMMA (39%) | Bias=BEARISH Risk=LOW | Scores B=0 P=15 SQ=0
05:51:18    ✅ NQ   | SPOT=30597.75 | ZERO=30617.20 | GEX↑=    0.00 GEX↓=30500.00 | VEX↑=30700.00 VEX↓=    0.00 | BAC=0.0 SAC=0.0 BAP=0.0 SAP=0.0 | INV_BAC=2111.0 INV_SAC=4621.0 INV_BAP=2280.0 INV_SAP=4044.0
05:51:18    📊 NQ   FLOW | CallPrem=4,841,770 PutPrem=6,018,495 | Imbalance=-0.11 | Regime=DEALER_LONG_GAMMA (53%) | Bias=BEARISH Risk=LOW | Scores B=5 P=15 SQ=18
05:51:18    📡 signals.json: 3 señal(es) activa(s): QQQ:APPROACHING_GEX_WALL, USO:APPROACHING_GEX_WALL, GLD:APPROACHING_GEX_WALL
05:51:18    🎯 BIAS CONFLICTED conf=3 regime=CHARM_DOMINATED gz=ALIGNED_BEAR confluence=3.8 action=WAIT_CONFIRM T1=7757.25 (MAX_vGEX) SQ:False PK:False
05:51:18    ✅ Ciclo 397 completado en 1.6s | margen=58.4s | read=0.2s compute=1.0s signals=0.1s
05:52:17  ── Ciclo 398  05:52:17 ───────────────────────────────────
05:52:17    VIX: sin 0DTE, usando cadena completa.
05:52:17    VXX: error conectando a Excel: (-2147352567, 'Ocurrió una excepción.', (0, None, None, None, 0, -2147352565), None)
05:52:17    VXX: sin datos, se omite.
05:52:17    UVXY: error conectando a Excel: (-2147352567, 'Ocurrió una excepción.', (0, None, None, None, 0, -2147352565), None)
05:52:17    UVXY: sin datos, se omite.
05:52:17    SVXY: error conectando a Excel: (-2147352567, 'Ocurrió una excepción.', (0, None, None, None, 0, -2147352565), None)
05:52:17    SVXY: sin datos, se omite.
05:52:17    TQQQ: error conectando a Excel: (-2147352567, 'Ocurrió una excepción.', (0, None, None, None, 0, -2147352565), None)
05:52:17    TQQQ: sin datos, se omite.
05:52:17    SQQQ: error conectando a Excel: (-2147352567, 'Ocurrió una excepción.', (0, None, None, None, 0, -2147352565), None)
05:52:17    SQQQ: sin datos, se omite.
05:52:17    SPXS: error conectando a Excel: (-2147352567, 'Ocurrió una excepción.', (0, None, None, None, 0, -2147352565), None)
05:52:17    SPXS: sin datos, se omite.
05:52:17    SPXL: error conectando a Excel: (-2147352567, 'Ocurrió una excepción.', (0, None, None, None, 0, -2147352565), None)
05:52:17    SPXL: sin datos, se omite.
05:52:17    USO: sin 0DTE, usando cadena completa.
05:52:17    TLT: error conectando a Excel: (-2147352567, 'Ocurrió una excepción.', (0, None, None, None, 0, -2147352565), None)
05:52:17    TLT: sin datos, se omite.
05:52:17    GLD: sin 0DTE, usando cadena completa.
05:52:17    NVDA: error conectando a Excel: (-2147352567, 'Ocurrió una excepción.', (0, None, None, None, 0, -2147352565), None)
05:52:17    NVDA: sin datos, se omite.
05:52:17    Fase1 LECTURA: 10 activos en 0.3s
05:52:18    Fase2 COMPUTE: 10/10 activos en 1.0s (4 workers paralelos)
05:52:18    🚨 SIGNAL VIX GEX_WALL | SPOT=16.34 wall=14.0 dist=2.34pts
05:52:18    🚨 SIGNAL SPY GEX_WALL | SPOT=767.52 wall=770.0 dist=2.48pts
05:52:18    🚨 SIGNAL SPX GEX_WALL | SPOT=7743.41 wall=7740.0 dist=3.41pts
05:52:18    🚨 SIGNAL SPX VIX_CONFIRM BULLISH | vix=LONG_GAMMA
05:52:18    🚨 SIGNAL USO CHARM_CASCADE | pin=160.0 T=0.0h
05:52:18    🚨 SIGNAL NQ GEX_WALL | SPOT=30600.00 wall=30650.0 dist=50.00pts
05:52:18    🚨 SIGNAL NQ ZERO_PROXIMITY_RESISTANCE | dist=17.19pts ZERO=30617.19 charm=0.1M prob=60%
05:52:18    ✅ VIX  | SPOT=   16.34 | ZERO=   16.45 | GEX↑=    0.00 GEX↓=   16.00 | VEX↑=   18.00 VEX↓=    0.00 | BAC=0.0 SAC=0.0 BAP=0.0 SAP=0.0 | INV_BAC=2.0 INV_SAC=150.0 INV_BAP=0.0 INV_SAP=8.0
05:52:18    🔄 REGIME CHANGE SPX: DEALER_LONG_GAMMA → CALL_SQUEEZE (after 2 cycles)
05:52:18    📊 VIX  FLOW | CallPrem=0 PutPrem=0 | Imbalance=+0.00 | Regime=DEALER_SHORT_GAMMA (42%) | Bias=BEARISH Risk=MEDIUM | Scores B=0 P=15 SQ=25
05:52:18    🚫 TRADE gated SPX: fuera de sesión (((9, 35), (15, 40)) ET)
05:52:18    ✅ QQQ  | SPOT=  737.56 | ZERO=  738.00 | GEX↑=    0.00 GEX↓=  738.00 | VEX↑=  772.00 VEX↓=    0.00 | BAC=0.0 SAC=0.0 BAP=0.0 SAP=0.0 | INV_BAC=406048.0 INV_SAC=68532.0 INV_BAP=184603.0 INV_SAP=284458.0
05:52:18    📊 QQQ  FLOW | CallPrem=0 PutPrem=0 | Imbalance=+0.00 | Regime=DEALER_SHORT_GAMMA (39%) | Bias=BEARISH Risk=LOW | Scores B=0 P=15 SQ=0
05:52:18    📈 signals_performance.csv: 1 outcome(s) registrado(s)
05:52:18    ✅ SPY  | SPOT=  767.52 | ZERO=  768.17 | GEX↑=    0.00 GEX↓=  768.00 | VEX↑=  802.00 VEX↓=    0.00 | BAC=0.0 SAC=0.0 BAP=0.0 SAP=0.0 | INV_BAC=535168.0 INV_SAC=108725.0 INV_BAP=531196.0 INV_SAP=70068.0
05:52:18    📊 SPY  FLOW | CallPrem=0 PutPrem=0 | Imbalance=+0.00 | Regime=DEALER_SHORT_GAMMA (39%) | Bias=BEARISH Risk=LOW | Scores B=0 P=15 SQ=0
05:52:18    📈 signals_performance.csv: 1 outcome(s) registrado(s)
05:52:18    ✅ SPX  | SPOT= 7743.41 | ZERO= 7735.06 | GEX↑= 7740.00 GEX↓=    0.00 | VEX↑= 7740.00 VEX↓=    0.00 | BAC=0.0 SAC=0.0 BAP=0.0 SAP=0.0 | INV_BAC=49613.0 INV_SAC=1.0 INV_BAP=41320.0 INV_SAP=2712.0
05:52:18    📈 signals_performance.csv: 2 outcome(s) registrado(s)
05:52:18    📊 SPX  FLOW | CallPrem=58,666,199 PutPrem=8,244,415 | Imbalance=+0.75 | Regime=CALL_SQUEEZE (37%) | Bias=BULLISH Risk=HIGH | Scores B=75 P=15 SQ=69
05:52:18    ✅ ES   | SPOT= 7764.25 | ZERO= 7768.18 | GEX↑=    0.00 GEX↓= 7750.00 | VEX↑=    0.00 VEX↓= 7750.00 | BAC=0.0 SAC=0.0 BAP=0.0 SAP=0.0 | INV_BAC=16094.0 INV_SAC=13487.0 INV_BAP=14150.0 INV_SAP=22566.0
05:52:18    📈 signals_performance.csv: 1 outcome(s) registrado(s)
05:52:18    📊 ES   FLOW | CallPrem=5,064,445 PutPrem=5,900,500 | Imbalance=-0.08 | Regime=DEALER_LONG_GAMMA (49%) | Bias=BEARISH Risk=MEDIUM | Scores B=1 P=15 SQ=22
05:52:18    📈 signals_performance.csv: 3 outcome(s) registrado(s)
05:52:18    ✅ NDX  | SPOT=30608.13 | ZERO=30608.78 | GEX↑=30850.00 GEX↓=    0.00 | VEX↑=31690.00 VEX↓=    0.00 | BAC=0.0 SAC=0.0 BAP=0.0 SAP=0.0 | INV_BAC=1552.0 INV_SAC=1144.0 INV_BAP=1692.0 INV_SAP=1074.0
05:52:18    📊 NDX  FLOW | CallPrem=0 PutPrem=0 | Imbalance=+0.00 | Regime=DEALER_SHORT_GAMMA (39%) | Bias=BEARISH Risk=LOW | Scores B=0 P=15 SQ=0
05:52:18    ✅ RTY  | SPOT= 2843.10 | ZERO= 2869.59 | GEX↑=    0.00 GEX↓= 2840.00 | VEX↑=    0.00 VEX↓= 2860.00 | BAC=0.0 SAC=0.0 BAP=0.0 SAP=0.0 | INV_BAC=1446.0 INV_SAC=7.0 INV_BAP=257.0 INV_SAP=483.0
05:52:18    📊 RTY  FLOW | CallPrem=0 PutPrem=0 | Imbalance=+0.00 | Regime=DEALER_SHORT_GAMMA (38%) | Bias=NEUTRAL Risk=MEDIUM | Scores B=22 P=30 SQ=10
05:52:18    ✅ USO  | SPOT=  154.87 | ZERO=  149.00 | GEX↑=    0.00 GEX↓=  155.00 | VEX↑=  178.00 VEX↓=    0.00 | BAC=0.0 SAC=0.0 BAP=0.0 SAP=0.0 | INV_BAC=40668.0 INV_SAC=6027.0 INV_BAP=29949.0 INV_SAP=18676.0
05:52:18    📊 USO  FLOW | CallPrem=0 PutPrem=0 | Imbalance=+0.00 | Regime=DEALER_LONG_GAMMA (41%) | Bias=NEUTRAL Risk=LOW | Scores B=20 P=0 SQ=15
05:52:18    ✅ NQ   | SPOT=30600.00 | ZERO=30617.19 | GEX↑=    0.00 GEX↓=30500.00 | VEX↑=30700.00 VEX↓=    0.00 | BAC=0.0 SAC=0.0 BAP=0.0 SAP=0.0 | INV_BAC=2114.0 INV_SAC=4651.0 INV_BAP=2284.0 INV_SAP=4070.0
05:52:18    📊 NQ   FLOW | CallPrem=4,847,670 PutPrem=6,080,245 | Imbalance=-0.11 | Regime=DEALER_SHORT_GAMMA (42%) | Bias=BEARISH Risk=MEDIUM | Scores B=3 P=15 SQ=20
05:52:18    ✅ GLD  | SPOT=  381.16 | ZERO=  382.00 | GEX↑=  381.00 GEX↓=    0.00 | VEX↑=  403.00 VEX↓=    0.00 | BAC=0.0 SAC=0.0 BAP=0.0 SAP=0.0 | INV_BAC=32296.0 INV_SAC=21282.0 INV_BAP=1469.0 INV_SAP=38742.0
05:52:18    📡 signals.json: 7 señal(es) activa(s): VIX:APPROACHING_GEX_WALL, SPY:APPROACHING_GEX_WALL, SPX:APPROACHING_GEX_WALL, SPX:VIX_REGIME_CONFIRM, USO:CHARM_CASCADE, NQ:APPROACHING_GEX_WALL, NQ:ZERO_PROXIMITY_RESISTANCE
05:52:18    📊 GLD  FLOW | CallPrem=0 PutPrem=0 | Imbalance=+0.00 | Regime=DEALER_SHORT_GAMMA (39%) | Bias=BEARISH Risk=LOW | Scores B=0 P=15 SQ=0
05:52:18    🎯 BIAS CONFLICTED conf=3 regime=CHARM_DOMINATED gz=ALIGNED_BEAR confluence=4.3 action=WAIT_CONFIRM T1=7757.24 (MAX_vGEX) SQ:False PK:False
05:52:18    ✅ Ciclo 398 completado en 1.7s | margen=58.3s | read=0.3s compute=1.0s signals=0.1s
05:53:17  ── Ciclo 399  05:53:17 ───────────────────────────────────
05:53:17    VIX: sin 0DTE, usando cadena completa.
05:53:17    VXX: error conectando a Excel: (-2147352567, 'Ocurrió una excepción.', (0, None, None, None, 0, -2147352565), None)
05:53:17    VXX: sin datos, se omite.
05:53:17    UVXY: error conectando a Excel: (-2147352567, 'Ocurrió una excepción.', (0, None, None, None, 0, -2147352565), None)
05:53:17    UVXY: sin datos, se omite.
05:53:17    SVXY: error conectando a Excel: (-2147352567, 'Ocurrió una excepción.', (0, None, None, None, 0, -2147352565), None)
05:53:17    SVXY: sin datos, se omite.
05:53:17    TQQQ: error conectando a Excel: (-2147352567, 'Ocurrió una excepción.', (0, None, None, None, 0, -2147352565), None)
05:53:17    TQQQ: sin datos, se omite.
05:53:17    SQQQ: error conectando a Excel: (-2147352567, 'Ocurrió una excepción.', (0, None, None, None, 0, -2147352565), None)
05:53:17    SQQQ: sin datos, se omite.
05:53:17    SPXS: error conectando a Excel: (-2147352567, 'Ocurrió una excepción.', (0, None, None, None, 0, -2147352565), None)
05:53:17    SPXS: sin datos, se omite.
05:53:17    SPXL: error conectando a Excel: (-2147352567, 'Ocurrió una excepción.', (0, None, None, None, 0, -2147352565), None)
05:53:17    SPXL: sin datos, se omite.
05:53:17    USO: sin 0DTE, usando cadena completa.
05:53:17    TLT: error conectando a Excel: (-2147352567, 'Ocurrió una excepción.', (0, None, None, None, 0, -2147352565), None)
05:53:17    TLT: sin datos, se omite.
05:53:17    GLD: sin 0DTE, usando cadena completa.
05:53:17    NVDA: error conectando a Excel: (-2147352567, 'Ocurrió una excepción.', (0, None, None, None, 0, -2147352565), None)
05:53:17    NVDA: sin datos, se omite.
05:53:17    Fase1 LECTURA: 10 activos en 0.3s
05:53:17    🌊 SWEEP ES HEDGE_CHASE_SWEEP (call) | path=[7760.0, 7770.0, 7780.0]
05:53:18    🌊 SWEEP NQ HEDGE_CHASE_SWEEP (call) | path=[30570.0, 30900.0, 30980.0]
05:53:18    Fase2 COMPUTE: 10/10 activos en 1.2s (4 workers paralelos)
05:53:18    🚨 SIGNAL QQQ GEX_WALL | SPOT=737.73 wall=738.0 dist=0.27pts
05:53:18    🚨 SIGNAL USO GEX_WALL | SPOT=154.60 wall=151.0 dist=3.60pts
05:53:18    🚨 SIGNAL GLD GEX_WALL | SPOT=381.20 wall=385.0 dist=3.80pts
05:53:18    📊 SPY  FLOW | CallPrem=0 PutPrem=0 | Imbalance=+0.00 | Regime=DEALER_SHORT_GAMMA (39%) | Bias=BEARISH Risk=LOW | Scores B=0 P=15 SQ=0
05:53:18    ✅ SPY  | SPOT=  767.57 | ZERO=  768.17 | GEX↑=    0.00 GEX↓=  768.00 | VEX↑=  802.00 VEX↓=    0.00 | BAC=0.0 SAC=0.0 BAP=0.0 SAP=0.0 | INV_BAC=535168.0 INV_SAC=108725.0 INV_BAP=531196.0 INV_SAP=70068.0
05:53:18    ✅ VIX  | SPOT=   16.33 | ZERO=   16.45 | GEX↑=    0.00 GEX↓=   16.00 | VEX↑=   18.00 VEX↓=    0.00 | BAC=0.0 SAC=0.0 BAP=0.0 SAP=0.0 | INV_BAC=2.0 INV_SAC=150.0 INV_BAP=0.0 INV_SAP=8.0
05:53:18    📈 signals_performance.csv: 1 outcome(s) registrado(s)
05:53:18    📊 VIX  FLOW | CallPrem=0 PutPrem=0 | Imbalance=+0.00 | Regime=DEALER_SHORT_GAMMA (42%) | Bias=BEARISH Risk=MEDIUM | Scores B=0 P=15 SQ=25
05:53:18    📊 QQQ  FLOW | CallPrem=0 PutPrem=0 | Imbalance=+0.00 | Regime=DEALER_SHORT_GAMMA (39%) | Bias=BEARISH Risk=LOW | Scores B=0 P=15 SQ=0
05:53:18    ✅ QQQ  | SPOT=  737.73 | ZERO=  738.00 | GEX↑=    0.00 GEX↓=  738.00 | VEX↑=  772.00 VEX↓=    0.00 | BAC=0.0 SAC=0.0 BAP=0.0 SAP=0.0 | INV_BAC=406048.0 INV_SAC=68532.0 INV_BAP=184603.0 INV_SAP=284458.0
05:53:18    ✅ SPX  | SPOT= 7743.41 | ZERO= 7735.07 | GEX↑= 7740.00 GEX↓=    0.00 | VEX↑= 7740.00 VEX↓=    0.00 | BAC=0.0 SAC=0.0 BAP=0.0 SAP=0.0 | INV_BAC=49847.0 INV_SAC=1.0 INV_BAP=41644.0 INV_SAP=2718.0
05:53:18    📈 signals_performance.csv: 2 outcome(s) registrado(s)
05:53:18    📊 SPX  FLOW | CallPrem=59,199,566 PutPrem=8,494,840 | Imbalance=+0.75 | Regime=DEALER_LONG_GAMMA (32%) | Bias=BULLISH Risk=HIGH | Scores B=73 P=15 SQ=62
05:53:18    ✅ ES   | SPOT= 7764.75 | ZERO= 7768.13 | GEX↑=    0.00 GEX↓= 7750.00 | VEX↑=    0.00 VEX↓= 7750.00 | BAC=0.0 SAC=0.0 BAP=0.0 SAP=0.0 | INV_BAC=16131.0 INV_SAC=13564.0 INV_BAP=14160.0 INV_SAP=22574.0
05:53:18    ✅ RTY  | SPOT= 2844.20 | ZERO= 2869.57 | GEX↑=    0.00 GEX↓= 2840.00 | VEX↑=    0.00 VEX↓= 2860.00 | BAC=0.0 SAC=0.0 BAP=0.0 SAP=0.0 | INV_BAC=1446.0 INV_SAC=8.0 INV_BAP=257.0 INV_SAP=483.0
05:53:18    📈 signals_performance.csv: 1 outcome(s) registrado(s)
05:53:18    📊 ES   FLOW | CallPrem=5,110,410 PutPrem=5,911,245 | Imbalance=-0.07 | Regime=DEALER_LONG_GAMMA (49%) | Bias=BEARISH Risk=MEDIUM | Scores B=1 P=15 SQ=23
05:53:18    ✅ USO  | SPOT=  154.60 | ZERO=  149.00 | GEX↑=  155.00 GEX↓=    0.00 | VEX↑=  178.00 VEX↓=    0.00 | BAC=0.0 SAC=0.0 BAP=0.0 SAP=0.0 | INV_BAC=40668.0 INV_SAC=6027.0 INV_BAP=29949.0 INV_SAP=18676.0
05:53:18    📊 USO  FLOW | CallPrem=0 PutPrem=0 | Imbalance=+0.00 | Regime=DEALER_LONG_GAMMA (41%) | Bias=NEUTRAL Risk=LOW | Scores B=20 P=0 SQ=15
05:53:18    📊 RTY  FLOW | CallPrem=0 PutPrem=0 | Imbalance=+0.00 | Regime=DEALER_SHORT_GAMMA (42%) | Bias=BEARISH Risk=MEDIUM | Scores B=18 P=30 SQ=10
05:53:18    ✅ NDX  | SPOT=30608.13 | ZERO=30608.78 | GEX↑=30850.00 GEX↓=    0.00 | VEX↑=31690.00 VEX↓=    0.00 | BAC=0.0 SAC=0.0 BAP=0.0 SAP=0.0 | INV_BAC=1552.0 INV_SAC=1144.0 INV_BAP=1692.0 INV_SAP=1074.0
05:53:18    📊 NDX  FLOW | CallPrem=0 PutPrem=0 | Imbalance=+0.00 | Regime=DEALER_SHORT_GAMMA (39%) | Bias=BEARISH Risk=LOW | Scores B=0 P=15 SQ=0
05:53:18    ✅ GLD  | SPOT=  381.20 | ZERO=  382.00 | GEX↑=  381.00 GEX↓=    0.00 | VEX↑=  403.00 VEX↓=    0.00 | BAC=0.0 SAC=0.0 BAP=0.0 SAP=0.0 | INV_BAC=32296.0 INV_SAC=21282.0 INV_BAP=1469.0 INV_SAP=38742.0
05:53:18    📊 GLD  FLOW | CallPrem=0 PutPrem=0 | Imbalance=+0.00 | Regime=DEALER_SHORT_GAMMA (39%) | Bias=BEARISH Risk=LOW | Scores B=0 P=15 SQ=0
05:53:18    ✅ NQ   | SPOT=30606.00 | ZERO=30617.22 | GEX↑=    0.00 GEX↓=30500.00 | VEX↑=30700.00 VEX↓=    0.00 | BAC=0.0 SAC=0.0 BAP=0.0 SAP=0.0 | INV_BAC=2116.0 INV_SAC=4654.0 INV_BAP=2284.0 INV_SAP=4082.0
05:53:18    📊 NQ   FLOW | CallPrem=4,849,820 PutPrem=6,080,245 | Imbalance=-0.11 | Regime=DEALER_SHORT_GAMMA (37%) | Bias=BEARISH Risk=MEDIUM | Scores B=7 P=15 SQ=31
05:53:19    📡 signals.json: 3 señal(es) activa(s): QQQ:APPROACHING_GEX_WALL, USO:APPROACHING_GEX_WALL, GLD:APPROACHING_GEX_WALL
05:53:19    🎯 BIAS CONFLICTED conf=3 regime=CHARM_DOMINATED gz=ALIGNED_BEAR confluence=3.8 action=WAIT_CONFIRM T1=7757.23 (MAX_vGEX) SQ:False PK:False
05:53:19    ✅ Ciclo 399 completado en 2.3s | margen=57.7s | read=0.3s compute=1.2s signals=0.1s
05:54:17  ── Ciclo 400  05:54:17 ───────────────────────────────────
05:54:17    VIX: sin 0DTE, usando cadena completa.
05:54:17    VXX: error conectando a Excel: (-2147352567, 'Ocurrió una excepción.', (0, None, None, None, 0, -2147352565), None)
05:54:17    VXX: sin datos, se omite.
05:54:17    UVXY: error conectando a Excel: (-2147352567, 'Ocurrió una excepción.', (0, None, None, None, 0, -2147352565), None)
05:54:17    UVXY: sin datos, se omite.
05:54:17    SVXY: error conectando a Excel: (-2147352567, 'Ocurrió una excepción.', (0, None, None, None, 0, -2147352565), None)
05:54:17    SVXY: sin datos, se omite.
05:54:17    TQQQ: error conectando a Excel: (-2147352567, 'Ocurrió una excepción.', (0, None, None, None, 0, -2147352565), None)
05:54:17    TQQQ: sin datos, se omite.
05:54:17    SQQQ: error conectando a Excel: (-2147352567, 'Ocurrió una excepción.', (0, None, None, None, 0, -2147352565), None)
05:54:17    SQQQ: sin datos, se omite.
05:54:17    SPXS: error conectando a Excel: (-2147352567, 'Ocurrió una excepción.', (0, None, None, None, 0, -2147352565), None)
05:54:17    SPXS: sin datos, se omite.
05:54:17    SPXL: error conectando a Excel: (-2147352567, 'Ocurrió una excepción.', (0, None, None, None, 0, -2147352565), None)
05:54:17    SPXL: sin datos, se omite.
05:54:17    USO: sin 0DTE, usando cadena completa.
05:54:17    TLT: error conectando a Excel: (-2147352567, 'Ocurrió una excepción.', (0, None, None, None, 0, -2147352565), None)
05:54:17    TLT: sin datos, se omite.
05:54:17    GLD: sin 0DTE, usando cadena completa.
05:54:17    NVDA: error conectando a Excel: (-2147352567, 'Ocurrió una excepción.', (0, None, None, None, 0, -2147352565), None)
05:54:17    NVDA: sin datos, se omite.
05:54:17    Fase1 LECTURA: 10 activos en 0.3s
05:54:19    🔀 DEALER REGIME USO: CHARM_DOMINATED → LONG_GAMMA_PINNING (conf=83)
05:54:19    Fase2 COMPUTE: 10/10 activos en 2.0s (4 workers paralelos)
05:54:19    🚨 SIGNAL VIX GEX_WALL | SPOT=16.34 wall=14.0 dist=2.34pts
05:54:19    ✅ VIX  | SPOT=   16.34 | ZERO=   16.45 | GEX↑=    0.00 GEX↓=   16.00 | VEX↑=   18.00 VEX↓=    0.00 | BAC=0.0 SAC=0.0 BAP=0.0 SAP=0.0 | INV_BAC=2.0 INV_SAC=150.0 INV_BAP=0.0 INV_SAP=8.0
05:54:19    📊 VIX  FLOW | CallPrem=0 PutPrem=0 | Imbalance=+0.00 | Regime=DEALER_SHORT_GAMMA (42%) | Bias=BEARISH Risk=MEDIUM | Scores B=0 P=15 SQ=25
05:54:19    ✅ SPY  | SPOT=  767.52 | ZERO=  768.17 | GEX↑=    0.00 GEX↓=  768.00 | VEX↑=  802.00 VEX↓=    0.00 | BAC=0.0 SAC=0.0 BAP=0.0 SAP=0.0 | INV_BAC=535168.0 INV_SAC=108725.0 INV_BAP=531196.0 INV_SAP=70068.0
05:54:19    🚨 SIGNAL VIX ZERO_PROXIMITY_RESISTANCE | dist=0.11pts ZERO=16.45 charm=0.0M prob=50%
05:54:19    📊 SPY  FLOW | CallPrem=0 PutPrem=0 | Imbalance=+0.00 | Regime=DEALER_SHORT_GAMMA (39%) | Bias=BEARISH Risk=LOW | Scores B=0 P=15 SQ=0
05:54:19    ✅ QQQ  | SPOT=  737.65 | ZERO=  738.00 | GEX↑=    0.00 GEX↓=  738.00 | VEX↑=  772.00 VEX↓=    0.00 | BAC=0.0 SAC=0.0 BAP=0.0 SAP=0.0 | INV_BAC=406048.0 INV_SAC=68532.0 INV_BAP=184603.0 INV_SAP=284458.0
05:54:19    🚨 SIGNAL SPY GEX_WALL | SPOT=767.52 wall=770.0 dist=2.48pts
05:54:19    📊 QQQ  FLOW | CallPrem=0 PutPrem=0 | Imbalance=+0.00 | Regime=DEALER_SHORT_GAMMA (39%) | Bias=BEARISH Risk=LOW | Scores B=0 P=15 SQ=0
05:54:19    🚨 SIGNAL SPX GEX_WALL | SPOT=7743.41 wall=7740.0 dist=3.41pts
05:54:19    🚨 SIGNAL NDX ZERO_PROXIMITY_RESISTANCE | dist=0.65pts ZERO=30608.78 charm=0.0M prob=50%
05:54:19    🚨 SIGNAL NQ GEX_WALL | SPOT=30602.75 wall=30650.0 dist=47.25pts
05:54:19    ✅ SPX  | SPOT= 7743.41 | ZERO= 7735.06 | GEX↑= 7740.00 GEX↓=    0.00 | VEX↑= 7740.00 VEX↓=    0.00 | BAC=0.0 SAC=0.0 BAP=0.0 SAP=0.0 | INV_BAC=49936.0 INV_SAC=1.0 INV_BAP=41778.0 INV_SAP=2719.0
05:54:19    🔄 REGIME CHANGE NQ: DEALER_LONG_GAMMA → DEALER_SHORT_GAMMA (after 2 cycles)
05:54:19    🚫 TRADE gated NDX: fuera de sesión (((9, 35), (15, 40)) ET)
05:54:19    ✅ RTY  | SPOT= 2843.70 | ZERO= 2869.59 | GEX↑=    0.00 GEX↓= 2840.00 | VEX↑=    0.00 VEX↓= 2860.00 | BAC=0.0 SAC=0.0 BAP=0.0 SAP=0.0 | INV_BAC=1446.0 INV_SAC=8.0 INV_BAP=257.0 INV_SAP=483.0
05:54:19    📊 SPX  FLOW | CallPrem=59,428,137 PutPrem=8,543,526 | Imbalance=+0.75 | Regime=DEALER_LONG_GAMMA (30%) | Bias=BULLISH Risk=HIGH | Scores B=67 P=15 SQ=58
05:54:19    📈 signals_performance.csv: 2 outcome(s) registrado(s)
05:54:19    📈 signals_performance.csv: 1 outcome(s) registrado(s)
05:54:19    📊 RTY  FLOW | CallPrem=0 PutPrem=0 | Imbalance=+0.00 | Regime=DEALER_SHORT_GAMMA (38%) | Bias=NEUTRAL Risk=MEDIUM | Scores B=21 P=30 SQ=10
05:54:19    ✅ ES   | SPOT= 7764.50 | ZERO= 7768.08 | GEX↑=    0.00 GEX↓= 7750.00 | VEX↑=    0.00 VEX↓= 7750.00 | BAC=0.0 SAC=0.0 BAP=0.0 SAP=0.0 | INV_BAC=16139.0 INV_SAC=13594.0 INV_BAP=14162.0 INV_SAP=22590.0
05:54:19    📈 signals_performance.csv: 1 outcome(s) registrado(s)
05:54:19    📊 ES   FLOW | CallPrem=5,121,030 PutPrem=5,913,545 | Imbalance=-0.07 | Regime=DEALER_LONG_GAMMA (49%) | Bias=BEARISH Risk=MEDIUM | Scores B=0 P=15 SQ=24
05:54:19    ✅ NDX  | SPOT=30608.13 | ZERO=30608.78 | GEX↑=30850.00 GEX↓=    0.00 | VEX↑=31690.00 VEX↓=    0.00 | BAC=0.0 SAC=0.0 BAP=0.0 SAP=0.0 | INV_BAC=1552.0 INV_SAC=1144.0 INV_BAP=1692.0 INV_SAP=1074.0
05:54:19    📊 NDX  FLOW | CallPrem=0 PutPrem=0 | Imbalance=+0.00 | Regime=DEALER_SHORT_GAMMA (39%) | Bias=BEARISH Risk=LOW | Scores B=0 P=15 SQ=0
05:54:19    ✅ GLD  | SPOT=  381.27 | ZERO=  382.00 | GEX↑=  381.00 GEX↓=    0.00 | VEX↑=  403.00 VEX↓=    0.00 | BAC=0.0 SAC=0.0 BAP=0.0 SAP=0.0 | INV_BAC=32296.0 INV_SAC=21282.0 INV_BAP=1469.0 INV_SAP=38742.0
05:54:19    📈 signals_performance.csv: 1 outcome(s) registrado(s)
05:54:19    📊 GLD  FLOW | CallPrem=0 PutPrem=0 | Imbalance=+0.00 | Regime=DEALER_SHORT_GAMMA (39%) | Bias=BEARISH Risk=LOW | Scores B=0 P=15 SQ=0
05:54:19    ✅ USO  | SPOT=  154.69 | ZERO=  149.00 | GEX↑=  155.00 GEX↓=    0.00 | VEX↑=  178.00 VEX↓=    0.00 | BAC=0.0 SAC=0.0 BAP=0.0 SAP=0.0 | INV_BAC=40668.0 INV_SAC=6027.0 INV_BAP=29949.0 INV_SAP=18676.0
05:54:19    📊 USO  FLOW | CallPrem=0 PutPrem=0 | Imbalance=+0.00 | Regime=DEALER_LONG_GAMMA (41%) | Bias=NEUTRAL Risk=LOW | Scores B=20 P=0 SQ=15
05:54:19    ✅ NQ   | SPOT=30602.75 | ZERO=30617.21 | GEX↑=    0.00 GEX↓=30500.00 | VEX↑=30700.00 VEX↓=    0.00 | BAC=0.0 SAC=0.0 BAP=0.0 SAP=0.0 | INV_BAC=2127.0 INV_SAC=4654.0 INV_BAP=2289.0 INV_SAP=4084.0
05:54:19    📈 signals_performance.csv: 1 outcome(s) registrado(s)
05:54:19    📊 NQ   FLOW | CallPrem=4,941,145 PutPrem=6,098,795 | Imbalance=-0.10 | Regime=DEALER_SHORT_GAMMA (38%) | Bias=NEUTRAL Risk=MEDIUM | Scores B=10 P=15 SQ=29
05:54:19    📡 signals.json: 6 señal(es) activa(s): VIX:APPROACHING_GEX_WALL, VIX:ZERO_PROXIMITY_RESISTANCE, SPY:APPROACHING_GEX_WALL, SPX:APPROACHING_GEX_WALL, NDX:ZERO_PROXIMITY_RESISTANCE, NQ:APPROACHING_GEX_WALL
05:54:20    📈 signals_performance.csv: 1 outcome(s) registrado(s)
05:54:20    🎯 BIAS CONFLICTED conf=4 regime=CHARM_DOMINATED gz=ALIGNED_BEAR confluence=3.8 action=WAIT_CONFIRM T1=7759.29 (MAX_vGEX) SQ:False PK:False
05:54:20    ✅ Ciclo 400 completado en 3.7s | margen=56.3s | read=0.3s compute=2.0s signals=0.7s
05:55:17  ── Ciclo 401  05:55:17 ───────────────────────────────────
05:55:17    VIX: sin 0DTE, usando cadena completa.
05:55:17    VXX: error conectando a Excel: (-2147352567, 'Ocurrió una excepción.', (0, None, None, None, 0, -2147352565), None)
05:55:17    VXX: sin datos, se omite.
05:55:17    UVXY: error conectando a Excel: (-2147352567, 'Ocurrió una excepción.', (0, None, None, None, 0, -2147352565), None)
05:55:17    UVXY: sin datos, se omite.
05:55:17    SVXY: error conectando a Excel: (-2147352567, 'Ocurrió una excepción.', (0, None, None, None, 0, -2147352565), None)
05:55:17    SVXY: sin datos, se omite.
05:55:17    TQQQ: error conectando a Excel: (-2147352567, 'Ocurrió una excepción.', (0, None, None, None, 0, -2147352565), None)
05:55:17    TQQQ: sin datos, se omite.
05:55:17    SQQQ: error conectando a Excel: (-2147352567, 'Ocurrió una excepción.', (0, None, None, None, 0, -2147352565), None)
05:55:17    SQQQ: sin datos, se omite.
05:55:17    SPXS: error conectando a Excel: (-2147352567, 'Ocurrió una excepción.', (0, None, None, None, 0, -2147352565), None)
05:55:17    SPXS: sin datos, se omite.
05:55:17    SPXL: error conectando a Excel: (-2147352567, 'Ocurrió una excepción.', (0, None, None, None, 0, -2147352565), None)
05:55:17    SPXL: sin datos, se omite.
05:55:17    USO: sin 0DTE, usando cadena completa.
05:55:17    TLT: error conectando a Excel: (-2147352567, 'Ocurrió una excepción.', (0, None, None, None, 0, -2147352565), None)
05:55:17    TLT: sin datos, se omite.
05:55:17    GLD: sin 0DTE, usando cadena completa.
05:55:17    NVDA: error conectando a Excel: (-2147352567, 'Ocurrió una excepción.', (0, None, None, None, 0, -2147352565), None)
05:55:17    NVDA: sin datos, se omite.
05:55:17    Fase1 LECTURA: 10 activos en 0.5s
05:55:18    🌊 SWEEP SPX HEDGE_CHASE_SWEEP (call) | path=[7695.0, 7700.0, 7750.0]
05:55:18    🌊 SWEEP NQ HEDGE_CHASE_SWEEP (put) | path=[30630.0, 30570.0, 30300.0]
05:55:19    Fase2 COMPUTE: 10/10 activos en 2.1s (4 workers paralelos)
05:55:19    🚨 SIGNAL QQQ GEX_WALL | SPOT=737.48 wall=738.0 dist=0.52pts
05:55:19    ✅ VIX  | SPOT=   16.34 | ZERO=   16.45 | GEX↑=    0.00 GEX↓=   16.00 | VEX↑=   18.00 VEX↓=    0.00 | BAC=0.0 SAC=0.0 BAP=0.0 SAP=0.0 | INV_BAC=2.0 INV_SAC=150.0 INV_BAP=0.0 INV_SAP=8.0
05:55:19    📊 VIX  FLOW | CallPrem=0 PutPrem=0 | Imbalance=+0.00 | Regime=DEALER_SHORT_GAMMA (42%) | Bias=BEARISH Risk=MEDIUM | Scores B=0 P=15 SQ=25
05:55:19    ✅ SPY  | SPOT=  767.44 | ZERO=  768.17 | GEX↑=    0.00 GEX↓=  768.00 | VEX↑=  797.00 VEX↓=    0.00 | BAC=0.0 SAC=0.0 BAP=0.0 SAP=0.0 | INV_BAC=535168.0 INV_SAC=108725.0 INV_BAP=531196.0 INV_SAP=70068.0
05:55:19    📊 SPY  FLOW | CallPrem=0 PutPrem=0 | Imbalance=+0.00 | Regime=DEALER_SHORT_GAMMA (39%) | Bias=BEARISH Risk=LOW | Scores B=0 P=15 SQ=0
05:55:19    🚨 SIGNAL USO GEX_WALL | SPOT=154.77 wall=151.0 dist=3.77pts
05:55:20    ✅ QQQ  | SPOT=  737.48 | ZERO=  738.00 | GEX↑=    0.00 GEX↓=  738.00 | VEX↑=  767.00 VEX↓=    0.00 | BAC=0.0 SAC=0.0 BAP=0.0 SAP=0.0 | INV_BAC=406048.0 INV_SAC=68532.0 INV_BAP=184603.0 INV_SAP=284458.0
05:55:20    📊 QQQ  FLOW | CallPrem=0 PutPrem=0 | Imbalance=+0.00 | Regime=DEALER_SHORT_GAMMA (39%) | Bias=BEARISH Risk=LOW | Scores B=0 P=15 SQ=0
05:55:20    ✅ SPX  | SPOT= 7743.41 | ZERO= 7735.06 | GEX↑= 7740.00 GEX↓=    0.00 | VEX↑= 7740.00 VEX↓=    0.00 | BAC=0.0 SAC=0.0 BAP=0.0 SAP=0.0 | INV_BAC=50062.0 INV_SAC=1.0 INV_BAP=41918.0 INV_SAP=2720.0
05:55:20    📊 SPX  FLOW | CallPrem=59,655,318 PutPrem=8,645,364 | Imbalance=+0.75 | Regime=CALL_SQUEEZE (35%) | Bias=BULLISH Risk=HIGH | Scores B=68 P=15 SQ=68
05:55:20    🚨 SIGNAL USO PINNING_RISK BULLISH | pin=155.0 dist=0.2pts prob=69% T=0.0h [pin=60% charm=True neutral=True]
05:55:20    ✅ ES   | SPOT= 7763.25 | ZERO= 7768.16 | GEX↑=    0.00 GEX↓= 7750.00 | VEX↑=    0.00 VEX↓= 7750.00 | BAC=0.0 SAC=0.0 BAP=0.0 SAP=0.0 | INV_BAC=16175.0 INV_SAC=13605.0 INV_BAP=14163.0 INV_SAP=22591.0
05:55:20    📊 ES   FLOW | CallPrem=5,179,535 PutPrem=5,913,760 | Imbalance=-0.07 | Regime=DEALER_LONG_GAMMA (43%) | Bias=NEUTRAL Risk=MEDIUM | Scores B=6 P=15 SQ=21
05:55:20    ✅ NDX  | SPOT=30608.13 | ZERO=30608.78 | GEX↑=30850.00 GEX↓=    0.00 | VEX↑=31690.00 VEX↓=    0.00 | BAC=0.0 SAC=0.0 BAP=0.0 SAP=0.0 | INV_BAC=1552.0 INV_SAC=1144.0 INV_BAP=1692.0 INV_SAP=1074.0
05:55:20    🚨 SIGNAL GLD GEX_WALL | SPOT=381.19 wall=385.0 dist=3.81pts
05:55:20    📊 NDX  FLOW | CallPrem=0 PutPrem=0 | Imbalance=+0.00 | Regime=DEALER_SHORT_GAMMA (39%) | Bias=BEARISH Risk=LOW | Scores B=0 P=15 SQ=0
05:55:20    ✅ RTY  | SPOT= 2843.20 | ZERO= 2869.57 | GEX↑=    0.00 GEX↓= 2840.00 | VEX↑=    0.00 VEX↓= 2860.00 | BAC=0.0 SAC=0.0 BAP=0.0 SAP=0.0 | INV_BAC=1446.0 INV_SAC=8.0 INV_BAP=257.0 INV_SAP=483.0
05:55:20    📊 RTY  FLOW | CallPrem=0 PutPrem=0 | Imbalance=+0.00 | Regime=DEALER_SHORT_GAMMA (42%) | Bias=BEARISH Risk=MEDIUM | Scores B=18 P=30 SQ=10
05:55:20    🚨 SIGNAL GLD VIX_CONFIRM BULLISH | vix=LONG_GAMMA
05:55:20    ✅ USO  | SPOT=  154.77 | ZERO=  149.00 | GEX↑=    0.00 GEX↓=  155.00 | VEX↑=  178.00 VEX↓=    0.00 | BAC=0.0 SAC=0.0 BAP=0.0 SAP=0.0 | INV_BAC=40668.0 INV_SAC=6027.0 INV_BAP=29949.0 INV_SAP=18676.0
05:55:20    📊 USO  FLOW | CallPrem=0 PutPrem=0 | Imbalance=+0.00 | Regime=DEALER_LONG_GAMMA (41%) | Bias=NEUTRAL Risk=LOW | Scores B=20 P=0 SQ=15
05:55:20    ✅ GLD  | SPOT=  381.19 | ZERO=  382.00 | GEX↑=  381.00 GEX↓=    0.00 | VEX↑=  403.00 VEX↓=    0.00 | BAC=0.0 SAC=0.0 BAP=0.0 SAP=0.0 | INV_BAC=32296.0 INV_SAC=21282.0 INV_BAP=1469.0 INV_SAP=38742.0
05:55:20    📊 GLD  FLOW | CallPrem=0 PutPrem=0 | Imbalance=+0.00 | Regime=DEALER_SHORT_GAMMA (39%) | Bias=BEARISH Risk=LOW | Scores B=0 P=15 SQ=0
05:55:20    🚨 SIGNAL GLD CHARM_CASCADE | pin=380.0 T=0.0h
05:55:20    ✅ NQ   | SPOT=30596.00 | ZERO=30617.19 | GEX↑=    0.00 GEX↓=30500.00 | VEX↑=30700.00 VEX↓=    0.00 | BAC=0.0 SAC=0.0 BAP=0.0 SAP=0.0 | INV_BAC=2127.0 INV_SAC=4654.0 INV_BAP=2290.0 INV_SAP=4086.0
05:55:20    📊 NQ   FLOW | CallPrem=4,941,145 PutPrem=6,100,632 | Imbalance=-0.10 | Regime=DEALER_SHORT_GAMMA (53%) | Bias=BEARISH Risk=MEDIUM | Scores B=6 P=15 SQ=27
05:55:20    🚨 SIGNAL GLD PINNING_RISK BEARISH | pin=381.0 dist=0.2pts prob=78% T=0.0h [pin=80% charm=True neutral=True]
05:55:20    🚨 SIGNAL GLD ZERO_PROXIMITY_RESISTANCE | dist=0.81pts ZERO=382.00 charm=0.0M prob=56%
05:55:20    📡 signals.json: 8 señal(es) activa(s): QQQ:APPROACHING_GEX_WALL, USO:APPROACHING_GEX_WALL, USO:PINNING_RISK, GLD:APPROACHING_GEX_WALL, GLD:VIX_REGIME_CONFIRM, GLD:CHARM_CASCADE, GLD:PINNING_RISK, GLD:ZERO_PROXIMITY_RESISTANCE
05:55:20    📈 signals_performance.csv: 1 outcome(s) registrado(s)
05:55:20    📈 signals_performance.csv: 3 outcome(s) registrado(s)
05:55:21    🎯 BIAS CONFLICTED conf=3 regime=CHARM_DOMINATED gz=ALIGNED_BEAR confluence=4.3 action=WAIT_CONFIRM T1=7759.3 (MAX_vGEX) SQ:False PK:False
05:55:21    ✅ Ciclo 401 completado en 4.2s | margen=55.8s | read=0.5s compute=2.1s signals=0.9s
05:56:17  ── Ciclo 402  05:56:17 ───────────────────────────────────
05:56:17    VIX: sin 0DTE, usando cadena completa.
05:56:17    VXX: error conectando a Excel: (-2147352567, 'Ocurrió una excepción.', (0, None, None, None, 0, -2147352565), None)
05:56:17    VXX: sin datos, se omite.
05:56:17    UVXY: error conectando a Excel: (-2147352567, 'Ocurrió una excepción.', (0, None, None, None, 0, -2147352565), None)
05:56:17    UVXY: sin datos, se omite.
05:56:17    SVXY: error conectando a Excel: (-2147352567, 'Ocurrió una excepción.', (0, None, None, None, 0, -2147352565), None)
05:56:17    SVXY: sin datos, se omite.
05:56:17    TQQQ: error conectando a Excel: (-2147352567, 'Ocurrió una excepción.', (0, None, None, None, 0, -2147352565), None)
05:56:17    TQQQ: sin datos, se omite.
05:56:17    SQQQ: error conectando a Excel: (-2147352567, 'Ocurrió una excepción.', (0, None, None, None, 0, -2147352565), None)
05:56:17    SQQQ: sin datos, se omite.
05:56:17    SPXS: error conectando a Excel: (-2147352567, 'Ocurrió una excepción.', (0, None, None, None, 0, -2147352565), None)
05:56:17    SPXS: sin datos, se omite.
05:56:17    SPXL: error conectando a Excel: (-2147352567, 'Ocurrió una excepción.', (0, None, None, None, 0, -2147352565), None)
05:56:17    SPXL: sin datos, se omite.
05:56:17    USO: sin 0DTE, usando cadena completa.
05:56:17    TLT: error conectando a Excel: (-2147352567, 'Ocurrió una excepción.', (0, None, None, None, 0, -2147352565), None)
05:56:17    TLT: sin datos, se omite.
05:56:17    GLD: sin 0DTE, usando cadena completa.
05:56:17    NVDA: error conectando a Excel: (-2147352567, 'Ocurrió una excepción.', (0, None, None, None, 0, -2147352565), None)
05:56:17    NVDA: sin datos, se omite.
05:56:17    Fase1 LECTURA: 10 activos en 0.2s
05:56:18    Fase2 COMPUTE: 10/10 activos en 1.1s (4 workers paralelos)
05:56:18    🚨 SIGNAL VIX GEX_WALL | SPOT=16.34 wall=14.0 dist=2.34pts
05:56:18    🚨 SIGNAL QQQ ZERO_PROXIMITY_RESISTANCE | dist=0.57pts ZERO=738.00 charm=0.0M prob=54%
05:56:18    🚨 SIGNAL SPY GEX_WALL | SPOT=767.41 wall=770.0 dist=2.59pts
05:56:18    🚨 SIGNAL SPY ZERO_PROXIMITY_RESISTANCE | dist=0.76pts ZERO=768.17 charm=0.0M prob=56%
05:56:18    🚨 SIGNAL SPX GEX_WALL | SPOT=7743.41 wall=7740.0 dist=3.41pts
05:56:18    🔄 REGIME CHANGE SPX: CALL_SQUEEZE → DEALER_LONG_GAMMA (after 2 cycles)
05:56:18    📊 VIX  FLOW | CallPrem=0 PutPrem=0 | Imbalance=+0.00 | Regime=DEALER_SHORT_GAMMA (42%) | Bias=BEARISH Risk=MEDIUM | Scores B=0 P=15 SQ=25
05:56:18    ✅ VIX  | SPOT=   16.34 | ZERO=   16.45 | GEX↑=    0.00 GEX↓=   16.00 | VEX↑=   18.00 VEX↓=    0.00 | BAC=0.0 SAC=0.0 BAP=0.0 SAP=0.0 | INV_BAC=2.0 INV_SAC=150.0 INV_BAP=0.0 INV_SAP=8.0
05:56:18    📊 QQQ  FLOW | CallPrem=0 PutPrem=0 | Imbalance=+0.00 | Regime=DEALER_SHORT_GAMMA (39%) | Bias=BEARISH Risk=LOW | Scores B=0 P=15 SQ=0
05:56:18    📈 signals_performance.csv: 1 outcome(s) registrado(s)
05:56:18    ✅ SPY  | SPOT=  767.41 | ZERO=  768.17 | GEX↑=    0.00 GEX↓=  768.00 | VEX↑=  797.00 VEX↓=    0.00 | BAC=0.0 SAC=0.0 BAP=0.0 SAP=0.0 | INV_BAC=535168.0 INV_SAC=108725.0 INV_BAP=531196.0 INV_SAP=70068.0
05:56:18    ✅ QQQ  | SPOT=  737.43 | ZERO=  738.00 | GEX↑=    0.00 GEX↓=  738.00 | VEX↑=  767.00 VEX↓=    0.00 | BAC=0.0 SAC=0.0 BAP=0.0 SAP=0.0 | INV_BAC=406048.0 INV_SAC=68532.0 INV_BAP=184603.0 INV_SAP=284458.0
05:56:18    📈 signals_performance.csv: 1 outcome(s) registrado(s)
05:56:18    ✅ SPX  | SPOT= 7743.41 | ZERO= 7735.06 | GEX↑= 7740.00 GEX↓=    0.00 | VEX↑= 7740.00 VEX↓=    0.00 | BAC=0.0 SAC=0.0 BAP=0.0 SAP=0.0 | INV_BAC=50143.0 INV_SAC=1.0 INV_BAP=41992.0 INV_SAP=2720.0
05:56:18    📈 signals_performance.csv: 2 outcome(s) registrado(s)
05:56:18    📊 SPX  FLOW | CallPrem=59,778,867 PutPrem=8,675,510 | Imbalance=+0.75 | Regime=DEALER_LONG_GAMMA (41%) | Bias=BULLISH Risk=HIGH | Scores B=60 P=15 SQ=58
05:56:18    📊 SPY  FLOW | CallPrem=0 PutPrem=0 | Imbalance=+0.00 | Regime=DEALER_SHORT_GAMMA (39%) | Bias=BEARISH Risk=LOW | Scores B=0 P=15 SQ=0
05:56:18    ✅ ES   | SPOT= 7763.25 | ZERO= 7768.18 | GEX↑=    0.00 GEX↓= 7750.00 | VEX↑=    0.00 VEX↓= 7750.00 | BAC=0.0 SAC=0.0 BAP=0.0 SAP=0.0 | INV_BAC=16187.0 INV_SAC=13624.0 INV_BAP=14200.0 INV_SAP=22591.0
05:56:18    📈 signals_performance.csv: 1 outcome(s) registrado(s)
05:56:18    📊 ES   FLOW | CallPrem=5,222,765 PutPrem=6,040,825 | Imbalance=-0.07 | Regime=DEALER_LONG_GAMMA (43%) | Bias=NEUTRAL Risk=MEDIUM | Scores B=9 P=15 SQ=19
05:56:18    ✅ RTY  | SPOT= 2842.70 | ZERO= 2869.59 | GEX↑=    0.00 GEX↓= 2840.00 | VEX↑=    0.00 VEX↓= 2860.00 | BAC=0.0 SAC=0.0 BAP=0.0 SAP=0.0 | INV_BAC=1446.0 INV_SAC=8.0 INV_BAP=257.0 INV_SAP=483.0
05:56:18    📊 RTY  FLOW | CallPrem=0 PutPrem=0 | Imbalance=+0.00 | Regime=DEALER_SHORT_GAMMA (38%) | Bias=NEUTRAL Risk=MEDIUM | Scores B=21 P=30 SQ=10
05:56:18    📈 signals_performance.csv: 1 outcome(s) registrado(s)
05:56:18    ✅ USO  | SPOT=  154.66 | ZERO=  149.00 | GEX↑=  155.00 GEX↓=    0.00 | VEX↑=  178.00 VEX↓=    0.00 | BAC=0.0 SAC=0.0 BAP=0.0 SAP=0.0 | INV_BAC=40668.0 INV_SAC=6027.0 INV_BAP=29949.0 INV_SAP=18676.0
05:56:18    📊 USO  FLOW | CallPrem=0 PutPrem=0 | Imbalance=+0.00 | Regime=DEALER_LONG_GAMMA (41%) | Bias=NEUTRAL Risk=LOW | Scores B=20 P=0 SQ=15
05:56:18    ✅ NQ   | SPOT=30594.00 | ZERO=30617.25 | GEX↑=    0.00 GEX↓=30500.00 | VEX↑=30700.00 VEX↓=    0.00 | BAC=0.0 SAC=0.0 BAP=0.0 SAP=0.0 | INV_BAC=2128.0 INV_SAC=4654.0 INV_BAP=2290.0 INV_SAP=4086.0
05:56:18    📈 signals_performance.csv: 1 outcome(s) registrado(s)
05:56:18    📊 NQ   FLOW | CallPrem=4,941,145 PutPrem=6,100,632 | Imbalance=-0.10 | Regime=DEALER_SHORT_GAMMA (49%) | Bias=BEARISH Risk=MEDIUM | Scores B=10 P=15 SQ=26
05:56:18    ✅ NDX  | SPOT=30608.13 | ZERO=30608.78 | GEX↑=30850.00 GEX↓=    0.00 | VEX↑=31690.00 VEX↓=    0.00 | BAC=0.0 SAC=0.0 BAP=0.0 SAP=0.0 | INV_BAC=1552.0 INV_SAC=1144.0 INV_BAP=1692.0 INV_SAP=1074.0
05:56:18    📊 NDX  FLOW | CallPrem=0 PutPrem=0 | Imbalance=+0.00 | Regime=DEALER_SHORT_GAMMA (39%) | Bias=BEARISH Risk=LOW | Scores B=0 P=15 SQ=0
05:56:18    📊 GLD  FLOW | CallPrem=0 PutPrem=0 | Imbalance=+0.00 | Regime=DEALER_SHORT_GAMMA (39%) | Bias=BEARISH Risk=LOW | Scores B=0 P=15 SQ=0
05:56:18    ✅ GLD  | SPOT=  381.14 | ZERO=  382.00 | GEX↑=  381.00 GEX↓=    0.00 | VEX↑=  403.00 VEX↓=    0.00 | BAC=0.0 SAC=0.0 BAP=0.0 SAP=0.0 | INV_BAC=32296.0 INV_SAC=21282.0 INV_BAP=1469.0 INV_SAP=38742.0
05:56:18    📡 signals.json: 5 señal(es) activa(s): VIX:APPROACHING_GEX_WALL, QQQ:ZERO_PROXIMITY_RESISTANCE, SPY:APPROACHING_GEX_WALL, SPY:ZERO_PROXIMITY_RESISTANCE, SPX:APPROACHING_GEX_WALL
05:56:19    🎯 BIAS CONFLICTED conf=3 regime=CHARM_DOMINATED gz=ALIGNED_BEAR confluence=3.8 action=WAIT_CONFIRM T1=7759.3 (MAX_vGEX) SQ:False PK:False
05:56:19    ✅ Ciclo 402 completado en 1.9s | margen=58.1s | read=0.2s compute=1.1s signals=0.2s
05:57:17  ── Ciclo 403  05:57:17 ───────────────────────────────────
05:57:17    VIX: sin 0DTE, usando cadena completa.
05:57:17    VXX: error conectando a Excel: (-2147352567, 'Ocurrió una excepción.', (0, None, None, None, 0, -2147352565), None)
05:57:17    VXX: sin datos, se omite.
05:57:17    UVXY: error conectando a Excel: (-2147352567, 'Ocurrió una excepción.', (0, None, None, None, 0, -2147352565), None)
05:57:17    UVXY: sin datos, se omite.
05:57:17    SVXY: error conectando a Excel: (-2147352567, 'Ocurrió una excepción.', (0, None, None, None, 0, -2147352565), None)
05:57:17    SVXY: sin datos, se omite.
05:57:17    TQQQ: error conectando a Excel: (-2147352567, 'Ocurrió una excepción.', (0, None, None, None, 0, -2147352565), None)
05:57:17    TQQQ: sin datos, se omite.
05:57:17    SQQQ: error conectando a Excel: (-2147352567, 'Ocurrió una excepción.', (0, None, None, None, 0, -2147352565), None)
05:57:17    SQQQ: sin datos, se omite.
05:57:17    SPXS: error conectando a Excel: (-2147352567, 'Ocurrió una excepción.', (0, None, None, None, 0, -2147352565), None)
05:57:17    SPXS: sin datos, se omite.
05:57:17    SPXL: error conectando a Excel: (-2147352567, 'Ocurrió una excepción.', (0, None, None, None, 0, -2147352565), None)
05:57:17    SPXL: sin datos, se omite.
05:57:17    USO: sin 0DTE, usando cadena completa.
05:57:17    TLT: error conectando a Excel: (-2147352567, 'Ocurrió una excepción.', (0, None, None, None, 0, -2147352565), None)
05:57:17    TLT: sin datos, se omite.
05:57:17    GLD: sin 0DTE, usando cadena completa.
05:57:17    NVDA: error conectando a Excel: (-2147352567, 'Ocurrió una excepción.', (0, None, None, None, 0, -2147352565), None)
05:57:17    NVDA: sin datos, se omite.
05:57:17    Fase1 LECTURA: 10 activos en 0.2s
05:57:18    Fase2 COMPUTE: 10/10 activos en 1.0s (4 workers paralelos)
05:57:18    🚨 SIGNAL QQQ GEX_WALL | SPOT=737.38 wall=738.0 dist=0.62pts
05:57:18    🚨 SIGNAL SPX VIX_CONFIRM BULLISH | vix=LONG_GAMMA
05:57:18    🚨 SIGNAL USO GEX_WALL | SPOT=154.71 wall=151.0 dist=3.71pts
05:57:18    🚨 SIGNAL GLD GEX_WALL | SPOT=381.18 wall=385.0 dist=3.82pts
05:57:18    🚨 SIGNAL GLD REGIME_TRADE_CONFIRM BULLISH | regime=CHARM_DOMINATED conf=71% L=56 S=35 gap=21pts
05:57:18    ✅ QQQ  | SPOT=  737.38 | ZERO=  738.00 | GEX↑=    0.00 GEX↓=  738.00 | VEX↑=  767.00 VEX↓=    0.00 | BAC=0.0 SAC=0.0 BAP=0.0 SAP=0.0 | INV_BAC=406048.0 INV_SAC=68532.0 INV_BAP=184603.0 INV_SAP=284458.0
05:57:18    📊 QQQ  FLOW | CallPrem=0 PutPrem=0 | Imbalance=+0.00 | Regime=DEALER_SHORT_GAMMA (39%) | Bias=BEARISH Risk=LOW | Scores B=0 P=15 SQ=0
05:57:18    🚫 TRADE gated SPX: fuera de sesión (((9, 35), (15, 40)) ET)
05:57:18    ✅ VIX  | SPOT=   16.35 | ZERO=   16.45 | GEX↑=    0.00 GEX↓=   16.00 | VEX↑=   18.00 VEX↓=    0.00 | BAC=0.0 SAC=0.0 BAP=0.0 SAP=0.0 | INV_BAC=2.0 INV_SAC=150.0 INV_BAP=0.0 INV_SAP=8.0
05:57:18    📊 VIX  FLOW | CallPrem=0 PutPrem=0 | Imbalance=+0.00 | Regime=DEALER_SHORT_GAMMA (42%) | Bias=BEARISH Risk=MEDIUM | Scores B=0 P=15 SQ=25
05:57:18    📈 signals_performance.csv: 1 outcome(s) registrado(s)
05:57:18    ✅ SPY  | SPOT=  767.41 | ZERO=  768.17 | GEX↑=    0.00 GEX↓=  768.00 | VEX↑=  797.00 VEX↓=    0.00 | BAC=0.0 SAC=0.0 BAP=0.0 SAP=0.0 | INV_BAC=535168.0 INV_SAC=108725.0 INV_BAP=531196.0 INV_SAP=70068.0
05:57:18    📊 SPY  FLOW | CallPrem=0 PutPrem=0 | Imbalance=+0.00 | Regime=DEALER_SHORT_GAMMA (39%) | Bias=BEARISH Risk=LOW | Scores B=0 P=15 SQ=0
05:57:18    ✅ SPX  | SPOT= 7743.41 | ZERO= 7735.06 | GEX↑= 7740.00 GEX↓=    0.00 | VEX↑= 7740.00 VEX↓=    0.00 | BAC=0.0 SAC=0.0 BAP=0.0 SAP=0.0 | INV_BAC=50165.0 INV_SAC=1.0 INV_BAP=42084.0 INV_SAP=2720.0
05:57:18    📊 SPX  FLOW | CallPrem=59,833,646 PutPrem=8,728,720 | Imbalance=+0.75 | Regime=DEALER_LONG_GAMMA (41%) | Bias=BULLISH Risk=HIGH | Scores B=55 P=15 SQ=52
05:57:18    📈 signals_performance.csv: 1 outcome(s) registrado(s)
05:57:18    ✅ ES   | SPOT= 7763.25 | ZERO= 7768.10 | GEX↑=    0.00 GEX↓= 7750.00 | VEX↑=    0.00 VEX↓= 7750.00 | BAC=0.0 SAC=0.0 BAP=0.0 SAP=0.0 | INV_BAC=16203.0 INV_SAC=13648.0 INV_BAP=14207.0 INV_SAP=22602.0
05:57:18    📊 ES   FLOW | CallPrem=5,226,935 PutPrem=6,048,100 | Imbalance=-0.07 | Regime=DEALER_LONG_GAMMA (33%) | Bias=BEARISH Risk=MEDIUM | Scores B=6 P=22 SQ=21
05:57:18    ✅ USO  | SPOT=  154.71 | ZERO=  149.00 | GEX↑=  155.00 GEX↓=    0.00 | VEX↑=  178.00 VEX↓=    0.00 | BAC=0.0 SAC=0.0 BAP=0.0 SAP=0.0 | INV_BAC=40668.0 INV_SAC=6027.0 INV_BAP=29949.0 INV_SAP=18676.0
05:57:18    📈 signals_performance.csv: 2 outcome(s) registrado(s)
05:57:18    📊 USO  FLOW | CallPrem=0 PutPrem=0 | Imbalance=+0.00 | Regime=DEALER_LONG_GAMMA (41%) | Bias=NEUTRAL Risk=LOW | Scores B=20 P=0 SQ=15
05:57:18    ✅ NDX  | SPOT=30608.13 | ZERO=30608.78 | GEX↑=30850.00 GEX↓=    0.00 | VEX↑=31690.00 VEX↓=    0.00 | BAC=0.0 SAC=0.0 BAP=0.0 SAP=0.0 | INV_BAC=1552.0 INV_SAC=1144.0 INV_BAP=1692.0 INV_SAP=1074.0
05:57:18    📊 NDX  FLOW | CallPrem=0 PutPrem=0 | Imbalance=+0.00 | Regime=DEALER_SHORT_GAMMA (39%) | Bias=BEARISH Risk=LOW | Scores B=0 P=15 SQ=0
05:57:18    ✅ RTY  | SPOT= 2842.30 | ZERO= 2869.58 | GEX↑=    0.00 GEX↓= 2840.00 | VEX↑=    0.00 VEX↓= 2860.00 | BAC=0.0 SAC=0.0 BAP=0.0 SAP=0.0 | INV_BAC=1446.0 INV_SAC=8.0 INV_BAP=257.0 INV_SAP=483.0
05:57:18    📊 RTY  FLOW | CallPrem=0 PutPrem=0 | Imbalance=+0.00 | Regime=DEALER_SHORT_GAMMA (42%) | Bias=BEARISH Risk=MEDIUM | Scores B=18 P=30 SQ=10
05:57:18    ✅ NQ   | SPOT=30591.00 | ZERO=30617.29 | GEX↑=    0.00 GEX↓=30500.00 | VEX↑=30700.00 VEX↓=    0.00 | BAC=0.0 SAC=0.0 BAP=0.0 SAP=0.0 | INV_BAC=2129.0 INV_SAC=4654.0 INV_BAP=2292.0 INV_SAP=4088.0
05:57:18    ✅ GLD  | SPOT=  381.18 | ZERO=  382.00 | GEX↑=  381.00 GEX↓=    0.00 | VEX↑=  403.00 VEX↓=    0.00 | BAC=0.0 SAC=0.0 BAP=0.0 SAP=0.0 | INV_BAC=32296.0 INV_SAC=21282.0 INV_BAP=1469.0 INV_SAP=38742.0
05:57:18    📊 NQ   FLOW | CallPrem=4,991,145 PutPrem=6,104,932 | Imbalance=-0.10 | Regime=DEALER_SHORT_GAMMA (52%) | Bias=NEUTRAL Risk=MEDIUM | Scores B=11 P=15 SQ=22
05:57:18    📊 GLD  FLOW | CallPrem=0 PutPrem=0 | Imbalance=+0.00 | Regime=DEALER_SHORT_GAMMA (39%) | Bias=BEARISH Risk=LOW | Scores B=0 P=15 SQ=0
05:57:18    📡 signals.json: 5 señal(es) activa(s): QQQ:APPROACHING_GEX_WALL, SPX:VIX_REGIME_CONFIRM, USO:APPROACHING_GEX_WALL, GLD:APPROACHING_GEX_WALL, GLD:REGIME_TRADE_CONFIRM
05:57:19    🎯 BIAS CONFLICTED conf=3 regime=CHARM_DOMINATED gz=ALIGNED_BEAR confluence=4.3 action=WAIT_CONFIRM T1=7759.29 (MAX_vGEX) SQ:False PK:False
05:57:19    ✅ Ciclo 403 completado en 1.9s | margen=58.1s | read=0.2s compute=1.0s signals=0.1s
05:58:17  ── Ciclo 404  05:58:17 ───────────────────────────────────
05:58:17    VIX: sin 0DTE, usando cadena completa.
05:58:17    VXX: error conectando a Excel: (-2147352567, 'Ocurrió una excepción.', (0, None, None, None, 0, -2147352565), None)
05:58:17    VXX: sin datos, se omite.
05:58:17    UVXY: error conectando a Excel: (-2147352567, 'Ocurrió una excepción.', (0, None, None, None, 0, -2147352565), None)
05:58:17    UVXY: sin datos, se omite.
05:58:17    SVXY: error conectando a Excel: (-2147352567, 'Ocurrió una excepción.', (0, None, None, None, 0, -2147352565), None)
05:58:17    SVXY: sin datos, se omite.
05:58:17    TQQQ: error conectando a Excel: (-2147352567, 'Ocurrió una excepción.', (0, None, None, None, 0, -2147352565), None)
05:58:17    TQQQ: sin datos, se omite.
05:58:17    SQQQ: error conectando a Excel: (-2147352567, 'Ocurrió una excepción.', (0, None, None, None, 0, -2147352565), None)
05:58:17    SQQQ: sin datos, se omite.
05:58:17    SPXS: error conectando a Excel: (-2147352567, 'Ocurrió una excepción.', (0, None, None, None, 0, -2147352565), None)
05:58:17    SPXS: sin datos, se omite.
05:58:17    SPXL: error conectando a Excel: (-2147352567, 'Ocurrió una excepción.', (0, None, None, None, 0, -2147352565), None)
05:58:17    SPXL: sin datos, se omite.
05:58:17    USO: sin 0DTE, usando cadena completa.
05:58:17    TLT: error conectando a Excel: (-2147352567, 'Ocurrió una excepción.', (0, None, None, None, 0, -2147352565), None)
05:58:17    TLT: sin datos, se omite.
05:58:17    GLD: sin 0DTE, usando cadena completa.
05:58:17    NVDA: error conectando a Excel: (-2147352567, 'Ocurrió una excepción.', (0, None, None, None, 0, -2147352565), None)
05:58:17    NVDA: sin datos, se omite.
05:58:17    Fase1 LECTURA: 10 activos en 0.2s
05:58:18    Fase2 COMPUTE: 10/10 activos en 1.0s (4 workers paralelos)
05:58:18    🚨 SIGNAL VIX GEX_WALL | SPOT=16.35 wall=14.0 dist=2.35pts
05:58:18    🚨 SIGNAL SPY GEX_WALL | SPOT=767.40 wall=770.0 dist=2.60pts
05:58:18    🚨 SIGNAL SPX GEX_WALL | SPOT=7743.41 wall=7740.0 dist=3.41pts
05:58:18    🚨 SIGNAL NQ ZERO_PROXIMITY_RESISTANCE | dist=23.23pts ZERO=30617.23 charm=0.0M prob=64%
05:58:18    📊 QQQ  FLOW | CallPrem=0 PutPrem=0 | Imbalance=+0.00 | Regime=DEALER_SHORT_GAMMA (39%) | Bias=BEARISH Risk=LOW | Scores B=0 P=15 SQ=0
05:58:18    ✅ QQQ  | SPOT=  737.44 | ZERO=  738.00 | GEX↑=    0.00 GEX↓=  738.00 | VEX↑=  767.00 VEX↓=    0.00 | BAC=0.0 SAC=0.0 BAP=0.0 SAP=0.0 | INV_BAC=406048.0 INV_SAC=68532.0 INV_BAP=184603.0 INV_SAP=284458.0
05:58:18    ✅ VIX  | SPOT=   16.35 | ZERO=   16.45 | GEX↑=    0.00 GEX↓=   16.00 | VEX↑=   18.00 VEX↓=    0.00 | BAC=0.0 SAC=0.0 BAP=0.0 SAP=0.0 | INV_BAC=2.0 INV_SAC=150.0 INV_BAP=0.0 INV_SAP=8.0
05:58:18    📈 signals_performance.csv: 1 outcome(s) registrado(s)
05:58:18    📊 VIX  FLOW | CallPrem=0 PutPrem=0 | Imbalance=+0.00 | Regime=DEALER_SHORT_GAMMA (42%) | Bias=BEARISH Risk=MEDIUM | Scores B=0 P=15 SQ=25
05:58:18    📈 signals_performance.csv: 1 outcome(s) registrado(s)
05:58:18    📈 signals_performance.csv: 1 outcome(s) registrado(s)
05:58:18    ✅ SPY  | SPOT=  767.40 | ZERO=  768.17 | GEX↑=    0.00 GEX↓=  768.00 | VEX↑=  797.00 VEX↓=    0.00 | BAC=0.0 SAC=0.0 BAP=0.0 SAP=0.0 | INV_BAC=535168.0 INV_SAC=108725.0 INV_BAP=531196.0 INV_SAP=70068.0
05:58:18    📊 SPY  FLOW | CallPrem=0 PutPrem=0 | Imbalance=+0.00 | Regime=DEALER_SHORT_GAMMA (39%) | Bias=BEARISH Risk=LOW | Scores B=0 P=15 SQ=0
05:58:18    📊 SPX  FLOW | CallPrem=59,928,633 PutPrem=8,794,683 | Imbalance=+0.74 | Regime=DEALER_LONG_GAMMA (41%) | Bias=BULLISH Risk=HIGH | Scores B=52 P=15 SQ=48
05:58:18    ✅ SPX  | SPOT= 7743.41 | ZERO= 7735.06 | GEX↑= 7740.00 GEX↓=    0.00 | VEX↑= 7740.00 VEX↓=    0.00 | BAC=0.0 SAC=0.0 BAP=0.0 SAP=0.0 | INV_BAC=50235.0 INV_SAC=1.0 INV_BAP=42206.0 INV_SAP=2731.0
05:58:18    📈 signals_performance.csv: 1 outcome(s) registrado(s)
05:58:18    ✅ RTY  | SPOT= 2841.60 | ZERO= 2869.59 | GEX↑=    0.00 GEX↓= 2840.00 | VEX↑=    0.00 VEX↓= 2860.00 | BAC=0.0 SAC=0.0 BAP=0.0 SAP=0.0 | INV_BAC=1446.0 INV_SAC=8.0 INV_BAP=257.0 INV_SAP=483.0
05:58:18    📊 RTY  FLOW | CallPrem=0 PutPrem=0 | Imbalance=+0.00 | Regime=DEALER_SHORT_GAMMA (38%) | Bias=NEUTRAL Risk=MEDIUM | Scores B=21 P=30 SQ=10
05:58:18    📊 ES   FLOW | CallPrem=5,253,675 PutPrem=6,057,570 | Imbalance=-0.07 | Regime=DEALER_LONG_GAMMA (39%) | Bias=BEARISH Risk=MEDIUM | Scores B=4 P=20 SQ=19
05:58:18    ✅ ES   | SPOT= 7763.25 | ZERO= 7768.09 | GEX↑=    0.00 GEX↓= 7750.00 | VEX↑=    0.00 VEX↓= 7750.00 | BAC=0.0 SAC=0.0 BAP=0.0 SAP=0.0 | INV_BAC=16210.0 INV_SAC=13651.0 INV_BAP=14210.0 INV_SAP=22604.0
05:58:18    ✅ USO  | SPOT=  154.74 | ZERO=  149.00 | GEX↑=  155.00 GEX↓=    0.00 | VEX↑=  178.00 VEX↓=    0.00 | BAC=0.0 SAC=0.0 BAP=0.0 SAP=0.0 | INV_BAC=40668.0 INV_SAC=6027.0 INV_BAP=29949.0 INV_SAP=18676.0
05:58:18    📊 USO  FLOW | CallPrem=0 PutPrem=0 | Imbalance=+0.00 | Regime=DEALER_LONG_GAMMA (41%) | Bias=NEUTRAL Risk=LOW | Scores B=20 P=0 SQ=15
05:58:18    ✅ GLD  | SPOT=  381.14 | ZERO=  382.00 | GEX↑=  381.00 GEX↓=    0.00 | VEX↑=  403.00 VEX↓=    0.00 | BAC=0.0 SAC=0.0 BAP=0.0 SAP=0.0 | INV_BAC=32296.0 INV_SAC=21282.0 INV_BAP=1469.0 INV_SAP=38742.0
05:58:18    ✅ NQ   | SPOT=30594.00 | ZERO=30617.23 | GEX↑=    0.00 GEX↓=30500.00 | VEX↑=30700.00 VEX↓=    0.00 | BAC=0.0 SAC=0.0 BAP=0.0 SAP=0.0 | INV_BAC=2129.0 INV_SAC=4657.0 INV_BAP=2292.0 INV_SAP=4088.0
05:58:18    📊 GLD  FLOW | CallPrem=0 PutPrem=0 | Imbalance=+0.00 | Regime=DEALER_SHORT_GAMMA (39%) | Bias=BEARISH Risk=LOW | Scores B=0 P=15 SQ=0
05:58:18    📊 NQ   FLOW | CallPrem=4,991,145 PutPrem=6,104,932 | Imbalance=-0.10 | Regime=DEALER_SHORT_GAMMA (42%) | Bias=BEARISH Risk=MEDIUM | Scores B=7 P=15 SQ=23
05:58:18    ✅ NDX  | SPOT=30608.13 | ZERO=30608.78 | GEX↑=30850.00 GEX↓=    0.00 | VEX↑=31690.00 VEX↓=    0.00 | BAC=0.0 SAC=0.0 BAP=0.0 SAP=0.0 | INV_BAC=1552.0 INV_SAC=1144.0 INV_BAP=1692.0 INV_SAP=1074.0
05:58:18    📊 NDX  FLOW | CallPrem=0 PutPrem=0 | Imbalance=+0.00 | Regime=DEALER_SHORT_GAMMA (39%) | Bias=BEARISH Risk=LOW | Scores B=0 P=15 SQ=0
05:58:18    📡 signals.json: 4 señal(es) activa(s): VIX:APPROACHING_GEX_WALL, SPY:APPROACHING_GEX_WALL, SPX:APPROACHING_GEX_WALL, NQ:ZERO_PROXIMITY_RESISTANCE
05:58:19    🎯 BIAS CONFLICTED conf=3 regime=CHARM_DOMINATED gz=ALIGNED_BEAR confluence=3.8 action=WAIT_CONFIRM T1=7756.99 (MAX_vGEX) SQ:False PK:False
05:58:19    ✅ Ciclo 404 completado en 1.9s | margen=58.1s | read=0.2s compute=1.0s signals=0.1s
05:59:17  ── Ciclo 405  05:59:17 ───────────────────────────────────
05:59:17    VIX: sin 0DTE, usando cadena completa.
05:59:17    VXX: error conectando a Excel: (-2147352567, 'Ocurrió una excepción.', (0, None, None, None, 0, -2147352565), None)
05:59:17    VXX: sin datos, se omite.
05:59:17    UVXY: error conectando a Excel: (-2147352567, 'Ocurrió una excepción.', (0, None, None, None, 0, -2147352565), None)
05:59:17    UVXY: sin datos, se omite.
05:59:17    SVXY: error conectando a Excel: (-2147352567, 'Ocurrió una excepción.', (0, None, None, None, 0, -2147352565), None)
05:59:17    SVXY: sin datos, se omite.
05:59:17    TQQQ: error conectando a Excel: (-2147352567, 'Ocurrió una excepción.', (0, None, None, None, 0, -2147352565), None)
05:59:17    TQQQ: sin datos, se omite.
05:59:17    SQQQ: error conectando a Excel: (-2147352567, 'Ocurrió una excepción.', (0, None, None, None, 0, -2147352565), None)
05:59:17    SQQQ: sin datos, se omite.
05:59:17    SPXS: error conectando a Excel: (-2147352567, 'Ocurrió una excepción.', (0, None, None, None, 0, -2147352565), None)
05:59:17    SPXS: sin datos, se omite.
05:59:17    SPXL: error conectando a Excel: (-2147352567, 'Ocurrió una excepción.', (0, None, None, None, 0, -2147352565), None)
05:59:17    SPXL: sin datos, se omite.
05:59:17    USO: sin 0DTE, usando cadena completa.
05:59:17    TLT: error conectando a Excel: (-2147352567, 'Ocurrió una excepción.', (0, None, None, None, 0, -2147352565), None)
05:59:17    TLT: sin datos, se omite.
05:59:17    GLD: sin 0DTE, usando cadena completa.
05:59:17    NVDA: error conectando a Excel: (-2147352567, 'Ocurrió una excepción.', (0, None, None, None, 0, -2147352565), None)
05:59:17    NVDA: sin datos, se omite.
05:59:17    Fase1 LECTURA: 10 activos en 0.3s
05:59:18    Fase2 COMPUTE: 10/10 activos en 1.1s (4 workers paralelos)
05:59:18    🚨 SIGNAL QQQ GEX_WALL | SPOT=737.42 wall=738.0 dist=0.58pts
05:59:18    🚨 SIGNAL USO GEX_WALL | SPOT=154.77 wall=151.0 dist=3.77pts
05:59:18    🚨 SIGNAL GLD GEX_WALL | SPOT=381.11 wall=385.0 dist=3.89pts
05:59:18    📊 SPY  FLOW | CallPrem=0 PutPrem=0 | Imbalance=+0.00 | Regime=DEALER_SHORT_GAMMA (39%) | Bias=BEARISH Risk=LOW | Scores B=0 P=15 SQ=0
05:59:18    ✅ SPY  | SPOT=  767.34 | ZERO=  768.17 | GEX↑=    0.00 GEX↓=  768.00 | VEX↑=  797.00 VEX↓=    0.00 | BAC=0.0 SAC=0.0 BAP=0.0 SAP=0.0 | INV_BAC=535168.0 INV_SAC=108725.0 INV_BAP=531196.0 INV_SAP=70068.0
05:59:18    ✅ VIX  | SPOT=   16.35 | ZERO=   16.45 | GEX↑=    0.00 GEX↓=   16.00 | VEX↑=   18.00 VEX↓=    0.00 | BAC=0.0 SAC=0.0 BAP=0.0 SAP=0.0 | INV_BAC=2.0 INV_SAC=150.0 INV_BAP=0.0 INV_SAP=8.0
05:59:18    📈 signals_performance.csv: 1 outcome(s) registrado(s)
05:59:18    📊 VIX  FLOW | CallPrem=0 PutPrem=0 | Imbalance=+0.00 | Regime=DEALER_SHORT_GAMMA (42%) | Bias=BEARISH Risk=MEDIUM | Scores B=0 P=15 SQ=25
05:59:18    ✅ QQQ  | SPOT=  737.42 | ZERO=  738.00 | GEX↑=    0.00 GEX↓=  738.00 | VEX↑=  767.00 VEX↓=    0.00 | BAC=0.0 SAC=0.0 BAP=0.0 SAP=0.0 | INV_BAC=406048.0 INV_SAC=68532.0 INV_BAP=184603.0 INV_SAP=284458.0
05:59:18    📊 QQQ  FLOW | CallPrem=0 PutPrem=0 | Imbalance=+0.00 | Regime=DEALER_SHORT_GAMMA (39%) | Bias=BEARISH Risk=LOW | Scores B=0 P=15 SQ=0
05:59:18    ✅ SPX  | SPOT= 7743.41 | ZERO= 7735.05 | GEX↑= 7740.00 GEX↓=    0.00 | VEX↑= 7740.00 VEX↓=    0.00 | BAC=0.0 SAC=0.0 BAP=0.0 SAP=0.0 | INV_BAC=50259.0 INV_SAC=1.0 INV_BAP=42239.0 INV_SAP=2731.0
05:59:18    📊 SPX  FLOW | CallPrem=59,980,169 PutPrem=8,811,484 | Imbalance=+0.74 | Regime=DEALER_LONG_GAMMA (41%) | Bias=BULLISH Risk=HIGH | Scores B=50 P=15 SQ=45
05:59:18    ✅ ES   | SPOT= 7762.75 | ZERO= 7768.23 | GEX↑=    0.00 GEX↓= 7750.00 | VEX↑=    0.00 VEX↓= 7750.00 | BAC=0.0 SAC=0.0 BAP=0.0 SAP=0.0 | INV_BAC=16215.0 INV_SAC=13652.0 INV_BAP=14243.0 INV_SAP=22685.0
05:59:18    📈 signals_performance.csv: 2 outcome(s) registrado(s)
05:59:18    📊 ES   FLOW | CallPrem=5,261,260 PutPrem=6,077,305 | Imbalance=-0.07 | Regime=DEALER_LONG_GAMMA (58%) | Bias=NEUTRAL Risk=MEDIUM | Scores B=8 P=18 SQ=18
05:59:18    ✅ NQ   | SPOT=30592.00 | ZERO=30617.29 | GEX↑=    0.00 GEX↓=30500.00 | VEX↑=30700.00 VEX↓=    0.00 | BAC=0.0 SAC=0.0 BAP=0.0 SAP=0.0 | INV_BAC=2129.0 INV_SAC=4657.0 INV_BAP=2296.0 INV_SAP=4090.0
05:59:18    📊 NQ   FLOW | CallPrem=4,991,145 PutPrem=6,165,832 | Imbalance=-0.11 | Regime=DEALER_SHORT_GAMMA (49%) | Bias=BEARISH Risk=MEDIUM | Scores B=10 P=15 SQ=24
05:59:18    ✅ RTY  | SPOT= 2841.30 | ZERO= 2869.59 | GEX↑=    0.00 GEX↓= 2840.00 | VEX↑=    0.00 VEX↓= 2860.00 | BAC=0.0 SAC=0.0 BAP=0.0 SAP=0.0 | INV_BAC=1446.0 INV_SAC=8.0 INV_BAP=257.0 INV_SAP=483.0
05:59:18    📊 RTY  FLOW | CallPrem=0 PutPrem=0 | Imbalance=+0.00 | Regime=DEALER_SHORT_GAMMA (38%) | Bias=NEUTRAL Risk=MEDIUM | Scores B=23 P=30 SQ=10
05:59:18    ✅ USO  | SPOT=  154.77 | ZERO=  149.00 | GEX↑=    0.00 GEX↓=  155.00 | VEX↑=  178.00 VEX↓=    0.00 | BAC=0.0 SAC=0.0 BAP=0.0 SAP=0.0 | INV_BAC=40668.0 INV_SAC=6027.0 INV_BAP=29949.0 INV_SAP=18676.0
05:59:18    📊 USO  FLOW | CallPrem=0 PutPrem=0 | Imbalance=+0.00 | Regime=DEALER_LONG_GAMMA (41%) | Bias=NEUTRAL Risk=LOW | Scores B=20 P=0 SQ=15
05:59:18    ✅ NDX  | SPOT=30608.13 | ZERO=30608.78 | GEX↑=30850.00 GEX↓=    0.00 | VEX↑=31690.00 VEX↓=    0.00 | BAC=0.0 SAC=0.0 BAP=0.0 SAP=0.0 | INV_BAC=1552.0 INV_SAC=1144.0 INV_BAP=1692.0 INV_SAP=1074.0
05:59:18    📊 NDX  FLOW | CallPrem=0 PutPrem=0 | Imbalance=+0.00 | Regime=DEALER_SHORT_GAMMA (39%) | Bias=BEARISH Risk=LOW | Scores B=0 P=15 SQ=0
05:59:18    ✅ GLD  | SPOT=  381.11 | ZERO=  382.00 | GEX↑=  381.00 GEX↓=    0.00 | VEX↑=  403.00 VEX↓=    0.00 | BAC=0.0 SAC=0.0 BAP=0.0 SAP=0.0 | INV_BAC=32296.0 INV_SAC=21282.0 INV_BAP=1469.0 INV_SAP=38742.0
05:59:18    📊 GLD  FLOW | CallPrem=0 PutPrem=0 | Imbalance=+0.00 | Regime=DEALER_SHORT_GAMMA (39%) | Bias=BEARISH Risk=LOW | Scores B=0 P=15 SQ=0
05:59:18    📡 signals.json: 3 señal(es) activa(s): QQQ:APPROACHING_GEX_WALL, USO:APPROACHING_GEX_WALL, GLD:APPROACHING_GEX_WALL
05:59:19    🎯 BIAS CONFLICTED conf=3 regime=CHARM_DOMINATED gz=ALIGNED_BEAR confluence=3.8 action=WAIT_CONFIRM T1=7757.01 (MAX_vGEX) SQ:False PK:False
05:59:19    ✅ Ciclo 405 completado en 2.0s | margen=58.0s | read=0.3s compute=1.1s signals=0.1s
