{
  "activo": "NDX",
  "spot": 27628.598,
  "banda_pct": 0.01,
  "minutos_ahora": 900,
  "generated_at": "2026-05-04 14:07:26",
  "ranking": [
    "speed",
    "gamma",
    "delta",
    "vanna",
    "color",
    "charm",
    "inv_vanna",
    "inv_gamma",
    "inv_delta",
    "inv_charm",
    "inv_speed",
    "inv_color"
  ],
  "lider": "speed",
  "resumen": [
    "#1 SPEED     \u2014 Speed dGamma/dS (OI)            score=1.395  conc=1.394  grad=0.001  val@spot=3.74e+10  p73",
    "#2 GEX       \u2014 Gamma Exposure (OI)             score=0.798  conc=0.798  grad=0.001  val@spot=-5.22e+07  p50 | FLIP en 27664.86",
    "#3 DEX       \u2014 Net Delta (OI)                  score=0.482  conc=0.480  grad=0.004  val@spot=5.71e+09  p4",
    "#4 VEX       \u2014 Vanna Exposure (OI)             score=0.387  conc=0.385  grad=0.006  val@spot=1.33e+12  p100",
    "#5 COLOR     \u2014 Color dGamma/dT (OI)            score=0.311  conc=0.311  grad=0.000  val@spot=1.20e+15  p54 | FLIP en 27671.89",
    "#6 CHARM     \u2014 Charm dDelta/dT (OI)            score=0.240  conc=0.240  grad=0.000  val@spot=-5.78e+11  p23",
    "#7 INV_VEX   \u2014 Vanna Exposure (flujo neto)     score=0.178  conc=0.177  grad=0.003  val@spot=1.94e+13  p54",
    "#8 INV_GEX   \u2014 Gamma Exposure (flujo neto)     score=0.124  conc=0.124  grad=0.001  val@spot=3.04e+10  p50",
    "#9 INV_DEX   \u2014 Net Delta (flujo neto)          score=0.114  conc=0.114  grad=0.003  val@spot=-7.33e+10  p50",
    "#10 INV_CHARM \u2014 Charm dDelta/dT (flujo neto)    score=0.080  conc=0.080  grad=0.000  val@spot=-1.34e+13  p50",
    "#11 INV_SPEED \u2014 Speed dGamma/dS (flujo neto)    score=0.072  conc=0.072  grad=0.000  val@spot=2.55e+11  p54 | FLIP en 27853.03",
    "#12 INV_COLOR \u2014 Color dGamma/dT (flujo neto)    score=0.010  conc=0.010  grad=0.000  val@spot=-1.12e+17  p54"
  ],
  "por_superficie": {
    "gamma": {
      "n_strikes_banda": 22,
      "var_banda": 6.304861254696109e+17,
      "var_total": 7.902489661314427e+17,
      "concentracion": 0.7978,
      "gradiente_t": 0.0009,
      "score": 0.7985,
      "flip_en_banda": true,
      "nivel_flip": 27664.8598,
      "valor_spot_now": -52179426.44,
      "percentil_spot": 50.0,
      "interpretacion": "ALTA \u2014 domina el comportamiento cerca del spot"
    },
    "vanna": {
      "n_strikes_banda": 22,
      "var_banda": 1.4404700427991866e+23,
      "var_total": 3.7421769341431625e+23,
      "concentracion": 0.3849,
      "gradiente_t": 0.0059,
      "score": 0.3872,
      "flip_en_banda": false,
      "nivel_flip": null,
      "valor_spot_now": 1325947019181.18,
      "percentil_spot": 100.0,
      "interpretacion": "MEDIA \u2014 relevante, monitorear en conjunto"
    },
    "delta": {
      "n_strikes_banda": 22,
      "var_banda": 9.914232272481889e+17,
      "var_total": 2.065058333133827e+18,
      "concentracion": 0.4801,
      "gradiente_t": 0.0044,
      "score": 0.4822,
      "flip_en_banda": false,
      "nivel_flip": null,
      "valor_spot_now": 5706253469.73,
      "percentil_spot": 4.5,
      "interpretacion": "MEDIA \u2014 relevante, monitorear en conjunto"
    },
    "charm": {
      "n_strikes_banda": 22,
      "var_banda": 5.940623548612606e+23,
      "var_total": 2.4738171562782346e+24,
      "concentracion": 0.2401,
      "gradiente_t": 0.0003,
      "score": 0.2402,
      "flip_en_banda": false,
      "nivel_flip": null,
      "valor_spot_now": -577996623034.85,
      "percentil_spot": 22.7,
      "interpretacion": "BAJA \u2014 energ\u00eda dispersa lejos del spot"
    },
    "color": {
      "n_strikes_banda": 22,
      "var_banda": 4.094183777493414e+33,
      "var_total": 1.3175637939349398e+34,
      "concentracion": 0.3107,
      "gradiente_t": 0.0,
      "score": 0.3107,
      "flip_en_banda": true,
      "nivel_flip": 27671.8875,
      "valor_spot_now": 1196780091073308.0,
      "percentil_spot": 54.5,
      "interpretacion": "MEDIA \u2014 relevante, monitorear en conjunto"
    },
    "speed": {
      "n_strikes_banda": 22,
      "var_banda": 8.865884190850578e+21,
      "var_total": 6.358773478262878e+21,
      "concentracion": 1.3943,
      "gradiente_t": 0.0006,
      "score": 1.3951,
      "flip_en_banda": false,
      "nivel_flip": null,
      "valor_spot_now": 37440502133.72,
      "percentil_spot": 72.7,
      "interpretacion": "ALTA \u2014 domina el comportamiento cerca del spot"
    },
    "inv_gamma": {
      "n_strikes_banda": 22,
      "var_banda": 6.592087257250594e+19,
      "var_total": 5.33197092434751e+20,
      "concentracion": 0.1236,
      "gradiente_t": 0.0006,
      "score": 0.1237,
      "flip_en_banda": false,
      "nivel_flip": null,
      "valor_spot_now": 30358758939.53,
      "percentil_spot": 50.0,
      "interpretacion": "BAJA \u2014 energ\u00eda dispersa lejos del spot"
    },
    "inv_vanna": {
      "n_strikes_banda": 22,
      "var_banda": 3.815764218143864e+25,
      "var_total": 2.152153935915169e+26,
      "concentracion": 0.1773,
      "gradiente_t": 0.0031,
      "score": 0.1778,
      "flip_en_banda": false,
      "nivel_flip": null,
      "valor_spot_now": 19435812649488.88,
      "percentil_spot": 54.5,
      "interpretacion": "BAJA \u2014 energ\u00eda dispersa lejos del spot"
    },
    "inv_delta": {
      "n_strikes_banda": 22,
      "var_banda": 9.775990595818708e+20,
      "var_total": 8.577062771309852e+21,
      "concentracion": 0.114,
      "gradiente_t": 0.0031,
      "score": 0.1143,
      "flip_en_banda": false,
      "nivel_flip": null,
      "valor_spot_now": -73281045945.89,
      "percentil_spot": 50.0,
      "interpretacion": "BAJA \u2014 energ\u00eda dispersa lejos del spot"
    },
    "inv_charm": {
      "n_strikes_banda": 22,
      "var_banda": 8.875404594420444e+26,
      "var_total": 1.110990882976221e+28,
      "concentracion": 0.0799,
      "gradiente_t": 0.0001,
      "score": 0.0799,
      "flip_en_banda": false,
      "nivel_flip": null,
      "valor_spot_now": -13412121326221.07,
      "percentil_spot": 50.0,
      "interpretacion": "BAJA \u2014 energ\u00eda dispersa lejos del spot"
    },
    "inv_color": {
      "n_strikes_banda": 22,
      "var_banda": 1.2482572333754643e+36,
      "var_total": 1.1975906028727395e+38,
      "concentracion": 0.0104,
      "gradiente_t": 0.0,
      "score": 0.0104,
      "flip_en_banda": false,
      "nivel_flip": null,
      "valor_spot_now": -1.1190200477717174e+17,
      "percentil_spot": 54.5,
      "interpretacion": "BAJA \u2014 energ\u00eda dispersa lejos del spot"
    },
    "inv_speed": {
      "n_strikes_banda": 22,
      "var_banda": 5.9186211960908363e+23,
      "var_total": 8.236173220342583e+24,
      "concentracion": 0.0719,
      "gradiente_t": 0.0,
      "score": 0.0719,
      "flip_en_banda": true,
      "nivel_flip": 27853.0314,
      "valor_spot_now": 255473617948.15,
      "percentil_spot": 54.5,
      "interpretacion": "BAJA \u2014 energ\u00eda dispersa lejos del spot"
    }
  },
  "tiene_inv": true
}