strike,oi_c,oi_p,vol_c,vol_p,oi_net,vol_net,gex,vex,dex,inv_gex,inv_vex_call,inv_vex_put
27990.0,27980.0,27970.0,27960.0,27950.0,10.0,10.0,11483.613151163585,11979.865454524886,-185479.87730116694,0.001606811317287793,264.59296430175186,-264.5913574904346
