{
  "activo": "NDX",
  "spot": 30333.18,
  "banda_pct": 0.01,
  "minutos_ahora": 900,
  "generated_at": "2026-06-01 06:15:28",
  "ranking": [
    "color",
    "vanna",
    "speed",
    "charm",
    "vomma",
    "delta",
    "zomma",
    "gamma"
  ],
  "lider": "color",
  "resumen": [
    "#1 COLOR     \u2014 Color dGamma/dT (OI)            score=1.037  conc=1.037  grad=0.000  val@spot=-1.12e+15  p51 | FLIP en 30296.55",
    "#2 VEX       \u2014 Vanna Exposure (OI)             score=0.692  conc=0.691  grad=0.001  val@spot=2.16e+12  p90",
    "#3 SPEED     \u2014 Speed dGamma/dS (OI)            score=0.652  conc=0.652  grad=0.001  val@spot=7.80e+10  p84",
    "#4 CHARM     \u2014 Charm dDelta/dT (OI)            score=0.631  conc=0.631  grad=0.001  val@spot=-6.11e+11  p10",
    "#5 VOMMA     \u2014 Vomma dVega/dVol (OI)           score=0.621  conc=0.616  grad=0.008  val@spot=-9.80e+13  p51 | FLIP en 30312.75",
    "#6 DEX       \u2014 Net Delta (OI)                  score=0.609  conc=0.606  grad=0.005  val@spot=5.74e+09  p26",
    "#7 ZOMMA     \u2014 Zomma dGamma/dVol (OI)          score=0.457  conc=0.456  grad=0.003  val@spot=-1.83e+13  p51 | FLIP en 30286.52",
    "#8 GEX       \u2014 Gamma Exposure (OI)             score=0.396  conc=0.395  grad=0.002  val@spot=1.48e+08  p51 | FLIP en 30272.86"
  ],
  "por_superficie": {
    "gamma": {
      "n_strikes_banda": 61,
      "var_banda": 6.973119173501859e+17,
      "var_total": 1.763567484400261e+18,
      "concentracion": 0.3954,
      "gradiente_t": 0.0017,
      "score": 0.3961,
      "flip_en_banda": true,
      "nivel_flip": 30272.8577,
      "valor_spot_now": 148362715.66,
      "percentil_spot": 50.8,
      "interpretacion": "MEDIA \u2014 relevante, monitorear en conjunto"
    },
    "vanna": {
      "n_strikes_banda": 61,
      "var_banda": 3.5738463502916814e+23,
      "var_total": 5.16917993598314e+23,
      "concentracion": 0.6914,
      "gradiente_t": 0.0014,
      "score": 0.6923,
      "flip_en_banda": false,
      "nivel_flip": null,
      "valor_spot_now": 2161100196493.22,
      "percentil_spot": 90.2,
      "interpretacion": "ALTA \u2014 domina el comportamiento cerca del spot"
    },
    "delta": {
      "n_strikes_banda": 61,
      "var_banda": 6.323165482743438e+17,
      "var_total": 1.0434735459476833e+18,
      "concentracion": 0.606,
      "gradiente_t": 0.0055,
      "score": 0.6093,
      "flip_en_banda": false,
      "nivel_flip": null,
      "valor_spot_now": 5735862712.39,
      "percentil_spot": 26.2,
      "interpretacion": "ALTA \u2014 domina el comportamiento cerca del spot"
    },
    "charm": {
      "n_strikes_banda": 61,
      "var_banda": 2.841463546701867e+23,
      "var_total": 4.504547056400418e+23,
      "concentracion": 0.6308,
      "gradiente_t": 0.0009,
      "score": 0.6314,
      "flip_en_banda": false,
      "nivel_flip": null,
      "valor_spot_now": -611401739002.62,
      "percentil_spot": 9.8,
      "interpretacion": "ALTA \u2014 domina el comportamiento cerca del spot"
    },
    "color": {
      "n_strikes_banda": 61,
      "var_banda": 1.000369397148456e+34,
      "var_total": 9.643054026166116e+33,
      "concentracion": 1.0374,
      "gradiente_t": 0.0,
      "score": 1.0374,
      "flip_en_banda": true,
      "nivel_flip": 30296.5544,
      "valor_spot_now": -1118725541823294.0,
      "percentil_spot": 50.8,
      "interpretacion": "ALTA \u2014 domina el comportamiento cerca del spot"
    },
    "speed": {
      "n_strikes_banda": 61,
      "var_banda": 5.033933363930356e+21,
      "var_total": 7.720697544679285e+21,
      "concentracion": 0.652,
      "gradiente_t": 0.0007,
      "score": 0.6525,
      "flip_en_banda": false,
      "nivel_flip": null,
      "valor_spot_now": 77994706511.72,
      "percentil_spot": 83.6,
      "interpretacion": "ALTA \u2014 domina el comportamiento cerca del spot"
    },
    "vomma": {
      "n_strikes_banda": 61,
      "var_banda": 2.24135501995492e+29,
      "var_total": 3.6374823433347306e+29,
      "concentracion": 0.6162,
      "gradiente_t": 0.0084,
      "score": 0.6214,
      "flip_en_banda": true,
      "nivel_flip": 30312.7482,
      "valor_spot_now": -97977769418114.5,
      "percentil_spot": 50.8,
      "interpretacion": "ALTA \u2014 domina el comportamiento cerca del spot"
    },
    "zomma": {
      "n_strikes_banda": 61,
      "var_banda": 4.156496014456751e+27,
      "var_total": 9.115431633447532e+27,
      "concentracion": 0.456,
      "gradiente_t": 0.0032,
      "score": 0.4574,
      "flip_en_banda": true,
      "nivel_flip": 30286.5196,
      "valor_spot_now": -18341868840614.42,
      "percentil_spot": 50.8,
      "interpretacion": "MEDIA \u2014 relevante, monitorear en conjunto"
    }
  },
  "tiene_inv": false
}