{
  "activo": "NDX",
  "spot": 29234.993,
  "banda_pct": 0.01,
  "minutos_ahora": 900,
  "generated_at": "2026-05-10 20:11:52",
  "ranking": [
    "color",
    "speed",
    "zomma",
    "charm",
    "vomma",
    "gamma",
    "vanna",
    "delta"
  ],
  "lider": "color",
  "resumen": [
    "#1 COLOR     \u2014 Color dGamma/dT (OI)            score=1.613  conc=1.613  grad=0.000  val@spot=-1.24e+15  p45",
    "#2 SPEED     \u2014 Speed dGamma/dS (OI)            score=1.173  conc=1.173  grad=0.000  val@spot=-4.42e+09  p52 | FLIP en 29157.76",
    "#3 ZOMMA     \u2014 Zomma dGamma/dVol (OI)          score=1.120  conc=1.118  grad=0.002  val@spot=-2.47e+13  p38",
    "#4 CHARM     \u2014 Charm dDelta/dT (OI)            score=1.031  conc=1.031  grad=0.000  val@spot=1.11e+10  p52 | FLIP en 29167.68",
    "#5 VOMMA     \u2014 Vomma dVega/dVol (OI)           score=0.954  conc=0.945  grad=0.009  val@spot=5.29e+14  p52",
    "#6 GEX       \u2014 Gamma Exposure (OI)             score=0.561  conc=0.560  grad=0.002  val@spot=4.62e+08  p79",
    "#7 VEX       \u2014 Vanna Exposure (OI)             score=0.450  conc=0.448  grad=0.004  val@spot=-6.82e+10  p52 | FLIP en 29163.28",
    "#8 DEX       \u2014 Net Delta (OI)                  score=0.308  conc=0.308  grad=0.001  val@spot=1.41e+09  p52"
  ],
  "por_superficie": {
    "gamma": {
      "n_strikes_banda": 29,
      "var_banda": 7206887720518305.0,
      "var_total": 1.2871330547589154e+16,
      "concentracion": 0.5599,
      "gradiente_t": 0.0021,
      "score": 0.5611,
      "flip_en_banda": false,
      "nivel_flip": null,
      "valor_spot_now": 462183105.69,
      "percentil_spot": 79.3,
      "interpretacion": "MEDIA \u2014 relevante, monitorear en conjunto"
    },
    "vanna": {
      "n_strikes_banda": 29,
      "var_banda": 8.285845153969843e+21,
      "var_total": 1.8500365535505507e+22,
      "concentracion": 0.4479,
      "gradiente_t": 0.0038,
      "score": 0.4496,
      "flip_en_banda": true,
      "nivel_flip": 29163.2817,
      "valor_spot_now": -68181595060.84,
      "percentil_spot": 51.7,
      "interpretacion": "MEDIA \u2014 relevante, monitorear en conjunto"
    },
    "delta": {
      "n_strikes_banda": 29,
      "var_banda": 9.453807820446957e+16,
      "var_total": 3.068962222208344e+17,
      "concentracion": 0.308,
      "gradiente_t": 0.0008,
      "score": 0.3083,
      "flip_en_banda": false,
      "nivel_flip": null,
      "valor_spot_now": 1409863754.51,
      "percentil_spot": 51.7,
      "interpretacion": "MEDIA \u2014 relevante, monitorear en conjunto"
    },
    "charm": {
      "n_strikes_banda": 29,
      "var_banda": 6.621104488344913e+21,
      "var_total": 6.423309619982012e+21,
      "concentracion": 1.0308,
      "gradiente_t": 0.0001,
      "score": 1.0309,
      "flip_en_banda": true,
      "nivel_flip": 29167.6758,
      "valor_spot_now": 11149423139.84,
      "percentil_spot": 51.7,
      "interpretacion": "ALTA \u2014 domina el comportamiento cerca del spot"
    },
    "color": {
      "n_strikes_banda": 29,
      "var_banda": 1.447878839752427e+33,
      "var_total": 8.976653040519759e+32,
      "concentracion": 1.6129,
      "gradiente_t": 0.0,
      "score": 1.613,
      "flip_en_banda": false,
      "nivel_flip": null,
      "valor_spot_now": -1244676320901382.5,
      "percentil_spot": 44.8,
      "interpretacion": "ALTA \u2014 domina el comportamiento cerca del spot"
    },
    "speed": {
      "n_strikes_banda": 29,
      "var_banda": 7.650045193222889e+20,
      "var_total": 6.522385056819164e+20,
      "concentracion": 1.1729,
      "gradiente_t": 0.0001,
      "score": 1.173,
      "flip_en_banda": true,
      "nivel_flip": 29157.7587,
      "valor_spot_now": -4419207546.54,
      "percentil_spot": 51.7,
      "interpretacion": "ALTA \u2014 domina el comportamiento cerca del spot"
    },
    "vomma": {
      "n_strikes_banda": 29,
      "var_banda": 2.696437508593453e+28,
      "var_total": 2.854657853851903e+28,
      "concentracion": 0.9446,
      "gradiente_t": 0.0094,
      "score": 0.9535,
      "flip_en_banda": false,
      "nivel_flip": null,
      "valor_spot_now": 529081603381189.9,
      "percentil_spot": 51.7,
      "interpretacion": "ALTA \u2014 domina el comportamiento cerca del spot"
    },
    "zomma": {
      "n_strikes_banda": 29,
      "var_banda": 1.3521410125863392e+26,
      "var_total": 1.2094086103516567e+26,
      "concentracion": 1.118,
      "gradiente_t": 0.002,
      "score": 1.1202,
      "flip_en_banda": false,
      "nivel_flip": null,
      "valor_spot_now": -24749821676352.54,
      "percentil_spot": 37.9,
      "interpretacion": "ALTA \u2014 domina el comportamiento cerca del spot"
    }
  },
  "tiene_inv": false
}