{
  "activo": "NDX",
  "spot": 29973.572,
  "banda_pct": 0.01,
  "minutos_ahora": 900,
  "generated_at": "2026-05-27 23:01:57",
  "ranking": [
    "zomma",
    "speed",
    "gamma",
    "color",
    "vomma",
    "charm",
    "vanna",
    "delta"
  ],
  "lider": "zomma",
  "resumen": [
    "#1 ZOMMA     \u2014 Zomma dGamma/dVol (OI)          score=1.263  conc=1.262  grad=0.001  val@spot=-1.37e+13  p52 | FLIP en 29877.41",
    "#2 SPEED     \u2014 Speed dGamma/dS (OI)            score=1.041  conc=1.041  grad=0.000  val@spot=1.55e+10  p68 | FLIP en 30226.71",
    "#3 GEX       \u2014 Gamma Exposure (OI)             score=1.014  conc=1.014  grad=0.001  val@spot=3.05e+08  p50",
    "#4 COLOR     \u2014 Color dGamma/dT (OI)            score=0.957  conc=0.957  grad=0.000  val@spot=-5.37e+14  p52 | FLIP en 29885.26",
    "#5 VOMMA     \u2014 Vomma dVega/dVol (OI)           score=0.922  conc=0.911  grad=0.012  val@spot=4.58e+14  p52",
    "#6 CHARM     \u2014 Charm dDelta/dT (OI)            score=0.713  conc=0.713  grad=0.000  val@spot=-1.89e+10  p30 | FLIP en 30144.52",
    "#7 VEX       \u2014 Vanna Exposure (OI)             score=0.557  conc=0.556  grad=0.003  val@spot=1.99e+11  p70 | FLIP en 30201.20",
    "#8 DEX       \u2014 Net Delta (OI)                  score=0.360  conc=0.360  grad=0.000  val@spot=1.62e+09  p50"
  ],
  "por_superficie": {
    "gamma": {
      "n_strikes_banda": 60,
      "var_banda": 3.426115351071535e+16,
      "var_total": 3.380472274901557e+16,
      "concentracion": 1.0135,
      "gradiente_t": 0.0006,
      "score": 1.0141,
      "flip_en_banda": false,
      "nivel_flip": null,
      "valor_spot_now": 304865231.29,
      "percentil_spot": 50.0,
      "interpretacion": "ALTA \u2014 domina el comportamiento cerca del spot"
    },
    "vanna": {
      "n_strikes_banda": 60,
      "var_banda": 9.260551906389459e+21,
      "var_total": 1.6653072306978632e+22,
      "concentracion": 0.5561,
      "gradiente_t": 0.0025,
      "score": 0.5575,
      "flip_en_banda": true,
      "nivel_flip": 30201.1979,
      "valor_spot_now": 199308734516.72,
      "percentil_spot": 70.0,
      "interpretacion": "MEDIA \u2014 relevante, monitorear en conjunto"
    },
    "delta": {
      "n_strikes_banda": 60,
      "var_banda": 5.066208779258804e+16,
      "var_total": 1.406684210685188e+17,
      "concentracion": 0.3602,
      "gradiente_t": 0.0004,
      "score": 0.3603,
      "flip_en_banda": false,
      "nivel_flip": null,
      "valor_spot_now": 1623875248.33,
      "percentil_spot": 50.0,
      "interpretacion": "MEDIA \u2014 relevante, monitorear en conjunto"
    },
    "charm": {
      "n_strikes_banda": 60,
      "var_banda": 1.6887942099049153e+22,
      "var_total": 2.3675562426140237e+22,
      "concentracion": 0.7133,
      "gradiente_t": 0.0001,
      "score": 0.7133,
      "flip_en_banda": true,
      "nivel_flip": 30144.5233,
      "valor_spot_now": -18908489337.72,
      "percentil_spot": 30.0,
      "interpretacion": "ALTA \u2014 domina el comportamiento cerca del spot"
    },
    "color": {
      "n_strikes_banda": 60,
      "var_banda": 2.3840674059248014e+33,
      "var_total": 2.4916865028080268e+33,
      "concentracion": 0.9568,
      "gradiente_t": 0.0,
      "score": 0.9568,
      "flip_en_banda": true,
      "nivel_flip": 29885.2646,
      "valor_spot_now": -537112980780285.0,
      "percentil_spot": 51.7,
      "interpretacion": "ALTA \u2014 domina el comportamiento cerca del spot"
    },
    "speed": {
      "n_strikes_banda": 60,
      "var_banda": 2.695978938567897e+21,
      "var_total": 2.589882799351188e+21,
      "concentracion": 1.041,
      "gradiente_t": 0.0001,
      "score": 1.0411,
      "flip_en_banda": true,
      "nivel_flip": 30226.7131,
      "valor_spot_now": 15543701474.77,
      "percentil_spot": 68.3,
      "interpretacion": "ALTA \u2014 domina el comportamiento cerca del spot"
    },
    "vomma": {
      "n_strikes_banda": 60,
      "var_banda": 2.346482950265131e+28,
      "var_total": 2.574714277543109e+28,
      "concentracion": 0.9114,
      "gradiente_t": 0.0116,
      "score": 0.922,
      "flip_en_banda": false,
      "nivel_flip": null,
      "valor_spot_now": 458351128702884.4,
      "percentil_spot": 51.7,
      "interpretacion": "ALTA \u2014 domina el comportamiento cerca del spot"
    },
    "zomma": {
      "n_strikes_banda": 60,
      "var_banda": 6.846730879981285e+26,
      "var_total": 5.424908437081418e+26,
      "concentracion": 1.2621,
      "gradiente_t": 0.0008,
      "score": 1.2631,
      "flip_en_banda": true,
      "nivel_flip": 29877.4133,
      "valor_spot_now": -13694709809496.09,
      "percentil_spot": 51.7,
      "interpretacion": "ALTA \u2014 domina el comportamiento cerca del spot"
    }
  },
  "tiene_inv": false
}