strike,oi_c,oi_p,vol_c,vol_p,oi_net,vol_net,gex,vex,dex,inv_gex,inv_vex_call,inv_vex_put,inv_net
30340.0,30330.0,30320.0,30310.0,30300.0,10.0,10.0,-3748.328376625617,-3414.5691998910793,46834.70762136076,-0.006507407369156226,345.25519417828866,-345.2617015856578,121219.0
