{
  "activo": "NDX",
  "spot": 30223.889,
  "banda_pct": 0.01,
  "minutos_ahora": 900,
  "generated_at": "2026-05-28 20:25:29",
  "ranking": [
    "color",
    "charm",
    "speed",
    "vomma",
    "vanna",
    "zomma",
    "delta",
    "gamma"
  ],
  "lider": "color",
  "resumen": [
    "#1 COLOR     \u2014 Color dGamma/dT (OI)            score=1.000  conc=1.000  grad=0.000  val@spot=-3.28e+15  p52 | FLIP en 29940.67",
    "#2 CHARM     \u2014 Charm dDelta/dT (OI)            score=0.846  conc=0.846  grad=0.000  val@spot=-6.66e+10  p50 | FLIP en 30383.42",
    "#3 SPEED     \u2014 Speed dGamma/dS (OI)            score=0.729  conc=0.729  grad=0.000  val@spot=4.28e+10  p52 | FLIP en 30505.72",
    "#4 VOMMA     \u2014 Vomma dVega/dVol (OI)           score=0.713  conc=0.703  grad=0.014  val@spot=3.66e+14  p27",
    "#5 VEX       \u2014 Vanna Exposure (OI)             score=0.571  conc=0.567  grad=0.008  val@spot=5.92e+11  p52 | FLIP en 30459.28",
    "#6 ZOMMA     \u2014 Zomma dGamma/dVol (OI)          score=0.512  conc=0.511  grad=0.002  val@spot=-5.58e+13  p52 | FLIP en 30004.01",
    "#7 DEX       \u2014 Net Delta (OI)                  score=0.335  conc=0.334  grad=0.001  val@spot=2.79e+09  p50",
    "#8 GEX       \u2014 Gamma Exposure (OI)             score=0.286  conc=0.285  grad=0.002  val@spot=6.93e+08  p50"
  ],
  "por_superficie": {
    "gamma": {
      "n_strikes_banda": 60,
      "var_banda": 6.456551830140939e+16,
      "var_total": 2.26181225059894e+17,
      "concentracion": 0.2855,
      "gradiente_t": 0.0017,
      "score": 0.2859,
      "flip_en_banda": false,
      "nivel_flip": null,
      "valor_spot_now": 693435992.25,
      "percentil_spot": 50.0,
      "interpretacion": "BAJA \u2014 energ\u00eda dispersa lejos del spot"
    },
    "vanna": {
      "n_strikes_banda": 60,
      "var_banda": 8.017799536307337e+22,
      "var_total": 1.4147680098807063e+23,
      "concentracion": 0.5667,
      "gradiente_t": 0.0078,
      "score": 0.5711,
      "flip_en_banda": true,
      "nivel_flip": 30459.2776,
      "valor_spot_now": 592422867127.81,
      "percentil_spot": 51.7,
      "interpretacion": "MEDIA \u2014 relevante, monitorear en conjunto"
    },
    "delta": {
      "n_strikes_banda": 60,
      "var_banda": 2.7193604091992877e+17,
      "var_total": 8.137396873082308e+17,
      "concentracion": 0.3342,
      "gradiente_t": 0.0011,
      "score": 0.3345,
      "flip_en_banda": false,
      "nivel_flip": null,
      "valor_spot_now": 2785571048.88,
      "percentil_spot": 50.0,
      "interpretacion": "MEDIA \u2014 relevante, monitorear en conjunto"
    },
    "charm": {
      "n_strikes_banda": 60,
      "var_banda": 4.769661939933906e+22,
      "var_total": 5.6374170684690845e+22,
      "concentracion": 0.8461,
      "gradiente_t": 0.0002,
      "score": 0.8462,
      "flip_en_banda": true,
      "nivel_flip": 30383.4184,
      "valor_spot_now": -66594984815.05,
      "percentil_spot": 50.0,
      "interpretacion": "ALTA \u2014 domina el comportamiento cerca del spot"
    },
    "color": {
      "n_strikes_banda": 60,
      "var_banda": 6.726931558964466e+33,
      "var_total": 6.726025304920423e+33,
      "concentracion": 1.0001,
      "gradiente_t": 0.0,
      "score": 1.0001,
      "flip_en_banda": true,
      "nivel_flip": 29940.6738,
      "valor_spot_now": -3283345212008799.5,
      "percentil_spot": 51.7,
      "interpretacion": "ALTA \u2014 domina el comportamiento cerca del spot"
    },
    "speed": {
      "n_strikes_banda": 60,
      "var_banda": 4.586135369334041e+21,
      "var_total": 6.291786361908887e+21,
      "concentracion": 0.7289,
      "gradiente_t": 0.0001,
      "score": 0.729,
      "flip_en_banda": true,
      "nivel_flip": 30505.7226,
      "valor_spot_now": 42817437056.42,
      "percentil_spot": 51.7,
      "interpretacion": "ALTA \u2014 domina el comportamiento cerca del spot"
    },
    "vomma": {
      "n_strikes_banda": 60,
      "var_banda": 8.700628607831961e+28,
      "var_total": 1.237896730575526e+29,
      "concentracion": 0.7029,
      "gradiente_t": 0.0137,
      "score": 0.7125,
      "flip_en_banda": false,
      "nivel_flip": null,
      "valor_spot_now": 366305858826866.6,
      "percentil_spot": 26.7,
      "interpretacion": "ALTA \u2014 domina el comportamiento cerca del spot"
    },
    "zomma": {
      "n_strikes_banda": 60,
      "var_banda": 9.262777910187215e+26,
      "var_total": 1.8121040705459359e+27,
      "concentracion": 0.5112,
      "gradiente_t": 0.0019,
      "score": 0.5121,
      "flip_en_banda": true,
      "nivel_flip": 30004.0135,
      "valor_spot_now": -55765605461972.34,
      "percentil_spot": 51.7,
      "interpretacion": "MEDIA \u2014 relevante, monitorear en conjunto"
    }
  },
  "tiene_inv": false
}