{
  "activo": "NDX",
  "spot": 28818.844,
  "banda_pct": 0.01,
  "minutos_ahora": 900,
  "generated_at": "2026-05-19 21:21:40",
  "ranking": [
    "color",
    "charm",
    "speed",
    "vomma",
    "vanna",
    "zomma",
    "delta",
    "gamma"
  ],
  "lider": "color",
  "resumen": [
    "#1 COLOR     \u2014 Color dGamma/dT (OI)            score=1.863  conc=1.863  grad=0.000  val@spot=-4.07e+14  p51 | FLIP en 28665.97",
    "#2 CHARM     \u2014 Charm dDelta/dT (OI)            score=1.844  conc=1.844  grad=0.000  val@spot=-3.94e+10  p51",
    "#3 SPEED     \u2014 Speed dGamma/dS (OI)            score=1.661  conc=1.661  grad=0.000  val@spot=1.29e+10  p100",
    "#4 VOMMA     \u2014 Vomma dVega/dVol (OI)           score=1.225  conc=1.198  grad=0.022  val@spot=4.98e+13  p60",
    "#5 VEX       \u2014 Vanna Exposure (OI)             score=0.831  conc=0.822  grad=0.010  val@spot=2.20e+11  p79",
    "#6 ZOMMA     \u2014 Zomma dGamma/dVol (OI)          score=0.770  conc=0.769  grad=0.001  val@spot=-3.66e+12  p51 | FLIP en 28748.26",
    "#7 DEX       \u2014 Net Delta (OI)                  score=0.371  conc=0.370  grad=0.002  val@spot=1.24e+09  p51",
    "#8 GEX       \u2014 Gamma Exposure (OI)             score=0.367  conc=0.367  grad=0.001  val@spot=9.52e+07  p51 | FLIP en 28596.32"
  ],
  "por_superficie": {
    "gamma": {
      "n_strikes_banda": 57,
      "var_banda": 1.114150777450291e+16,
      "var_total": 3.0349767338015028e+16,
      "concentracion": 0.3671,
      "gradiente_t": 0.0005,
      "score": 0.3673,
      "flip_en_banda": true,
      "nivel_flip": 28596.3165,
      "valor_spot_now": 95217622.61,
      "percentil_spot": 50.9,
      "interpretacion": "MEDIA \u2014 relevante, monitorear en conjunto"
    },
    "vanna": {
      "n_strikes_banda": 57,
      "var_banda": 5.710290599854413e+21,
      "var_total": 6.943548664384583e+21,
      "concentracion": 0.8224,
      "gradiente_t": 0.01,
      "score": 0.8306,
      "flip_en_banda": false,
      "nivel_flip": null,
      "valor_spot_now": 219810244446.91,
      "percentil_spot": 78.9,
      "interpretacion": "ALTA \u2014 domina el comportamiento cerca del spot"
    },
    "delta": {
      "n_strikes_banda": 57,
      "var_banda": 1.3339267195709946e+16,
      "var_total": 3.602199590942585e+16,
      "concentracion": 0.3703,
      "gradiente_t": 0.0016,
      "score": 0.3709,
      "flip_en_banda": false,
      "nivel_flip": null,
      "valor_spot_now": 1241096187.11,
      "percentil_spot": 50.9,
      "interpretacion": "MEDIA \u2014 relevante, monitorear en conjunto"
    },
    "charm": {
      "n_strikes_banda": 57,
      "var_banda": 5.805114396056396e+22,
      "var_total": 3.148574058934101e+22,
      "concentracion": 1.8437,
      "gradiente_t": 0.0,
      "score": 1.8438,
      "flip_en_banda": false,
      "nivel_flip": null,
      "valor_spot_now": -39439570967.94,
      "percentil_spot": 50.9,
      "interpretacion": "ALTA \u2014 domina el comportamiento cerca del spot"
    },
    "color": {
      "n_strikes_banda": 57,
      "var_banda": 6.314249249023912e+33,
      "var_total": 3.3891575868975606e+33,
      "concentracion": 1.8631,
      "gradiente_t": 0.0,
      "score": 1.8631,
      "flip_en_banda": true,
      "nivel_flip": 28665.9738,
      "valor_spot_now": -406591539184298.06,
      "percentil_spot": 50.9,
      "interpretacion": "ALTA \u2014 domina el comportamiento cerca del spot"
    },
    "speed": {
      "n_strikes_banda": 57,
      "var_banda": 2.5743191352195327e+21,
      "var_total": 1.549953765258804e+21,
      "concentracion": 1.6609,
      "gradiente_t": 0.0001,
      "score": 1.661,
      "flip_en_banda": false,
      "nivel_flip": null,
      "valor_spot_now": 12890076952.98,
      "percentil_spot": 100.0,
      "interpretacion": "ALTA \u2014 domina el comportamiento cerca del spot"
    },
    "vomma": {
      "n_strikes_banda": 57,
      "var_banda": 5.162800604066862e+27,
      "var_total": 4.309676167596636e+27,
      "concentracion": 1.198,
      "gradiente_t": 0.0223,
      "score": 1.2247,
      "flip_en_banda": false,
      "nivel_flip": null,
      "valor_spot_now": 49804781188070.62,
      "percentil_spot": 59.6,
      "interpretacion": "ALTA \u2014 domina el comportamiento cerca del spot"
    },
    "zomma": {
      "n_strikes_banda": 57,
      "var_banda": 1.8308481504827747e+26,
      "var_total": 2.379687595768051e+26,
      "concentracion": 0.7694,
      "gradiente_t": 0.0006,
      "score": 0.7698,
      "flip_en_banda": true,
      "nivel_flip": 28748.2593,
      "valor_spot_now": -3663062055732.57,
      "percentil_spot": 50.9,
      "interpretacion": "ALTA \u2014 domina el comportamiento cerca del spot"
    }
  },
  "tiene_inv": false
}