{
  "activo": "NDX",
  "spot": 28508.027,
  "banda_pct": 0.01,
  "minutos_ahora": 900,
  "generated_at": "2026-06-10 18:30:22",
  "ranking": [
    "color",
    "speed",
    "charm",
    "zomma",
    "vanna",
    "vomma",
    "gamma",
    "delta"
  ],
  "lider": "color",
  "resumen": [
    "#1 COLOR     \u2014 Color dGamma/dT (OI)            score=2.342  conc=2.342  grad=0.000  val@spot=1.19e+15  p67",
    "#2 SPEED     \u2014 Speed dGamma/dS (OI)            score=2.255  conc=2.255  grad=0.000  val@spot=2.19e+09  p51 | FLIP en 28325.06",
    "#3 CHARM     \u2014 Charm dDelta/dT (OI)            score=1.995  conc=1.995  grad=0.000  val@spot=-1.58e+10  p51 | FLIP en 28404.32",
    "#4 ZOMMA     \u2014 Zomma dGamma/dVol (OI)          score=1.881  conc=1.880  grad=0.001  val@spot=1.11e+13  p61",
    "#5 VEX       \u2014 Vanna Exposure (OI)             score=0.367  conc=0.367  grad=0.001  val@spot=4.89e+10  p51 | FLIP en 28387.68",
    "#6 VOMMA     \u2014 Vomma dVega/dVol (OI)           score=0.342  conc=0.340  grad=0.004  val@spot=-1.96e+14  p65",
    "#7 GEX       \u2014 Gamma Exposure (OI)             score=0.236  conc=0.235  grad=0.002  val@spot=-2.99e+08  p47",
    "#8 DEX       \u2014 Net Delta (OI)                  score=0.054  conc=0.054  grad=0.001  val@spot=1.24e+09  p51"
  ],
  "por_superficie": {
    "gamma": {
      "n_strikes_banda": 57,
      "var_banda": 4503909912315201.0,
      "var_total": 1.9121605279922936e+16,
      "concentracion": 0.2355,
      "gradiente_t": 0.0023,
      "score": 0.2361,
      "flip_en_banda": false,
      "nivel_flip": null,
      "valor_spot_now": -298823608.94,
      "percentil_spot": 47.4,
      "interpretacion": "BAJA \u2014 energ\u00eda dispersa lejos del spot"
    },
    "vanna": {
      "n_strikes_banda": 57,
      "var_banda": 2.77897019324849e+21,
      "var_total": 7.574369911065931e+21,
      "concentracion": 0.3669,
      "gradiente_t": 0.0011,
      "score": 0.3673,
      "flip_en_banda": true,
      "nivel_flip": 28387.6842,
      "valor_spot_now": 48856170724.97,
      "percentil_spot": 50.9,
      "interpretacion": "MEDIA \u2014 relevante, monitorear en conjunto"
    },
    "delta": {
      "n_strikes_banda": 57,
      "var_banda": 4.358661442648763e+16,
      "var_total": 8.020683615732214e+17,
      "concentracion": 0.0543,
      "gradiente_t": 0.0008,
      "score": 0.0544,
      "flip_en_banda": false,
      "nivel_flip": null,
      "valor_spot_now": 1240137850.83,
      "percentil_spot": 50.9,
      "interpretacion": "BAJA \u2014 energ\u00eda dispersa lejos del spot"
    },
    "charm": {
      "n_strikes_banda": 57,
      "var_banda": 3.5626814011511337e+22,
      "var_total": 1.785719524529287e+22,
      "concentracion": 1.9951,
      "gradiente_t": 0.0001,
      "score": 1.9952,
      "flip_en_banda": true,
      "nivel_flip": 28404.3249,
      "valor_spot_now": -15761412993.47,
      "percentil_spot": 50.9,
      "interpretacion": "ALTA \u2014 domina el comportamiento cerca del spot"
    },
    "color": {
      "n_strikes_banda": 57,
      "var_banda": 9.313141905688232e+32,
      "var_total": 3.976459898911661e+32,
      "concentracion": 2.3421,
      "gradiente_t": 0.0,
      "score": 2.3421,
      "flip_en_banda": false,
      "nivel_flip": null,
      "valor_spot_now": 1190339380258865.8,
      "percentil_spot": 66.7,
      "interpretacion": "ALTA \u2014 domina el comportamiento cerca del spot"
    },
    "speed": {
      "n_strikes_banda": 57,
      "var_banda": 2.4632470721588796e+20,
      "var_total": 1.0922283130317634e+20,
      "concentracion": 2.2552,
      "gradiente_t": 0.0001,
      "score": 2.2554,
      "flip_en_banda": true,
      "nivel_flip": 28325.0636,
      "valor_spot_now": 2188598191.9,
      "percentil_spot": 50.9,
      "interpretacion": "ALTA \u2014 domina el comportamiento cerca del spot"
    },
    "vomma": {
      "n_strikes_banda": 57,
      "var_banda": 3.565865065973211e+27,
      "var_total": 1.0474615212024605e+28,
      "concentracion": 0.3404,
      "gradiente_t": 0.0037,
      "score": 0.3417,
      "flip_en_banda": false,
      "nivel_flip": null,
      "valor_spot_now": -196216179198919.5,
      "percentil_spot": 64.9,
      "interpretacion": "MEDIA \u2014 relevante, monitorear en conjunto"
    },
    "zomma": {
      "n_strikes_banda": 57,
      "var_banda": 4.225806662178236e+25,
      "var_total": 2.2480805360156516e+25,
      "concentracion": 1.8797,
      "gradiente_t": 0.0005,
      "score": 1.8807,
      "flip_en_banda": false,
      "nivel_flip": null,
      "valor_spot_now": 11108416563673.91,
      "percentil_spot": 61.4,
      "interpretacion": "ALTA \u2014 domina el comportamiento cerca del spot"
    }
  },
  "tiene_inv": false
}