{
  "activo": "NDX",
  "spot": 29414.259,
  "banda_pct": 0.01,
  "minutos_ahora": 900,
  "generated_at": "2026-06-08 22:36:16",
  "ranking": [
    "charm",
    "speed",
    "gamma",
    "vanna",
    "zomma",
    "color",
    "delta",
    "vomma"
  ],
  "lider": "charm",
  "resumen": [
    "#1 CHARM     \u2014 Charm dDelta/dT (OI)            score=0.960  conc=0.960  grad=0.000  val@spot=1.13e+10  p52 | FLIP en 29571.77",
    "#2 SPEED     \u2014 Speed dGamma/dS (OI)            score=0.951  conc=0.950  grad=0.000  val@spot=-3.65e+08  p50 | FLIP en 29437.79",
    "#3 GEX       \u2014 Gamma Exposure (OI)             score=0.878  conc=0.878  grad=0.001  val@spot=-8.82e+07  p16",
    "#4 VEX       \u2014 Vanna Exposure (OI)             score=0.803  conc=0.798  grad=0.006  val@spot=-3.31e+10  p50 | FLIP en 29523.70",
    "#5 ZOMMA     \u2014 Zomma dGamma/dVol (OI)          score=0.795  conc=0.794  grad=0.001  val@spot=8.34e+12  p79",
    "#6 COLOR     \u2014 Color dGamma/dT (OI)            score=0.729  conc=0.729  grad=0.000  val@spot=5.59e+14  p62",
    "#7 DEX       \u2014 Net Delta (OI)                  score=0.721  conc=0.721  grad=0.001  val@spot=1.47e+09  p52",
    "#8 VOMMA     \u2014 Vomma dVega/dVol (OI)           score=0.667  conc=0.662  grad=0.008  val@spot=3.05e+12  p53 | FLIP en 29691.34"
  ],
  "por_superficie": {
    "gamma": {
      "n_strikes_banda": 58,
      "var_banda": 3366990645414967.5,
      "var_total": 3835713381387600.5,
      "concentracion": 0.8778,
      "gradiente_t": 0.0008,
      "score": 0.8785,
      "flip_en_banda": false,
      "nivel_flip": null,
      "valor_spot_now": -88227701.94,
      "percentil_spot": 15.5,
      "interpretacion": "ALTA \u2014 domina el comportamiento cerca del spot"
    },
    "vanna": {
      "n_strikes_banda": 58,
      "var_banda": 2.0802325042386489e+21,
      "var_total": 2.6051336149472206e+21,
      "concentracion": 0.7985,
      "gradiente_t": 0.0061,
      "score": 0.8033,
      "flip_en_banda": true,
      "nivel_flip": 29523.7023,
      "valor_spot_now": -33088980423.33,
      "percentil_spot": 50.0,
      "interpretacion": "ALTA \u2014 domina el comportamiento cerca del spot"
    },
    "delta": {
      "n_strikes_banda": 58,
      "var_banda": 1.1829340903351524e+16,
      "var_total": 1.6413485123223378e+16,
      "concentracion": 0.7207,
      "gradiente_t": 0.0005,
      "score": 0.7211,
      "flip_en_banda": false,
      "nivel_flip": null,
      "valor_spot_now": 1470129225.34,
      "percentil_spot": 51.7,
      "interpretacion": "ALTA \u2014 domina el comportamiento cerca del spot"
    },
    "charm": {
      "n_strikes_banda": 58,
      "var_banda": 1.2207556034551945e+22,
      "var_total": 1.2711622507737737e+22,
      "concentracion": 0.9603,
      "gradiente_t": 0.0001,
      "score": 0.9604,
      "flip_en_banda": true,
      "nivel_flip": 29571.7654,
      "valor_spot_now": 11269424128.69,
      "percentil_spot": 51.7,
      "interpretacion": "ALTA \u2014 domina el comportamiento cerca del spot"
    },
    "color": {
      "n_strikes_banda": 58,
      "var_banda": 8.383719534144458e+32,
      "var_total": 1.1501102428521061e+33,
      "concentracion": 0.7289,
      "gradiente_t": 0.0,
      "score": 0.729,
      "flip_en_banda": false,
      "nivel_flip": null,
      "valor_spot_now": 558701062193162.1,
      "percentil_spot": 62.1,
      "interpretacion": "ALTA \u2014 domina el comportamiento cerca del spot"
    },
    "speed": {
      "n_strikes_banda": 58,
      "var_banda": 4.385295534804241e+20,
      "var_total": 4.613979358587697e+20,
      "concentracion": 0.9504,
      "gradiente_t": 0.0001,
      "score": 0.9505,
      "flip_en_banda": true,
      "nivel_flip": 29437.7887,
      "valor_spot_now": -364940877.25,
      "percentil_spot": 50.0,
      "interpretacion": "ALTA \u2014 domina el comportamiento cerca del spot"
    },
    "vomma": {
      "n_strikes_banda": 58,
      "var_banda": 1.5824382956773021e+27,
      "var_total": 2.390763938700607e+27,
      "concentracion": 0.6619,
      "gradiente_t": 0.0076,
      "score": 0.6669,
      "flip_en_banda": true,
      "nivel_flip": 29691.3363,
      "valor_spot_now": 3047651247205.81,
      "percentil_spot": 53.4,
      "interpretacion": "ALTA \u2014 domina el comportamiento cerca del spot"
    },
    "zomma": {
      "n_strikes_banda": 58,
      "var_banda": 4.7409608561484765e+25,
      "var_total": 5.968883424984865e+25,
      "concentracion": 0.7943,
      "gradiente_t": 0.0011,
      "score": 0.7952,
      "flip_en_banda": false,
      "nivel_flip": null,
      "valor_spot_now": 8342539803215.04,
      "percentil_spot": 79.3,
      "interpretacion": "ALTA \u2014 domina el comportamiento cerca del spot"
    }
  },
  "tiene_inv": false
}