{
  "activo": "NDX",
  "spot": 29297.698,
  "banda_pct": 0.01,
  "minutos_ahora": 900,
  "generated_at": "2026-05-20 22:22:49",
  "ranking": [
    "color",
    "speed",
    "charm",
    "zomma",
    "gamma",
    "vanna",
    "vomma",
    "delta"
  ],
  "lider": "color",
  "resumen": [
    "#1 COLOR     \u2014 Color dGamma/dT (OI)            score=1.807  conc=1.807  grad=0.000  val@spot=-2.77e+15  p12",
    "#2 SPEED     \u2014 Speed dGamma/dS (OI)            score=1.295  conc=1.294  grad=0.000  val@spot=2.46e+09  p51 | FLIP en 29336.93",
    "#3 CHARM     \u2014 Charm dDelta/dT (OI)            score=1.252  conc=1.252  grad=0.000  val@spot=-4.01e+10  p51 | FLIP en 29425.63",
    "#4 ZOMMA     \u2014 Zomma dGamma/dVol (OI)          score=0.639  conc=0.638  grad=0.001  val@spot=-4.24e+13  p8",
    "#5 GEX       \u2014 Gamma Exposure (OI)             score=0.553  conc=0.552  grad=0.002  val@spot=6.60e+08  p81",
    "#6 VEX       \u2014 Vanna Exposure (OI)             score=0.543  conc=0.543  grad=0.001  val@spot=1.18e+11  p51 | FLIP en 29382.35",
    "#7 VOMMA     \u2014 Vomma dVega/dVol (OI)           score=0.502  conc=0.500  grad=0.005  val@spot=4.31e+14  p3",
    "#8 DEX       \u2014 Net Delta (OI)                  score=0.354  conc=0.354  grad=0.001  val@spot=2.25e+09  p51"
  ],
  "por_superficie": {
    "gamma": {
      "n_strikes_banda": 59,
      "var_banda": 3.04228874035659e+16,
      "var_total": 5.514945618080919e+16,
      "concentracion": 0.5516,
      "gradiente_t": 0.0023,
      "score": 0.5529,
      "flip_en_banda": false,
      "nivel_flip": null,
      "valor_spot_now": 660289047.79,
      "percentil_spot": 81.4,
      "interpretacion": "MEDIA \u2014 relevante, monitorear en conjunto"
    },
    "vanna": {
      "n_strikes_banda": 59,
      "var_banda": 4.367219910011337e+22,
      "var_total": 8.046094371538452e+22,
      "concentracion": 0.5428,
      "gradiente_t": 0.0014,
      "score": 0.5435,
      "flip_en_banda": true,
      "nivel_flip": 29382.3547,
      "valor_spot_now": 118422063792.64,
      "percentil_spot": 50.8,
      "interpretacion": "MEDIA \u2014 relevante, monitorear en conjunto"
    },
    "delta": {
      "n_strikes_banda": 59,
      "var_banda": 2.6665207867729824e+17,
      "var_total": 7.538458624913219e+17,
      "concentracion": 0.3537,
      "gradiente_t": 0.0011,
      "score": 0.3541,
      "flip_en_banda": false,
      "nivel_flip": null,
      "valor_spot_now": 2246830892.79,
      "percentil_spot": 50.8,
      "interpretacion": "MEDIA \u2014 relevante, monitorear en conjunto"
    },
    "charm": {
      "n_strikes_banda": 59,
      "var_banda": 8.174109861750711e+22,
      "var_total": 6.527984316359653e+22,
      "concentracion": 1.2522,
      "gradiente_t": 0.0001,
      "score": 1.2523,
      "flip_en_banda": true,
      "nivel_flip": 29425.6296,
      "valor_spot_now": -40122768462.58,
      "percentil_spot": 50.8,
      "interpretacion": "ALTA \u2014 domina el comportamiento cerca del spot"
    },
    "color": {
      "n_strikes_banda": 59,
      "var_banda": 8.191284639860807e+33,
      "var_total": 4.533218397974141e+33,
      "concentracion": 1.8069,
      "gradiente_t": 0.0,
      "score": 1.807,
      "flip_en_banda": false,
      "nivel_flip": null,
      "valor_spot_now": -2774218288687537.5,
      "percentil_spot": 11.9,
      "interpretacion": "ALTA \u2014 domina el comportamiento cerca del spot"
    },
    "speed": {
      "n_strikes_banda": 59,
      "var_banda": 3.400628263312843e+21,
      "var_total": 2.627175427182481e+21,
      "concentracion": 1.2944,
      "gradiente_t": 0.0001,
      "score": 1.2946,
      "flip_en_banda": true,
      "nivel_flip": 29336.9329,
      "valor_spot_now": 2462623339.69,
      "percentil_spot": 50.8,
      "interpretacion": "ALTA \u2014 domina el comportamiento cerca del spot"
    },
    "vomma": {
      "n_strikes_banda": 59,
      "var_banda": 1.9055203470142799e+28,
      "var_total": 3.813725235388149e+28,
      "concentracion": 0.4996,
      "gradiente_t": 0.005,
      "score": 0.5021,
      "flip_en_banda": false,
      "nivel_flip": null,
      "valor_spot_now": 431045736752724.9,
      "percentil_spot": 3.4,
      "interpretacion": "MEDIA \u2014 relevante, monitorear en conjunto"
    },
    "zomma": {
      "n_strikes_banda": 59,
      "var_banda": 2.7891517487963145e+26,
      "var_total": 4.3689108541912726e+26,
      "concentracion": 0.6384,
      "gradiente_t": 0.0006,
      "score": 0.6388,
      "flip_en_banda": false,
      "nivel_flip": null,
      "valor_spot_now": -42394912295880.88,
      "percentil_spot": 8.5,
      "interpretacion": "ALTA \u2014 domina el comportamiento cerca del spot"
    }
  },
  "tiene_inv": false
}