{
  "activo": "NDX",
  "spot": 28994.368,
  "banda_pct": 0.01,
  "minutos_ahora": 900,
  "generated_at": "2026-05-18 17:51:19",
  "ranking": [
    "zomma",
    "speed",
    "vanna",
    "vomma",
    "charm",
    "gamma",
    "color",
    "delta"
  ],
  "lider": "zomma",
  "resumen": [
    "#1 ZOMMA     \u2014 Zomma dGamma/dVol (OI)          score=0.804  conc=0.804  grad=0.000  val@spot=1.11e+13  p52 | FLIP en 29045.79",
    "#2 SPEED     \u2014 Speed dGamma/dS (OI)            score=0.675  conc=0.675  grad=0.000  val@spot=2.75e+10  p83",
    "#3 VEX       \u2014 Vanna Exposure (OI)             score=0.613  conc=0.608  grad=0.007  val@spot=4.18e+11  p81",
    "#4 VOMMA     \u2014 Vomma dVega/dVol (OI)           score=0.604  conc=0.593  grad=0.018  val@spot=-3.60e+13  p55 | FLIP en 28934.80",
    "#5 CHARM     \u2014 Charm dDelta/dT (OI)            score=0.590  conc=0.590  grad=0.000  val@spot=-6.92e+10  p21",
    "#6 GEX       \u2014 Gamma Exposure (OI)             score=0.575  conc=0.575  grad=0.001  val@spot=-9.50e+07  p50 | FLIP en 29088.84",
    "#7 COLOR     \u2014 Color dGamma/dT (OI)            score=0.342  conc=0.342  grad=0.000  val@spot=5.14e+14  p52 | FLIP en 29047.35",
    "#8 DEX       \u2014 Net Delta (OI)                  score=0.303  conc=0.302  grad=0.003  val@spot=7.56e+08  p33"
  ],
  "por_superficie": {
    "gamma": {
      "n_strikes_banda": 58,
      "var_banda": 4.727000524325449e+16,
      "var_total": 8.225227041271173e+16,
      "concentracion": 0.5747,
      "gradiente_t": 0.0007,
      "score": 0.5751,
      "flip_en_banda": true,
      "nivel_flip": 29088.8373,
      "valor_spot_now": -94964144.12,
      "percentil_spot": 50.0,
      "interpretacion": "MEDIA \u2014 relevante, monitorear en conjunto"
    },
    "vanna": {
      "n_strikes_banda": 58,
      "var_banda": 1.4394879024050353e+22,
      "var_total": 2.3673480973473167e+22,
      "concentracion": 0.6081,
      "gradiente_t": 0.0074,
      "score": 0.6126,
      "flip_en_banda": false,
      "nivel_flip": null,
      "valor_spot_now": 417982479394.76,
      "percentil_spot": 81.0,
      "interpretacion": "ALTA \u2014 domina el comportamiento cerca del spot"
    },
    "delta": {
      "n_strikes_banda": 58,
      "var_banda": 1.145832675537002e+16,
      "var_total": 3.798998896647187e+16,
      "concentracion": 0.3016,
      "gradiente_t": 0.0033,
      "score": 0.3026,
      "flip_en_banda": false,
      "nivel_flip": null,
      "valor_spot_now": 756154589.7,
      "percentil_spot": 32.8,
      "interpretacion": "MEDIA \u2014 relevante, monitorear en conjunto"
    },
    "charm": {
      "n_strikes_banda": 58,
      "var_banda": 1.0414680196100867e+22,
      "var_total": 1.7649644538060041e+22,
      "concentracion": 0.5901,
      "gradiente_t": 0.0001,
      "score": 0.5901,
      "flip_en_banda": false,
      "nivel_flip": null,
      "valor_spot_now": -69236650832.98,
      "percentil_spot": 20.7,
      "interpretacion": "MEDIA \u2014 relevante, monitorear en conjunto"
    },
    "color": {
      "n_strikes_banda": 58,
      "var_banda": 1.0354836562054987e+33,
      "var_total": 3.024702466715864e+33,
      "concentracion": 0.3423,
      "gradiente_t": 0.0,
      "score": 0.3423,
      "flip_en_banda": true,
      "nivel_flip": 29047.3461,
      "valor_spot_now": 514100220772771.1,
      "percentil_spot": 51.7,
      "interpretacion": "MEDIA \u2014 relevante, monitorear en conjunto"
    },
    "speed": {
      "n_strikes_banda": 58,
      "var_banda": 2.374688588356782e+21,
      "var_total": 3.5161530406134895e+21,
      "concentracion": 0.6754,
      "gradiente_t": 0.0001,
      "score": 0.6754,
      "flip_en_banda": false,
      "nivel_flip": null,
      "valor_spot_now": 27471142615.81,
      "percentil_spot": 82.8,
      "interpretacion": "ALTA \u2014 domina el comportamiento cerca del spot"
    },
    "vomma": {
      "n_strikes_banda": 58,
      "var_banda": 6.479230246422558e+27,
      "var_total": 1.0935368861872877e+28,
      "concentracion": 0.5925,
      "gradiente_t": 0.0185,
      "score": 0.6035,
      "flip_en_banda": true,
      "nivel_flip": 28934.7994,
      "valor_spot_now": -35992613143868.19,
      "percentil_spot": 55.2,
      "interpretacion": "ALTA \u2014 domina el comportamiento cerca del spot"
    },
    "zomma": {
      "n_strikes_banda": 58,
      "var_banda": 6.262051285600157e+26,
      "var_total": 7.788573667039801e+26,
      "concentracion": 0.804,
      "gradiente_t": 0.0004,
      "score": 0.8044,
      "flip_en_banda": true,
      "nivel_flip": 29045.7914,
      "valor_spot_now": 11082630151964.99,
      "percentil_spot": 51.7,
      "interpretacion": "ALTA \u2014 domina el comportamiento cerca del spot"
    }
  },
  "tiene_inv": false
}