{
  "activo": "NDX",
  "spot": 27651.817,
  "banda_pct": 0.01,
  "minutos_ahora": 900,
  "generated_at": "2026-05-04 20:33:01",
  "ranking": [
    "vanna",
    "inv_vanna",
    "inv_speed",
    "inv_color",
    "inv_charm",
    "speed",
    "inv_gamma",
    "gamma",
    "charm",
    "inv_delta",
    "color",
    "delta"
  ],
  "lider": "vanna",
  "resumen": [
    "#1 VEX       \u2014 Vanna Exposure (OI)             score=1.234  conc=1.224  grad=0.008  val@spot=1.04e+11  p50 | FLIP en 27582.01",
    "#2 INV_VEX   \u2014 Vanna Exposure (flujo neto)     score=1.221  conc=1.211  grad=0.008  val@spot=-1.40e+12  p54",
    "#3 INV_SPEED \u2014 Speed dGamma/dS (flujo neto)    score=0.766  conc=0.766  grad=0.000  val@spot=-9.23e+10  p54 | FLIP en 27437.11",
    "#4 INV_COLOR \u2014 Color dGamma/dT (flujo neto)    score=0.539  conc=0.539  grad=0.000  val@spot=-7.21e+15  p4 | FLIP en 27874.71",
    "#5 INV_CHARM \u2014 Charm dDelta/dT (flujo neto)    score=0.387  conc=0.387  grad=0.000  val@spot=2.56e+11  p50",
    "#6 SPEED     \u2014 Speed dGamma/dS (OI)            score=0.367  conc=0.367  grad=0.000  val@spot=6.67e+09  p54 | FLIP en 27597.38",
    "#7 INV_GEX   \u2014 Gamma Exposure (flujo neto)     score=0.356  conc=0.356  grad=0.001  val@spot=1.84e+09  p54",
    "#8 GEX       \u2014 Gamma Exposure (OI)             score=0.351  conc=0.351  grad=0.000  val@spot=4.29e+08  p23",
    "#9 CHARM     \u2014 Charm dDelta/dT (OI)            score=0.334  conc=0.334  grad=0.000  val@spot=-2.33e+10  p54 | FLIP en 27536.60",
    "#10 INV_DEX   \u2014 Net Delta (flujo neto)          score=0.182  conc=0.181  grad=0.002  val@spot=1.26e+09  p50 | FLIP en 27478.52",
    "#11 COLOR     \u2014 Color dGamma/dT (OI)            score=0.094  conc=0.094  grad=0.000  val@spot=1.70e+15  p96 | FLIP en 27807.10",
    "#12 DEX       \u2014 Net Delta (OI)                  score=0.064  conc=0.064  grad=0.001  val@spot=2.18e+09  p50"
  ],
  "por_superficie": {
    "gamma": {
      "n_strikes_banda": 22,
      "var_banda": 2.9324510454206004e+16,
      "var_total": 8.35179496600497e+16,
      "concentracion": 0.3511,
      "gradiente_t": 0.0003,
      "score": 0.3512,
      "flip_en_banda": false,
      "nivel_flip": null,
      "valor_spot_now": 428517210.17,
      "percentil_spot": 22.7,
      "interpretacion": "MEDIA \u2014 relevante, monitorear en conjunto"
    },
    "vanna": {
      "n_strikes_banda": 22,
      "var_banda": 2.8917313752912907e+22,
      "var_total": 2.361678662096881e+22,
      "concentracion": 1.2244,
      "gradiente_t": 0.0077,
      "score": 1.2339,
      "flip_en_banda": true,
      "nivel_flip": 27582.0084,
      "valor_spot_now": 103958147143.03,
      "percentil_spot": 50.0,
      "interpretacion": "ALTA \u2014 domina el comportamiento cerca del spot"
    },
    "delta": {
      "n_strikes_banda": 22,
      "var_banda": 7.090569534743837e+16,
      "var_total": 1.1017955593802107e+18,
      "concentracion": 0.0644,
      "gradiente_t": 0.0005,
      "score": 0.0644,
      "flip_en_banda": false,
      "nivel_flip": null,
      "valor_spot_now": 2183040223.19,
      "percentil_spot": 50.0,
      "interpretacion": "BAJA \u2014 energ\u00eda dispersa lejos del spot"
    },
    "charm": {
      "n_strikes_banda": 22,
      "var_banda": 8.743945000465064e+21,
      "var_total": 2.6179557955307995e+22,
      "concentracion": 0.334,
      "gradiente_t": 0.0001,
      "score": 0.334,
      "flip_en_banda": true,
      "nivel_flip": 27536.6038,
      "valor_spot_now": -23320825575.21,
      "percentil_spot": 54.5,
      "interpretacion": "MEDIA \u2014 relevante, monitorear en conjunto"
    },
    "color": {
      "n_strikes_banda": 22,
      "var_banda": 1.112234170247034e+33,
      "var_total": 1.188889029036742e+34,
      "concentracion": 0.0936,
      "gradiente_t": 0.0,
      "score": 0.0936,
      "flip_en_banda": true,
      "nivel_flip": 27807.0987,
      "valor_spot_now": 1704782407307962.2,
      "percentil_spot": 95.5,
      "interpretacion": "BAJA \u2014 energ\u00eda dispersa lejos del spot"
    },
    "speed": {
      "n_strikes_banda": 22,
      "var_banda": 3.157342227982118e+21,
      "var_total": 8.610968400790761e+21,
      "concentracion": 0.3667,
      "gradiente_t": 0.0001,
      "score": 0.3667,
      "flip_en_banda": true,
      "nivel_flip": 27597.382,
      "valor_spot_now": 6666425214.42,
      "percentil_spot": 54.5,
      "interpretacion": "MEDIA \u2014 relevante, monitorear en conjunto"
    },
    "inv_gamma": {
      "n_strikes_banda": 22,
      "var_banda": 5.100560591985735e+17,
      "var_total": 1.4340296938388134e+18,
      "concentracion": 0.3557,
      "gradiente_t": 0.0007,
      "score": 0.3559,
      "flip_en_banda": false,
      "nivel_flip": null,
      "valor_spot_now": 1841672128.22,
      "percentil_spot": 54.5,
      "interpretacion": "MEDIA \u2014 relevante, monitorear en conjunto"
    },
    "inv_vanna": {
      "n_strikes_banda": 22,
      "var_banda": 6.096642138944951e+23,
      "var_total": 5.0334246813101954e+23,
      "concentracion": 1.2112,
      "gradiente_t": 0.0082,
      "score": 1.2212,
      "flip_en_banda": false,
      "nivel_flip": null,
      "valor_spot_now": -1397248994322.92,
      "percentil_spot": 54.5,
      "interpretacion": "ALTA \u2014 domina el comportamiento cerca del spot"
    },
    "inv_delta": {
      "n_strikes_banda": 22,
      "var_banda": 1.4106241155480535e+18,
      "var_total": 7.779035361833035e+18,
      "concentracion": 0.1813,
      "gradiente_t": 0.0022,
      "score": 0.1817,
      "flip_en_banda": true,
      "nivel_flip": 27478.5225,
      "valor_spot_now": 1264958907.93,
      "percentil_spot": 50.0,
      "interpretacion": "BAJA \u2014 energ\u00eda dispersa lejos del spot"
    },
    "inv_charm": {
      "n_strikes_banda": 22,
      "var_banda": 1.2491724873162496e+23,
      "var_total": 3.228478343474242e+23,
      "concentracion": 0.3869,
      "gradiente_t": 0.0001,
      "score": 0.3869,
      "flip_en_banda": false,
      "nivel_flip": null,
      "valor_spot_now": 255611839874.37,
      "percentil_spot": 50.0,
      "interpretacion": "MEDIA \u2014 relevante, monitorear en conjunto"
    },
    "inv_color": {
      "n_strikes_banda": 22,
      "var_banda": 3.1287254370366553e+34,
      "var_total": 5.802001216365378e+34,
      "concentracion": 0.5392,
      "gradiente_t": 0.0,
      "score": 0.5393,
      "flip_en_banda": true,
      "nivel_flip": 27874.7105,
      "valor_spot_now": -7208241567280135.0,
      "percentil_spot": 4.5,
      "interpretacion": "MEDIA \u2014 relevante, monitorear en conjunto"
    },
    "inv_speed": {
      "n_strikes_banda": 22,
      "var_banda": 4.314266275782581e+22,
      "var_total": 5.632141598111541e+22,
      "concentracion": 0.766,
      "gradiente_t": 0.0001,
      "score": 0.7661,
      "flip_en_banda": true,
      "nivel_flip": 27437.1122,
      "valor_spot_now": -92312036810.16,
      "percentil_spot": 54.5,
      "interpretacion": "ALTA \u2014 domina el comportamiento cerca del spot"
    }
  },
  "tiene_inv": true
}