{
  "activo": "NDX",
  "spot": 29084.499,
  "banda_pct": 0.01,
  "minutos_ahora": 900,
  "generated_at": "2026-06-09 19:55:17",
  "ranking": [
    "color",
    "speed",
    "vanna",
    "charm",
    "zomma",
    "gamma",
    "vomma",
    "delta"
  ],
  "lider": "color",
  "resumen": [
    "#1 COLOR     \u2014 Color dGamma/dT (OI)            score=1.802  conc=1.802  grad=0.000  val@spot=1.39e+15  p57",
    "#2 SPEED     \u2014 Speed dGamma/dS (OI)            score=1.756  conc=1.756  grad=0.000  val@spot=5.12e+09  p50 | FLIP en 28810.48",
    "#3 VEX       \u2014 Vanna Exposure (OI)             score=1.637  conc=1.631  grad=0.004  val@spot=1.16e+11  p50 | FLIP en 28872.27",
    "#4 CHARM     \u2014 Charm dDelta/dT (OI)            score=1.633  conc=1.633  grad=0.000  val@spot=-3.08e+10  p52 | FLIP en 28904.92",
    "#5 ZOMMA     \u2014 Zomma dGamma/dVol (OI)          score=1.119  conc=1.117  grad=0.002  val@spot=1.47e+13  p52",
    "#6 GEX       \u2014 Gamma Exposure (OI)             score=0.861  conc=0.859  grad=0.002  val@spot=-1.84e+08  p50",
    "#7 VOMMA     \u2014 Vomma dVega/dVol (OI)           score=0.490  conc=0.487  grad=0.006  val@spot=8.11e+13  p72 | FLIP en 29241.71",
    "#8 DEX       \u2014 Net Delta (OI)                  score=0.237  conc=0.237  grad=0.001  val@spot=1.82e+09  p52"
  ],
  "por_superficie": {
    "gamma": {
      "n_strikes_banda": 58,
      "var_banda": 9152448656991902.0,
      "var_total": 1.065492250377149e+16,
      "concentracion": 0.859,
      "gradiente_t": 0.0021,
      "score": 0.8608,
      "flip_en_banda": false,
      "nivel_flip": null,
      "valor_spot_now": -184092063.06,
      "percentil_spot": 50.0,
      "interpretacion": "ALTA \u2014 domina el comportamiento cerca del spot"
    },
    "vanna": {
      "n_strikes_banda": 58,
      "var_banda": 9.409543571006393e+21,
      "var_total": 5.769976489913666e+21,
      "concentracion": 1.6308,
      "gradiente_t": 0.0038,
      "score": 1.6369,
      "flip_en_banda": true,
      "nivel_flip": 28872.2657,
      "valor_spot_now": 116014339451.81,
      "percentil_spot": 50.0,
      "interpretacion": "ALTA \u2014 domina el comportamiento cerca del spot"
    },
    "delta": {
      "n_strikes_banda": 58,
      "var_banda": 3.734180433474194e+16,
      "var_total": 1.5753470664927062e+17,
      "concentracion": 0.237,
      "gradiente_t": 0.0011,
      "score": 0.2373,
      "flip_en_banda": false,
      "nivel_flip": null,
      "valor_spot_now": 1817863913.24,
      "percentil_spot": 51.7,
      "interpretacion": "BAJA \u2014 energ\u00eda dispersa lejos del spot"
    },
    "charm": {
      "n_strikes_banda": 58,
      "var_banda": 1.2291216168266284e+22,
      "var_total": 7.525743684984526e+21,
      "concentracion": 1.6332,
      "gradiente_t": 0.0002,
      "score": 1.6335,
      "flip_en_banda": true,
      "nivel_flip": 28904.9177,
      "valor_spot_now": -30849628057.62,
      "percentil_spot": 51.7,
      "interpretacion": "ALTA \u2014 domina el comportamiento cerca del spot"
    },
    "color": {
      "n_strikes_banda": 58,
      "var_banda": 3.431874158863267e+32,
      "var_total": 1.90448629933079e+32,
      "concentracion": 1.802,
      "gradiente_t": 0.0,
      "score": 1.802,
      "flip_en_banda": false,
      "nivel_flip": null,
      "valor_spot_now": 1393138708677635.5,
      "percentil_spot": 56.9,
      "interpretacion": "ALTA \u2014 domina el comportamiento cerca del spot"
    },
    "speed": {
      "n_strikes_banda": 58,
      "var_banda": 2.3422263896330463e+20,
      "var_total": 1.3341954371092323e+20,
      "concentracion": 1.7555,
      "gradiente_t": 0.0001,
      "score": 1.7558,
      "flip_en_banda": true,
      "nivel_flip": 28810.4762,
      "valor_spot_now": 5116424291.97,
      "percentil_spot": 50.0,
      "interpretacion": "ALTA \u2014 domina el comportamiento cerca del spot"
    },
    "vomma": {
      "n_strikes_banda": 58,
      "var_banda": 2.736098683713163e+27,
      "var_total": 5.612970818708719e+27,
      "concentracion": 0.4875,
      "gradiente_t": 0.0062,
      "score": 0.4905,
      "flip_en_banda": true,
      "nivel_flip": 29241.7126,
      "valor_spot_now": 81077903708154.81,
      "percentil_spot": 72.4,
      "interpretacion": "MEDIA \u2014 relevante, monitorear en conjunto"
    },
    "zomma": {
      "n_strikes_banda": 58,
      "var_banda": 4.791584920967121e+25,
      "var_total": 4.2902348549253585e+25,
      "concentracion": 1.1169,
      "gradiente_t": 0.002,
      "score": 1.1191,
      "flip_en_banda": false,
      "nivel_flip": null,
      "valor_spot_now": 14718390390450.16,
      "percentil_spot": 51.7,
      "interpretacion": "ALTA \u2014 domina el comportamiento cerca del spot"
    }
  },
  "tiene_inv": false
}