strike,oi_c,oi_p,vol_c,vol_p,oi_net,vol_net,gex,vex,dex,inv_gex,inv_vex_call,inv_vex_put,inv_net
29390.0,29380.0,29370.0,29360.0,29350.0,10.0,10.0,152001.92393353663,152900.920482574,-671797.5441672244,-0.8957758959655848,524.1094580982946,-525.0052339942602,58670.0
