{
  "activo": "NDX",
  "spot": 29440.323,
  "banda_pct": 0.01,
  "minutos_ahora": 900,
  "generated_at": "2026-06-26 07:11:51",
  "ranking": [
    "speed",
    "delta",
    "charm",
    "zomma",
    "color",
    "gamma",
    "vomma",
    "vanna"
  ],
  "lider": "speed",
  "resumen": [
    "#1 SPEED     \u2014 Speed dGamma/dS (OI)            score=1.164  conc=1.163  grad=0.000  val@spot=4.23e+09  p51",
    "#2 DEX       \u2014 Net Delta (OI)                  score=1.154  conc=1.151  grad=0.003  val@spot=4.35e+09  p51",
    "#3 CHARM     \u2014 Charm dDelta/dT (OI)            score=1.058  conc=1.058  grad=0.000  val@spot=-1.72e+11  p14",
    "#4 ZOMMA     \u2014 Zomma dGamma/dVol (OI)          score=0.694  conc=0.692  grad=0.002  val@spot=-1.58e+12  p49 | FLIP en 29401.67",
    "#5 COLOR     \u2014 Color dGamma/dT (OI)            score=0.596  conc=0.596  grad=0.000  val@spot=-2.72e+14  p51 | FLIP en 29392.13",
    "#6 GEX       \u2014 Gamma Exposure (OI)             score=0.524  conc=0.524  grad=0.001  val@spot=-1.57e+07  p51 | FLIP en 29567.05",
    "#7 VOMMA     \u2014 Vomma dVega/dVol (OI)           score=0.520  conc=0.517  grad=0.006  val@spot=-1.23e+14  p51 | FLIP en 29360.21",
    "#8 VEX       \u2014 Vanna Exposure (OI)             score=0.467  conc=0.463  grad=0.007  val@spot=3.54e+11  p93"
  ],
  "por_superficie": {
    "gamma": {
      "n_strikes_banda": 59,
      "var_banda": 6.402657858143189e+16,
      "var_total": 1.2225217805477314e+17,
      "concentracion": 0.5237,
      "gradiente_t": 0.0006,
      "score": 0.524,
      "flip_en_banda": true,
      "nivel_flip": 29567.0544,
      "valor_spot_now": -15673419.7,
      "percentil_spot": 50.8,
      "interpretacion": "MEDIA \u2014 relevante, monitorear en conjunto"
    },
    "vanna": {
      "n_strikes_banda": 59,
      "var_banda": 1.0696549966872826e+22,
      "var_total": 2.310042741123342e+22,
      "concentracion": 0.463,
      "gradiente_t": 0.0075,
      "score": 0.4665,
      "flip_en_banda": false,
      "nivel_flip": null,
      "valor_spot_now": 354392260122.87,
      "percentil_spot": 93.2,
      "interpretacion": "MEDIA \u2014 relevante, monitorear en conjunto"
    },
    "delta": {
      "n_strikes_banda": 59,
      "var_banda": 1.6568184560207514e+17,
      "var_total": 1.4392893006892517e+17,
      "concentracion": 1.1511,
      "gradiente_t": 0.0027,
      "score": 1.1542,
      "flip_en_banda": false,
      "nivel_flip": null,
      "valor_spot_now": 4351218837.29,
      "percentil_spot": 50.8,
      "interpretacion": "ALTA \u2014 domina el comportamiento cerca del spot"
    },
    "charm": {
      "n_strikes_banda": 59,
      "var_banda": 2.642266845408605e+23,
      "var_total": 2.4979256587869677e+23,
      "concentracion": 1.0578,
      "gradiente_t": 0.0004,
      "score": 1.0582,
      "flip_en_banda": false,
      "nivel_flip": null,
      "valor_spot_now": -172039259820.85,
      "percentil_spot": 13.6,
      "interpretacion": "ALTA \u2014 domina el comportamiento cerca del spot"
    },
    "color": {
      "n_strikes_banda": 59,
      "var_banda": 3.512445887277358e+33,
      "var_total": 5.890044666406776e+33,
      "concentracion": 0.5963,
      "gradiente_t": 0.0,
      "score": 0.5963,
      "flip_en_banda": true,
      "nivel_flip": 29392.1285,
      "valor_spot_now": -271838143956012.5,
      "percentil_spot": 50.8,
      "interpretacion": "MEDIA \u2014 relevante, monitorear en conjunto"
    },
    "speed": {
      "n_strikes_banda": 59,
      "var_banda": 1.4267212764562792e+21,
      "var_total": 1.226312849554394e+21,
      "concentracion": 1.1634,
      "gradiente_t": 0.0002,
      "score": 1.1637,
      "flip_en_banda": false,
      "nivel_flip": null,
      "valor_spot_now": 4226332878.77,
      "percentil_spot": 50.8,
      "interpretacion": "ALTA \u2014 domina el comportamiento cerca del spot"
    },
    "vomma": {
      "n_strikes_banda": 59,
      "var_banda": 3.8373004883283894e+28,
      "var_total": 7.416518365512316e+28,
      "concentracion": 0.5174,
      "gradiente_t": 0.0059,
      "score": 0.5204,
      "flip_en_banda": true,
      "nivel_flip": 29360.2062,
      "valor_spot_now": -123222461847547.94,
      "percentil_spot": 50.8,
      "interpretacion": "MEDIA \u2014 relevante, monitorear en conjunto"
    },
    "zomma": {
      "n_strikes_banda": 59,
      "var_banda": 3.1446131127620305e+26,
      "var_total": 4.541587790516785e+26,
      "concentracion": 0.6924,
      "gradiente_t": 0.0019,
      "score": 0.6937,
      "flip_en_banda": true,
      "nivel_flip": 29401.6669,
      "valor_spot_now": -1581524337502.09,
      "percentil_spot": 49.2,
      "interpretacion": "ALTA \u2014 domina el comportamiento cerca del spot"
    }
  },
  "tiene_inv": false
}