{
  "activo": "NDX",
  "spot": 30407.812,
  "banda_pct": 0.01,
  "minutos_ahora": 900,
  "generated_at": "2026-06-04 20:07:29",
  "ranking": [
    "color",
    "speed",
    "charm",
    "zomma",
    "vomma",
    "gamma",
    "vanna",
    "delta"
  ],
  "lider": "color",
  "resumen": [
    "#1 COLOR     \u2014 Color dGamma/dT (OI)            score=1.361  conc=1.361  grad=0.000  val@spot=1.97e+14  p51 | FLIP en 30423.28",
    "#2 SPEED     \u2014 Speed dGamma/dS (OI)            score=0.971  conc=0.971  grad=0.000  val@spot=4.57e+10  p97",
    "#3 CHARM     \u2014 Charm dDelta/dT (OI)            score=0.903  conc=0.903  grad=0.000  val@spot=-1.19e+11  p7",
    "#4 ZOMMA     \u2014 Zomma dGamma/dVol (OI)          score=0.885  conc=0.885  grad=0.000  val@spot=3.13e+11  p51 | FLIP en 30410.94",
    "#5 VOMMA     \u2014 Vomma dVega/dVol (OI)           score=0.802  conc=0.781  grad=0.026  val@spot=4.34e+14  p51",
    "#6 GEX       \u2014 Gamma Exposure (OI)             score=0.622  conc=0.621  grad=0.002  val@spot=1.80e+08  p51 | FLIP en 30287.26",
    "#7 VEX       \u2014 Vanna Exposure (OI)             score=0.611  conc=0.607  grad=0.007  val@spot=7.32e+11  p98",
    "#8 DEX       \u2014 Net Delta (OI)                  score=0.346  conc=0.346  grad=0.002  val@spot=2.55e+09  p49"
  ],
  "por_superficie": {
    "gamma": {
      "n_strikes_banda": 61,
      "var_banda": 1.2502011700818832e+17,
      "var_total": 2.0146135911593168e+17,
      "concentracion": 0.6206,
      "gradiente_t": 0.0016,
      "score": 0.6216,
      "flip_en_banda": true,
      "nivel_flip": 30287.2636,
      "valor_spot_now": 180065265.45,
      "percentil_spot": 50.8,
      "interpretacion": "ALTA \u2014 domina el comportamiento cerca del spot"
    },
    "vanna": {
      "n_strikes_banda": 61,
      "var_banda": 3.9870591467623675e+22,
      "var_total": 6.571982412862675e+22,
      "concentracion": 0.6067,
      "gradiente_t": 0.0067,
      "score": 0.6107,
      "flip_en_banda": false,
      "nivel_flip": null,
      "valor_spot_now": 732154492709.71,
      "percentil_spot": 98.4,
      "interpretacion": "ALTA \u2014 domina el comportamiento cerca del spot"
    },
    "delta": {
      "n_strikes_banda": 61,
      "var_banda": 5.155279981037289e+16,
      "var_total": 1.49096968224781e+17,
      "concentracion": 0.3458,
      "gradiente_t": 0.0021,
      "score": 0.3465,
      "flip_en_banda": false,
      "nivel_flip": null,
      "valor_spot_now": 2548590095.4,
      "percentil_spot": 49.2,
      "interpretacion": "MEDIA \u2014 relevante, monitorear en conjunto"
    },
    "charm": {
      "n_strikes_banda": 61,
      "var_banda": 1.2009989447194878e+22,
      "var_total": 1.330538170242029e+22,
      "concentracion": 0.9026,
      "gradiente_t": 0.0003,
      "score": 0.9029,
      "flip_en_banda": false,
      "nivel_flip": null,
      "valor_spot_now": -118960691894.59,
      "percentil_spot": 6.6,
      "interpretacion": "ALTA \u2014 domina el comportamiento cerca del spot"
    },
    "color": {
      "n_strikes_banda": 61,
      "var_banda": 3.2092272155928495e+33,
      "var_total": 2.3579575897347194e+33,
      "concentracion": 1.361,
      "gradiente_t": 0.0,
      "score": 1.361,
      "flip_en_banda": true,
      "nivel_flip": 30423.2827,
      "valor_spot_now": 196872169054729.0,
      "percentil_spot": 50.8,
      "interpretacion": "ALTA \u2014 domina el comportamiento cerca del spot"
    },
    "speed": {
      "n_strikes_banda": 61,
      "var_banda": 2.9169606677406364e+21,
      "var_total": 3.0042791658738014e+21,
      "concentracion": 0.9709,
      "gradiente_t": 0.0002,
      "score": 0.9711,
      "flip_en_banda": false,
      "nivel_flip": null,
      "valor_spot_now": 45650411389.29,
      "percentil_spot": 96.7,
      "interpretacion": "ALTA \u2014 domina el comportamiento cerca del spot"
    },
    "vomma": {
      "n_strikes_banda": 61,
      "var_banda": 2.543249789513445e+28,
      "var_total": 3.2559172872544505e+28,
      "concentracion": 0.7811,
      "gradiente_t": 0.0262,
      "score": 0.8016,
      "flip_en_banda": false,
      "nivel_flip": null,
      "valor_spot_now": 434346663322599.5,
      "percentil_spot": 50.8,
      "interpretacion": "ALTA \u2014 domina el comportamiento cerca del spot"
    },
    "zomma": {
      "n_strikes_banda": 61,
      "var_banda": 1.4198378058278756e+27,
      "var_total": 1.6045246760451791e+27,
      "concentracion": 0.8849,
      "gradiente_t": 0.0004,
      "score": 0.8852,
      "flip_en_banda": true,
      "nivel_flip": 30410.9441,
      "valor_spot_now": 313276259337.74,
      "percentil_spot": 50.8,
      "interpretacion": "ALTA \u2014 domina el comportamiento cerca del spot"
    }
  },
  "tiene_inv": false
}