{
  "activo": "NDX",
  "spot": 30571.237,
  "banda_pct": 0.01,
  "minutos_ahora": 900,
  "generated_at": "2026-06-03 22:53:59",
  "ranking": [
    "color",
    "charm",
    "speed",
    "zomma",
    "vomma",
    "vanna",
    "gamma",
    "delta"
  ],
  "lider": "color",
  "resumen": [
    "#1 COLOR     \u2014 Color dGamma/dT (OI)            score=1.998  conc=1.998  grad=0.000  val@spot=-2.86e+15  p8",
    "#2 CHARM     \u2014 Charm dDelta/dT (OI)            score=1.797  conc=1.797  grad=0.000  val@spot=-4.57e+10  p51 | FLIP en 30724.99",
    "#3 SPEED     \u2014 Speed dGamma/dS (OI)            score=1.763  conc=1.763  grad=0.000  val@spot=7.28e+09  p51 | FLIP en 30631.21",
    "#4 ZOMMA     \u2014 Zomma dGamma/dVol (OI)          score=0.871  conc=0.871  grad=0.000  val@spot=-6.00e+13  p3",
    "#5 VOMMA     \u2014 Vomma dVega/dVol (OI)           score=0.729  conc=0.724  grad=0.007  val@spot=5.99e+14  p20",
    "#6 VEX       \u2014 Vanna Exposure (OI)             score=0.672  conc=0.670  grad=0.003  val@spot=1.91e+11  p51 | FLIP en 30669.21",
    "#7 GEX       \u2014 Gamma Exposure (OI)             score=0.403  conc=0.402  grad=0.001  val@spot=7.15e+08  p77",
    "#8 DEX       \u2014 Net Delta (OI)                  score=0.372  conc=0.371  grad=0.001  val@spot=1.98e+09  p51"
  ],
  "por_superficie": {
    "gamma": {
      "n_strikes_banda": 61,
      "var_banda": 4.307736159706449e+16,
      "var_total": 1.0710458026625531e+17,
      "concentracion": 0.4022,
      "gradiente_t": 0.0009,
      "score": 0.4026,
      "flip_en_banda": false,
      "nivel_flip": null,
      "valor_spot_now": 715036661.98,
      "percentil_spot": 77.0,
      "interpretacion": "MEDIA \u2014 relevante, monitorear en conjunto"
    },
    "vanna": {
      "n_strikes_banda": 61,
      "var_banda": 6.297185334663301e+22,
      "var_total": 9.395867475336399e+22,
      "concentracion": 0.6702,
      "gradiente_t": 0.003,
      "score": 0.6722,
      "flip_en_banda": true,
      "nivel_flip": 30669.2073,
      "valor_spot_now": 190610057307.66,
      "percentil_spot": 50.8,
      "interpretacion": "ALTA \u2014 domina el comportamiento cerca del spot"
    },
    "delta": {
      "n_strikes_banda": 61,
      "var_banda": 2.5352865524737597e+17,
      "var_total": 6.830907076163937e+17,
      "concentracion": 0.3711,
      "gradiente_t": 0.0012,
      "score": 0.3716,
      "flip_en_banda": false,
      "nivel_flip": null,
      "valor_spot_now": 1982082358.29,
      "percentil_spot": 50.8,
      "interpretacion": "MEDIA \u2014 relevante, monitorear en conjunto"
    },
    "charm": {
      "n_strikes_banda": 61,
      "var_banda": 1.289691861863998e+23,
      "var_total": 7.176988644929589e+22,
      "concentracion": 1.797,
      "gradiente_t": 0.0,
      "score": 1.7971,
      "flip_en_banda": true,
      "nivel_flip": 30724.9852,
      "valor_spot_now": -45699522946.26,
      "percentil_spot": 50.8,
      "interpretacion": "ALTA \u2014 domina el comportamiento cerca del spot"
    },
    "color": {
      "n_strikes_banda": 61,
      "var_banda": 2.5123653604858024e+34,
      "var_total": 1.2573029901205082e+34,
      "concentracion": 1.9982,
      "gradiente_t": 0.0,
      "score": 1.9982,
      "flip_en_banda": false,
      "nivel_flip": null,
      "valor_spot_now": -2858786846973387.5,
      "percentil_spot": 8.2,
      "interpretacion": "ALTA \u2014 domina el comportamiento cerca del spot"
    },
    "speed": {
      "n_strikes_banda": 61,
      "var_banda": 1.6879806646324264e+22,
      "var_total": 9.575342284407312e+21,
      "concentracion": 1.7628,
      "gradiente_t": 0.0,
      "score": 1.7629,
      "flip_en_banda": true,
      "nivel_flip": 30631.2145,
      "valor_spot_now": 7275072453.25,
      "percentil_spot": 50.8,
      "interpretacion": "ALTA \u2014 domina el comportamiento cerca del spot"
    },
    "vomma": {
      "n_strikes_banda": 61,
      "var_banda": 4.954641206382007e+28,
      "var_total": 6.847150551868571e+28,
      "concentracion": 0.7236,
      "gradiente_t": 0.0074,
      "score": 0.729,
      "flip_en_banda": false,
      "nivel_flip": null,
      "valor_spot_now": 599342350612107.8,
      "percentil_spot": 19.7,
      "interpretacion": "ALTA \u2014 domina el comportamiento cerca del spot"
    },
    "zomma": {
      "n_strikes_banda": 61,
      "var_banda": 1.3128987736233322e+27,
      "var_total": 1.507688474113736e+27,
      "concentracion": 0.8708,
      "gradiente_t": 0.0004,
      "score": 0.8712,
      "flip_en_banda": false,
      "nivel_flip": null,
      "valor_spot_now": -60027734089653.34,
      "percentil_spot": 3.3,
      "interpretacion": "ALTA \u2014 domina el comportamiento cerca del spot"
    }
  },
  "tiene_inv": false
}