{
  "activo": "NDX",
  "spot": 29320.656,
  "banda_pct": 0.01,
  "minutos_ahora": 900,
  "generated_at": "2026-05-12 06:51:59",
  "ranking": [
    "speed",
    "zomma",
    "color",
    "vanna",
    "charm",
    "vomma",
    "gamma",
    "delta"
  ],
  "lider": "speed",
  "resumen": [
    "#1 SPEED     \u2014 Speed dGamma/dS (OI)            score=2.042  conc=2.041  grad=0.000  val@spot=2.19e+10  p52 | FLIP en 29327.86",
    "#2 ZOMMA     \u2014 Zomma dGamma/dVol (OI)          score=1.854  conc=1.851  grad=0.002  val@spot=-3.42e+14  p7 | FLIP en 29504.99",
    "#3 COLOR     \u2014 Color dGamma/dT (OI)            score=1.521  conc=1.521  grad=0.000  val@spot=-7.07e+15  p7 | FLIP en 29555.61",
    "#4 VEX       \u2014 Vanna Exposure (OI)             score=1.505  conc=1.497  grad=0.006  val@spot=1.41e+11  p52 | FLIP en 29331.82",
    "#5 CHARM     \u2014 Charm dDelta/dT (OI)            score=1.171  conc=1.171  grad=0.000  val@spot=-1.35e+11  p52",
    "#6 VOMMA     \u2014 Vomma dVega/dVol (OI)           score=0.851  conc=0.839  grad=0.015  val@spot=1.11e+15  p10",
    "#7 GEX       \u2014 Gamma Exposure (OI)             score=0.795  conc=0.794  grad=0.002  val@spot=1.69e+09  p100",
    "#8 DEX       \u2014 Net Delta (OI)                  score=0.503  conc=0.502  grad=0.001  val@spot=5.64e+09  p52"
  ],
  "por_superficie": {
    "gamma": {
      "n_strikes_banda": 29,
      "var_banda": 2.907028769563338e+17,
      "var_total": 3.6616822549137306e+17,
      "concentracion": 0.7939,
      "gradiente_t": 0.0015,
      "score": 0.7951,
      "flip_en_banda": false,
      "nivel_flip": null,
      "valor_spot_now": 1691763802.37,
      "percentil_spot": 100.0,
      "interpretacion": "ALTA \u2014 domina el comportamiento cerca del spot"
    },
    "vanna": {
      "n_strikes_banda": 29,
      "var_banda": 3.1196596506472555e+23,
      "var_total": 2.083895241952771e+23,
      "concentracion": 1.497,
      "gradiente_t": 0.0056,
      "score": 1.5054,
      "flip_en_banda": true,
      "nivel_flip": 29331.8246,
      "valor_spot_now": 141186004415.14,
      "percentil_spot": 51.7,
      "interpretacion": "ALTA \u2014 domina el comportamiento cerca del spot"
    },
    "delta": {
      "n_strikes_banda": 29,
      "var_banda": 1.2041072981368742e+18,
      "var_total": 2.3965842897595684e+18,
      "concentracion": 0.5024,
      "gradiente_t": 0.0013,
      "score": 0.5031,
      "flip_en_banda": false,
      "nivel_flip": null,
      "valor_spot_now": 5638037702.48,
      "percentil_spot": 51.7,
      "interpretacion": "MEDIA \u2014 relevante, monitorear en conjunto"
    },
    "charm": {
      "n_strikes_banda": 29,
      "var_banda": 1.6491878105243915e+24,
      "var_total": 1.4084344307735937e+24,
      "concentracion": 1.1709,
      "gradiente_t": 0.0002,
      "score": 1.1712,
      "flip_en_banda": false,
      "nivel_flip": null,
      "valor_spot_now": -134556846698.71,
      "percentil_spot": 51.7,
      "interpretacion": "ALTA \u2014 domina el comportamiento cerca del spot"
    },
    "color": {
      "n_strikes_banda": 29,
      "var_banda": 3.048010644533225e+34,
      "var_total": 2.004138988677301e+34,
      "concentracion": 1.5209,
      "gradiente_t": 0.0,
      "score": 1.5209,
      "flip_en_banda": true,
      "nivel_flip": 29555.609,
      "valor_spot_now": -7073578701085320.0,
      "percentil_spot": 6.9,
      "interpretacion": "ALTA \u2014 domina el comportamiento cerca del spot"
    },
    "speed": {
      "n_strikes_banda": 29,
      "var_banda": 8.869621658300679e+22,
      "var_total": 4.345026272422728e+22,
      "concentracion": 2.0413,
      "gradiente_t": 0.0001,
      "score": 2.0416,
      "flip_en_banda": true,
      "nivel_flip": 29327.8552,
      "valor_spot_now": 21902363096.96,
      "percentil_spot": 51.7,
      "interpretacion": "ALTA \u2014 domina el comportamiento cerca del spot"
    },
    "vomma": {
      "n_strikes_banda": 29,
      "var_banda": 2.9391253698327044e+29,
      "var_total": 3.504606892537829e+29,
      "concentracion": 0.8386,
      "gradiente_t": 0.0145,
      "score": 0.8508,
      "flip_en_banda": false,
      "nivel_flip": null,
      "valor_spot_now": 1110815339402912.0,
      "percentil_spot": 10.3,
      "interpretacion": "ALTA \u2014 domina el comportamiento cerca del spot"
    },
    "zomma": {
      "n_strikes_banda": 29,
      "var_banda": 2.1525922515643423e+28,
      "var_total": 1.1629922549118767e+28,
      "concentracion": 1.8509,
      "gradiente_t": 0.0015,
      "score": 1.8537,
      "flip_en_banda": true,
      "nivel_flip": 29504.9865,
      "valor_spot_now": -341561521169364.9,
      "percentil_spot": 6.9,
      "interpretacion": "ALTA \u2014 domina el comportamiento cerca del spot"
    }
  },
  "tiene_inv": false
}