{
  "activo": "NDX",
  "spot": 27710.357,
  "banda_pct": 0.01,
  "minutos_ahora": 900,
  "generated_at": "2026-05-04 07:05:34",
  "ranking": [
    "gamma",
    "color",
    "speed",
    "vanna",
    "charm",
    "delta"
  ],
  "lider": "gamma",
  "resumen": [
    "#1 GEX  \u2014 Gamma Exposure                score=0.877  conc=0.876  grad=0.001  val@spot=4.09e+08  p50 | FLIP en 27549.35",
    "#2 COLOR \u2014 Color (dGamma/dT)            score=0.715  conc=0.715  grad=0.000  val@spot=-4.17e+14  p54 | FLIP en 27688.30",
    "#3 SPEED \u2014 Speed (dGamma/dS)            score=0.631  conc=0.631  grad=0.001  val@spot=7.61e+10  p91",
    "#4 VEX  \u2014 Vanna Exposure                score=0.486  conc=0.485  grad=0.002  val@spot=1.68e+12  p96",
    "#5 CHARM \u2014 Charm (dDelta/dT)            score=0.279  conc=0.279  grad=0.000  val@spot=-4.62e+11  p4",
    "#6 DEX  \u2014 Net Delta Exposure            score=0.202  conc=0.201  grad=0.004  val@spot=4.21e+09  p50"
  ],
  "por_superficie": {
    "gamma": {
      "n_strikes_banda": 22,
      "var_banda": 7.474179184054716e+17,
      "var_total": 8.52844418655907e+17,
      "concentracion": 0.8764,
      "gradiente_t": 0.0013,
      "score": 0.8775,
      "flip_en_banda": true,
      "nivel_flip": 27549.3504,
      "valor_spot_now": 409385972.43,
      "percentil_spot": 50.0,
      "interpretacion": "ALTA \u2014 domina el comportamiento cerca del spot"
    },
    "vanna": {
      "n_strikes_banda": 22,
      "var_banda": 2.0129238615863557e+23,
      "var_total": 4.146535759860125e+23,
      "concentracion": 0.4854,
      "gradiente_t": 0.0017,
      "score": 0.4863,
      "flip_en_banda": false,
      "nivel_flip": null,
      "valor_spot_now": 1682394700111.86,
      "percentil_spot": 95.5,
      "interpretacion": "MEDIA \u2014 relevante, monitorear en conjunto"
    },
    "delta": {
      "n_strikes_banda": 22,
      "var_banda": 4.368700729182383e+17,
      "var_total": 2.1726873445692882e+18,
      "concentracion": 0.2011,
      "gradiente_t": 0.0044,
      "score": 0.202,
      "flip_en_banda": false,
      "nivel_flip": null,
      "valor_spot_now": 4205844022.39,
      "percentil_spot": 50.0,
      "interpretacion": "BAJA \u2014 energ\u00eda dispersa lejos del spot"
    },
    "charm": {
      "n_strikes_banda": 22,
      "var_banda": 1.2002663947710796e+23,
      "var_total": 4.306164921751785e+23,
      "concentracion": 0.2787,
      "gradiente_t": 0.0003,
      "score": 0.2788,
      "flip_en_banda": false,
      "nivel_flip": null,
      "valor_spot_now": -461887762836.58,
      "percentil_spot": 4.5,
      "interpretacion": "BAJA \u2014 energ\u00eda dispersa lejos del spot"
    },
    "color": {
      "n_strikes_banda": 22,
      "var_banda": 4.7116446412016913e+33,
      "var_total": 6.587391011881896e+33,
      "concentracion": 0.7153,
      "gradiente_t": 0.0,
      "score": 0.7153,
      "flip_en_banda": true,
      "nivel_flip": 27688.3001,
      "valor_spot_now": -417370630135254.5,
      "percentil_spot": 54.5,
      "interpretacion": "ALTA \u2014 domina el comportamiento cerca del spot"
    },
    "speed": {
      "n_strikes_banda": 22,
      "var_banda": 5.369815492948693e+21,
      "var_total": 8.511335363116562e+21,
      "concentracion": 0.6309,
      "gradiente_t": 0.0006,
      "score": 0.6313,
      "flip_en_banda": false,
      "nivel_flip": null,
      "valor_spot_now": 76081295088.56,
      "percentil_spot": 90.9,
      "interpretacion": "ALTA \u2014 domina el comportamiento cerca del spot"
    }
  }
}