{
  "activo": "NDX",
  "spot": 30004.75,
  "banda_pct": 0.01,
  "minutos_ahora": 900,
  "generated_at": "2026-05-26 09:26:55",
  "ranking": [
    "color",
    "zomma",
    "speed",
    "vomma",
    "charm",
    "gamma",
    "vanna",
    "delta"
  ],
  "lider": "color",
  "resumen": [
    "#1 COLOR     \u2014 Color dGamma/dT (OI)            score=1.627  conc=1.627  grad=0.000  val@spot=-4.34e+15  p52 | FLIP en 29822.79",
    "#2 ZOMMA     \u2014 Zomma dGamma/dVol (OI)          score=1.452  conc=1.449  grad=0.002  val@spot=-1.00e+14  p52 | FLIP en 29804.66",
    "#3 SPEED     \u2014 Speed dGamma/dS (OI)            score=1.199  conc=1.199  grad=0.000  val@spot=3.92e+10  p52 | FLIP en 30134.80",
    "#4 VOMMA     \u2014 Vomma dVega/dVol (OI)           score=1.016  conc=1.005  grad=0.011  val@spot=2.26e+15  p52",
    "#5 CHARM     \u2014 Charm dDelta/dT (OI)            score=0.956  conc=0.956  grad=0.000  val@spot=-1.62e+11  p50 | FLIP en 30235.46",
    "#6 GEX       \u2014 Gamma Exposure (OI)             score=0.622  conc=0.621  grad=0.002  val@spot=1.76e+09  p53",
    "#7 VEX       \u2014 Vanna Exposure (OI)             score=0.548  conc=0.546  grad=0.004  val@spot=7.79e+11  p52 | FLIP en 30175.23",
    "#8 DEX       \u2014 Net Delta (OI)                  score=0.323  conc=0.322  grad=0.001  val@spot=4.07e+09  p50"
  ],
  "por_superficie": {
    "gamma": {
      "n_strikes_banda": 60,
      "var_banda": 2.011789825893841e+17,
      "var_total": 3.241192423353555e+17,
      "concentracion": 0.6207,
      "gradiente_t": 0.0019,
      "score": 0.6219,
      "flip_en_banda": false,
      "nivel_flip": null,
      "valor_spot_now": 1756697309.62,
      "percentil_spot": 53.3,
      "interpretacion": "ALTA \u2014 domina el comportamiento cerca del spot"
    },
    "vanna": {
      "n_strikes_banda": 60,
      "var_banda": 1.8142802067320093e+23,
      "var_total": 3.3236689485128846e+23,
      "concentracion": 0.5459,
      "gradiente_t": 0.0038,
      "score": 0.5479,
      "flip_en_banda": true,
      "nivel_flip": 30175.2326,
      "valor_spot_now": 779487192590.99,
      "percentil_spot": 51.7,
      "interpretacion": "MEDIA \u2014 relevante, monitorear en conjunto"
    },
    "delta": {
      "n_strikes_banda": 60,
      "var_banda": 1.323067045606981e+18,
      "var_total": 4.1076998663341604e+18,
      "concentracion": 0.3221,
      "gradiente_t": 0.0013,
      "score": 0.3225,
      "flip_en_banda": false,
      "nivel_flip": null,
      "valor_spot_now": 4074898249.44,
      "percentil_spot": 50.0,
      "interpretacion": "MEDIA \u2014 relevante, monitorear en conjunto"
    },
    "charm": {
      "n_strikes_banda": 60,
      "var_banda": 8.643838142932419e+22,
      "var_total": 9.04313630098844e+22,
      "concentracion": 0.9558,
      "gradiente_t": 0.0002,
      "score": 0.9561,
      "flip_en_banda": true,
      "nivel_flip": 30235.4615,
      "valor_spot_now": -161947879341.06,
      "percentil_spot": 50.0,
      "interpretacion": "ALTA \u2014 domina el comportamiento cerca del spot"
    },
    "color": {
      "n_strikes_banda": 60,
      "var_banda": 2.34446893452476e+34,
      "var_total": 1.4411169267625502e+34,
      "concentracion": 1.6268,
      "gradiente_t": 0.0,
      "score": 1.6269,
      "flip_en_banda": true,
      "nivel_flip": 29822.7868,
      "valor_spot_now": -4340238587252804.0,
      "percentil_spot": 51.7,
      "interpretacion": "ALTA \u2014 domina el comportamiento cerca del spot"
    },
    "speed": {
      "n_strikes_banda": 60,
      "var_banda": 1.708779423828456e+22,
      "var_total": 1.4255764339323837e+22,
      "concentracion": 1.1987,
      "gradiente_t": 0.0002,
      "score": 1.1989,
      "flip_en_banda": true,
      "nivel_flip": 30134.8036,
      "valor_spot_now": 39178569996.96,
      "percentil_spot": 51.7,
      "interpretacion": "ALTA \u2014 domina el comportamiento cerca del spot"
    },
    "vomma": {
      "n_strikes_banda": 60,
      "var_banda": 4.9934024346889535e+29,
      "var_total": 4.9703069840808495e+29,
      "concentracion": 1.0046,
      "gradiente_t": 0.0115,
      "score": 1.0162,
      "flip_en_banda": false,
      "nivel_flip": null,
      "valor_spot_now": 2258567070203691.0,
      "percentil_spot": 51.7,
      "interpretacion": "ALTA \u2014 domina el comportamiento cerca del spot"
    },
    "zomma": {
      "n_strikes_banda": 60,
      "var_banda": 5.22419830260712e+27,
      "var_total": 3.6051848720832193e+27,
      "concentracion": 1.4491,
      "gradiente_t": 0.0017,
      "score": 1.4516,
      "flip_en_banda": true,
      "nivel_flip": 29804.6558,
      "valor_spot_now": -100356890713870.42,
      "percentil_spot": 51.7,
      "interpretacion": "ALTA \u2014 domina el comportamiento cerca del spot"
    }
  },
  "tiene_inv": false
}