{
  "activo": "NDX",
  "spot": 28508.027,
  "banda_pct": 0.01,
  "minutos_ahora": 900,
  "generated_at": "2026-06-10 23:44:43",
  "ranking": [
    "color",
    "speed",
    "charm",
    "zomma",
    "gamma",
    "vomma",
    "vanna",
    "delta"
  ],
  "lider": "color",
  "resumen": [
    "#1 COLOR     \u2014 Color dGamma/dT (OI)            score=1.341  conc=1.341  grad=0.000  val@spot=1.20e+15  p61",
    "#2 SPEED     \u2014 Speed dGamma/dS (OI)            score=1.114  conc=1.114  grad=0.000  val@spot=1.75e+09  p51 | FLIP en 28311.17",
    "#3 CHARM     \u2014 Charm dDelta/dT (OI)            score=0.983  conc=0.983  grad=0.000  val@spot=-1.64e+10  p51 | FLIP en 28401.77",
    "#4 ZOMMA     \u2014 Zomma dGamma/dVol (OI)          score=0.939  conc=0.939  grad=0.000  val@spot=9.63e+12  p54",
    "#5 GEX       \u2014 Gamma Exposure (OI)             score=0.317  conc=0.316  grad=0.003  val@spot=-2.70e+08  p49",
    "#6 VOMMA     \u2014 Vomma dVega/dVol (OI)           score=0.238  conc=0.238  grad=0.003  val@spot=-1.36e+14  p54",
    "#7 VEX       \u2014 Vanna Exposure (OI)             score=0.177  conc=0.177  grad=0.000  val@spot=4.32e+10  p51 | FLIP en 28385.42",
    "#8 DEX       \u2014 Net Delta (OI)                  score=0.077  conc=0.077  grad=0.001  val@spot=1.25e+09  p51"
  ],
  "por_superficie": {
    "gamma": {
      "n_strikes_banda": 57,
      "var_banda": 4278336629800356.0,
      "var_total": 1.3527695019196622e+16,
      "concentracion": 0.3163,
      "gradiente_t": 0.0027,
      "score": 0.3171,
      "flip_en_banda": false,
      "nivel_flip": null,
      "valor_spot_now": -270067252.97,
      "percentil_spot": 49.1,
      "interpretacion": "MEDIA \u2014 relevante, monitorear en conjunto"
    },
    "vanna": {
      "n_strikes_banda": 57,
      "var_banda": 2.405503069696189e+21,
      "var_total": 1.3551969844661351e+22,
      "concentracion": 0.1775,
      "gradiente_t": 0.0002,
      "score": 0.1775,
      "flip_en_banda": true,
      "nivel_flip": 28385.4209,
      "valor_spot_now": 43212954335.21,
      "percentil_spot": 50.9,
      "interpretacion": "BAJA \u2014 energ\u00eda dispersa lejos del spot"
    },
    "delta": {
      "n_strikes_banda": 57,
      "var_banda": 4.002029391829324e+16,
      "var_total": 5.207553366037197e+17,
      "concentracion": 0.0769,
      "gradiente_t": 0.0008,
      "score": 0.0769,
      "flip_en_banda": false,
      "nivel_flip": null,
      "valor_spot_now": 1252729395.4,
      "percentil_spot": 50.9,
      "interpretacion": "BAJA \u2014 energ\u00eda dispersa lejos del spot"
    },
    "charm": {
      "n_strikes_banda": 57,
      "var_banda": 4.315586201675182e+22,
      "var_total": 4.390210219203804e+22,
      "concentracion": 0.983,
      "gradiente_t": 0.0001,
      "score": 0.9831,
      "flip_en_banda": true,
      "nivel_flip": 28401.7703,
      "valor_spot_now": -16357481806.5,
      "percentil_spot": 50.9,
      "interpretacion": "ALTA \u2014 domina el comportamiento cerca del spot"
    },
    "color": {
      "n_strikes_banda": 57,
      "var_banda": 9.627090115748496e+32,
      "var_total": 7.176536789424114e+32,
      "concentracion": 1.3415,
      "gradiente_t": 0.0,
      "score": 1.3415,
      "flip_en_banda": false,
      "nivel_flip": null,
      "valor_spot_now": 1204287676706818.8,
      "percentil_spot": 61.4,
      "interpretacion": "ALTA \u2014 domina el comportamiento cerca del spot"
    },
    "speed": {
      "n_strikes_banda": 57,
      "var_banda": 1.665016844466538e+20,
      "var_total": 1.4952118457052994e+20,
      "concentracion": 1.1136,
      "gradiente_t": 0.0001,
      "score": 1.1137,
      "flip_en_banda": true,
      "nivel_flip": 28311.1733,
      "valor_spot_now": 1750883320.93,
      "percentil_spot": 50.9,
      "interpretacion": "ALTA \u2014 domina el comportamiento cerca del spot"
    },
    "vomma": {
      "n_strikes_banda": 57,
      "var_banda": 1.6201219312785732e+27,
      "var_total": 6.813847733910403e+27,
      "concentracion": 0.2378,
      "gradiente_t": 0.0031,
      "score": 0.2385,
      "flip_en_banda": false,
      "nivel_flip": null,
      "valor_spot_now": -136469412083787.69,
      "percentil_spot": 54.4,
      "interpretacion": "BAJA \u2014 energ\u00eda dispersa lejos del spot"
    },
    "zomma": {
      "n_strikes_banda": 57,
      "var_banda": 2.6365289093494086e+25,
      "var_total": 2.8088161661922907e+25,
      "concentracion": 0.9387,
      "gradiente_t": 0.0002,
      "score": 0.9388,
      "flip_en_banda": false,
      "nivel_flip": null,
      "valor_spot_now": 9632472316380.04,
      "percentil_spot": 54.4,
      "interpretacion": "ALTA \u2014 domina el comportamiento cerca del spot"
    }
  },
  "tiene_inv": false
}