strike,oi_c,oi_p,vol_c,vol_p,oi_net,vol_net,gex,vex,dex,inv_gex,inv_vex_call,inv_vex_put
27990.0,27980.0,27970.0,27960.0,27950.0,10.0,10.0,371708.50873369136,372708.58064145164,-938946.0591504104,-0.4336148598804357,1327.3181496672037,-1327.751764527084
