strike,oi_c,oi_p,vol_c,vol_p,oi_net,vol_net,gex,vex,dex,inv_gex,inv_vex_call,inv_vex_put
28180.0,28170.0,28160.0,28150.0,28140.0,10.0,10.0,73740.12343999236,74488.60752078495,-487581.0599229735,0.009867666282218579,420.49444491610626,-420.48457724982404
