strike,oi_c,oi_p,vol_c,vol_p,oi_net,vol_net,gex,vex,dex,inv_gex,inv_vex_call,inv_vex_put
28080.0,28070.0,28060.0,28050.0,28040.0,10.0,10.0,149920.3782256211,150800.88735577685,-657407.902050843,0.05504030835800222,1513.9157071567734,-1513.8606668484153
