strike,oi_c,oi_p,vol_c,vol_p,oi_net,vol_net,gex,vex,dex,inv_gex,inv_vex_call,inv_vex_put
28130.0,28120.0,28110.0,28100.0,28090.0,10.0,10.0,11272.437421733286,11766.408889072705,-183747.96222352597,0.0015625052978407439,263.29834037070367,-263.29677786540583
