strike,oi_c,oi_p,vol_c,vol_p,oi_net,vol_net,gex,vex,dex,inv_gex,inv_vex_call,inv_vex_put
28080.0,28070.0,28060.0,28050.0,28040.0,10.0,10.0,243664.10168247926,244626.6761581602,-796979.755959786,0.13614992920975055,3204.4487748032443,-3204.3126248740346
