strike,oi_c,oi_p,vol_c,vol_p,oi_net,vol_net,gex,vex,dex,inv_gex,inv_vex_call,inv_vex_put
28130.0,28120.0,28110.0,28100.0,28090.0,10.0,10.0,52736.53002604548,53426.504610920645,-417998.38107562665,0.01937211392782956,1116.2603106236757,-1116.2409385097478
