strike,oi_c,oi_p,vol_c,vol_p,oi_net,vol_net,gex,vex,dex,inv_gex,inv_vex_call,inv_vex_put
28080.0,0.0,0.0,0.0,0.0,0.0,0.0,0.0,0.0,0.0,0.13614992920975055,3204.4487748032443,-3204.3126248740346
