strike,oi_c,oi_p,vol_c,vol_p,oi_net,vol_net,gex,vex,dex,inv_gex,inv_vex_call,inv_vex_put
28080.0,28070.0,28060.0,28050.0,28040.0,10.0,10.0,157561.7238722561,158452.6326727815,-670378.6443063488,0.07617987212506705,2040.6358418516356,-2040.5596619795106
