strike,oi_c,oi_p,vol_c,vol_p,oi_net,vol_net,gex,vex,dex,inv_gex,inv_vex_call,inv_vex_put
28130.0,28120.0,28110.0,28100.0,28090.0,10.0,10.0,47050.58949045267,47720.91071793478,-396149.0382516393,0.012269536392750524,734.2922250027837,-734.2799554663909
