strike,oi_c,oi_p,vol_c,vol_p,oi_net,vol_net,gex,vex,dex,inv_gex,inv_vex_call,inv_vex_put
28080.0,28070.0,28060.0,28050.0,28040.0,10.0,10.0,203871.76107671863,204806.479954053,-743228.7475630046,0.10350711250111999,2607.7604770008993,-2607.656969888398
