strike,oi_c,oi_p,vol_c,vol_p,oi_net,vol_net,gex,vex,dex,inv_gex,inv_vex_call,inv_vex_put
28230.0,28220.0,28210.0,28200.0,28190.0,10.0,10.0,28091.646896172624,28683.959595774944,-306559.7232551159,0.003785895905821235,321.4145365101652,-321.41075061425937
