strike,oi_c,oi_p,vol_c,vol_p,oi_net,vol_net,gex,vex,dex,inv_gex,inv_vex_call,inv_vex_put,inv_net
30380.0,30370.0,30360.0,30350.0,30340.0,10.0,10.0,-3805.239148885849,-3471.8657238708265,48261.82551881975,-0.11486913377638075,344.6297445593614,-344.7446136931378,121360.0
