strike,oi_c,oi_p,vol_c,vol_p,oi_net,vol_net,gex,vex,dex,inv_gex,inv_vex_call,inv_vex_put
28130.0,28120.0,28110.0,28100.0,28090.0,10.0,10.0,383881.98845396366,384902.03392118367,-947491.0234709614,0.0999267945169322,1349.4858679100407,-1349.3859411155238
