strike,oi_c,oi_p,vol_c,vol_p,oi_net,vol_net,gex,vex,dex,inv_gex,inv_vex_call,inv_vex_put
28080.0,28070.0,28060.0,28050.0,28040.0,10.0,10.0,19653.674777746895,20198.36344842102,-252810.7197370924,0.0026951573799465223,293.3829136274762,-293.3802184700963
