strike,oi_c,oi_p,vol_c,vol_p,oi_net,vol_net,gex,vex,dex,inv_gex,inv_vex_call,inv_vex_put,inv_net
31180.0,31170.0,31160.0,31150.0,31140.0,10.0,10.0,33186.493107617905,33831.18685896435,-341730.5023323295,-0.6298963860456297,1028.9231855928535,-1029.5530819788992,186828.0
