strike,oi_c,oi_p,vol_c,vol_p,oi_net,vol_net,gex,vex,dex,inv_gex,inv_vex_call,inv_vex_put,inv_net
30380.0,30370.0,30360.0,30350.0,30340.0,10.0,10.0,215288.0188166117,216288.13561071077,-774490.2838670942,-5.190810521761705,591.7796837039167,-596.9704942256784,60595.0
