{
  "activo": "NQ",
  "spot": 29297.0,
  "banda_pct": 0.01,
  "minutos_ahora": 900,
  "generated_at": "2026-05-10 20:12:21",
  "ranking": [
    "zomma",
    "color",
    "gamma",
    "speed",
    "charm",
    "vanna",
    "vomma",
    "delta"
  ],
  "lider": "zomma",
  "resumen": [
    "#1 ZOMMA     \u2014 Zomma dGamma/dVol (OI)          score=1.402  conc=1.401  grad=0.001  val@spot=-6.96e+13  p52 | FLIP en 29263.22",
    "#2 COLOR     \u2014 Color dGamma/dT (OI)            score=1.064  conc=1.064  grad=0.000  val@spot=-2.27e+15  p52 | FLIP en 29266.25",
    "#3 GEX       \u2014 Gamma Exposure (OI)             score=0.920  conc=0.919  grad=0.002  val@spot=8.30e+08  p52 | FLIP en 29188.71",
    "#4 SPEED     \u2014 Speed dGamma/dS (OI)            score=0.874  conc=0.874  grad=0.000  val@spot=2.17e+11  p90",
    "#5 CHARM     \u2014 Charm dDelta/dT (OI)            score=0.831  conc=0.831  grad=0.000  val@spot=-3.32e+11  p14",
    "#6 VEX       \u2014 Vanna Exposure (OI)             score=0.568  conc=0.564  grad=0.007  val@spot=2.61e+12  p90",
    "#7 VOMMA     \u2014 Vomma dVega/dVol (OI)           score=0.291  conc=0.287  grad=0.015  val@spot=8.29e+14  p52",
    "#8 DEX       \u2014 Net Delta (OI)                  score=0.288  conc=0.287  grad=0.002  val@spot=4.62e+09  p45"
  ],
  "por_superficie": {
    "gamma": {
      "n_strikes_banda": 29,
      "var_banda": 2.466556360936901e+18,
      "var_total": 2.684448713983452e+18,
      "concentracion": 0.9188,
      "gradiente_t": 0.0018,
      "score": 0.9205,
      "flip_en_banda": true,
      "nivel_flip": 29188.7135,
      "valor_spot_now": 830268755.12,
      "percentil_spot": 51.7,
      "interpretacion": "ALTA \u2014 domina el comportamiento cerca del spot"
    },
    "vanna": {
      "n_strikes_banda": 29,
      "var_banda": 5.877489221742947e+23,
      "var_total": 1.0414899757157503e+24,
      "concentracion": 0.5643,
      "gradiente_t": 0.0071,
      "score": 0.5683,
      "flip_en_banda": false,
      "nivel_flip": null,
      "valor_spot_now": 2613183554910.61,
      "percentil_spot": 89.7,
      "interpretacion": "MEDIA \u2014 relevante, monitorear en conjunto"
    },
    "delta": {
      "n_strikes_banda": 29,
      "var_banda": 5.737744278326191e+17,
      "var_total": 1.9988539427631944e+18,
      "concentracion": 0.2871,
      "gradiente_t": 0.0022,
      "score": 0.2877,
      "flip_en_banda": false,
      "nivel_flip": null,
      "valor_spot_now": 4624833351.84,
      "percentil_spot": 44.8,
      "interpretacion": "BAJA \u2014 energ\u00eda dispersa lejos del spot"
    },
    "charm": {
      "n_strikes_banda": 29,
      "var_banda": 1.2540884996884488e+23,
      "var_total": 1.5099587855384376e+23,
      "concentracion": 0.8305,
      "gradiente_t": 0.0002,
      "score": 0.8307,
      "flip_en_banda": false,
      "nivel_flip": null,
      "valor_spot_now": -332365794189.68,
      "percentil_spot": 13.8,
      "interpretacion": "ALTA \u2014 domina el comportamiento cerca del spot"
    },
    "color": {
      "n_strikes_banda": 29,
      "var_banda": 6.219428550433541e+34,
      "var_total": 5.843825308813314e+34,
      "concentracion": 1.0643,
      "gradiente_t": 0.0,
      "score": 1.0643,
      "flip_en_banda": true,
      "nivel_flip": 29266.2496,
      "valor_spot_now": -2274640061013798.0,
      "percentil_spot": 51.7,
      "interpretacion": "ALTA \u2014 domina el comportamiento cerca del spot"
    },
    "speed": {
      "n_strikes_banda": 29,
      "var_banda": 6.5201141014857475e+22,
      "var_total": 7.461805459058921e+22,
      "concentracion": 0.8738,
      "gradiente_t": 0.0002,
      "score": 0.874,
      "flip_en_banda": false,
      "nivel_flip": null,
      "valor_spot_now": 217460057781.96,
      "percentil_spot": 89.7,
      "interpretacion": "ALTA \u2014 domina el comportamiento cerca del spot"
    },
    "vomma": {
      "n_strikes_banda": 29,
      "var_banda": 2.0896694198494425e+29,
      "var_total": 7.27742991198159e+29,
      "concentracion": 0.2871,
      "gradiente_t": 0.015,
      "score": 0.2914,
      "flip_en_banda": false,
      "nivel_flip": null,
      "valor_spot_now": 829139114275335.0,
      "percentil_spot": 51.7,
      "interpretacion": "BAJA \u2014 energ\u00eda dispersa lejos del spot"
    },
    "zomma": {
      "n_strikes_banda": 29,
      "var_banda": 3.650400238812701e+28,
      "var_total": 2.604628615181871e+28,
      "concentracion": 1.4015,
      "gradiente_t": 0.0005,
      "score": 1.4021,
      "flip_en_banda": true,
      "nivel_flip": 29263.2168,
      "valor_spot_now": -69565517321587.97,
      "percentil_spot": 51.7,
      "interpretacion": "ALTA \u2014 domina el comportamiento cerca del spot"
    }
  },
  "tiene_inv": false
}