{
  "activo": "NQ",
  "spot": 29563.75,
  "banda_pct": 0.01,
  "minutos_ahora": 900,
  "generated_at": "2026-06-08 22:37:11",
  "ranking": [
    "zomma",
    "vanna",
    "gamma",
    "speed",
    "color",
    "vomma",
    "charm",
    "delta"
  ],
  "lider": "zomma",
  "resumen": [
    "#1 ZOMMA     \u2014 Zomma dGamma/dVol (OI)          score=0.673  conc=0.672  grad=0.001  val@spot=-6.17e+13  p51 | FLIP en 29477.54",
    "#2 VEX       \u2014 Vanna Exposure (OI)             score=0.586  conc=0.581  grad=0.009  val@spot=1.84e+12  p75",
    "#3 GEX       \u2014 Gamma Exposure (OI)             score=0.528  conc=0.528  grad=0.001  val@spot=5.99e+08  p51 | FLIP en 29432.53",
    "#4 SPEED     \u2014 Speed dGamma/dS (OI)            score=0.472  conc=0.472  grad=0.000  val@spot=1.36e+11  p81",
    "#5 COLOR     \u2014 Color dGamma/dT (OI)            score=0.435  conc=0.435  grad=0.000  val@spot=-3.15e+15  p51 | FLIP en 29458.78",
    "#6 VOMMA     \u2014 Vomma dVega/dVol (OI)           score=0.335  conc=0.331  grad=0.013  val@spot=1.29e+14  p29",
    "#7 CHARM     \u2014 Charm dDelta/dT (OI)            score=0.324  conc=0.323  grad=0.000  val@spot=-2.66e+11  p34",
    "#8 DEX       \u2014 Net Delta (OI)                  score=0.314  conc=0.313  grad=0.002  val@spot=4.63e+09  p49"
  ],
  "por_superficie": {
    "gamma": {
      "n_strikes_banda": 59,
      "var_banda": 9.2072278366999e+17,
      "var_total": 1.744290969257171e+18,
      "concentracion": 0.5278,
      "gradiente_t": 0.0007,
      "score": 0.5282,
      "flip_en_banda": true,
      "nivel_flip": 29432.5296,
      "valor_spot_now": 599418611.44,
      "percentil_spot": 50.8,
      "interpretacion": "MEDIA \u2014 relevante, monitorear en conjunto"
    },
    "vanna": {
      "n_strikes_banda": 59,
      "var_banda": 3.243027304444968e+23,
      "var_total": 5.5791175921011706e+23,
      "concentracion": 0.5813,
      "gradiente_t": 0.0086,
      "score": 0.5863,
      "flip_en_banda": false,
      "nivel_flip": null,
      "valor_spot_now": 1843604515348.9,
      "percentil_spot": 74.6,
      "interpretacion": "MEDIA \u2014 relevante, monitorear en conjunto"
    },
    "delta": {
      "n_strikes_banda": 59,
      "var_banda": 3.768865833763482e+17,
      "var_total": 1.2026812743717373e+18,
      "concentracion": 0.3134,
      "gradiente_t": 0.0022,
      "score": 0.3141,
      "flip_en_banda": false,
      "nivel_flip": null,
      "valor_spot_now": 4633836165.43,
      "percentil_spot": 49.2,
      "interpretacion": "MEDIA \u2014 relevante, monitorear en conjunto"
    },
    "charm": {
      "n_strikes_banda": 59,
      "var_banda": 1.08582777318048e+23,
      "var_total": 3.357074303080331e+23,
      "concentracion": 0.3234,
      "gradiente_t": 0.0001,
      "score": 0.3235,
      "flip_en_banda": false,
      "nivel_flip": null,
      "valor_spot_now": -265628832331.61,
      "percentil_spot": 33.9,
      "interpretacion": "MEDIA \u2014 relevante, monitorear en conjunto"
    },
    "color": {
      "n_strikes_banda": 59,
      "var_banda": 3.0665464362693627e+34,
      "var_total": 7.056770408050241e+34,
      "concentracion": 0.4346,
      "gradiente_t": 0.0,
      "score": 0.4346,
      "flip_en_banda": true,
      "nivel_flip": 29458.7847,
      "valor_spot_now": -3150879871656813.0,
      "percentil_spot": 50.8,
      "interpretacion": "MEDIA \u2014 relevante, monitorear en conjunto"
    },
    "speed": {
      "n_strikes_banda": 59,
      "var_banda": 3.035638655432482e+22,
      "var_total": 6.436133978517106e+22,
      "concentracion": 0.4717,
      "gradiente_t": 0.0001,
      "score": 0.4717,
      "flip_en_banda": false,
      "nivel_flip": null,
      "valor_spot_now": 136287954509.82,
      "percentil_spot": 81.4,
      "interpretacion": "MEDIA \u2014 relevante, monitorear en conjunto"
    },
    "vomma": {
      "n_strikes_banda": 59,
      "var_banda": 1.1735924776350233e+29,
      "var_total": 3.5505658852500015e+29,
      "concentracion": 0.3305,
      "gradiente_t": 0.0133,
      "score": 0.3349,
      "flip_en_banda": false,
      "nivel_flip": null,
      "valor_spot_now": 128598239710956.0,
      "percentil_spot": 28.8,
      "interpretacion": "MEDIA \u2014 relevante, monitorear en conjunto"
    },
    "zomma": {
      "n_strikes_banda": 59,
      "var_banda": 8.327636101397996e+27,
      "var_total": 1.238712568549933e+28,
      "concentracion": 0.6723,
      "gradiente_t": 0.0005,
      "score": 0.6726,
      "flip_en_banda": true,
      "nivel_flip": 29477.5434,
      "valor_spot_now": -61669743545281.22,
      "percentil_spot": 50.8,
      "interpretacion": "ALTA \u2014 domina el comportamiento cerca del spot"
    }
  },
  "tiene_inv": false
}