{
  "activo": "NQ",
  "spot": 30238.25,
  "banda_pct": 0.01,
  "minutos_ahora": 900,
  "generated_at": "2026-05-28 20:26:28",
  "ranking": [
    "speed",
    "color",
    "charm",
    "zomma",
    "vanna",
    "gamma",
    "vomma",
    "delta"
  ],
  "lider": "speed",
  "resumen": [
    "#1 SPEED     \u2014 Speed dGamma/dS (OI)            score=1.772  conc=1.772  grad=0.000  val@spot=1.53e+11  p51 | FLIP en 30333.57",
    "#2 COLOR     \u2014 Color dGamma/dT (OI)            score=1.754  conc=1.754  grad=0.000  val@spot=-1.35e+16  p25 | FLIP en 30081.61",
    "#3 CHARM     \u2014 Charm dDelta/dT (OI)            score=1.728  conc=1.728  grad=0.000  val@spot=-1.79e+11  p51 | FLIP en 30348.29",
    "#4 ZOMMA     \u2014 Zomma dGamma/dVol (OI)          score=1.550  conc=1.548  grad=0.001  val@spot=-4.46e+14  p25 | FLIP en 30084.80",
    "#5 VEX       \u2014 Vanna Exposure (OI)             score=1.473  conc=1.466  grad=0.005  val@spot=1.62e+12  p51 | FLIP en 30337.87",
    "#6 GEX       \u2014 Gamma Exposure (OI)             score=0.842  conc=0.841  grad=0.001  val@spot=3.13e+09  p67",
    "#7 VOMMA     \u2014 Vomma dVega/dVol (OI)           score=0.772  conc=0.766  grad=0.008  val@spot=2.13e+15  p16",
    "#8 DEX       \u2014 Net Delta (OI)                  score=0.494  conc=0.493  grad=0.001  val@spot=9.40e+09  p51"
  ],
  "por_superficie": {
    "gamma": {
      "n_strikes_banda": 61,
      "var_banda": 2.2935463753906934e+18,
      "var_total": 2.728077403993527e+18,
      "concentracion": 0.8407,
      "gradiente_t": 0.001,
      "score": 0.8416,
      "flip_en_banda": false,
      "nivel_flip": null,
      "valor_spot_now": 3130697984.08,
      "percentil_spot": 67.2,
      "interpretacion": "ALTA \u2014 domina el comportamiento cerca del spot"
    },
    "vanna": {
      "n_strikes_banda": 61,
      "var_banda": 2.106386339593696e+24,
      "var_total": 1.4372377854349386e+24,
      "concentracion": 1.4656,
      "gradiente_t": 0.005,
      "score": 1.4729,
      "flip_en_banda": true,
      "nivel_flip": 30337.8678,
      "valor_spot_now": 1621658087474.96,
      "percentil_spot": 50.8,
      "interpretacion": "ALTA \u2014 domina el comportamiento cerca del spot"
    },
    "delta": {
      "n_strikes_banda": 61,
      "var_banda": 4.1938885965557094e+18,
      "var_total": 8.504290024259325e+18,
      "concentracion": 0.4931,
      "gradiente_t": 0.001,
      "score": 0.4936,
      "flip_en_banda": false,
      "nivel_flip": null,
      "valor_spot_now": 9398406287.25,
      "percentil_spot": 50.8,
      "interpretacion": "MEDIA \u2014 relevante, monitorear en conjunto"
    },
    "charm": {
      "n_strikes_banda": 61,
      "var_banda": 5.089855877674981e+23,
      "var_total": 2.9450561504870354e+23,
      "concentracion": 1.7283,
      "gradiente_t": 0.0001,
      "score": 1.7285,
      "flip_en_banda": true,
      "nivel_flip": 30348.2853,
      "valor_spot_now": -178888539255.3,
      "percentil_spot": 50.8,
      "interpretacion": "ALTA \u2014 domina el comportamiento cerca del spot"
    },
    "color": {
      "n_strikes_banda": 61,
      "var_banda": 2.787136828344955e+35,
      "var_total": 1.5891837040879972e+35,
      "concentracion": 1.7538,
      "gradiente_t": 0.0,
      "score": 1.7538,
      "flip_en_banda": true,
      "nivel_flip": 30081.6139,
      "valor_spot_now": -1.3489133293390652e+16,
      "percentil_spot": 24.6,
      "interpretacion": "ALTA \u2014 domina el comportamiento cerca del spot"
    },
    "speed": {
      "n_strikes_banda": 61,
      "var_banda": 5.307406453362434e+23,
      "var_total": 2.995380804740743e+23,
      "concentracion": 1.7719,
      "gradiente_t": 0.0001,
      "score": 1.7721,
      "flip_en_banda": true,
      "nivel_flip": 30333.5711,
      "valor_spot_now": 152559803297.91,
      "percentil_spot": 50.8,
      "interpretacion": "ALTA \u2014 domina el comportamiento cerca del spot"
    },
    "vomma": {
      "n_strikes_banda": 61,
      "var_banda": 1.544917374310454e+30,
      "var_total": 2.0175955494545938e+30,
      "concentracion": 0.7657,
      "gradiente_t": 0.0079,
      "score": 0.7718,
      "flip_en_banda": false,
      "nivel_flip": null,
      "valor_spot_now": 2130158349970216.0,
      "percentil_spot": 16.4,
      "interpretacion": "ALTA \u2014 domina el comportamiento cerca del spot"
    },
    "zomma": {
      "n_strikes_banda": 61,
      "var_banda": 1.125905299329109e+29,
      "var_total": 7.272012140047246e+28,
      "concentracion": 1.5483,
      "gradiente_t": 0.001,
      "score": 1.5498,
      "flip_en_banda": true,
      "nivel_flip": 30084.7953,
      "valor_spot_now": -446465363953732.5,
      "percentil_spot": 24.6,
      "interpretacion": "ALTA \u2014 domina el comportamiento cerca del spot"
    }
  },
  "tiene_inv": false
}