{
  "activo": "NQ",
  "spot": 30151.5,
  "banda_pct": 0.01,
  "minutos_ahora": 900,
  "generated_at": "2026-06-04 20:08:24",
  "ranking": [
    "color",
    "charm",
    "speed",
    "zomma",
    "vanna",
    "vomma",
    "gamma",
    "delta"
  ],
  "lider": "color",
  "resumen": [
    "#1 COLOR     \u2014 Color dGamma/dT (OI)            score=1.405  conc=1.405  grad=0.000  val@spot=5.20e+15  p51 | FLIP en 30317.23",
    "#2 CHARM     \u2014 Charm dDelta/dT (OI)            score=1.350  conc=1.350  grad=0.000  val@spot=-2.76e+11  p51 | FLIP en 29857.78",
    "#3 SPEED     \u2014 Speed dGamma/dS (OI)            score=1.252  conc=1.252  grad=0.000  val@spot=1.51e+11  p51 | FLIP en 29877.10",
    "#4 ZOMMA     \u2014 Zomma dGamma/dVol (OI)          score=0.728  conc=0.728  grad=0.001  val@spot=1.37e+14  p51 | FLIP en 30323.99",
    "#5 VEX       \u2014 Vanna Exposure (OI)             score=0.650  conc=0.645  grad=0.009  val@spot=2.07e+12  p51 | FLIP en 29866.85",
    "#6 VOMMA     \u2014 Vomma dVega/dVol (OI)           score=0.616  conc=0.609  grad=0.011  val@spot=-1.99e+15  p7",
    "#7 GEX       \u2014 Gamma Exposure (OI)             score=0.512  conc=0.512  grad=0.001  val@spot=-1.71e+09  p51 | FLIP en 30447.70",
    "#8 DEX       \u2014 Net Delta (OI)                  score=0.376  conc=0.376  grad=0.001  val@spot=8.24e+09  p51"
  ],
  "por_superficie": {
    "gamma": {
      "n_strikes_banda": 61,
      "var_banda": 1.3640811386786696e+18,
      "var_total": 2.665034444745144e+18,
      "concentracion": 0.5118,
      "gradiente_t": 0.0006,
      "score": 0.5122,
      "flip_en_banda": true,
      "nivel_flip": 30447.701,
      "valor_spot_now": -1705901374.5,
      "percentil_spot": 50.8,
      "interpretacion": "MEDIA \u2014 relevante, monitorear en conjunto"
    },
    "vanna": {
      "n_strikes_banda": 61,
      "var_banda": 5.770671972877073e+23,
      "var_total": 8.951219722034703e+23,
      "concentracion": 0.6447,
      "gradiente_t": 0.0088,
      "score": 0.6504,
      "flip_en_banda": true,
      "nivel_flip": 29866.8485,
      "valor_spot_now": 2065364595171.88,
      "percentil_spot": 50.8,
      "interpretacion": "ALTA \u2014 domina el comportamiento cerca del spot"
    },
    "delta": {
      "n_strikes_banda": 61,
      "var_banda": 1.3546137289795697e+18,
      "var_total": 3.605156535432888e+18,
      "concentracion": 0.3757,
      "gradiente_t": 0.0014,
      "score": 0.3763,
      "flip_en_banda": false,
      "nivel_flip": null,
      "valor_spot_now": 8241172036.21,
      "percentil_spot": 50.8,
      "interpretacion": "MEDIA \u2014 relevante, monitorear en conjunto"
    },
    "charm": {
      "n_strikes_banda": 61,
      "var_banda": 5.766706533514304e+23,
      "var_total": 4.272152344514551e+23,
      "concentracion": 1.3498,
      "gradiente_t": 0.0001,
      "score": 1.3499,
      "flip_en_banda": true,
      "nivel_flip": 29857.7808,
      "valor_spot_now": -276275890367.87,
      "percentil_spot": 50.8,
      "interpretacion": "ALTA \u2014 domina el comportamiento cerca del spot"
    },
    "color": {
      "n_strikes_banda": 61,
      "var_banda": 1.8040602381639888e+35,
      "var_total": 1.284096649850863e+35,
      "concentracion": 1.4049,
      "gradiente_t": 0.0,
      "score": 1.4049,
      "flip_en_banda": true,
      "nivel_flip": 30317.2292,
      "valor_spot_now": 5200154119269864.0,
      "percentil_spot": 50.8,
      "interpretacion": "ALTA \u2014 domina el comportamiento cerca del spot"
    },
    "speed": {
      "n_strikes_banda": 61,
      "var_banda": 1.7940542895657e+23,
      "var_total": 1.4332114699468648e+23,
      "concentracion": 1.2518,
      "gradiente_t": 0.0001,
      "score": 1.2519,
      "flip_en_banda": true,
      "nivel_flip": 29877.1049,
      "valor_spot_now": 150646520921.47,
      "percentil_spot": 50.8,
      "interpretacion": "ALTA \u2014 domina el comportamiento cerca del spot"
    },
    "vomma": {
      "n_strikes_banda": 61,
      "var_banda": 5.002979601605405e+29,
      "var_total": 8.211640399738667e+29,
      "concentracion": 0.6093,
      "gradiente_t": 0.0109,
      "score": 0.6159,
      "flip_en_banda": false,
      "nivel_flip": null,
      "valor_spot_now": -1992924777160209.0,
      "percentil_spot": 6.6,
      "interpretacion": "ALTA \u2014 domina el comportamiento cerca del spot"
    },
    "zomma": {
      "n_strikes_banda": 61,
      "var_banda": 2.035410472571003e+28,
      "var_total": 2.7970834732647714e+28,
      "concentracion": 0.7277,
      "gradiente_t": 0.0008,
      "score": 0.7282,
      "flip_en_banda": true,
      "nivel_flip": 30323.9944,
      "valor_spot_now": 136807608169041.33,
      "percentil_spot": 50.8,
      "interpretacion": "ALTA \u2014 domina el comportamiento cerca del spot"
    }
  },
  "tiene_inv": false
}