{
  "activo": "NQ",
  "spot": 29514.0,
  "banda_pct": 0.01,
  "minutos_ahora": 900,
  "generated_at": "2026-05-21 21:26:55",
  "ranking": [
    "color",
    "zomma",
    "vanna",
    "charm",
    "speed",
    "gamma",
    "vomma",
    "delta"
  ],
  "lider": "color",
  "resumen": [
    "#1 COLOR     \u2014 Color dGamma/dT (OI)            score=0.739  conc=0.739  grad=0.000  val@spot=-1.08e+16  p51 | FLIP en 29349.74",
    "#2 ZOMMA     \u2014 Zomma dGamma/dVol (OI)          score=0.674  conc=0.674  grad=0.001  val@spot=-2.46e+14  p51 | FLIP en 29366.56",
    "#3 VEX       \u2014 Vanna Exposure (OI)             score=0.649  conc=0.643  grad=0.009  val@spot=3.90e+12  p54",
    "#4 CHARM     \u2014 Charm dDelta/dT (OI)            score=0.627  conc=0.627  grad=0.000  val@spot=-5.08e+11  p51",
    "#5 SPEED     \u2014 Speed dGamma/dS (OI)            score=0.604  conc=0.604  grad=0.000  val@spot=3.18e+11  p61",
    "#6 GEX       \u2014 Gamma Exposure (OI)             score=0.505  conc=0.505  grad=0.001  val@spot=2.18e+09  p51 | FLIP en 29323.14",
    "#7 VOMMA     \u2014 Vomma dVega/dVol (OI)           score=0.437  conc=0.433  grad=0.010  val@spot=7.70e+14  p51",
    "#8 DEX       \u2014 Net Delta (OI)                  score=0.342  conc=0.341  grad=0.002  val@spot=8.83e+09  p51"
  ],
  "por_superficie": {
    "gamma": {
      "n_strikes_banda": 59,
      "var_banda": 4.623086115013422e+18,
      "var_total": 9.15404028949105e+18,
      "concentracion": 0.505,
      "gradiente_t": 0.0009,
      "score": 0.5055,
      "flip_en_banda": true,
      "nivel_flip": 29323.143,
      "valor_spot_now": 2184852601.34,
      "percentil_spot": 50.8,
      "interpretacion": "MEDIA \u2014 relevante, monitorear en conjunto"
    },
    "vanna": {
      "n_strikes_banda": 59,
      "var_banda": 1.9283324065592904e+24,
      "var_total": 2.9974164201228914e+24,
      "concentracion": 0.6433,
      "gradiente_t": 0.0092,
      "score": 0.6493,
      "flip_en_banda": false,
      "nivel_flip": null,
      "valor_spot_now": 3898252162723.04,
      "percentil_spot": 54.2,
      "interpretacion": "ALTA \u2014 domina el comportamiento cerca del spot"
    },
    "delta": {
      "n_strikes_banda": 59,
      "var_banda": 3.0293415444385853e+18,
      "var_total": 8.886295245949874e+18,
      "concentracion": 0.3409,
      "gradiente_t": 0.002,
      "score": 0.3416,
      "flip_en_banda": false,
      "nivel_flip": null,
      "valor_spot_now": 8831096045.28,
      "percentil_spot": 50.8,
      "interpretacion": "MEDIA \u2014 relevante, monitorear en conjunto"
    },
    "charm": {
      "n_strikes_banda": 59,
      "var_banda": 4.787516635753876e+23,
      "var_total": 7.630129050015784e+23,
      "concentracion": 0.6274,
      "gradiente_t": 0.0001,
      "score": 0.6275,
      "flip_en_banda": false,
      "nivel_flip": null,
      "valor_spot_now": -508403618268.04,
      "percentil_spot": 50.8,
      "interpretacion": "ALTA \u2014 domina el comportamiento cerca del spot"
    },
    "color": {
      "n_strikes_banda": 59,
      "var_banda": 1.5350102974827142e+35,
      "var_total": 2.0779621715601386e+35,
      "concentracion": 0.7387,
      "gradiente_t": 0.0,
      "score": 0.7387,
      "flip_en_banda": true,
      "nivel_flip": 29349.7418,
      "valor_spot_now": -1.082116122353297e+16,
      "percentil_spot": 50.8,
      "interpretacion": "ALTA \u2014 domina el comportamiento cerca del spot"
    },
    "speed": {
      "n_strikes_banda": 59,
      "var_banda": 1.7737974821844768e+23,
      "var_total": 2.938054980694625e+23,
      "concentracion": 0.6037,
      "gradiente_t": 0.0001,
      "score": 0.6038,
      "flip_en_banda": false,
      "nivel_flip": null,
      "valor_spot_now": 318070592801.05,
      "percentil_spot": 61.0,
      "interpretacion": "ALTA \u2014 domina el comportamiento cerca del spot"
    },
    "vomma": {
      "n_strikes_banda": 59,
      "var_banda": 1.2677955284241936e+30,
      "var_total": 2.930024402497885e+30,
      "concentracion": 0.4327,
      "gradiente_t": 0.0097,
      "score": 0.4369,
      "flip_en_banda": false,
      "nivel_flip": null,
      "valor_spot_now": 770399084379278.0,
      "percentil_spot": 50.8,
      "interpretacion": "MEDIA \u2014 relevante, monitorear en conjunto"
    },
    "zomma": {
      "n_strikes_banda": 59,
      "var_banda": 3.7567233880024447e+28,
      "var_total": 5.5749863451168035e+28,
      "concentracion": 0.6739,
      "gradiente_t": 0.0009,
      "score": 0.6744,
      "flip_en_banda": true,
      "nivel_flip": 29366.5631,
      "valor_spot_now": -245912998287358.34,
      "percentil_spot": 50.8,
      "interpretacion": "ALTA \u2014 domina el comportamiento cerca del spot"
    }
  },
  "tiene_inv": false
}