{
  "activo": "NQ",
  "spot": 29149.25,
  "banda_pct": 0.01,
  "minutos_ahora": 900,
  "generated_at": "2026-05-18 17:52:35",
  "ranking": [
    "zomma",
    "color",
    "charm",
    "speed",
    "gamma",
    "vanna",
    "vomma",
    "delta"
  ],
  "lider": "zomma",
  "resumen": [
    "#1 ZOMMA     \u2014 Zomma dGamma/dVol (OI)          score=1.350  conc=1.349  grad=0.001  val@spot=2.98e+13  p51 | FLIP en 29200.41",
    "#2 COLOR     \u2014 Color dGamma/dT (OI)            score=1.022  conc=1.022  grad=0.000  val@spot=9.58e+14  p51 | FLIP en 29200.77",
    "#3 CHARM     \u2014 Charm dDelta/dT (OI)            score=0.930  conc=0.930  grad=0.000  val@spot=-8.77e+10  p19",
    "#4 SPEED     \u2014 Speed dGamma/dS (OI)            score=0.921  conc=0.921  grad=0.000  val@spot=6.80e+10  p85",
    "#5 GEX       \u2014 Gamma Exposure (OI)             score=0.910  conc=0.909  grad=0.001  val@spot=-5.81e+07  p51 | FLIP en 29174.55",
    "#6 VEX       \u2014 Vanna Exposure (OI)             score=0.708  conc=0.702  grad=0.009  val@spot=7.50e+11  p83",
    "#7 VOMMA     \u2014 Vomma dVega/dVol (OI)           score=0.355  conc=0.350  grad=0.015  val@spot=1.60e+14  p88 | FLIP en 29245.15",
    "#8 DEX       \u2014 Net Delta (OI)                  score=0.330  conc=0.329  grad=0.002  val@spot=2.34e+09  p5"
  ],
  "por_superficie": {
    "gamma": {
      "n_strikes_banda": 59,
      "var_banda": 2.2415325111381328e+17,
      "var_total": 2.464801719828918e+17,
      "concentracion": 0.9094,
      "gradiente_t": 0.0011,
      "score": 0.9104,
      "flip_en_banda": true,
      "nivel_flip": 29174.5494,
      "valor_spot_now": -58142127.85,
      "percentil_spot": 50.8,
      "interpretacion": "ALTA \u2014 domina el comportamiento cerca del spot"
    },
    "vanna": {
      "n_strikes_banda": 59,
      "var_banda": 5.244387319875207e+22,
      "var_total": 7.475875583996817e+22,
      "concentracion": 0.7015,
      "gradiente_t": 0.0089,
      "score": 0.7078,
      "flip_en_banda": false,
      "nivel_flip": null,
      "valor_spot_now": 749571346471.84,
      "percentil_spot": 83.1,
      "interpretacion": "ALTA \u2014 domina el comportamiento cerca del spot"
    },
    "delta": {
      "n_strikes_banda": 59,
      "var_banda": 3.834314099373141e+16,
      "var_total": 1.1655511671253136e+17,
      "concentracion": 0.329,
      "gradiente_t": 0.0016,
      "score": 0.3295,
      "flip_en_banda": false,
      "nivel_flip": null,
      "valor_spot_now": 2341240981.03,
      "percentil_spot": 5.1,
      "interpretacion": "MEDIA \u2014 relevante, monitorear en conjunto"
    },
    "charm": {
      "n_strikes_banda": 59,
      "var_banda": 2.103611185106778e+22,
      "var_total": 2.2613256990603564e+22,
      "concentracion": 0.9303,
      "gradiente_t": 0.0001,
      "score": 0.9304,
      "flip_en_banda": false,
      "nivel_flip": null,
      "valor_spot_now": -87650357493.96,
      "percentil_spot": 18.6,
      "interpretacion": "ALTA \u2014 domina el comportamiento cerca del spot"
    },
    "color": {
      "n_strikes_banda": 59,
      "var_banda": 6.213630143514818e+33,
      "var_total": 6.080891230336805e+33,
      "concentracion": 1.0218,
      "gradiente_t": 0.0,
      "score": 1.0218,
      "flip_en_banda": true,
      "nivel_flip": 29200.7663,
      "valor_spot_now": 957798717161301.9,
      "percentil_spot": 50.8,
      "interpretacion": "ALTA \u2014 domina el comportamiento cerca del spot"
    },
    "speed": {
      "n_strikes_banda": 59,
      "var_banda": 1.4279251887951693e+22,
      "var_total": 1.5499655362162601e+22,
      "concentracion": 0.9213,
      "gradiente_t": 0.0001,
      "score": 0.9214,
      "flip_en_banda": false,
      "nivel_flip": null,
      "valor_spot_now": 68034480421.19,
      "percentil_spot": 84.7,
      "interpretacion": "ALTA \u2014 domina el comportamiento cerca del spot"
    },
    "vomma": {
      "n_strikes_banda": 59,
      "var_banda": 2.4083946076976726e+28,
      "var_total": 6.880654247405673e+28,
      "concentracion": 0.35,
      "gradiente_t": 0.0146,
      "score": 0.3551,
      "flip_en_banda": true,
      "nivel_flip": 29245.1476,
      "valor_spot_now": 160029229590396.75,
      "percentil_spot": 88.1,
      "interpretacion": "MEDIA \u2014 relevante, monitorear en conjunto"
    },
    "zomma": {
      "n_strikes_banda": 59,
      "var_banda": 3.969838782144109e+27,
      "var_total": 2.9438007414331425e+27,
      "concentracion": 1.3485,
      "gradiente_t": 0.0008,
      "score": 1.3496,
      "flip_en_banda": true,
      "nivel_flip": 29200.413,
      "valor_spot_now": 29807290201743.82,
      "percentil_spot": 50.8,
      "interpretacion": "ALTA \u2014 domina el comportamiento cerca del spot"
    }
  },
  "tiene_inv": false
}