{
  "activo": "NQ",
  "spot": 27798.75,
  "banda_pct": 0.01,
  "minutos_ahora": 900,
  "generated_at": "2026-05-04 20:33:14",
  "ranking": [
    "color",
    "speed",
    "gamma",
    "charm",
    "vanna",
    "delta",
    "inv_vanna",
    "inv_delta",
    "inv_gamma",
    "inv_charm",
    "inv_speed",
    "inv_color"
  ],
  "lider": "color",
  "resumen": [
    "#1 COLOR     \u2014 Color dGamma/dT (OI)            score=3.607  conc=3.607  grad=0.000  val@spot=-2.06e+15  p52 | FLIP en 27779.02",
    "#2 SPEED     \u2014 Speed dGamma/dS (OI)            score=3.123  conc=3.121  grad=0.000  val@spot=3.10e+11  p100 | FLIP en 28001.44",
    "#3 GEX       \u2014 Gamma Exposure (OI)             score=2.789  conc=2.786  grad=0.001  val@spot=1.21e+09  p52 | FLIP en 27682.29",
    "#4 CHARM     \u2014 Charm dDelta/dT (OI)            score=2.583  conc=2.583  grad=0.000  val@spot=-2.86e+11  p9 | FLIP en 28014.79",
    "#5 VEX       \u2014 Vanna Exposure (OI)             score=2.469  conc=2.452  grad=0.007  val@spot=2.69e+12  p96 | FLIP en 28003.86",
    "#6 DEX       \u2014 Net Delta (OI)                  score=0.353  conc=0.353  grad=0.002  val@spot=4.16e+09  p52",
    "#7 INV_VEX   \u2014 Vanna Exposure (flujo neto)     score=0.056  conc=0.056  grad=0.004  val@spot=1.75e+13  p52 | FLIP en 27578.67",
    "#8 INV_DEX   \u2014 Net Delta (flujo neto)          score=0.005  conc=0.005  grad=0.001  val@spot=-3.19e+11  p44",
    "#9 INV_GEX   \u2014 Gamma Exposure (flujo neto)     score=0.003  conc=0.003  grad=0.000  val@spot=5.54e+09  p52",
    "#10 INV_CHARM \u2014 Charm dDelta/dT (flujo neto)    score=0.003  conc=0.003  grad=0.000  val@spot=-2.81e+12  p52 | FLIP en 27555.98",
    "#11 INV_SPEED \u2014 Speed dGamma/dS (flujo neto)    score=0.001  conc=0.001  grad=0.000  val@spot=1.23e+12  p52 | FLIP en 27608.88",
    "#12 INV_COLOR \u2014 Color dGamma/dT (flujo neto)    score=0.000  conc=0.000  grad=0.000  val@spot=1.99e+17  p52"
  ],
  "por_superficie": {
    "gamma": {
      "n_strikes_banda": 23,
      "var_banda": 3.754691702729533e+18,
      "var_total": 1.3478107092054615e+18,
      "concentracion": 2.7858,
      "gradiente_t": 0.0012,
      "score": 2.7892,
      "flip_en_banda": true,
      "nivel_flip": 27682.2856,
      "valor_spot_now": 1211496327.39,
      "percentil_spot": 52.2,
      "interpretacion": "ALTA \u2014 domina el comportamiento cerca del spot"
    },
    "vanna": {
      "n_strikes_banda": 23,
      "var_banda": 1.1137339584784743e+24,
      "var_total": 4.5416674223951425e+23,
      "concentracion": 2.4523,
      "gradiente_t": 0.0069,
      "score": 2.4692,
      "flip_en_banda": true,
      "nivel_flip": 28003.8603,
      "valor_spot_now": 2693635996698.44,
      "percentil_spot": 95.7,
      "interpretacion": "ALTA \u2014 domina el comportamiento cerca del spot"
    },
    "delta": {
      "n_strikes_banda": 23,
      "var_banda": 1.0727126600107215e+18,
      "var_total": 3.0404933522892795e+18,
      "concentracion": 0.3528,
      "gradiente_t": 0.0016,
      "score": 0.3534,
      "flip_en_banda": false,
      "nivel_flip": null,
      "valor_spot_now": 4159836996.67,
      "percentil_spot": 52.2,
      "interpretacion": "MEDIA \u2014 relevante, monitorear en conjunto"
    },
    "charm": {
      "n_strikes_banda": 23,
      "var_banda": 1.3962804853830333e+23,
      "var_total": 5.406524558212808e+22,
      "concentracion": 2.5826,
      "gradiente_t": 0.0003,
      "score": 2.5835,
      "flip_en_banda": true,
      "nivel_flip": 28014.7897,
      "valor_spot_now": -286463804661.7,
      "percentil_spot": 8.7,
      "interpretacion": "ALTA \u2014 domina el comportamiento cerca del spot"
    },
    "color": {
      "n_strikes_banda": 23,
      "var_banda": 1.885132389809934e+35,
      "var_total": 5.226252376272271e+34,
      "concentracion": 3.607,
      "gradiente_t": 0.0,
      "score": 3.6071,
      "flip_en_banda": true,
      "nivel_flip": 27779.017,
      "valor_spot_now": -2063334435219215.5,
      "percentil_spot": 52.2,
      "interpretacion": "ALTA \u2014 domina el comportamiento cerca del spot"
    },
    "speed": {
      "n_strikes_banda": 23,
      "var_banda": 1.7041476251945242e+23,
      "var_total": 5.459500392238972e+22,
      "concentracion": 3.1214,
      "gradiente_t": 0.0004,
      "score": 3.1228,
      "flip_en_banda": true,
      "nivel_flip": 28001.444,
      "valor_spot_now": 309765760423.8,
      "percentil_spot": 100.0,
      "interpretacion": "ALTA \u2014 domina el comportamiento cerca del spot"
    },
    "inv_gamma": {
      "n_strikes_banda": 23,
      "var_banda": 8.363467718267237e+19,
      "var_total": 2.565350034039698e+22,
      "concentracion": 0.0033,
      "gradiente_t": 0.0001,
      "score": 0.0033,
      "flip_en_banda": false,
      "nivel_flip": null,
      "valor_spot_now": 5537705041.98,
      "percentil_spot": 52.2,
      "interpretacion": "BAJA \u2014 energ\u00eda dispersa lejos del spot"
    },
    "inv_vanna": {
      "n_strikes_banda": 23,
      "var_banda": 5.249272784597987e+26,
      "var_total": 9.418680260899684e+27,
      "concentracion": 0.0557,
      "gradiente_t": 0.0036,
      "score": 0.0559,
      "flip_en_banda": true,
      "nivel_flip": 27578.6742,
      "valor_spot_now": 17496264713329.0,
      "percentil_spot": 52.2,
      "interpretacion": "BAJA \u2014 energ\u00eda dispersa lejos del spot"
    },
    "inv_delta": {
      "n_strikes_banda": 23,
      "var_banda": 3.484335977653892e+20,
      "var_total": 6.628482119513846e+22,
      "concentracion": 0.0053,
      "gradiente_t": 0.0006,
      "score": 0.0053,
      "flip_en_banda": false,
      "nivel_flip": null,
      "valor_spot_now": -319154645813.65,
      "percentil_spot": 43.5,
      "interpretacion": "BAJA \u2014 energ\u00eda dispersa lejos del spot"
    },
    "inv_charm": {
      "n_strikes_banda": 23,
      "var_banda": 1.8301711211793397e+25,
      "var_total": 7.457589670575674e+27,
      "concentracion": 0.0025,
      "gradiente_t": 0.0,
      "score": 0.0025,
      "flip_en_banda": true,
      "nivel_flip": 27555.9792,
      "valor_spot_now": -2811664585044.47,
      "percentil_spot": 52.2,
      "interpretacion": "BAJA \u2014 energ\u00eda dispersa lejos del spot"
    },
    "inv_color": {
      "n_strikes_banda": 23,
      "var_banda": 4.750054192612708e+35,
      "var_total": 3.2111758478939735e+39,
      "concentracion": 0.0001,
      "gradiente_t": 0.0,
      "score": 0.0001,
      "flip_en_banda": false,
      "nivel_flip": null,
      "valor_spot_now": 1.994077630802981e+17,
      "percentil_spot": 52.2,
      "interpretacion": "BAJA \u2014 energ\u00eda dispersa lejos del spot"
    },
    "inv_speed": {
      "n_strikes_banda": 23,
      "var_banda": 6.396219819766481e+24,
      "var_total": 5.756946327259391e+27,
      "concentracion": 0.0011,
      "gradiente_t": 0.0,
      "score": 0.0011,
      "flip_en_banda": true,
      "nivel_flip": 27608.8768,
      "valor_spot_now": 1234194295358.48,
      "percentil_spot": 52.2,
      "interpretacion": "BAJA \u2014 energ\u00eda dispersa lejos del spot"
    }
  },
  "tiene_inv": true
}