{
  "activo": "NQ",
  "spot": 28397.0,
  "banda_pct": 0.01,
  "minutos_ahora": 900,
  "generated_at": "2026-06-10 18:34:20",
  "ranking": [
    "zomma",
    "vomma",
    "speed",
    "charm",
    "vanna",
    "color",
    "gamma",
    "delta"
  ],
  "lider": "zomma",
  "resumen": [
    "#1 ZOMMA     \u2014 Zomma dGamma/dVol (OI)          score=1.655  conc=1.654  grad=0.001  val@spot=2.50e+13  p51",
    "#2 VOMMA     \u2014 Vomma dVega/dVol (OI)           score=0.828  conc=0.826  grad=0.002  val@spot=-6.56e+14  p51",
    "#3 SPEED     \u2014 Speed dGamma/dS (OI)            score=0.637  conc=0.637  grad=0.000  val@spot=1.13e+10  p51 | FLIP en 28147.13",
    "#4 CHARM     \u2014 Charm dDelta/dT (OI)            score=0.604  conc=0.604  grad=0.000  val@spot=-8.41e+10  p51 | FLIP en 28144.21",
    "#5 VEX       \u2014 Vanna Exposure (OI)             score=0.438  conc=0.437  grad=0.003  val@spot=2.85e+11  p51 | FLIP en 28152.20",
    "#6 COLOR     \u2014 Color dGamma/dT (OI)            score=0.422  conc=0.422  grad=0.000  val@spot=1.98e+15  p51",
    "#7 GEX       \u2014 Gamma Exposure (OI)             score=0.265  conc=0.265  grad=0.001  val@spot=-6.71e+08  p51",
    "#8 DEX       \u2014 Net Delta (OI)                  score=0.073  conc=0.073  grad=0.001  val@spot=2.07e+09  p51"
  ],
  "por_superficie": {
    "gamma": {
      "n_strikes_banda": 57,
      "var_banda": 2.69490327744809e+16,
      "var_total": 1.0168654736475909e+17,
      "concentracion": 0.265,
      "gradiente_t": 0.0007,
      "score": 0.2652,
      "flip_en_banda": false,
      "nivel_flip": null,
      "valor_spot_now": -671305517.6,
      "percentil_spot": 50.9,
      "interpretacion": "BAJA \u2014 energ\u00eda dispersa lejos del spot"
    },
    "vanna": {
      "n_strikes_banda": 57,
      "var_banda": 1.4528670573056066e+22,
      "var_total": 3.3273119303433798e+22,
      "concentracion": 0.4366,
      "gradiente_t": 0.0033,
      "score": 0.4381,
      "flip_en_banda": true,
      "nivel_flip": 28152.1963,
      "valor_spot_now": 284723105587.19,
      "percentil_spot": 50.9,
      "interpretacion": "MEDIA \u2014 relevante, monitorear en conjunto"
    },
    "delta": {
      "n_strikes_banda": 57,
      "var_banda": 1.8891777880418688e+17,
      "var_total": 2.6028682447810714e+18,
      "concentracion": 0.0726,
      "gradiente_t": 0.0014,
      "score": 0.0727,
      "flip_en_banda": false,
      "nivel_flip": null,
      "valor_spot_now": 2069162093.17,
      "percentil_spot": 50.9,
      "interpretacion": "BAJA \u2014 energ\u00eda dispersa lejos del spot"
    },
    "charm": {
      "n_strikes_banda": 57,
      "var_banda": 6.393173086797348e+22,
      "var_total": 1.0584258981227374e+23,
      "concentracion": 0.604,
      "gradiente_t": 0.0001,
      "score": 0.6041,
      "flip_en_banda": true,
      "nivel_flip": 28144.2069,
      "valor_spot_now": -84103909492.81,
      "percentil_spot": 50.9,
      "interpretacion": "ALTA \u2014 domina el comportamiento cerca del spot"
    },
    "color": {
      "n_strikes_banda": 57,
      "var_banda": 2.5584166165827522e+33,
      "var_total": 6.064679272321142e+33,
      "concentracion": 0.4219,
      "gradiente_t": 0.0,
      "score": 0.4219,
      "flip_en_banda": false,
      "nivel_flip": null,
      "valor_spot_now": 1982084058407586.0,
      "percentil_spot": 50.9,
      "interpretacion": "MEDIA \u2014 relevante, monitorear en conjunto"
    },
    "speed": {
      "n_strikes_banda": 57,
      "var_banda": 1.3800807242730745e+21,
      "var_total": 2.1661200625256259e+21,
      "concentracion": 0.6371,
      "gradiente_t": 0.0,
      "score": 0.6372,
      "flip_en_banda": true,
      "nivel_flip": 28147.1257,
      "valor_spot_now": 11258752545.58,
      "percentil_spot": 50.9,
      "interpretacion": "ALTA \u2014 domina el comportamiento cerca del spot"
    },
    "vomma": {
      "n_strikes_banda": 57,
      "var_banda": 5.055533137438234e+28,
      "var_total": 6.118506032661432e+28,
      "concentracion": 0.8263,
      "gradiente_t": 0.0024,
      "score": 0.8283,
      "flip_en_banda": false,
      "nivel_flip": null,
      "valor_spot_now": -655798497394754.8,
      "percentil_spot": 50.9,
      "interpretacion": "ALTA \u2014 domina el comportamiento cerca del spot"
    },
    "zomma": {
      "n_strikes_banda": 57,
      "var_banda": 4.5679135249688635e+26,
      "var_total": 2.761511694467958e+26,
      "concentracion": 1.6541,
      "gradiente_t": 0.0006,
      "score": 1.6552,
      "flip_en_banda": false,
      "nivel_flip": null,
      "valor_spot_now": 24970118035023.91,
      "percentil_spot": 50.9,
      "interpretacion": "ALTA \u2014 domina el comportamiento cerca del spot"
    }
  },
  "tiene_inv": false
}