{
  "activo": "NQ",
  "spot": 28984.5,
  "banda_pct": 0.01,
  "minutos_ahora": 900,
  "generated_at": "2026-05-19 21:22:46",
  "ranking": [
    "color",
    "speed",
    "charm",
    "zomma",
    "gamma",
    "vanna",
    "delta",
    "vomma"
  ],
  "lider": "color",
  "resumen": [
    "#1 COLOR     \u2014 Color dGamma/dT (OI)            score=1.890  conc=1.890  grad=0.000  val@spot=-1.31e+16  p52 | FLIP en 28873.78",
    "#2 SPEED     \u2014 Speed dGamma/dS (OI)            score=1.790  conc=1.790  grad=0.000  val@spot=3.08e+11  p62 | FLIP en 29211.22",
    "#3 CHARM     \u2014 Charm dDelta/dT (OI)            score=1.754  conc=1.754  grad=0.000  val@spot=-6.17e+11  p38 | FLIP en 29232.34",
    "#4 ZOMMA     \u2014 Zomma dGamma/dVol (OI)          score=1.418  conc=1.417  grad=0.001  val@spot=-3.26e+14  p52 | FLIP en 28871.20",
    "#5 GEX       \u2014 Gamma Exposure (OI)             score=0.888  conc=0.887  grad=0.001  val@spot=2.50e+09  p50 | FLIP en 28769.13",
    "#6 VEX       \u2014 Vanna Exposure (OI)             score=0.874  conc=0.869  grad=0.006  val@spot=4.19e+12  p64 | FLIP en 29220.18",
    "#7 DEX       \u2014 Net Delta (OI)                  score=0.440  conc=0.439  grad=0.003  val@spot=7.15e+09  p50",
    "#8 VOMMA     \u2014 Vomma dVega/dVol (OI)           score=0.360  conc=0.356  grad=0.011  val@spot=5.88e+14  p41 | FLIP en 29164.17"
  ],
  "por_superficie": {
    "gamma": {
      "n_strikes_banda": 58,
      "var_banda": 8.364020726202454e+18,
      "var_total": 9.429468699279972e+18,
      "concentracion": 0.887,
      "gradiente_t": 0.0009,
      "score": 0.8878,
      "flip_en_banda": true,
      "nivel_flip": 28769.1268,
      "valor_spot_now": 2503969944.54,
      "percentil_spot": 50.0,
      "interpretacion": "ALTA \u2014 domina el comportamiento cerca del spot"
    },
    "vanna": {
      "n_strikes_banda": 58,
      "var_banda": 3.475151092153808e+24,
      "var_total": 3.9997276607388946e+24,
      "concentracion": 0.8688,
      "gradiente_t": 0.0057,
      "score": 0.8738,
      "flip_en_banda": true,
      "nivel_flip": 29220.1758,
      "valor_spot_now": 4189369910783.92,
      "percentil_spot": 63.8,
      "interpretacion": "ALTA \u2014 domina el comportamiento cerca del spot"
    },
    "delta": {
      "n_strikes_banda": 58,
      "var_banda": 4.197273161190179e+18,
      "var_total": 9.55900214829776e+18,
      "concentracion": 0.4391,
      "gradiente_t": 0.0025,
      "score": 0.4402,
      "flip_en_banda": false,
      "nivel_flip": null,
      "valor_spot_now": 7153801094.0,
      "percentil_spot": 50.0,
      "interpretacion": "MEDIA \u2014 relevante, monitorear en conjunto"
    },
    "charm": {
      "n_strikes_banda": 58,
      "var_banda": 3.5052266877023737e+24,
      "var_total": 1.9980943946248377e+24,
      "concentracion": 1.7543,
      "gradiente_t": 0.0001,
      "score": 1.7544,
      "flip_en_banda": true,
      "nivel_flip": 29232.3403,
      "valor_spot_now": -616888104205.33,
      "percentil_spot": 37.9,
      "interpretacion": "ALTA \u2014 domina el comportamiento cerca del spot"
    },
    "color": {
      "n_strikes_banda": 58,
      "var_banda": 8.192085806649008e+35,
      "var_total": 4.334129218612492e+35,
      "concentracion": 1.8901,
      "gradiente_t": 0.0,
      "score": 1.8901,
      "flip_en_banda": true,
      "nivel_flip": 28873.7824,
      "valor_spot_now": -1.308322534257396e+16,
      "percentil_spot": 51.7,
      "interpretacion": "ALTA \u2014 domina el comportamiento cerca del spot"
    },
    "speed": {
      "n_strikes_banda": 58,
      "var_banda": 1.1044317398910026e+24,
      "var_total": 6.169655319976408e+23,
      "concentracion": 1.7901,
      "gradiente_t": 0.0001,
      "score": 1.7902,
      "flip_en_banda": true,
      "nivel_flip": 29211.2191,
      "valor_spot_now": 307650636853.4,
      "percentil_spot": 62.1,
      "interpretacion": "ALTA \u2014 domina el comportamiento cerca del spot"
    },
    "vomma": {
      "n_strikes_banda": 58,
      "var_banda": 8.02812732242749e+29,
      "var_total": 2.252825767382709e+30,
      "concentracion": 0.3564,
      "gradiente_t": 0.0109,
      "score": 0.3602,
      "flip_en_banda": true,
      "nivel_flip": 29164.1716,
      "valor_spot_now": 588119831497998.0,
      "percentil_spot": 41.4,
      "interpretacion": "MEDIA \u2014 relevante, monitorear en conjunto"
    },
    "zomma": {
      "n_strikes_banda": 58,
      "var_banda": 1.707363116551236e+29,
      "var_total": 1.2046750732173629e+29,
      "concentracion": 1.4173,
      "gradiente_t": 0.0005,
      "score": 1.4179,
      "flip_en_banda": true,
      "nivel_flip": 28871.1993,
      "valor_spot_now": -325633647526248.56,
      "percentil_spot": 51.7,
      "interpretacion": "ALTA \u2014 domina el comportamiento cerca del spot"
    }
  },
  "tiene_inv": false
}