{
  "activo": "NQ",
  "spot": 29177.75,
  "banda_pct": 0.01,
  "minutos_ahora": 900,
  "generated_at": "2026-05-12 06:52:29",
  "ranking": [
    "speed",
    "zomma",
    "color",
    "vomma",
    "vanna",
    "gamma",
    "charm",
    "delta"
  ],
  "lider": "speed",
  "resumen": [
    "#1 SPEED     \u2014 Speed dGamma/dS (OI)            score=2.024  conc=2.024  grad=0.000  val@spot=4.39e+11  p93 | FLIP en 29139.70",
    "#2 ZOMMA     \u2014 Zomma dGamma/dVol (OI)          score=1.929  conc=1.928  grad=0.001  val@spot=6.94e+14  p90 | FLIP en 29210.99",
    "#3 COLOR     \u2014 Color dGamma/dT (OI)            score=1.883  conc=1.883  grad=0.000  val@spot=8.50e+15  p86 | FLIP en 29217.43",
    "#4 VOMMA     \u2014 Vomma dVega/dVol (OI)           score=1.170  conc=1.158  grad=0.010  val@spot=-1.67e+15  p52",
    "#5 VEX       \u2014 Vanna Exposure (OI)             score=1.129  conc=1.125  grad=0.003  val@spot=2.90e+12  p90 | FLIP en 28974.84",
    "#6 GEX       \u2014 Gamma Exposure (OI)             score=0.868  conc=0.867  grad=0.002  val@spot=-2.10e+09  p17 | FLIP en 29388.49",
    "#7 CHARM     \u2014 Charm dDelta/dT (OI)            score=0.802  conc=0.802  grad=0.000  val@spot=-4.95e+11  p17",
    "#8 DEX       \u2014 Net Delta (OI)                  score=0.740  conc=0.738  grad=0.004  val@spot=6.08e+09  p52"
  ],
  "por_superficie": {
    "gamma": {
      "n_strikes_banda": 29,
      "var_banda": 2.1787898336060408e+18,
      "var_total": 2.512743763216146e+18,
      "concentracion": 0.8671,
      "gradiente_t": 0.0015,
      "score": 0.8684,
      "flip_en_banda": true,
      "nivel_flip": 29388.4865,
      "valor_spot_now": -2096550539.47,
      "percentil_spot": 17.2,
      "interpretacion": "ALTA \u2014 domina el comportamiento cerca del spot"
    },
    "vanna": {
      "n_strikes_banda": 29,
      "var_banda": 9.922146765117528e+23,
      "var_total": 8.820687795001376e+23,
      "concentracion": 1.1249,
      "gradiente_t": 0.0034,
      "score": 1.1288,
      "flip_en_banda": true,
      "nivel_flip": 28974.8374,
      "valor_spot_now": 2895423772721.57,
      "percentil_spot": 89.7,
      "interpretacion": "ALTA \u2014 domina el comportamiento cerca del spot"
    },
    "delta": {
      "n_strikes_banda": 29,
      "var_banda": 1.19534194234241e+18,
      "var_total": 1.620606878510794e+18,
      "concentracion": 0.7376,
      "gradiente_t": 0.0035,
      "score": 0.7402,
      "flip_en_banda": false,
      "nivel_flip": null,
      "valor_spot_now": 6079875706.48,
      "percentil_spot": 51.7,
      "interpretacion": "ALTA \u2014 domina el comportamiento cerca del spot"
    },
    "charm": {
      "n_strikes_banda": 29,
      "var_banda": 2.1368123217100903e+24,
      "var_total": 2.664531191696921e+24,
      "concentracion": 0.8019,
      "gradiente_t": 0.0003,
      "score": 0.8022,
      "flip_en_banda": false,
      "nivel_flip": null,
      "valor_spot_now": -494985676739.09,
      "percentil_spot": 17.2,
      "interpretacion": "ALTA \u2014 domina el comportamiento cerca del spot"
    },
    "color": {
      "n_strikes_banda": 29,
      "var_banda": 8.042101085648174e+34,
      "var_total": 4.271256188673572e+34,
      "concentracion": 1.8828,
      "gradiente_t": 0.0,
      "score": 1.8829,
      "flip_en_banda": true,
      "nivel_flip": 29217.4285,
      "valor_spot_now": 8496575463804528.0,
      "percentil_spot": 86.2,
      "interpretacion": "ALTA \u2014 domina el comportamiento cerca del spot"
    },
    "speed": {
      "n_strikes_banda": 29,
      "var_banda": 6.65468810719437e+23,
      "var_total": 3.2876082155240946e+23,
      "concentracion": 2.0242,
      "gradiente_t": 0.0001,
      "score": 2.0244,
      "flip_en_banda": true,
      "nivel_flip": 29139.6972,
      "valor_spot_now": 438698814356.31,
      "percentil_spot": 93.1,
      "interpretacion": "ALTA \u2014 domina el comportamiento cerca del spot"
    },
    "vomma": {
      "n_strikes_banda": 29,
      "var_banda": 7.24085789877456e+29,
      "var_total": 6.254223493574049e+29,
      "concentracion": 1.1578,
      "gradiente_t": 0.0102,
      "score": 1.1696,
      "flip_en_banda": false,
      "nivel_flip": null,
      "valor_spot_now": -1671255052027259.2,
      "percentil_spot": 51.7,
      "interpretacion": "ALTA \u2014 domina el comportamiento cerca del spot"
    },
    "zomma": {
      "n_strikes_banda": 29,
      "var_banda": 1.592582744612223e+29,
      "var_total": 8.261829940976958e+28,
      "concentracion": 1.9276,
      "gradiente_t": 0.001,
      "score": 1.9295,
      "flip_en_banda": true,
      "nivel_flip": 29210.9877,
      "valor_spot_now": 694434969103258.8,
      "percentil_spot": 89.7,
      "interpretacion": "ALTA \u2014 domina el comportamiento cerca del spot"
    }
  },
  "tiene_inv": false
}