{
  "activo": "NQ",
  "spot": 29362.0,
  "banda_pct": 0.01,
  "minutos_ahora": 900,
  "generated_at": "2026-05-20 22:23:44",
  "ranking": [
    "vomma",
    "vanna",
    "gamma",
    "zomma",
    "delta",
    "speed",
    "charm",
    "color"
  ],
  "lider": "vomma",
  "resumen": [
    "#1 VOMMA     \u2014 Vomma dVega/dVol (OI)           score=1.055  conc=1.035  grad=0.019  val@spot=-2.62e+15  p29 | FLIP en 29610.82",
    "#2 VEX       \u2014 Vanna Exposure (OI)             score=0.822  conc=0.813  grad=0.011  val@spot=3.29e+12  p51",
    "#3 GEX       \u2014 Gamma Exposure (OI)             score=0.293  conc=0.293  grad=0.001  val@spot=3.33e+08  p51 | FLIP en 29321.33",
    "#4 ZOMMA     \u2014 Zomma dGamma/dVol (OI)          score=0.229  conc=0.229  grad=0.001  val@spot=-2.28e+14  p51 | FLIP en 29193.97",
    "#5 DEX       \u2014 Net Delta (OI)                  score=0.209  conc=0.208  grad=0.003  val@spot=4.15e+09  p15",
    "#6 SPEED     \u2014 Speed dGamma/dS (OI)            score=0.186  conc=0.186  grad=0.000  val@spot=2.42e+11  p51",
    "#7 CHARM     \u2014 Charm dDelta/dT (OI)            score=0.169  conc=0.169  grad=0.000  val@spot=-4.69e+11  p51",
    "#8 COLOR     \u2014 Color dGamma/dT (OI)            score=0.141  conc=0.141  grad=0.000  val@spot=-9.72e+15  p51 | FLIP en 29194.20"
  ],
  "por_superficie": {
    "gamma": {
      "n_strikes_banda": 59,
      "var_banda": 2.3479553518389417e+18,
      "var_total": 8.022378287838372e+18,
      "concentracion": 0.2927,
      "gradiente_t": 0.0006,
      "score": 0.2929,
      "flip_en_banda": true,
      "nivel_flip": 29321.3273,
      "valor_spot_now": 332854377.47,
      "percentil_spot": 50.8,
      "interpretacion": "BAJA \u2014 energ\u00eda dispersa lejos del spot"
    },
    "vanna": {
      "n_strikes_banda": 59,
      "var_banda": 1.5504584467919414e+24,
      "var_total": 1.9081116898456117e+24,
      "concentracion": 0.8126,
      "gradiente_t": 0.0109,
      "score": 0.8215,
      "flip_en_banda": false,
      "nivel_flip": null,
      "valor_spot_now": 3288386961922.59,
      "percentil_spot": 50.8,
      "interpretacion": "ALTA \u2014 domina el comportamiento cerca del spot"
    },
    "delta": {
      "n_strikes_banda": 59,
      "var_banda": 5.167960578603279e+17,
      "var_total": 2.480463283129355e+18,
      "concentracion": 0.2083,
      "gradiente_t": 0.0033,
      "score": 0.209,
      "flip_en_banda": false,
      "nivel_flip": null,
      "valor_spot_now": 4151540578.3,
      "percentil_spot": 15.3,
      "interpretacion": "BAJA \u2014 energ\u00eda dispersa lejos del spot"
    },
    "charm": {
      "n_strikes_banda": 59,
      "var_banda": 2.2207616577014655e+23,
      "var_total": 1.3131697790840673e+24,
      "concentracion": 0.1691,
      "gradiente_t": 0.0001,
      "score": 0.1691,
      "flip_en_banda": false,
      "nivel_flip": null,
      "valor_spot_now": -468507062706.84,
      "percentil_spot": 50.8,
      "interpretacion": "BAJA \u2014 energ\u00eda dispersa lejos del spot"
    },
    "color": {
      "n_strikes_banda": 59,
      "var_banda": 3.764835070261792e+34,
      "var_total": 2.666648176376233e+35,
      "concentracion": 0.1412,
      "gradiente_t": 0.0,
      "score": 0.1412,
      "flip_en_banda": true,
      "nivel_flip": 29194.2016,
      "valor_spot_now": -9721974728189968.0,
      "percentil_spot": 50.8,
      "interpretacion": "BAJA \u2014 energ\u00eda dispersa lejos del spot"
    },
    "speed": {
      "n_strikes_banda": 59,
      "var_banda": 5.8835378221343866e+22,
      "var_total": 3.1695275220012614e+23,
      "concentracion": 0.1856,
      "gradiente_t": 0.0001,
      "score": 0.1856,
      "flip_en_banda": false,
      "nivel_flip": null,
      "valor_spot_now": 242138089269.57,
      "percentil_spot": 50.8,
      "interpretacion": "BAJA \u2014 energ\u00eda dispersa lejos del spot"
    },
    "vomma": {
      "n_strikes_banda": 59,
      "var_banda": 1.7407850093516711e+30,
      "var_total": 1.682303429796536e+30,
      "concentracion": 1.0348,
      "gradiente_t": 0.0193,
      "score": 1.0547,
      "flip_en_banda": true,
      "nivel_flip": 29610.8206,
      "valor_spot_now": -2622007510895173.0,
      "percentil_spot": 28.8,
      "interpretacion": "ALTA \u2014 domina el comportamiento cerca del spot"
    },
    "zomma": {
      "n_strikes_banda": 59,
      "var_banda": 1.5702014126830474e+28,
      "var_total": 6.870506011252164e+28,
      "concentracion": 0.2285,
      "gradiente_t": 0.001,
      "score": 0.2288,
      "flip_en_banda": true,
      "nivel_flip": 29193.9686,
      "valor_spot_now": -228051168681368.25,
      "percentil_spot": 50.8,
      "interpretacion": "BAJA \u2014 energ\u00eda dispersa lejos del spot"
    }
  },
  "tiene_inv": false
}