{
  "activo": "NQ",
  "spot": 30329.75,
  "banda_pct": 0.01,
  "minutos_ahora": 900,
  "generated_at": "2026-06-01 21:07:44",
  "ranking": [
    "color",
    "speed",
    "charm",
    "zomma",
    "gamma",
    "vanna",
    "vomma",
    "delta"
  ],
  "lider": "color",
  "resumen": [
    "#1 COLOR     \u2014 Color dGamma/dT (OI)            score=1.909  conc=1.909  grad=0.000  val@spot=-1.17e+16  p51 | FLIP en 30276.49",
    "#2 SPEED     \u2014 Speed dGamma/dS (OI)            score=1.777  conc=1.777  grad=0.000  val@spot=5.26e+11  p84 | FLIP en 30562.04",
    "#3 CHARM     \u2014 Charm dDelta/dT (OI)            score=1.774  conc=1.774  grad=0.000  val@spot=-7.45e+11  p18 | FLIP en 30569.38",
    "#4 ZOMMA     \u2014 Zomma dGamma/dVol (OI)          score=1.743  conc=1.742  grad=0.001  val@spot=-3.33e+14  p51 | FLIP en 30276.35",
    "#5 GEX       \u2014 Gamma Exposure (OI)             score=1.276  conc=1.274  grad=0.001  val@spot=3.23e+09  p51 | FLIP en 30140.47",
    "#6 VEX       \u2014 Vanna Exposure (OI)             score=0.952  conc=0.946  grad=0.005  val@spot=6.28e+12  p84 | FLIP en 30563.34",
    "#7 VOMMA     \u2014 Vomma dVega/dVol (OI)           score=0.492  conc=0.488  grad=0.010  val@spot=2.79e+15  p49 | FLIP en 30527.93",
    "#8 DEX       \u2014 Net Delta (OI)                  score=0.415  conc=0.414  grad=0.002  val@spot=6.67e+09  p51"
  ],
  "por_superficie": {
    "gamma": {
      "n_strikes_banda": 61,
      "var_banda": 2.057247327313854e+19,
      "var_total": 1.6144950806365757e+19,
      "concentracion": 1.2742,
      "gradiente_t": 0.0012,
      "score": 1.2757,
      "flip_en_banda": true,
      "nivel_flip": 30140.4666,
      "valor_spot_now": 3228921219.78,
      "percentil_spot": 50.8,
      "interpretacion": "ALTA \u2014 domina el comportamiento cerca del spot"
    },
    "vanna": {
      "n_strikes_banda": 61,
      "var_banda": 7.674111907891436e+24,
      "var_total": 8.109040411643256e+24,
      "concentracion": 0.9464,
      "gradiente_t": 0.0055,
      "score": 0.9516,
      "flip_en_banda": true,
      "nivel_flip": 30563.3376,
      "valor_spot_now": 6284353332045.22,
      "percentil_spot": 83.6,
      "interpretacion": "ALTA \u2014 domina el comportamiento cerca del spot"
    },
    "delta": {
      "n_strikes_banda": 61,
      "var_banda": 6.368512105566548e+18,
      "var_total": 1.5369282448083862e+19,
      "concentracion": 0.4144,
      "gradiente_t": 0.0024,
      "score": 0.4154,
      "flip_en_banda": false,
      "nivel_flip": null,
      "valor_spot_now": 6667959852.27,
      "percentil_spot": 50.8,
      "interpretacion": "MEDIA \u2014 relevante, monitorear en conjunto"
    },
    "charm": {
      "n_strikes_banda": 61,
      "var_banda": 3.9577439078137235e+24,
      "var_total": 2.2309227155387433e+24,
      "concentracion": 1.774,
      "gradiente_t": 0.0001,
      "score": 1.7742,
      "flip_en_banda": true,
      "nivel_flip": 30569.3758,
      "valor_spot_now": -744939285245.95,
      "percentil_spot": 18.0,
      "interpretacion": "ALTA \u2014 domina el comportamiento cerca del spot"
    },
    "color": {
      "n_strikes_banda": 61,
      "var_banda": 1.1696992677412546e+36,
      "var_total": 6.126992744511507e+35,
      "concentracion": 1.9091,
      "gradiente_t": 0.0,
      "score": 1.9091,
      "flip_en_banda": true,
      "nivel_flip": 30276.4878,
      "valor_spot_now": -1.1651731043424478e+16,
      "percentil_spot": 50.8,
      "interpretacion": "ALTA \u2014 domina el comportamiento cerca del spot"
    },
    "speed": {
      "n_strikes_banda": 61,
      "var_banda": 2.2655265956687337e+24,
      "var_total": 1.2748860097207824e+24,
      "concentracion": 1.777,
      "gradiente_t": 0.0001,
      "score": 1.7772,
      "flip_en_banda": true,
      "nivel_flip": 30562.0411,
      "valor_spot_now": 526489131634.62,
      "percentil_spot": 83.6,
      "interpretacion": "ALTA \u2014 domina el comportamiento cerca del spot"
    },
    "vomma": {
      "n_strikes_banda": 61,
      "var_banda": 3.594171593224266e+30,
      "var_total": 7.371809234918466e+30,
      "concentracion": 0.4876,
      "gradiente_t": 0.0101,
      "score": 0.4925,
      "flip_en_banda": true,
      "nivel_flip": 30527.9268,
      "valor_spot_now": 2786611524774761.0,
      "percentil_spot": 49.2,
      "interpretacion": "MEDIA \u2014 relevante, monitorear en conjunto"
    },
    "zomma": {
      "n_strikes_banda": 61,
      "var_banda": 6.317185043293041e+29,
      "var_total": 3.626695347100755e+29,
      "concentracion": 1.7419,
      "gradiente_t": 0.0008,
      "score": 1.7433,
      "flip_en_banda": true,
      "nivel_flip": 30276.349,
      "valor_spot_now": -333240501251670.7,
      "percentil_spot": 50.8,
      "interpretacion": "ALTA \u2014 domina el comportamiento cerca del spot"
    }
  },
  "tiene_inv": false
}