{
  "activo": "NQ",
  "spot": 30460.0,
  "banda_pct": 0.01,
  "minutos_ahora": 900,
  "generated_at": "2026-06-03 22:54:52",
  "ranking": [
    "color",
    "charm",
    "speed",
    "zomma",
    "gamma",
    "vanna",
    "vomma",
    "delta"
  ],
  "lider": "color",
  "resumen": [
    "#1 COLOR     \u2014 Color dGamma/dT (OI)            score=1.909  conc=1.909  grad=0.000  val@spot=7.33e+15  p51 | FLIP en 30575.74",
    "#2 CHARM     \u2014 Charm dDelta/dT (OI)            score=1.826  conc=1.825  grad=0.000  val@spot=-4.40e+11  p36",
    "#3 SPEED     \u2014 Speed dGamma/dS (OI)            score=1.796  conc=1.796  grad=0.000  val@spot=2.76e+11  p57",
    "#4 ZOMMA     \u2014 Zomma dGamma/dVol (OI)          score=0.943  conc=0.943  grad=0.000  val@spot=2.40e+14  p51 | FLIP en 30592.04",
    "#5 GEX       \u2014 Gamma Exposure (OI)             score=0.613  conc=0.612  grad=0.000  val@spot=-6.87e+08  p51 | FLIP en 30529.77",
    "#6 VEX       \u2014 Vanna Exposure (OI)             score=0.593  conc=0.589  grad=0.007  val@spot=3.50e+12  p61",
    "#7 VOMMA     \u2014 Vomma dVega/dVol (OI)           score=0.382  conc=0.377  grad=0.013  val@spot=8.28e+14  p79 | FLIP en 30671.57",
    "#8 DEX       \u2014 Net Delta (OI)                  score=0.281  conc=0.281  grad=0.002  val@spot=9.47e+09  p20"
  ],
  "por_superficie": {
    "gamma": {
      "n_strikes_banda": 61,
      "var_banda": 4.446819730991605e+18,
      "var_total": 7.261570687699807e+18,
      "concentracion": 0.6124,
      "gradiente_t": 0.0004,
      "score": 0.6126,
      "flip_en_banda": true,
      "nivel_flip": 30529.7721,
      "valor_spot_now": -687341445.59,
      "percentil_spot": 50.8,
      "interpretacion": "ALTA \u2014 domina el comportamiento cerca del spot"
    },
    "vanna": {
      "n_strikes_banda": 61,
      "var_banda": 1.40248600854439e+24,
      "var_total": 2.3815106543367404e+24,
      "concentracion": 0.5889,
      "gradiente_t": 0.0069,
      "score": 0.5929,
      "flip_en_banda": false,
      "nivel_flip": null,
      "valor_spot_now": 3504437371937.75,
      "percentil_spot": 60.7,
      "interpretacion": "MEDIA \u2014 relevante, monitorear en conjunto"
    },
    "delta": {
      "n_strikes_banda": 61,
      "var_banda": 8.151720385974852e+17,
      "var_total": 2.903548967883196e+18,
      "concentracion": 0.2808,
      "gradiente_t": 0.002,
      "score": 0.2813,
      "flip_en_banda": false,
      "nivel_flip": null,
      "valor_spot_now": 9470346038.37,
      "percentil_spot": 19.7,
      "interpretacion": "BAJA \u2014 energ\u00eda dispersa lejos del spot"
    },
    "charm": {
      "n_strikes_banda": 61,
      "var_banda": 3.530669746317686e+24,
      "var_total": 1.9340793365086424e+24,
      "concentracion": 1.8255,
      "gradiente_t": 0.0,
      "score": 1.8256,
      "flip_en_banda": false,
      "nivel_flip": null,
      "valor_spot_now": -440171088085.37,
      "percentil_spot": 36.1,
      "interpretacion": "ALTA \u2014 domina el comportamiento cerca del spot"
    },
    "color": {
      "n_strikes_banda": 61,
      "var_banda": 2.0465826465762354e+36,
      "var_total": 1.0720108910795428e+36,
      "concentracion": 1.9091,
      "gradiente_t": 0.0,
      "score": 1.9091,
      "flip_en_banda": true,
      "nivel_flip": 30575.7361,
      "valor_spot_now": 7325254136232522.0,
      "percentil_spot": 50.8,
      "interpretacion": "ALTA \u2014 domina el comportamiento cerca del spot"
    },
    "speed": {
      "n_strikes_banda": 61,
      "var_banda": 2.1256054413759977e+24,
      "var_total": 1.1835587097605365e+24,
      "concentracion": 1.7959,
      "gradiente_t": 0.0,
      "score": 1.796,
      "flip_en_banda": false,
      "nivel_flip": null,
      "valor_spot_now": 276151560527.72,
      "percentil_spot": 57.4,
      "interpretacion": "ALTA \u2014 domina el comportamiento cerca del spot"
    },
    "vomma": {
      "n_strikes_banda": 61,
      "var_banda": 7.035476970196528e+29,
      "var_total": 1.864718512101013e+30,
      "concentracion": 0.3773,
      "gradiente_t": 0.0127,
      "score": 0.3821,
      "flip_en_banda": true,
      "nivel_flip": 30671.5673,
      "valor_spot_now": 827520978679825.0,
      "percentil_spot": 78.7,
      "interpretacion": "MEDIA \u2014 relevante, monitorear en conjunto"
    },
    "zomma": {
      "n_strikes_banda": 61,
      "var_banda": 1.0828209334551096e+29,
      "var_total": 1.148301874128668e+29,
      "concentracion": 0.943,
      "gradiente_t": 0.0002,
      "score": 0.9432,
      "flip_en_banda": true,
      "nivel_flip": 30592.0404,
      "valor_spot_now": 239824897307815.5,
      "percentil_spot": 50.8,
      "interpretacion": "ALTA \u2014 domina el comportamiento cerca del spot"
    }
  },
  "tiene_inv": false
}