{
  "activo": "NQ",
  "spot": 30466.25,
  "banda_pct": 0.01,
  "minutos_ahora": 900,
  "generated_at": "2026-06-01 06:16:21",
  "ranking": [
    "speed",
    "charm",
    "color",
    "vomma",
    "zomma",
    "vanna",
    "delta",
    "gamma"
  ],
  "lider": "speed",
  "resumen": [
    "#1 SPEED     \u2014 Speed dGamma/dS (OI)            score=1.331  conc=1.331  grad=0.000  val@spot=1.88e+11  p51 | FLIP en 30698.33",
    "#2 CHARM     \u2014 Charm dDelta/dT (OI)            score=1.265  conc=1.265  grad=0.000  val@spot=-2.14e+11  p51",
    "#3 COLOR     \u2014 Color dGamma/dT (OI)            score=1.264  conc=1.264  grad=0.000  val@spot=-8.56e+15  p20 | FLIP en 30221.01",
    "#4 VOMMA     \u2014 Vomma dVega/dVol (OI)           score=1.142  conc=1.128  grad=0.012  val@spot=5.13e+15  p51",
    "#5 ZOMMA     \u2014 Zomma dGamma/dVol (OI)          score=0.992  conc=0.991  grad=0.001  val@spot=-2.69e+14  p23 | FLIP en 30225.00",
    "#6 VEX       \u2014 Vanna Exposure (OI)             score=0.743  conc=0.737  grad=0.009  val@spot=1.94e+12  p51 | FLIP en 30724.56",
    "#7 DEX       \u2014 Net Delta (OI)                  score=0.360  conc=0.359  grad=0.001  val@spot=7.50e+09  p51",
    "#8 GEX       \u2014 Gamma Exposure (OI)             score=0.351  conc=0.351  grad=0.001  val@spot=3.71e+09  p51"
  ],
  "por_superficie": {
    "gamma": {
      "n_strikes_banda": 61,
      "var_banda": 1.9508677122469724e+18,
      "var_total": 5.559500345930841e+18,
      "concentracion": 0.3509,
      "gradiente_t": 0.0005,
      "score": 0.3511,
      "flip_en_banda": false,
      "nivel_flip": null,
      "valor_spot_now": 3714805995.84,
      "percentil_spot": 50.8,
      "interpretacion": "MEDIA \u2014 relevante, monitorear en conjunto"
    },
    "vanna": {
      "n_strikes_banda": 61,
      "var_banda": 1.3534263255269405e+24,
      "var_total": 1.8377230239946315e+24,
      "concentracion": 0.7365,
      "gradiente_t": 0.0089,
      "score": 0.743,
      "flip_en_banda": true,
      "nivel_flip": 30724.5555,
      "valor_spot_now": 1939553895989.42,
      "percentil_spot": 50.8,
      "interpretacion": "ALTA \u2014 domina el comportamiento cerca del spot"
    },
    "delta": {
      "n_strikes_banda": 61,
      "var_banda": 5.385692715439056e+18,
      "var_total": 1.4994444666612814e+19,
      "concentracion": 0.3592,
      "gradiente_t": 0.001,
      "score": 0.3596,
      "flip_en_banda": false,
      "nivel_flip": null,
      "valor_spot_now": 7500421497.3,
      "percentil_spot": 50.8,
      "interpretacion": "MEDIA \u2014 relevante, monitorear en conjunto"
    },
    "charm": {
      "n_strikes_banda": 61,
      "var_banda": 9.995133880146575e+23,
      "var_total": 7.900856213147963e+23,
      "concentracion": 1.2651,
      "gradiente_t": 0.0,
      "score": 1.2651,
      "flip_en_banda": false,
      "nivel_flip": null,
      "valor_spot_now": -214472737126.63,
      "percentil_spot": 50.8,
      "interpretacion": "ALTA \u2014 domina el comportamiento cerca del spot"
    },
    "color": {
      "n_strikes_banda": 61,
      "var_banda": 5.032013958983096e+35,
      "var_total": 3.982692930784349e+35,
      "concentracion": 1.2635,
      "gradiente_t": 0.0,
      "score": 1.2635,
      "flip_en_banda": true,
      "nivel_flip": 30221.0068,
      "valor_spot_now": -8557021645065324.0,
      "percentil_spot": 19.7,
      "interpretacion": "ALTA \u2014 domina el comportamiento cerca del spot"
    },
    "speed": {
      "n_strikes_banda": 61,
      "var_banda": 9.629107677081612e+23,
      "var_total": 7.234409855894926e+23,
      "concentracion": 1.331,
      "gradiente_t": 0.0,
      "score": 1.3311,
      "flip_en_banda": true,
      "nivel_flip": 30698.3312,
      "valor_spot_now": 187511276785.61,
      "percentil_spot": 50.8,
      "interpretacion": "ALTA \u2014 domina el comportamiento cerca del spot"
    },
    "vomma": {
      "n_strikes_banda": 61,
      "var_banda": 5.206564938136902e+30,
      "var_total": 4.616105749739543e+30,
      "concentracion": 1.1279,
      "gradiente_t": 0.0122,
      "score": 1.1417,
      "flip_en_banda": false,
      "nivel_flip": null,
      "valor_spot_now": 5128888934164438.0,
      "percentil_spot": 50.8,
      "interpretacion": "ALTA \u2014 domina el comportamiento cerca del spot"
    },
    "zomma": {
      "n_strikes_banda": 61,
      "var_banda": 8.333218987982567e+28,
      "var_total": 8.412852328890062e+28,
      "concentracion": 0.9905,
      "gradiente_t": 0.001,
      "score": 0.9915,
      "flip_en_banda": true,
      "nivel_flip": 30225.0015,
      "valor_spot_now": -269232054940967.66,
      "percentil_spot": 23.0,
      "interpretacion": "ALTA \u2014 domina el comportamiento cerca del spot"
    }
  },
  "tiene_inv": false
}