{
  "activo": "NQ",
  "spot": 28793.5,
  "banda_pct": 0.01,
  "minutos_ahora": 900,
  "generated_at": "2026-06-10 23:46:41",
  "ranking": [
    "zomma",
    "speed",
    "gamma",
    "vomma",
    "vanna",
    "color",
    "charm",
    "delta"
  ],
  "lider": "zomma",
  "resumen": [
    "#1 ZOMMA     \u2014 Zomma dGamma/dVol (OI)          score=0.829  conc=0.829  grad=0.001  val@spot=-3.82e+13  p52 | FLIP en 28664.62",
    "#2 SPEED     \u2014 Speed dGamma/dS (OI)            score=0.696  conc=0.696  grad=0.000  val@spot=5.23e+10  p55",
    "#3 GEX       \u2014 Gamma Exposure (OI)             score=0.582  conc=0.582  grad=0.001  val@spot=5.70e+07  p50 | FLIP en 28759.21",
    "#4 VOMMA     \u2014 Vomma dVega/dVol (OI)           score=0.560  conc=0.554  grad=0.011  val@spot=-7.49e+14  p52 | FLIP en 28554.06",
    "#5 VEX       \u2014 Vanna Exposure (OI)             score=0.532  conc=0.530  grad=0.004  val@spot=1.21e+12  p60",
    "#6 COLOR     \u2014 Color dGamma/dT (OI)            score=0.517  conc=0.517  grad=0.000  val@spot=-2.60e+15  p52 | FLIP en 28668.84",
    "#7 CHARM     \u2014 Charm dDelta/dT (OI)            score=0.477  conc=0.477  grad=0.000  val@spot=-3.06e+11  p41",
    "#8 DEX       \u2014 Net Delta (OI)                  score=0.161  conc=0.160  grad=0.003  val@spot=4.58e+09  p19"
  ],
  "por_superficie": {
    "gamma": {
      "n_strikes_banda": 58,
      "var_banda": 3.000375592899423e+17,
      "var_total": 5.157070115495008e+17,
      "concentracion": 0.5818,
      "gradiente_t": 0.0007,
      "score": 0.5822,
      "flip_en_banda": true,
      "nivel_flip": 28759.209,
      "valor_spot_now": 56984798.31,
      "percentil_spot": 50.0,
      "interpretacion": "MEDIA \u2014 relevante, monitorear en conjunto"
    },
    "vanna": {
      "n_strikes_banda": 58,
      "var_banda": 1.3898337795432058e+23,
      "var_total": 2.6217597689035696e+23,
      "concentracion": 0.5301,
      "gradiente_t": 0.0038,
      "score": 0.5321,
      "flip_en_banda": false,
      "nivel_flip": null,
      "valor_spot_now": 1211309564681.78,
      "percentil_spot": 60.3,
      "interpretacion": "MEDIA \u2014 relevante, monitorear en conjunto"
    },
    "delta": {
      "n_strikes_banda": 58,
      "var_banda": 2.0100671617692125e+17,
      "var_total": 1.2560190092487373e+18,
      "concentracion": 0.16,
      "gradiente_t": 0.0028,
      "score": 0.1605,
      "flip_en_banda": false,
      "nivel_flip": null,
      "valor_spot_now": 4577226004.66,
      "percentil_spot": 19.0,
      "interpretacion": "BAJA \u2014 energ\u00eda dispersa lejos del spot"
    },
    "charm": {
      "n_strikes_banda": 58,
      "var_banda": 1.6880066348495248e+23,
      "var_total": 3.541950388074982e+23,
      "concentracion": 0.4766,
      "gradiente_t": 0.0001,
      "score": 0.4766,
      "flip_en_banda": false,
      "nivel_flip": null,
      "valor_spot_now": -306446802880.05,
      "percentil_spot": 41.4,
      "interpretacion": "MEDIA \u2014 relevante, monitorear en conjunto"
    },
    "color": {
      "n_strikes_banda": 58,
      "var_banda": 1.0107853644867834e+34,
      "var_total": 1.954057640445661e+34,
      "concentracion": 0.5173,
      "gradiente_t": 0.0,
      "score": 0.5173,
      "flip_en_banda": true,
      "nivel_flip": 28668.8383,
      "valor_spot_now": -2604946693121455.0,
      "percentil_spot": 51.7,
      "interpretacion": "MEDIA \u2014 relevante, monitorear en conjunto"
    },
    "speed": {
      "n_strikes_banda": 58,
      "var_banda": 6.476638785132798e+21,
      "var_total": 9.312398401786471e+21,
      "concentracion": 0.6955,
      "gradiente_t": 0.0001,
      "score": 0.6956,
      "flip_en_banda": false,
      "nivel_flip": null,
      "valor_spot_now": 52315138122.64,
      "percentil_spot": 55.2,
      "interpretacion": "ALTA \u2014 domina el comportamiento cerca del spot"
    },
    "vomma": {
      "n_strikes_banda": 58,
      "var_banda": 9.640487891395543e+28,
      "var_total": 1.7412410856515574e+29,
      "concentracion": 0.5537,
      "gradiente_t": 0.0114,
      "score": 0.56,
      "flip_en_banda": true,
      "nivel_flip": 28554.0633,
      "valor_spot_now": -748529163877532.9,
      "percentil_spot": 51.7,
      "interpretacion": "MEDIA \u2014 relevante, monitorear en conjunto"
    },
    "zomma": {
      "n_strikes_banda": 58,
      "var_banda": 1.868772474462261e+27,
      "var_total": 2.2545273987643856e+27,
      "concentracion": 0.8289,
      "gradiente_t": 0.0007,
      "score": 0.8294,
      "flip_en_banda": true,
      "nivel_flip": 28664.618,
      "valor_spot_now": -38227836994076.61,
      "percentil_spot": 51.7,
      "interpretacion": "ALTA \u2014 domina el comportamiento cerca del spot"
    }
  },
  "tiene_inv": false
}