{
  "activo": "NQ",
  "spot": 30074.5,
  "banda_pct": 0.01,
  "minutos_ahora": 900,
  "generated_at": "2026-05-26 09:27:49",
  "ranking": [
    "color",
    "vomma",
    "speed",
    "zomma",
    "charm",
    "gamma",
    "delta",
    "vanna"
  ],
  "lider": "color",
  "resumen": [
    "#1 COLOR     \u2014 Color dGamma/dT (OI)            score=1.302  conc=1.302  grad=0.000  val@spot=-2.02e+15  p50 | FLIP en 30153.28",
    "#2 VOMMA     \u2014 Vomma dVega/dVol (OI)           score=1.022  conc=1.004  grad=0.018  val@spot=3.19e+15  p77",
    "#3 SPEED     \u2014 Speed dGamma/dS (OI)            score=0.955  conc=0.955  grad=0.000  val@spot=-9.98e+10  p43 | FLIP en 29877.32",
    "#4 ZOMMA     \u2014 Zomma dGamma/dVol (OI)          score=0.903  conc=0.902  grad=0.001  val@spot=-7.24e+13  p50 | FLIP en 30167.96",
    "#5 CHARM     \u2014 Charm dDelta/dT (OI)            score=0.801  conc=0.801  grad=0.000  val@spot=7.04e+10  p72 | FLIP en 29913.51",
    "#6 GEX       \u2014 Gamma Exposure (OI)             score=0.667  conc=0.666  grad=0.001  val@spot=1.79e+09  p52",
    "#7 DEX       \u2014 Net Delta (OI)                  score=0.351  conc=0.350  grad=0.001  val@spot=6.20e+09  p50",
    "#8 VEX       \u2014 Vanna Exposure (OI)             score=0.338  conc=0.336  grad=0.006  val@spot=-8.83e+11  p35 | FLIP en 29888.43"
  ],
  "por_superficie": {
    "gamma": {
      "n_strikes_banda": 60,
      "var_banda": 4.4845623110206214e+17,
      "var_total": 6.733642658172216e+17,
      "concentracion": 0.666,
      "gradiente_t": 0.0013,
      "score": 0.6669,
      "flip_en_banda": false,
      "nivel_flip": null,
      "valor_spot_now": 1786848850.85,
      "percentil_spot": 51.7,
      "interpretacion": "ALTA \u2014 domina el comportamiento cerca del spot"
    },
    "vanna": {
      "n_strikes_banda": 60,
      "var_banda": 1.3534239587347358e+23,
      "var_total": 4.031919818347713e+23,
      "concentracion": 0.3357,
      "gradiente_t": 0.0056,
      "score": 0.3376,
      "flip_en_banda": true,
      "nivel_flip": 29888.4315,
      "valor_spot_now": -882926990581.45,
      "percentil_spot": 35.0,
      "interpretacion": "MEDIA \u2014 relevante, monitorear en conjunto"
    },
    "delta": {
      "n_strikes_banda": 60,
      "var_banda": 1.24246300194189e+18,
      "var_total": 3.5460980921276186e+18,
      "concentracion": 0.3504,
      "gradiente_t": 0.0006,
      "score": 0.3506,
      "flip_en_banda": false,
      "nivel_flip": null,
      "valor_spot_now": 6195972918.07,
      "percentil_spot": 50.0,
      "interpretacion": "MEDIA \u2014 relevante, monitorear en conjunto"
    },
    "charm": {
      "n_strikes_banda": 60,
      "var_banda": 3.323867327445292e+22,
      "var_total": 4.147672374150268e+22,
      "concentracion": 0.8014,
      "gradiente_t": 0.0001,
      "score": 0.8015,
      "flip_en_banda": true,
      "nivel_flip": 29913.5113,
      "valor_spot_now": 70423718928.35,
      "percentil_spot": 71.7,
      "interpretacion": "ALTA \u2014 domina el comportamiento cerca del spot"
    },
    "color": {
      "n_strikes_banda": 60,
      "var_banda": 3.1460122800552715e+34,
      "var_total": 2.415387487691325e+34,
      "concentracion": 1.3025,
      "gradiente_t": 0.0,
      "score": 1.3025,
      "flip_en_banda": true,
      "nivel_flip": 30153.2806,
      "valor_spot_now": -2021814083169985.0,
      "percentil_spot": 50.0,
      "interpretacion": "ALTA \u2014 domina el comportamiento cerca del spot"
    },
    "speed": {
      "n_strikes_banda": 60,
      "var_banda": 7.027456178094895e+22,
      "var_total": 7.359193342906102e+22,
      "concentracion": 0.9549,
      "gradiente_t": 0.0001,
      "score": 0.955,
      "flip_en_banda": true,
      "nivel_flip": 29877.3195,
      "valor_spot_now": -99751768254.12,
      "percentil_spot": 43.3,
      "interpretacion": "ALTA \u2014 domina el comportamiento cerca del spot"
    },
    "vomma": {
      "n_strikes_banda": 60,
      "var_banda": 7.39441642484502e+29,
      "var_total": 7.366313647627395e+29,
      "concentracion": 1.0038,
      "gradiente_t": 0.0182,
      "score": 1.0221,
      "flip_en_banda": false,
      "nivel_flip": null,
      "valor_spot_now": 3186436863029269.0,
      "percentil_spot": 76.7,
      "interpretacion": "ALTA \u2014 domina el comportamiento cerca del spot"
    },
    "zomma": {
      "n_strikes_banda": 60,
      "var_banda": 1.2173719398235633e+28,
      "var_total": 1.3491016142773591e+28,
      "concentracion": 0.9024,
      "gradiente_t": 0.0011,
      "score": 0.9033,
      "flip_en_banda": true,
      "nivel_flip": 30167.9629,
      "valor_spot_now": -72420287466858.89,
      "percentil_spot": 50.0,
      "interpretacion": "ALTA \u2014 domina el comportamiento cerca del spot"
    }
  },
  "tiene_inv": false
}