{
  "activo": "NQ",
  "spot": 27851.0,
  "banda_pct": 0.01,
  "minutos_ahora": 900,
  "generated_at": "2026-05-04 07:05:39",
  "ranking": [
    "speed",
    "color",
    "charm",
    "gamma",
    "vanna",
    "delta"
  ],
  "lider": "speed",
  "resumen": [
    "#1 SPEED \u2014 Speed (dGamma/dS)            score=2.213  conc=2.213  grad=0.000  val@spot=2.42e+11  p91 | FLIP en 28084.35",
    "#2 COLOR \u2014 Color (dGamma/dT)            score=2.211  conc=2.211  grad=0.000  val@spot=-2.91e+15  p52 | FLIP en 27802.20",
    "#3 CHARM \u2014 Charm (dDelta/dT)            score=1.906  conc=1.905  grad=0.000  val@spot=-2.78e+11  p17 | FLIP en 28108.16",
    "#4 GEX  \u2014 Gamma Exposure                score=1.661  conc=1.659  grad=0.001  val@spot=1.30e+09  p52 | FLIP en 27695.40",
    "#5 VEX  \u2014 Vanna Exposure                score=1.472  conc=1.459  grad=0.009  val@spot=2.37e+12  p87 | FLIP en 28091.91",
    "#6 DEX  \u2014 Net Delta Exposure            score=0.235  conc=0.235  grad=0.002  val@spot=5.19e+09  p52"
  ],
  "por_superficie": {
    "gamma": {
      "n_strikes_banda": 23,
      "var_banda": 2.3491660304840755e+18,
      "var_total": 1.4162785667532513e+18,
      "concentracion": 1.6587,
      "gradiente_t": 0.0013,
      "score": 1.6608,
      "flip_en_banda": true,
      "nivel_flip": 27695.3955,
      "valor_spot_now": 1300334262.4,
      "percentil_spot": 52.2,
      "interpretacion": "ALTA \u2014 domina el comportamiento cerca del spot"
    },
    "vanna": {
      "n_strikes_banda": 23,
      "var_banda": 5.9748296426526763e+23,
      "var_total": 4.0960348075253346e+23,
      "concentracion": 1.4587,
      "gradiente_t": 0.009,
      "score": 1.4718,
      "flip_en_banda": true,
      "nivel_flip": 28091.9147,
      "valor_spot_now": 2373978062680.59,
      "percentil_spot": 87.0,
      "interpretacion": "ALTA \u2014 domina el comportamiento cerca del spot"
    },
    "delta": {
      "n_strikes_banda": 23,
      "var_banda": 1.0226111912258287e+18,
      "var_total": 4.3491324765354834e+18,
      "concentracion": 0.2351,
      "gradiente_t": 0.0015,
      "score": 0.2355,
      "flip_en_banda": false,
      "nivel_flip": null,
      "valor_spot_now": 5189904320.66,
      "percentil_spot": 52.2,
      "interpretacion": "BAJA \u2014 energ\u00eda dispersa lejos del spot"
    },
    "charm": {
      "n_strikes_banda": 23,
      "var_banda": 1.0468977096626147e+23,
      "var_total": 5.494462585475549e+22,
      "concentracion": 1.9054,
      "gradiente_t": 0.0002,
      "score": 1.9058,
      "flip_en_banda": true,
      "nivel_flip": 28108.1608,
      "valor_spot_now": -277858513974.93,
      "percentil_spot": 17.4,
      "interpretacion": "ALTA \u2014 domina el comportamiento cerca del spot"
    },
    "color": {
      "n_strikes_banda": 23,
      "var_banda": 8.421857199605515e+34,
      "var_total": 3.809883811090666e+34,
      "concentracion": 2.2105,
      "gradiente_t": 0.0,
      "score": 2.2105,
      "flip_en_banda": true,
      "nivel_flip": 27802.2003,
      "valor_spot_now": -2913767119043770.0,
      "percentil_spot": 52.2,
      "interpretacion": "ALTA \u2014 domina el comportamiento cerca del spot"
    },
    "speed": {
      "n_strikes_banda": 23,
      "var_banda": 8.731507870507445e+22,
      "var_total": 3.945852037482569e+22,
      "concentracion": 2.2128,
      "gradiente_t": 0.0002,
      "score": 2.2133,
      "flip_en_banda": true,
      "nivel_flip": 28084.3534,
      "valor_spot_now": 242162919007.74,
      "percentil_spot": 91.3,
      "interpretacion": "ALTA \u2014 domina el comportamiento cerca del spot"
    }
  }
}