{
  "activo": "NQ",
  "spot": 29801.25,
  "banda_pct": 0.01,
  "minutos_ahora": 900,
  "generated_at": "2026-05-27 23:02:46",
  "ranking": [
    "vanna",
    "vomma",
    "charm",
    "speed",
    "zomma",
    "gamma",
    "color",
    "delta"
  ],
  "lider": "vanna",
  "resumen": [
    "#1 VEX       \u2014 Vanna Exposure (OI)             score=0.734  conc=0.729  grad=0.007  val@spot=3.65e+12  p63",
    "#2 VOMMA     \u2014 Vomma dVega/dVol (OI)           score=0.678  conc=0.665  grad=0.019  val@spot=2.77e+15  p93 | FLIP en 30025.58",
    "#3 CHARM     \u2014 Charm dDelta/dT (OI)            score=0.659  conc=0.659  grad=0.000  val@spot=-5.16e+11  p39",
    "#4 SPEED     \u2014 Speed dGamma/dS (OI)            score=0.592  conc=0.592  grad=0.000  val@spot=2.63e+11  p61",
    "#5 ZOMMA     \u2014 Zomma dGamma/dVol (OI)          score=0.555  conc=0.554  grad=0.001  val@spot=2.48e+14  p51 | FLIP en 29916.51",
    "#6 GEX       \u2014 Gamma Exposure (OI)             score=0.532  conc=0.532  grad=0.001  val@spot=-1.96e+08  p51 | FLIP en 29821.64",
    "#7 COLOR     \u2014 Color dGamma/dT (OI)            score=0.529  conc=0.529  grad=0.000  val@spot=1.00e+16  p51 | FLIP en 29914.92",
    "#8 DEX       \u2014 Net Delta (OI)                  score=0.224  conc=0.223  grad=0.003  val@spot=4.90e+09  p7"
  ],
  "por_superficie": {
    "gamma": {
      "n_strikes_banda": 59,
      "var_banda": 3.918569529939765e+18,
      "var_total": 7.368430910600191e+18,
      "concentracion": 0.5318,
      "gradiente_t": 0.0014,
      "score": 0.5325,
      "flip_en_banda": true,
      "nivel_flip": 29821.641,
      "valor_spot_now": -195984798.22,
      "percentil_spot": 50.8,
      "interpretacion": "MEDIA \u2014 relevante, monitorear en conjunto"
    },
    "vanna": {
      "n_strikes_banda": 59,
      "var_banda": 1.9275525129774403e+24,
      "var_total": 2.6442503074136644e+24,
      "concentracion": 0.729,
      "gradiente_t": 0.0068,
      "score": 0.7339,
      "flip_en_banda": false,
      "nivel_flip": null,
      "valor_spot_now": 3654622272138.99,
      "percentil_spot": 62.7,
      "interpretacion": "ALTA \u2014 domina el comportamiento cerca del spot"
    },
    "delta": {
      "n_strikes_banda": 59,
      "var_banda": 6.164777710713034e+17,
      "var_total": 2.7658811966185805e+18,
      "concentracion": 0.2229,
      "gradiente_t": 0.0031,
      "score": 0.2236,
      "flip_en_banda": false,
      "nivel_flip": null,
      "valor_spot_now": 4903699229.76,
      "percentil_spot": 6.8,
      "interpretacion": "BAJA \u2014 energ\u00eda dispersa lejos del spot"
    },
    "charm": {
      "n_strikes_banda": 59,
      "var_banda": 4.4113450489480304e+23,
      "var_total": 6.696846980305163e+23,
      "concentracion": 0.6587,
      "gradiente_t": 0.0002,
      "score": 0.6588,
      "flip_en_banda": false,
      "nivel_flip": null,
      "valor_spot_now": -516440094434.51,
      "percentil_spot": 39.0,
      "interpretacion": "ALTA \u2014 domina el comportamiento cerca del spot"
    },
    "color": {
      "n_strikes_banda": 59,
      "var_banda": 6.032631631838548e+34,
      "var_total": 1.1409556859498864e+35,
      "concentracion": 0.5287,
      "gradiente_t": 0.0,
      "score": 0.5287,
      "flip_en_banda": true,
      "nivel_flip": 29914.9207,
      "valor_spot_now": 1.0022782341562748e+16,
      "percentil_spot": 50.8,
      "interpretacion": "MEDIA \u2014 relevante, monitorear en conjunto"
    },
    "speed": {
      "n_strikes_banda": 59,
      "var_banda": 1.2193720093568146e+23,
      "var_total": 2.059663736686745e+23,
      "concentracion": 0.592,
      "gradiente_t": 0.0002,
      "score": 0.5921,
      "flip_en_banda": false,
      "nivel_flip": null,
      "valor_spot_now": 263415243550.9,
      "percentil_spot": 61.0,
      "interpretacion": "MEDIA \u2014 relevante, monitorear en conjunto"
    },
    "vomma": {
      "n_strikes_banda": 59,
      "var_banda": 9.972332006879196e+29,
      "var_total": 1.500115463747102e+30,
      "concentracion": 0.6648,
      "gradiente_t": 0.0192,
      "score": 0.6776,
      "flip_en_banda": true,
      "nivel_flip": 30025.5756,
      "valor_spot_now": 2774488568393639.0,
      "percentil_spot": 93.2,
      "interpretacion": "ALTA \u2014 domina el comportamiento cerca del spot"
    },
    "zomma": {
      "n_strikes_banda": 59,
      "var_banda": 4.701752796667952e+28,
      "var_total": 8.484939897369582e+28,
      "concentracion": 0.5541,
      "gradiente_t": 0.0014,
      "score": 0.5549,
      "flip_en_banda": true,
      "nivel_flip": 29916.5134,
      "valor_spot_now": 248385600702153.3,
      "percentil_spot": 50.8,
      "interpretacion": "MEDIA \u2014 relevante, monitorear en conjunto"
    }
  },
  "tiene_inv": false
}