{
  "activo": "NQ",
  "spot": 30555.75,
  "banda_pct": 0.01,
  "minutos_ahora": 900,
  "generated_at": "2026-05-31 21:12:39",
  "ranking": [
    "charm",
    "vomma",
    "color",
    "speed",
    "zomma",
    "delta",
    "vanna",
    "gamma"
  ],
  "lider": "charm",
  "resumen": [
    "#1 CHARM     \u2014 Charm dDelta/dT (OI)            score=1.260  conc=1.260  grad=0.000  val@spot=-5.08e+10  p51 | FLIP en 30749.61",
    "#2 VOMMA     \u2014 Vomma dVega/dVol (OI)           score=1.241  conc=1.224  grad=0.013  val@spot=7.06e+15  p54",
    "#3 COLOR     \u2014 Color dGamma/dT (OI)            score=1.177  conc=1.177  grad=0.000  val@spot=-4.76e+15  p64",
    "#4 SPEED     \u2014 Speed dGamma/dS (OI)            score=0.968  conc=0.968  grad=0.000  val@spot=7.22e+10  p51 | FLIP en 30795.62",
    "#5 ZOMMA     \u2014 Zomma dGamma/dVol (OI)          score=0.860  conc=0.859  grad=0.001  val@spot=-1.16e+14  p72",
    "#6 DEX       \u2014 Net Delta (OI)                  score=0.317  conc=0.317  grad=0.001  val@spot=8.37e+09  p51",
    "#7 VEX       \u2014 Vanna Exposure (OI)             score=0.313  conc=0.311  grad=0.007  val@spot=5.25e+11  p51 | FLIP en 30764.25",
    "#8 GEX       \u2014 Gamma Exposure (OI)             score=0.204  conc=0.204  grad=0.001  val@spot=3.96e+09  p51"
  ],
  "por_superficie": {
    "gamma": {
      "n_strikes_banda": 61,
      "var_banda": 7.53010726977089e+17,
      "var_total": 3.6927743775472824e+18,
      "concentracion": 0.2039,
      "gradiente_t": 0.0005,
      "score": 0.204,
      "flip_en_banda": false,
      "nivel_flip": null,
      "valor_spot_now": 3959798710.6,
      "percentil_spot": 50.8,
      "interpretacion": "BAJA \u2014 energ\u00eda dispersa lejos del spot"
    },
    "vanna": {
      "n_strikes_banda": 61,
      "var_banda": 6.437723953416428e+23,
      "var_total": 2.069735562995478e+24,
      "concentracion": 0.311,
      "gradiente_t": 0.0074,
      "score": 0.3133,
      "flip_en_banda": true,
      "nivel_flip": 30764.2536,
      "valor_spot_now": 524776102264.93,
      "percentil_spot": 50.8,
      "interpretacion": "MEDIA \u2014 relevante, monitorear en conjunto"
    },
    "delta": {
      "n_strikes_banda": 61,
      "var_banda": 6.024683448411021e+18,
      "var_total": 1.9005462356308582e+19,
      "concentracion": 0.317,
      "gradiente_t": 0.0005,
      "score": 0.3172,
      "flip_en_banda": false,
      "nivel_flip": null,
      "valor_spot_now": 8366812038.78,
      "percentil_spot": 50.8,
      "interpretacion": "MEDIA \u2014 relevante, monitorear en conjunto"
    },
    "charm": {
      "n_strikes_banda": 61,
      "var_banda": 9.578933504675843e+23,
      "var_total": 7.605487936011026e+23,
      "concentracion": 1.2595,
      "gradiente_t": 0.0,
      "score": 1.2595,
      "flip_en_banda": true,
      "nivel_flip": 30749.6126,
      "valor_spot_now": -50769831123.79,
      "percentil_spot": 50.8,
      "interpretacion": "ALTA \u2014 domina el comportamiento cerca del spot"
    },
    "color": {
      "n_strikes_banda": 61,
      "var_banda": 5.0423797864694636e+35,
      "var_total": 4.284487673744098e+35,
      "concentracion": 1.1769,
      "gradiente_t": 0.0,
      "score": 1.1769,
      "flip_en_banda": false,
      "nivel_flip": null,
      "valor_spot_now": -4764297339110925.0,
      "percentil_spot": 63.9,
      "interpretacion": "ALTA \u2014 domina el comportamiento cerca del spot"
    },
    "speed": {
      "n_strikes_banda": 61,
      "var_banda": 8.460283594505353e+23,
      "var_total": 8.74296645140098e+23,
      "concentracion": 0.9677,
      "gradiente_t": 0.0,
      "score": 0.9677,
      "flip_en_banda": true,
      "nivel_flip": 30795.6154,
      "valor_spot_now": 72190767147.06,
      "percentil_spot": 50.8,
      "interpretacion": "ALTA \u2014 domina el comportamiento cerca del spot"
    },
    "vomma": {
      "n_strikes_banda": 61,
      "var_banda": 5.454761468169856e+30,
      "var_total": 4.4550999298609496e+30,
      "concentracion": 1.2244,
      "gradiente_t": 0.0135,
      "score": 1.241,
      "flip_en_banda": false,
      "nivel_flip": null,
      "valor_spot_now": 7060265096148717.0,
      "percentil_spot": 54.1,
      "interpretacion": "ALTA \u2014 domina el comportamiento cerca del spot"
    },
    "zomma": {
      "n_strikes_banda": 61,
      "var_banda": 7.907644606398202e+28,
      "var_total": 9.203383153592374e+28,
      "concentracion": 0.8592,
      "gradiente_t": 0.0009,
      "score": 0.86,
      "flip_en_banda": false,
      "nivel_flip": null,
      "valor_spot_now": -115844478318842.94,
      "percentil_spot": 72.1,
      "interpretacion": "ALTA \u2014 domina el comportamiento cerca del spot"
    }
  },
  "tiene_inv": false
}