{
  "activo": "NQ",
  "spot": 29978.5,
  "banda_pct": 0.01,
  "minutos_ahora": 900,
  "generated_at": "2026-05-24 23:56:19",
  "ranking": [
    "color",
    "speed",
    "zomma",
    "charm",
    "vomma",
    "vanna",
    "gamma",
    "delta"
  ],
  "lider": "color",
  "resumen": [
    "#1 COLOR     \u2014 Color dGamma/dT (OI)            score=1.629  conc=1.629  grad=0.000  val@spot=-4.71e+15  p45 | FLIP en 30154.22",
    "#2 SPEED     \u2014 Speed dGamma/dS (OI)            score=1.346  conc=1.346  grad=0.000  val@spot=-5.06e+10  p50 | FLIP en 29890.85",
    "#3 ZOMMA     \u2014 Zomma dGamma/dVol (OI)          score=1.153  conc=1.151  grad=0.001  val@spot=-1.54e+14  p42 | FLIP en 30165.43",
    "#4 CHARM     \u2014 Charm dDelta/dT (OI)            score=1.103  conc=1.102  grad=0.000  val@spot=5.63e+10  p52 | FLIP en 29888.85",
    "#5 VOMMA     \u2014 Vomma dVega/dVol (OI)           score=0.998  conc=0.985  grad=0.013  val@spot=2.40e+15  p52",
    "#6 VEX       \u2014 Vanna Exposure (OI)             score=0.693  conc=0.689  grad=0.005  val@spot=-5.72e+11  p50 | FLIP en 29883.39",
    "#7 GEX       \u2014 Gamma Exposure (OI)             score=0.452  conc=0.451  grad=0.002  val@spot=1.86e+09  p73",
    "#8 DEX       \u2014 Net Delta (OI)                  score=0.396  conc=0.396  grad=0.001  val@spot=5.49e+09  p52"
  ],
  "por_superficie": {
    "gamma": {
      "n_strikes_banda": 60,
      "var_banda": 2.2370379498548586e+17,
      "var_total": 4.955849681114759e+17,
      "concentracion": 0.4514,
      "gradiente_t": 0.0015,
      "score": 0.4521,
      "flip_en_banda": false,
      "nivel_flip": null,
      "valor_spot_now": 1862003695.38,
      "percentil_spot": 73.3,
      "interpretacion": "MEDIA \u2014 relevante, monitorear en conjunto"
    },
    "vanna": {
      "n_strikes_banda": 60,
      "var_banda": 2.567789162932083e+23,
      "var_total": 3.7257422817669537e+23,
      "concentracion": 0.6892,
      "gradiente_t": 0.0049,
      "score": 0.6926,
      "flip_en_banda": true,
      "nivel_flip": 29883.3942,
      "valor_spot_now": -572298985486.72,
      "percentil_spot": 50.0,
      "interpretacion": "ALTA \u2014 domina el comportamiento cerca del spot"
    },
    "delta": {
      "n_strikes_banda": 60,
      "var_banda": 1.3824838434197944e+18,
      "var_total": 3.492340783053904e+18,
      "concentracion": 0.3959,
      "gradiente_t": 0.0008,
      "score": 0.3962,
      "flip_en_banda": false,
      "nivel_flip": null,
      "valor_spot_now": 5491081461.16,
      "percentil_spot": 51.7,
      "interpretacion": "MEDIA \u2014 relevante, monitorear en conjunto"
    },
    "charm": {
      "n_strikes_banda": 60,
      "var_banda": 5.029124078769132e+22,
      "var_total": 4.56207577697977e+22,
      "concentracion": 1.1024,
      "gradiente_t": 0.0001,
      "score": 1.1025,
      "flip_en_banda": true,
      "nivel_flip": 29888.849,
      "valor_spot_now": 56260669328.31,
      "percentil_spot": 51.7,
      "interpretacion": "ALTA \u2014 domina el comportamiento cerca del spot"
    },
    "color": {
      "n_strikes_banda": 60,
      "var_banda": 3.5008692432591063e+34,
      "var_total": 2.1495894307779226e+34,
      "concentracion": 1.6286,
      "gradiente_t": 0.0,
      "score": 1.6286,
      "flip_en_banda": true,
      "nivel_flip": 30154.2155,
      "valor_spot_now": -4705632189754084.0,
      "percentil_spot": 45.0,
      "interpretacion": "ALTA \u2014 domina el comportamiento cerca del spot"
    },
    "speed": {
      "n_strikes_banda": 60,
      "var_banda": 5.183104307024385e+22,
      "var_total": 3.84994501230745e+22,
      "concentracion": 1.3463,
      "gradiente_t": 0.0001,
      "score": 1.3464,
      "flip_en_banda": true,
      "nivel_flip": 29890.8483,
      "valor_spot_now": -50643826200.66,
      "percentil_spot": 50.0,
      "interpretacion": "ALTA \u2014 domina el comportamiento cerca del spot"
    },
    "vomma": {
      "n_strikes_banda": 60,
      "var_banda": 5.413501295146797e+29,
      "var_total": 5.494312686996529e+29,
      "concentracion": 0.9853,
      "gradiente_t": 0.0133,
      "score": 0.9984,
      "flip_en_banda": false,
      "nivel_flip": null,
      "valor_spot_now": 2403498883406378.0,
      "percentil_spot": 51.7,
      "interpretacion": "ALTA \u2014 domina el comportamiento cerca del spot"
    },
    "zomma": {
      "n_strikes_banda": 60,
      "var_banda": 7.051332046598596e+27,
      "var_total": 6.125019857770609e+27,
      "concentracion": 1.1512,
      "gradiente_t": 0.0013,
      "score": 1.1528,
      "flip_en_banda": true,
      "nivel_flip": 30165.4257,
      "valor_spot_now": -153789975959459.62,
      "percentil_spot": 41.7,
      "interpretacion": "ALTA \u2014 domina el comportamiento cerca del spot"
    }
  },
  "tiene_inv": false
}