strike,oi_c,oi_p,vol_c,vol_p,oi_net,vol_net,gex,vex,dex,inv_gex,inv_vex_call,inv_vex_put
690.0,689.0,688.0,687.0,686.0,1.0,1.0,4.2502334706835066e-24,4.237974067505719e-24,-68800.0,9.540211161205275e-28,5.1033373856422264e-27,-4.149316269521699e-27
