strike,oi_c,oi_p,vol_c,vol_p,oi_net,vol_net,gex,vex,dex,inv_gex,inv_vex_call,inv_vex_put
687.0,686.0,685.0,684.0,683.0,1.0,1.0,3.9655027312833065e-134,3.9539518884653537e-134,-68500.0,-0.8410106328007723,0.8509421606753667,-1.691952793476139
