{
  "activo": "QQQ",
  "spot": 706.72,
  "banda_pct": 0.01,
  "minutos_ahora": 900,
  "generated_at": "2026-05-18 17:50:01",
  "ranking": [
    "color",
    "charm",
    "speed",
    "vanna",
    "zomma",
    "vomma",
    "gamma",
    "delta"
  ],
  "lider": "color",
  "resumen": [
    "#1 COLOR     \u2014 Color dGamma/dT (OI)            score=1.216  conc=1.216  grad=0.000  val@spot=4.04e+13  p54 | FLIP en 712.43",
    "#2 CHARM     \u2014 Charm dDelta/dT (OI)            score=1.208  conc=1.208  grad=0.000  val@spot=-5.02e+10  p54 | FLIP en 701.15",
    "#3 SPEED     \u2014 Speed dGamma/dS (OI)            score=1.013  conc=1.013  grad=0.000  val@spot=2.40e+10  p71",
    "#4 VEX       \u2014 Vanna Exposure (OI)             score=0.893  conc=0.883  grad=0.011  val@spot=8.45e+09  p50",
    "#5 ZOMMA     \u2014 Zomma dGamma/dVol (OI)          score=0.751  conc=0.750  grad=0.002  val@spot=5.62e+11  p54 | FLIP en 710.36",
    "#6 VOMMA     \u2014 Vomma dVega/dVol (OI)           score=0.491  conc=0.482  grad=0.018  val@spot=1.01e+11  p96 | FLIP en 701.51",
    "#7 GEX       \u2014 Gamma Exposure (OI)             score=0.467  conc=0.466  grad=0.002  val@spot=-1.78e+08  p50 | FLIP en 711.65",
    "#8 DEX       \u2014 Net Delta (OI)                  score=0.391  conc=0.391  grad=0.002  val@spot=1.64e+09  p54"
  ],
  "por_superficie": {
    "gamma": {
      "n_strikes_banda": 28,
      "var_banda": 2.5139680623370684e+16,
      "var_total": 5.3988092203235784e+16,
      "concentracion": 0.4657,
      "gradiente_t": 0.002,
      "score": 0.4666,
      "flip_en_banda": true,
      "nivel_flip": 711.6532,
      "valor_spot_now": -177816611.61,
      "percentil_spot": 50.0,
      "interpretacion": "MEDIA \u2014 relevante, monitorear en conjunto"
    },
    "vanna": {
      "n_strikes_banda": 28,
      "var_banda": 1.1858826835070185e+19,
      "var_total": 1.342522771082472e+19,
      "concentracion": 0.8833,
      "gradiente_t": 0.0111,
      "score": 0.8931,
      "flip_en_banda": false,
      "nivel_flip": null,
      "valor_spot_now": 8452455539.7,
      "percentil_spot": 50.0,
      "interpretacion": "ALTA \u2014 domina el comportamiento cerca del spot"
    },
    "delta": {
      "n_strikes_banda": 28,
      "var_banda": 2.94625507757222e+16,
      "var_total": 7.538437972840504e+16,
      "concentracion": 0.3908,
      "gradiente_t": 0.0015,
      "score": 0.3914,
      "flip_en_banda": false,
      "nivel_flip": null,
      "valor_spot_now": 1641186758.72,
      "percentil_spot": 53.6,
      "interpretacion": "MEDIA \u2014 relevante, monitorear en conjunto"
    },
    "charm": {
      "n_strikes_banda": 28,
      "var_banda": 1.0553782977600292e+22,
      "var_total": 8.737408426457589e+21,
      "concentracion": 1.2079,
      "gradiente_t": 0.0001,
      "score": 1.208,
      "flip_en_banda": true,
      "nivel_flip": 701.1525,
      "valor_spot_now": -50202103439.55,
      "percentil_spot": 53.6,
      "interpretacion": "ALTA \u2014 domina el comportamiento cerca del spot"
    },
    "color": {
      "n_strikes_banda": 28,
      "var_banda": 1.2358117602513178e+30,
      "var_total": 1.0167314113217026e+30,
      "concentracion": 1.2155,
      "gradiente_t": 0.0,
      "score": 1.2155,
      "flip_en_banda": true,
      "nivel_flip": 712.4341,
      "valor_spot_now": 40435198072931.67,
      "percentil_spot": 53.6,
      "interpretacion": "ALTA \u2014 domina el comportamiento cerca del spot"
    },
    "speed": {
      "n_strikes_banda": 28,
      "var_banda": 7.209707692271053e+20,
      "var_total": 7.11852444363476e+20,
      "concentracion": 1.0128,
      "gradiente_t": 0.0002,
      "score": 1.013,
      "flip_en_banda": false,
      "nivel_flip": null,
      "valor_spot_now": 24041909842.98,
      "percentil_spot": 71.4,
      "interpretacion": "ALTA \u2014 domina el comportamiento cerca del spot"
    },
    "vomma": {
      "n_strikes_banda": 28,
      "var_banda": 4.0349727976208613e+21,
      "var_total": 8.365682042888963e+21,
      "concentracion": 0.4823,
      "gradiente_t": 0.0177,
      "score": 0.4909,
      "flip_en_banda": true,
      "nivel_flip": 701.5109,
      "valor_spot_now": 101458790077.93,
      "percentil_spot": 96.4,
      "interpretacion": "MEDIA \u2014 relevante, monitorear en conjunto"
    },
    "zomma": {
      "n_strikes_banda": 28,
      "var_banda": 1.3924650988109956e+23,
      "var_total": 1.8567579839247976e+23,
      "concentracion": 0.7499,
      "gradiente_t": 0.0015,
      "score": 0.7511,
      "flip_en_banda": true,
      "nivel_flip": 710.3583,
      "valor_spot_now": 561937828243.22,
      "percentil_spot": 53.6,
      "interpretacion": "ALTA \u2014 domina el comportamiento cerca del spot"
    }
  },
  "tiene_inv": false
}