strike,oi_c,oi_p,vol_c,vol_p,oi_net,vol_net,gex,vex,dex,inv_gex,inv_vex_call,inv_vex_put,inv_net
766.0,765.0,764.0,763.0,762.0,1.0,1.0,3.239371903471978e-132,3.230911193046343e-132,-76400.0,14.841938302731139,14.841938302731139,-4.353601337722589e-136,1525.0
