strike,oi_c,oi_p,vol_c,vol_p,oi_net,vol_net,gex,vex,dex,inv_gex,inv_vex_call,inv_vex_put,inv_net
766.0,765.0,764.0,763.0,762.0,1.0,1.0,3.3411903725995938e-12,3.3325516707999114e-12,-76400.0,465.50990395328665,465.50990395328665,-5.0979963813238824e-15,1982.0
