strike,oi_c,oi_p,vol_c,vol_p,oi_net,vol_net,gex,vex,dex,inv_gex,inv_vex_call,inv_vex_put
688.0,687.0,686.0,685.0,684.0,1.0,1.0,5.546743362172779e-38,5.530661957172194e-38,-68600.0,0.0,0.0,-1.0668484113497337e-29
