strike,oi_c,oi_p,vol_c,vol_p,oi_net,vol_net,gex,vex,dex,inv_gex,inv_vex_call,inv_vex_put,inv_net
745.0,744.0,743.0,742.0,741.0,1.0,1.0,0.0,0.0,-74300.0,748.0265231110343,756.2715883213168,-8.245065210282378,2201.0
