strike,oi_c,oi_p,vol_c,vol_p,oi_net,vol_net,gex,vex,dex,inv_gex,inv_vex_call,inv_vex_put
686.0,685.0,684.0,683.0,682.0,1.0,1.0,2.9531813354891044e-90,2.944572253609122e-90,-68400.0,-0.733408181300595,0.2563020824124217,-0.9897102637130167
