{
  "activo": "QQQ",
  "spot": 734.31,
  "banda_pct": 0.01,
  "minutos_ahora": 900,
  "generated_at": "2026-05-28 20:24:22",
  "ranking": [
    "color",
    "charm",
    "speed",
    "zomma",
    "vanna",
    "gamma",
    "vomma",
    "delta"
  ],
  "lider": "color",
  "resumen": [
    "#1 COLOR     \u2014 Color dGamma/dT (OI)            score=1.494  conc=1.494  grad=0.000  val@spot=-1.53e+14  p50 | FLIP en 729.60",
    "#2 CHARM     \u2014 Charm dDelta/dT (OI)            score=1.397  conc=1.397  grad=0.000  val@spot=-1.74e+11  p53 | FLIP en 739.15",
    "#3 SPEED     \u2014 Speed dGamma/dS (OI)            score=1.153  conc=1.153  grad=0.000  val@spot=1.15e+11  p93",
    "#4 ZOMMA     \u2014 Zomma dGamma/dVol (OI)          score=0.958  conc=0.956  grad=0.001  val@spot=-1.67e+12  p50 | FLIP en 732.18",
    "#5 VEX       \u2014 Vanna Exposure (OI)             score=0.824  conc=0.816  grad=0.011  val@spot=4.03e+10  p73",
    "#6 GEX       \u2014 Gamma Exposure (OI)             score=0.606  conc=0.605  grad=0.002  val@spot=7.94e+08  p53 | FLIP en 729.11",
    "#7 VOMMA     \u2014 Vomma dVega/dVol (OI)           score=0.386  conc=0.381  grad=0.015  val@spot=-2.73e+11  p17 | FLIP en 740.06",
    "#8 DEX       \u2014 Net Delta (OI)                  score=0.345  conc=0.345  grad=0.001  val@spot=5.72e+09  p53"
  ],
  "por_superficie": {
    "gamma": {
      "n_strikes_banda": 30,
      "var_banda": 6.288497059786376e+17,
      "var_total": 1.0398575032891315e+18,
      "concentracion": 0.6047,
      "gradiente_t": 0.0017,
      "score": 0.6057,
      "flip_en_banda": true,
      "nivel_flip": 729.1099,
      "valor_spot_now": 794099251.88,
      "percentil_spot": 53.3,
      "interpretacion": "ALTA \u2014 domina el comportamiento cerca del spot"
    },
    "vanna": {
      "n_strikes_banda": 30,
      "var_banda": 2.2759118133213702e+20,
      "var_total": 2.7906429856407506e+20,
      "concentracion": 0.8156,
      "gradiente_t": 0.0105,
      "score": 0.8241,
      "flip_en_banda": false,
      "nivel_flip": null,
      "valor_spot_now": 40265202477.66,
      "percentil_spot": 73.3,
      "interpretacion": "ALTA \u2014 domina el comportamiento cerca del spot"
    },
    "delta": {
      "n_strikes_banda": 30,
      "var_banda": 6.486024556102519e+17,
      "var_total": 1.8798013257877071e+18,
      "concentracion": 0.345,
      "gradiente_t": 0.0013,
      "score": 0.3455,
      "flip_en_banda": false,
      "nivel_flip": null,
      "valor_spot_now": 5715700325.22,
      "percentil_spot": 53.3,
      "interpretacion": "MEDIA \u2014 relevante, monitorear en conjunto"
    },
    "charm": {
      "n_strikes_banda": 30,
      "var_banda": 4.2945800531414976e+23,
      "var_total": 3.075307036172086e+23,
      "concentracion": 1.3965,
      "gradiente_t": 0.0002,
      "score": 1.3967,
      "flip_en_banda": true,
      "nivel_flip": 739.1492,
      "valor_spot_now": -174333604119.42,
      "percentil_spot": 53.3,
      "interpretacion": "ALTA \u2014 domina el comportamiento cerca del spot"
    },
    "color": {
      "n_strikes_banda": 30,
      "var_banda": 2.889920163761058e+31,
      "var_total": 1.934823495911143e+31,
      "concentracion": 1.4936,
      "gradiente_t": 0.0,
      "score": 1.4937,
      "flip_en_banda": true,
      "nivel_flip": 729.5972,
      "valor_spot_now": -152524888586260.3,
      "percentil_spot": 50.0,
      "interpretacion": "ALTA \u2014 domina el comportamiento cerca del spot"
    },
    "speed": {
      "n_strikes_banda": 30,
      "var_banda": 2.452852902094693e+22,
      "var_total": 2.1276749224908006e+22,
      "concentracion": 1.1528,
      "gradiente_t": 0.0002,
      "score": 1.153,
      "flip_en_banda": false,
      "nivel_flip": null,
      "valor_spot_now": 114945611807.72,
      "percentil_spot": 93.3,
      "interpretacion": "ALTA \u2014 domina el comportamiento cerca del spot"
    },
    "vomma": {
      "n_strikes_banda": 30,
      "var_banda": 9.016973487800511e+22,
      "var_total": 2.369394314668992e+23,
      "concentracion": 0.3806,
      "gradiente_t": 0.0154,
      "score": 0.3864,
      "flip_en_banda": true,
      "nivel_flip": 740.0618,
      "valor_spot_now": -272741721422.3,
      "percentil_spot": 16.7,
      "interpretacion": "MEDIA \u2014 relevante, monitorear en conjunto"
    },
    "zomma": {
      "n_strikes_banda": 30,
      "var_banda": 4.2980667467866867e+24,
      "var_total": 4.495542991595196e+24,
      "concentracion": 0.9561,
      "gradiente_t": 0.0014,
      "score": 0.9575,
      "flip_en_banda": true,
      "nivel_flip": 732.1784,
      "valor_spot_now": -1669940360666.16,
      "percentil_spot": 50.0,
      "interpretacion": "ALTA \u2014 domina el comportamiento cerca del spot"
    }
  },
  "tiene_inv": false
}