{
  "activo": "RTY",
  "spot": 2754.7,
  "banda_pct": 0.01,
  "minutos_ahora": 900,
  "generated_at": "2026-05-19 21:22:37",
  "ranking": [
    "charm",
    "speed",
    "color",
    "vanna",
    "zomma",
    "gamma",
    "delta",
    "vomma"
  ],
  "lider": "charm",
  "resumen": [
    "#1 CHARM     \u2014 Charm dDelta/dT (OI)            score=1.435  conc=1.435  grad=0.000  val@spot=-6.18e+09  p51 | FLIP en 2738.48",
    "#2 SPEED     \u2014 Speed dGamma/dS (OI)            score=1.334  conc=1.334  grad=0.000  val@spot=3.33e+09  p51 | FLIP en 2738.08",
    "#3 COLOR     \u2014 Color dGamma/dT (OI)            score=1.334  conc=1.334  grad=0.000  val@spot=2.60e+13  p69 | FLIP en 2777.95",
    "#4 VEX       \u2014 Vanna Exposure (OI)             score=0.861  conc=0.854  grad=0.007  val@spot=4.17e+09  p51 | FLIP en 2738.28",
    "#5 ZOMMA     \u2014 Zomma dGamma/dVol (OI)          score=0.820  conc=0.820  grad=0.000  val@spot=6.26e+11  p69 | FLIP en 2777.03",
    "#6 GEX       \u2014 Gamma Exposure (OI)             score=0.508  conc=0.508  grad=0.001  val@spot=-5.59e+07  p51",
    "#7 DEX       \u2014 Net Delta (OI)                  score=0.425  conc=0.425  grad=0.002  val@spot=1.31e+08  p51",
    "#8 VOMMA     \u2014 Vomma dVega/dVol (OI)           score=0.319  conc=0.316  grad=0.008  val@spot=-2.19e+11  p96"
  ],
  "por_superficie": {
    "gamma": {
      "n_strikes_banda": 55,
      "var_banda": 894995449022744.5,
      "var_total": 1761026026777887.2,
      "concentracion": 0.5082,
      "gradiente_t": 0.0006,
      "score": 0.5085,
      "flip_en_banda": false,
      "nivel_flip": null,
      "valor_spot_now": -55905985.14,
      "percentil_spot": 50.9,
      "interpretacion": "MEDIA \u2014 relevante, monitorear en conjunto"
    },
    "vanna": {
      "n_strikes_banda": 55,
      "var_banda": 6.463297176179364e+18,
      "var_total": 7.565366393417084e+18,
      "concentracion": 0.8543,
      "gradiente_t": 0.0075,
      "score": 0.8608,
      "flip_en_banda": true,
      "nivel_flip": 2738.2753,
      "valor_spot_now": 4168529508.98,
      "percentil_spot": 50.9,
      "interpretacion": "ALTA \u2014 domina el comportamiento cerca del spot"
    },
    "delta": {
      "n_strikes_banda": 55,
      "var_banda": 1431147826124395.5,
      "var_total": 3370338410708598.0,
      "concentracion": 0.4246,
      "gradiente_t": 0.0019,
      "score": 0.4254,
      "flip_en_banda": false,
      "nivel_flip": null,
      "valor_spot_now": 130800823.62,
      "percentil_spot": 50.9,
      "interpretacion": "MEDIA \u2014 relevante, monitorear en conjunto"
    },
    "charm": {
      "n_strikes_banda": 55,
      "var_banda": 7.135138203216625e+20,
      "var_total": 4.973861847088323e+20,
      "concentracion": 1.4345,
      "gradiente_t": 0.0001,
      "score": 1.4346,
      "flip_en_banda": true,
      "nivel_flip": 2738.4814,
      "valor_spot_now": -6177541512.87,
      "percentil_spot": 50.9,
      "interpretacion": "ALTA \u2014 domina el comportamiento cerca del spot"
    },
    "color": {
      "n_strikes_banda": 55,
      "var_banda": 1.6968898347879807e+30,
      "var_total": 1.2724306562829168e+30,
      "concentracion": 1.3336,
      "gradiente_t": 0.0,
      "score": 1.3336,
      "flip_en_banda": true,
      "nivel_flip": 2777.9481,
      "valor_spot_now": 25977702362238.72,
      "percentil_spot": 69.1,
      "interpretacion": "ALTA \u2014 domina el comportamiento cerca del spot"
    },
    "speed": {
      "n_strikes_banda": 55,
      "var_banda": 1.8006844249105206e+20,
      "var_total": 1.3500201930317781e+20,
      "concentracion": 1.3338,
      "gradiente_t": 0.0001,
      "score": 1.3339,
      "flip_en_banda": true,
      "nivel_flip": 2738.077,
      "valor_spot_now": 3334545823.46,
      "percentil_spot": 50.9,
      "interpretacion": "ALTA \u2014 domina el comportamiento cerca del spot"
    },
    "vomma": {
      "n_strikes_banda": 55,
      "var_banda": 1.2988885325649877e+22,
      "var_total": 4.108639315999461e+22,
      "concentracion": 0.3161,
      "gradiente_t": 0.008,
      "score": 0.3187,
      "flip_en_banda": false,
      "nivel_flip": null,
      "valor_spot_now": -219248750076.91,
      "percentil_spot": 96.4,
      "interpretacion": "MEDIA \u2014 relevante, monitorear en conjunto"
    },
    "zomma": {
      "n_strikes_banda": 55,
      "var_banda": 1.4480967141085689e+23,
      "var_total": 1.7658841239746682e+23,
      "concentracion": 0.82,
      "gradiente_t": 0.0003,
      "score": 0.8203,
      "flip_en_banda": true,
      "nivel_flip": 2777.0333,
      "valor_spot_now": 625761856018.01,
      "percentil_spot": 69.1,
      "interpretacion": "ALTA \u2014 domina el comportamiento cerca del spot"
    }
  },
  "tiene_inv": false
}