{
  "activo": "RTY",
  "spot": 2891.4,
  "banda_pct": 0.01,
  "minutos_ahora": 900,
  "generated_at": "2026-06-01 21:07:41",
  "ranking": [
    "zomma",
    "speed",
    "delta",
    "charm",
    "color",
    "vanna",
    "vomma",
    "gamma"
  ],
  "lider": "zomma",
  "resumen": [
    "#1 ZOMMA     \u2014 Zomma dGamma/dVol (OI)          score=0.601  conc=0.600  grad=0.001  val@spot=1.08e+12  p50",
    "#2 SPEED     \u2014 Speed dGamma/dS (OI)            score=0.510  conc=0.510  grad=0.000  val@spot=3.22e+09  p50 | FLIP en 2879.19",
    "#3 DEX       \u2014 Net Delta (OI)                  score=0.509  conc=0.507  grad=0.003  val@spot=5.67e+07  p52",
    "#4 CHARM     \u2014 Charm dDelta/dT (OI)            score=0.422  conc=0.422  grad=0.000  val@spot=-5.12e+09  p52 | FLIP en 2876.74",
    "#5 COLOR     \u2014 Color dGamma/dT (OI)            score=0.390  conc=0.390  grad=0.000  val@spot=3.91e+13  p50",
    "#6 VEX       \u2014 Vanna Exposure (OI)             score=0.383  conc=0.378  grad=0.012  val@spot=3.94e+09  p50 | FLIP en 2877.90",
    "#7 VOMMA     \u2014 Vomma dVega/dVol (OI)           score=0.309  conc=0.303  grad=0.019  val@spot=5.15e+11  p50 | FLIP en 2881.03",
    "#8 GEX       \u2014 Gamma Exposure (OI)             score=0.138  conc=0.137  grad=0.001  val@spot=-3.68e+07  p47 | FLIP en 2908.10"
  ],
  "por_superficie": {
    "gamma": {
      "n_strikes_banda": 58,
      "var_banda": 656241629836245.5,
      "var_total": 4776044897289408.0,
      "concentracion": 0.1374,
      "gradiente_t": 0.0007,
      "score": 0.1375,
      "flip_en_banda": true,
      "nivel_flip": 2908.0971,
      "valor_spot_now": -36802896.49,
      "percentil_spot": 46.6,
      "interpretacion": "BAJA \u2014 energ\u00eda dispersa lejos del spot"
    },
    "vanna": {
      "n_strikes_banda": 58,
      "var_banda": 1.4291760455441478e+19,
      "var_total": 3.778686362844009e+19,
      "concentracion": 0.3782,
      "gradiente_t": 0.0121,
      "score": 0.3828,
      "flip_en_banda": true,
      "nivel_flip": 2877.8972,
      "valor_spot_now": 3937725804.29,
      "percentil_spot": 50.0,
      "interpretacion": "MEDIA \u2014 relevante, monitorear en conjunto"
    },
    "delta": {
      "n_strikes_banda": 58,
      "var_banda": 626641994471463.1,
      "var_total": 1236209816063626.2,
      "concentracion": 0.5069,
      "gradiente_t": 0.0033,
      "score": 0.5086,
      "flip_en_banda": false,
      "nivel_flip": null,
      "valor_spot_now": 56683248.18,
      "percentil_spot": 51.7,
      "interpretacion": "MEDIA \u2014 relevante, monitorear en conjunto"
    },
    "charm": {
      "n_strikes_banda": 58,
      "var_banda": 2.572878804255903e+20,
      "var_total": 6.099940161598668e+20,
      "concentracion": 0.4218,
      "gradiente_t": 0.0001,
      "score": 0.4218,
      "flip_en_banda": true,
      "nivel_flip": 2876.7394,
      "valor_spot_now": -5115235226.76,
      "percentil_spot": 51.7,
      "interpretacion": "MEDIA \u2014 relevante, monitorear en conjunto"
    },
    "color": {
      "n_strikes_banda": 58,
      "var_banda": 8.707983737328908e+29,
      "var_total": 2.2332604831840037e+30,
      "concentracion": 0.3899,
      "gradiente_t": 0.0,
      "score": 0.3899,
      "flip_en_banda": false,
      "nivel_flip": null,
      "valor_spot_now": 39058475802174.41,
      "percentil_spot": 50.0,
      "interpretacion": "MEDIA \u2014 relevante, monitorear en conjunto"
    },
    "speed": {
      "n_strikes_banda": 58,
      "var_banda": 1.5361568077337533e+20,
      "var_total": 3.0138215429534174e+20,
      "concentracion": 0.5097,
      "gradiente_t": 0.0,
      "score": 0.5097,
      "flip_en_banda": true,
      "nivel_flip": 2879.1917,
      "valor_spot_now": 3223662518.52,
      "percentil_spot": 50.0,
      "interpretacion": "MEDIA \u2014 relevante, monitorear en conjunto"
    },
    "vomma": {
      "n_strikes_banda": 58,
      "var_banda": 2.9842725487014694e+23,
      "var_total": 9.851218787504504e+23,
      "concentracion": 0.3029,
      "gradiente_t": 0.0192,
      "score": 0.3088,
      "flip_en_banda": true,
      "nivel_flip": 2881.0263,
      "valor_spot_now": 515045401738.57,
      "percentil_spot": 50.0,
      "interpretacion": "MEDIA \u2014 relevante, monitorear en conjunto"
    },
    "zomma": {
      "n_strikes_banda": 58,
      "var_banda": 2.1458405617532454e+23,
      "var_total": 3.574658115927969e+23,
      "concentracion": 0.6003,
      "gradiente_t": 0.001,
      "score": 0.6009,
      "flip_en_banda": false,
      "nivel_flip": null,
      "valor_spot_now": 1081216783083.23,
      "percentil_spot": 50.0,
      "interpretacion": "ALTA \u2014 domina el comportamiento cerca del spot"
    }
  },
  "tiene_inv": false
}