strike,oi_c,oi_p,vol_c,vol_p,oi_net,vol_net,gex,vex,dex,inv_gex,inv_vex_call,inv_vex_put
3030.0,3020.0,3010.0,3000.0,2990.0,10.0,10.0,80.33261417308029,79.82063899929527,-300999.7875725745,0.001020451523188963,0.012581102049888219,-0.011560650526699256
