{
  "activo": "RTY",
  "spot": 2913.7,
  "banda_pct": 0.01,
  "minutos_ahora": 900,
  "generated_at": "2026-05-24 23:56:17",
  "ranking": [
    "zomma",
    "color",
    "speed",
    "vomma",
    "delta",
    "charm",
    "vanna",
    "gamma"
  ],
  "lider": "zomma",
  "resumen": [
    "#1 ZOMMA     \u2014 Zomma dGamma/dVol (OI)          score=0.712  conc=0.711  grad=0.001  val@spot=-5.66e+11  p52 | FLIP en 2939.41",
    "#2 COLOR     \u2014 Color dGamma/dT (OI)            score=0.638  conc=0.638  grad=0.000  val@spot=-2.29e+13  p52",
    "#3 SPEED     \u2014 Speed dGamma/dS (OI)            score=0.583  conc=0.583  grad=0.000  val@spot=8.78e+07  p50 | FLIP en 2914.58",
    "#4 VOMMA     \u2014 Vomma dVega/dVol (OI)           score=0.521  conc=0.510  grad=0.023  val@spot=-1.55e+11  p52 | FLIP en 2919.49",
    "#5 DEX       \u2014 Net Delta (OI)                  score=0.511  conc=0.510  grad=0.002  val@spot=1.36e+08  p52",
    "#6 CHARM     \u2014 Charm dDelta/dT (OI)            score=0.365  conc=0.365  grad=0.000  val@spot=-2.02e+09  p52 | FLIP en 2923.21",
    "#7 VEX       \u2014 Vanna Exposure (OI)             score=0.337  conc=0.334  grad=0.009  val@spot=7.88e+08  p50 | FLIP en 2918.43",
    "#8 GEX       \u2014 Gamma Exposure (OI)             score=0.125  conc=0.125  grad=0.001  val@spot=2.93e+07  p98"
  ],
  "por_superficie": {
    "gamma": {
      "n_strikes_banda": 58,
      "var_banda": 131073403739995.66,
      "var_total": 1051348151619463.4,
      "concentracion": 0.1247,
      "gradiente_t": 0.001,
      "score": 0.1248,
      "flip_en_banda": false,
      "nivel_flip": null,
      "valor_spot_now": 29278511.37,
      "percentil_spot": 98.3,
      "interpretacion": "BAJA \u2014 energ\u00eda dispersa lejos del spot"
    },
    "vanna": {
      "n_strikes_banda": 58,
      "var_banda": 3.6589766679001836e+18,
      "var_total": 1.0962768891448003e+19,
      "concentracion": 0.3338,
      "gradiente_t": 0.0095,
      "score": 0.3369,
      "flip_en_banda": true,
      "nivel_flip": 2918.433,
      "valor_spot_now": 788038798.33,
      "percentil_spot": 50.0,
      "interpretacion": "MEDIA \u2014 relevante, monitorear en conjunto"
    },
    "delta": {
      "n_strikes_banda": 58,
      "var_banda": 462219065158894.8,
      "var_total": 906846193759899.6,
      "concentracion": 0.5097,
      "gradiente_t": 0.0018,
      "score": 0.5106,
      "flip_en_banda": false,
      "nivel_flip": null,
      "valor_spot_now": 135706841.19,
      "percentil_spot": 51.7,
      "interpretacion": "MEDIA \u2014 relevante, monitorear en conjunto"
    },
    "charm": {
      "n_strikes_banda": 58,
      "var_banda": 9.67690502911482e+19,
      "var_total": 2.64794828052782e+20,
      "concentracion": 0.3654,
      "gradiente_t": 0.0001,
      "score": 0.3655,
      "flip_en_banda": true,
      "nivel_flip": 2923.2073,
      "valor_spot_now": -2018636043.92,
      "percentil_spot": 51.7,
      "interpretacion": "MEDIA \u2014 relevante, monitorear en conjunto"
    },
    "color": {
      "n_strikes_banda": 58,
      "var_banda": 3.962380219230578e+29,
      "var_total": 6.2122940978427794e+29,
      "concentracion": 0.6378,
      "gradiente_t": 0.0,
      "score": 0.6378,
      "flip_en_banda": false,
      "nivel_flip": null,
      "valor_spot_now": -22855529785540.57,
      "percentil_spot": 51.7,
      "interpretacion": "ALTA \u2014 domina el comportamiento cerca del spot"
    },
    "speed": {
      "n_strikes_banda": 58,
      "var_banda": 7.36492910147277e+19,
      "var_total": 1.2643616107820805e+20,
      "concentracion": 0.5825,
      "gradiente_t": 0.0001,
      "score": 0.5825,
      "flip_en_banda": true,
      "nivel_flip": 2914.5764,
      "valor_spot_now": 87754549.36,
      "percentil_spot": 50.0,
      "interpretacion": "MEDIA \u2014 relevante, monitorear en conjunto"
    },
    "vomma": {
      "n_strikes_banda": 58,
      "var_banda": 5.965535672129192e+22,
      "var_total": 1.1704654632301474e+23,
      "concentracion": 0.5097,
      "gradiente_t": 0.023,
      "score": 0.5214,
      "flip_en_banda": true,
      "nivel_flip": 2919.4916,
      "valor_spot_now": -155162109976.66,
      "percentil_spot": 51.7,
      "interpretacion": "MEDIA \u2014 relevante, monitorear en conjunto"
    },
    "zomma": {
      "n_strikes_banda": 58,
      "var_banda": 1.15417510674797e+23,
      "var_total": 1.623173624303391e+23,
      "concentracion": 0.7111,
      "gradiente_t": 0.0013,
      "score": 0.712,
      "flip_en_banda": true,
      "nivel_flip": 2939.4073,
      "valor_spot_now": -566347714576.44,
      "percentil_spot": 51.7,
      "interpretacion": "ALTA \u2014 domina el comportamiento cerca del spot"
    }
  },
  "tiene_inv": false
}