{
  "activo": "RTY",
  "spot": 2854.0,
  "banda_pct": 0.01,
  "minutos_ahora": 900,
  "generated_at": "2026-05-10 20:12:18",
  "ranking": [
    "color",
    "speed",
    "zomma",
    "charm",
    "gamma",
    "vanna",
    "vomma",
    "delta"
  ],
  "lider": "color",
  "resumen": [
    "#1 COLOR     \u2014 Color dGamma/dT (OI)            score=1.969  conc=1.969  grad=0.000  val@spot=3.74e+13  p52 | FLIP en 2861.01",
    "#2 SPEED     \u2014 Speed dGamma/dS (OI)            score=1.851  conc=1.851  grad=0.000  val@spot=1.30e+10  p76 | FLIP en 2834.30",
    "#3 ZOMMA     \u2014 Zomma dGamma/dVol (OI)          score=1.840  conc=1.839  grad=0.001  val@spot=1.12e+12  p52 | FLIP en 2860.83",
    "#4 CHARM     \u2014 Charm dDelta/dT (OI)            score=1.817  conc=1.817  grad=0.000  val@spot=-1.67e+10  p28 | FLIP en 2833.53",
    "#5 GEX       \u2014 Gamma Exposure (OI)             score=1.252  conc=1.251  grad=0.001  val@spot=-1.20e+08  p52",
    "#6 VEX       \u2014 Vanna Exposure (OI)             score=1.020  conc=1.013  grad=0.007  val@spot=1.40e+10  p76 | FLIP en 2833.91",
    "#7 VOMMA     \u2014 Vomma dVega/dVol (OI)           score=0.634  conc=0.627  grad=0.011  val@spot=-1.18e+12  p62",
    "#8 DEX       \u2014 Net Delta (OI)                  score=0.382  conc=0.381  grad=0.002  val@spot=1.26e+08  p52"
  ],
  "por_superficie": {
    "gamma": {
      "n_strikes_banda": 29,
      "var_banda": 1.0922169581765564e+16,
      "var_total": 8727725854065653.0,
      "concentracion": 1.2514,
      "gradiente_t": 0.0007,
      "score": 1.2524,
      "flip_en_banda": false,
      "nivel_flip": null,
      "valor_spot_now": -119828568.84,
      "percentil_spot": 51.7,
      "interpretacion": "ALTA \u2014 domina el comportamiento cerca del spot"
    },
    "vanna": {
      "n_strikes_banda": 29,
      "var_banda": 3.68637094088489e+19,
      "var_total": 3.6393586685087945e+19,
      "concentracion": 1.0129,
      "gradiente_t": 0.0067,
      "score": 1.0197,
      "flip_en_banda": true,
      "nivel_flip": 2833.9065,
      "valor_spot_now": 13997620358.93,
      "percentil_spot": 75.9,
      "interpretacion": "ALTA \u2014 domina el comportamiento cerca del spot"
    },
    "delta": {
      "n_strikes_banda": 29,
      "var_banda": 6062039148209088.0,
      "var_total": 1.5914526091495492e+16,
      "concentracion": 0.3809,
      "gradiente_t": 0.0022,
      "score": 0.3817,
      "flip_en_banda": false,
      "nivel_flip": null,
      "valor_spot_now": 125573509.54,
      "percentil_spot": 51.7,
      "interpretacion": "MEDIA \u2014 relevante, monitorear en conjunto"
    },
    "charm": {
      "n_strikes_banda": 29,
      "var_banda": 3.83793139233495e+21,
      "var_total": 2.1119754703836367e+21,
      "concentracion": 1.8172,
      "gradiente_t": 0.0001,
      "score": 1.8174,
      "flip_en_banda": true,
      "nivel_flip": 2833.5273,
      "valor_spot_now": -16681906531.72,
      "percentil_spot": 27.6,
      "interpretacion": "ALTA \u2014 domina el comportamiento cerca del spot"
    },
    "color": {
      "n_strikes_banda": 29,
      "var_banda": 2.343669139087368e+31,
      "var_total": 1.1902573889955367e+31,
      "concentracion": 1.969,
      "gradiente_t": 0.0,
      "score": 1.9691,
      "flip_en_banda": true,
      "nivel_flip": 2861.0118,
      "valor_spot_now": 37398094460003.88,
      "percentil_spot": 51.7,
      "interpretacion": "ALTA \u2014 domina el comportamiento cerca del spot"
    },
    "speed": {
      "n_strikes_banda": 29,
      "var_banda": 2.3541223255727433e+21,
      "var_total": 1.2720639143907618e+21,
      "concentracion": 1.8506,
      "gradiente_t": 0.0001,
      "score": 1.8508,
      "flip_en_banda": true,
      "nivel_flip": 2834.2954,
      "valor_spot_now": 13029907235.47,
      "percentil_spot": 75.9,
      "interpretacion": "ALTA \u2014 domina el comportamiento cerca del spot"
    },
    "vomma": {
      "n_strikes_banda": 29,
      "var_banda": 2.703538371136656e+23,
      "var_total": 4.30835466231893e+23,
      "concentracion": 0.6275,
      "gradiente_t": 0.011,
      "score": 0.6344,
      "flip_en_banda": false,
      "nivel_flip": null,
      "valor_spot_now": -1176574764683.33,
      "percentil_spot": 62.1,
      "interpretacion": "ALTA \u2014 domina el comportamiento cerca del spot"
    },
    "zomma": {
      "n_strikes_banda": 29,
      "var_banda": 3.332457263262871e+24,
      "var_total": 1.8123208391848953e+24,
      "concentracion": 1.8388,
      "gradiente_t": 0.0006,
      "score": 1.8399,
      "flip_en_banda": true,
      "nivel_flip": 2860.8287,
      "valor_spot_now": 1121243583267.53,
      "percentil_spot": 51.7,
      "interpretacion": "ALTA \u2014 domina el comportamiento cerca del spot"
    }
  },
  "tiene_inv": false
}