{
  "activo": "RTY",
  "spot": 2931.7,
  "banda_pct": 0.01,
  "minutos_ahora": 900,
  "generated_at": "2026-05-31 21:12:39",
  "ranking": [
    "color",
    "charm",
    "speed",
    "zomma",
    "gamma",
    "vanna",
    "delta",
    "vomma"
  ],
  "lider": "color",
  "resumen": [
    "#1 COLOR     \u2014 Color dGamma/dT (OI)            score=1.868  conc=1.868  grad=0.000  val@spot=-1.30e+13  p51 | FLIP en 2926.66",
    "#2 CHARM     \u2014 Charm dDelta/dT (OI)            score=1.736  conc=1.736  grad=0.000  val@spot=-1.05e+10  p19 | FLIP en 2956.26",
    "#3 SPEED     \u2014 Speed dGamma/dS (OI)            score=1.702  conc=1.702  grad=0.000  val@spot=6.97e+09  p83 | FLIP en 2953.23",
    "#4 ZOMMA     \u2014 Zomma dGamma/dVol (OI)          score=1.627  conc=1.627  grad=0.001  val@spot=-3.74e+11  p51 | FLIP en 2926.81",
    "#5 GEX       \u2014 Gamma Exposure (OI)             score=1.136  conc=1.135  grad=0.001  val@spot=5.71e+07  p51 | FLIP en 2906.12",
    "#6 VEX       \u2014 Vanna Exposure (OI)             score=0.722  conc=0.717  grad=0.007  val@spot=8.20e+09  p83 | FLIP en 2954.30",
    "#7 DEX       \u2014 Net Delta (OI)                  score=0.375  conc=0.375  grad=0.002  val@spot=1.21e+08  p51",
    "#8 VOMMA     \u2014 Vomma dVega/dVol (OI)           score=0.339  conc=0.337  grad=0.006  val@spot=6.96e+11  p64"
  ],
  "por_superficie": {
    "gamma": {
      "n_strikes_banda": 59,
      "var_banda": 3376257014506468.5,
      "var_total": 2974914421362075.0,
      "concentracion": 1.1349,
      "gradiente_t": 0.0006,
      "score": 1.1356,
      "flip_en_banda": true,
      "nivel_flip": 2906.1174,
      "valor_spot_now": 57068038.21,
      "percentil_spot": 50.8,
      "interpretacion": "ALTA \u2014 domina el comportamiento cerca del spot"
    },
    "vanna": {
      "n_strikes_banda": 59,
      "var_banda": 1.0445099589493592e+19,
      "var_total": 1.4566864722110159e+19,
      "concentracion": 0.717,
      "gradiente_t": 0.0069,
      "score": 0.722,
      "flip_en_banda": true,
      "nivel_flip": 2954.3014,
      "valor_spot_now": 8196782119.0,
      "percentil_spot": 83.1,
      "interpretacion": "ALTA \u2014 domina el comportamiento cerca del spot"
    },
    "delta": {
      "n_strikes_banda": 59,
      "var_banda": 1586845558659069.5,
      "var_total": 4236602635785883.0,
      "concentracion": 0.3746,
      "gradiente_t": 0.0022,
      "score": 0.3754,
      "flip_en_banda": false,
      "nivel_flip": null,
      "valor_spot_now": 120939742.31,
      "percentil_spot": 50.8,
      "interpretacion": "MEDIA \u2014 relevante, monitorear en conjunto"
    },
    "charm": {
      "n_strikes_banda": 59,
      "var_banda": 1.1658182644199672e+21,
      "var_total": 6.717640115293757e+20,
      "concentracion": 1.7355,
      "gradiente_t": 0.0,
      "score": 1.7355,
      "flip_en_banda": true,
      "nivel_flip": 2956.2644,
      "valor_spot_now": -10505178018.39,
      "percentil_spot": 18.6,
      "interpretacion": "ALTA \u2014 domina el comportamiento cerca del spot"
    },
    "color": {
      "n_strikes_banda": 59,
      "var_banda": 4.793276900695127e+30,
      "var_total": 2.565435223336087e+30,
      "concentracion": 1.8684,
      "gradiente_t": 0.0,
      "score": 1.8684,
      "flip_en_banda": true,
      "nivel_flip": 2926.6578,
      "valor_spot_now": -13029983113929.13,
      "percentil_spot": 50.8,
      "interpretacion": "ALTA \u2014 domina el comportamiento cerca del spot"
    },
    "speed": {
      "n_strikes_banda": 59,
      "var_banda": 7.516378031262735e+20,
      "var_total": 4.417394434340226e+20,
      "concentracion": 1.7015,
      "gradiente_t": 0.0,
      "score": 1.7016,
      "flip_en_banda": true,
      "nivel_flip": 2953.2291,
      "valor_spot_now": 6970410629.26,
      "percentil_spot": 83.1,
      "interpretacion": "ALTA \u2014 domina el comportamiento cerca del spot"
    },
    "vomma": {
      "n_strikes_banda": 59,
      "var_banda": 5.21990994236734e+22,
      "var_total": 1.5509659072136006e+23,
      "concentracion": 0.3366,
      "gradiente_t": 0.0064,
      "score": 0.3387,
      "flip_en_banda": false,
      "nivel_flip": null,
      "valor_spot_now": 696420268814.5,
      "percentil_spot": 64.4,
      "interpretacion": "MEDIA \u2014 relevante, monitorear en conjunto"
    },
    "zomma": {
      "n_strikes_banda": 59,
      "var_banda": 9.459718393949108e+23,
      "var_total": 5.8160710319528466e+23,
      "concentracion": 1.6265,
      "gradiente_t": 0.0005,
      "score": 1.6273,
      "flip_en_banda": true,
      "nivel_flip": 2926.8113,
      "valor_spot_now": -374327944100.24,
      "percentil_spot": 50.8,
      "interpretacion": "ALTA \u2014 domina el comportamiento cerca del spot"
    }
  },
  "tiene_inv": false
}