{
  "activo": "SPX",
  "spot": 7353.61,
  "banda_pct": 0.01,
  "minutos_ahora": 900,
  "generated_at": "2026-05-19 21:21:37",
  "ranking": [
    "vanna",
    "speed",
    "vomma",
    "charm",
    "zomma",
    "color",
    "delta",
    "gamma"
  ],
  "lider": "vanna",
  "resumen": [
    "#1 VEX       \u2014 Vanna Exposure (OI)             score=1.253  conc=1.232  grad=0.017  val@spot=2.71e+12  p50",
    "#2 SPEED     \u2014 Speed dGamma/dS (OI)            score=0.873  conc=0.873  grad=0.000  val@spot=8.21e+11  p50",
    "#3 VOMMA     \u2014 Vomma dVega/dVol (OI)           score=0.652  conc=0.648  grad=0.005  val@spot=-6.10e+14  p50",
    "#4 CHARM     \u2014 Charm dDelta/dT (OI)            score=0.643  conc=0.643  grad=0.000  val@spot=-1.41e+12  p52",
    "#5 ZOMMA     \u2014 Zomma dGamma/dVol (OI)          score=0.545  conc=0.544  grad=0.003  val@spot=2.45e+14  p100 | FLIP en 7403.71",
    "#6 COLOR     \u2014 Color dGamma/dT (OI)            score=0.544  conc=0.544  grad=0.000  val@spot=6.13e+15  p100 | FLIP en 7403.19",
    "#7 DEX       \u2014 Net Delta (OI)                  score=0.338  conc=0.338  grad=0.002  val@spot=2.69e+10  p52",
    "#8 GEX       \u2014 Gamma Exposure (OI)             score=0.265  conc=0.265  grad=0.001  val@spot=-8.51e+09  p50 | FLIP en 7406.85"
  ],
  "por_superficie": {
    "gamma": {
      "n_strikes_banda": 58,
      "var_banda": 2.31787423318599e+19,
      "var_total": 8.760667882049564e+19,
      "concentracion": 0.2646,
      "gradiente_t": 0.0006,
      "score": 0.2647,
      "flip_en_banda": true,
      "nivel_flip": 7406.8523,
      "valor_spot_now": -8511660074.24,
      "percentil_spot": 50.0,
      "interpretacion": "BAJA \u2014 energ\u00eda dispersa lejos del spot"
    },
    "vanna": {
      "n_strikes_banda": 58,
      "var_banda": 1.0611623528263981e+24,
      "var_total": 8.614611007122623e+23,
      "concentracion": 1.2318,
      "gradiente_t": 0.0172,
      "score": 1.2529,
      "flip_en_banda": false,
      "nivel_flip": null,
      "valor_spot_now": 2709849024056.74,
      "percentil_spot": 50.0,
      "interpretacion": "ALTA \u2014 domina el comportamiento cerca del spot"
    },
    "delta": {
      "n_strikes_banda": 58,
      "var_banda": 2.3624713708916204e+19,
      "var_total": 6.997218778381225e+19,
      "concentracion": 0.3376,
      "gradiente_t": 0.0021,
      "score": 0.3383,
      "flip_en_banda": false,
      "nivel_flip": null,
      "valor_spot_now": 26936756840.87,
      "percentil_spot": 51.7,
      "interpretacion": "MEDIA \u2014 relevante, monitorear en conjunto"
    },
    "charm": {
      "n_strikes_banda": 58,
      "var_banda": 2.0677313344479925e+24,
      "var_total": 3.2143763938240193e+24,
      "concentracion": 0.6433,
      "gradiente_t": 0.0001,
      "score": 0.6433,
      "flip_en_banda": false,
      "nivel_flip": null,
      "valor_spot_now": -1406789480123.47,
      "percentil_spot": 51.7,
      "interpretacion": "ALTA \u2014 domina el comportamiento cerca del spot"
    },
    "color": {
      "n_strikes_banda": 58,
      "var_banda": 2.3203913266669934e+34,
      "var_total": 4.265837282090966e+34,
      "concentracion": 0.5439,
      "gradiente_t": 0.0,
      "score": 0.544,
      "flip_en_banda": true,
      "nivel_flip": 7403.1921,
      "valor_spot_now": 6128321105329960.0,
      "percentil_spot": 100.0,
      "interpretacion": "MEDIA \u2014 relevante, monitorear en conjunto"
    },
    "speed": {
      "n_strikes_banda": 58,
      "var_banda": 1.0136316613864399e+24,
      "var_total": 1.1613023022696849e+24,
      "concentracion": 0.8728,
      "gradiente_t": 0.0001,
      "score": 0.8729,
      "flip_en_banda": false,
      "nivel_flip": null,
      "valor_spot_now": 820917926830.19,
      "percentil_spot": 50.0,
      "interpretacion": "ALTA \u2014 domina el comportamiento cerca del spot"
    },
    "vomma": {
      "n_strikes_banda": 58,
      "var_banda": 1.485522824191359e+29,
      "var_total": 2.291190040162953e+29,
      "concentracion": 0.6484,
      "gradiente_t": 0.005,
      "score": 0.6516,
      "flip_en_banda": false,
      "nivel_flip": null,
      "valor_spot_now": -609843227198685.4,
      "percentil_spot": 50.0,
      "interpretacion": "ALTA \u2014 domina el comportamiento cerca del spot"
    },
    "zomma": {
      "n_strikes_banda": 58,
      "var_banda": 1.2698321456718263e+28,
      "var_total": 2.3357759872822203e+28,
      "concentracion": 0.5436,
      "gradiente_t": 0.0029,
      "score": 0.5452,
      "flip_en_banda": true,
      "nivel_flip": 7403.7064,
      "valor_spot_now": 245351166389225.25,
      "percentil_spot": 100.0,
      "interpretacion": "MEDIA \u2014 relevante, monitorear en conjunto"
    }
  },
  "tiene_inv": false
}