{
  "activo": "SPX",
  "spot": 7266.99,
  "banda_pct": 0.01,
  "minutos_ahora": 900,
  "generated_at": "2026-06-10 18:29:56",
  "ranking": [
    "color",
    "charm",
    "speed",
    "zomma",
    "vanna",
    "vomma",
    "gamma",
    "delta"
  ],
  "lider": "color",
  "resumen": [
    "#1 COLOR     \u2014 Color dGamma/dT (OI)            score=6.133  conc=6.133  grad=0.000  val@spot=7.39e+15  p62",
    "#2 CHARM     \u2014 Charm dDelta/dT (OI)            score=3.295  conc=3.294  grad=0.000  val@spot=3.04e+11  p50 | FLIP en 7288.50",
    "#3 SPEED     \u2014 Speed dGamma/dS (OI)            score=2.623  conc=2.623  grad=0.000  val@spot=2.85e+10  p52 | FLIP en 7258.09",
    "#4 ZOMMA     \u2014 Zomma dGamma/dVol (OI)          score=2.061  conc=2.057  grad=0.002  val@spot=1.15e+14  p74",
    "#5 VEX       \u2014 Vanna Exposure (OI)             score=0.967  conc=0.963  grad=0.004  val@spot=-1.05e+11  p52 | FLIP en 7274.03",
    "#6 VOMMA     \u2014 Vomma dVega/dVol (OI)           score=0.761  conc=0.755  grad=0.009  val@spot=-2.73e+14  p52",
    "#7 GEX       \u2014 Gamma Exposure (OI)             score=0.258  conc=0.258  grad=0.002  val@spot=-6.98e+09  p7",
    "#8 DEX       \u2014 Net Delta (OI)                  score=0.123  conc=0.123  grad=0.001  val@spot=2.71e+10  p50"
  ],
  "por_superficie": {
    "gamma": {
      "n_strikes_banda": 58,
      "var_banda": 1.9280932208735094e+18,
      "var_total": 7.483530904446099e+18,
      "concentracion": 0.2576,
      "gradiente_t": 0.0018,
      "score": 0.2581,
      "flip_en_banda": false,
      "nivel_flip": null,
      "valor_spot_now": -6982699086.12,
      "percentil_spot": 6.9,
      "interpretacion": "BAJA \u2014 energ\u00eda dispersa lejos del spot"
    },
    "vanna": {
      "n_strikes_banda": 58,
      "var_banda": 1.6802127342470717e+23,
      "var_total": 1.7455969443124766e+23,
      "concentracion": 0.9625,
      "gradiente_t": 0.0045,
      "score": 0.9668,
      "flip_en_banda": true,
      "nivel_flip": 7274.0343,
      "valor_spot_now": -104516496127.41,
      "percentil_spot": 51.7,
      "interpretacion": "ALTA \u2014 domina el comportamiento cerca del spot"
    },
    "delta": {
      "n_strikes_banda": 58,
      "var_banda": 2.1710936011912237e+19,
      "var_total": 1.760881557790771e+20,
      "concentracion": 0.1233,
      "gradiente_t": 0.001,
      "score": 0.1234,
      "flip_en_banda": false,
      "nivel_flip": null,
      "valor_spot_now": 27116271341.62,
      "percentil_spot": 50.0,
      "interpretacion": "BAJA \u2014 energ\u00eda dispersa lejos del spot"
    },
    "charm": {
      "n_strikes_banda": 58,
      "var_banda": 4.6328974145822387e+24,
      "var_total": 1.4064422108396175e+24,
      "concentracion": 3.2941,
      "gradiente_t": 0.0002,
      "score": 3.2946,
      "flip_en_banda": true,
      "nivel_flip": 7288.4987,
      "valor_spot_now": 303854404079.57,
      "percentil_spot": 50.0,
      "interpretacion": "ALTA \u2014 domina el comportamiento cerca del spot"
    },
    "color": {
      "n_strikes_banda": 58,
      "var_banda": 2.28011908750574e+34,
      "var_total": 3.717910161996468e+33,
      "concentracion": 6.1328,
      "gradiente_t": 0.0,
      "score": 6.1329,
      "flip_en_banda": false,
      "nivel_flip": null,
      "valor_spot_now": 7391277693889073.0,
      "percentil_spot": 62.1,
      "interpretacion": "ALTA \u2014 domina el comportamiento cerca del spot"
    },
    "speed": {
      "n_strikes_banda": 58,
      "var_banda": 1.653693669356619e+23,
      "var_total": 6.3052878995182594e+22,
      "concentracion": 2.6227,
      "gradiente_t": 0.0001,
      "score": 2.6231,
      "flip_en_banda": true,
      "nivel_flip": 7258.0936,
      "valor_spot_now": 28530042813.32,
      "percentil_spot": 51.7,
      "interpretacion": "ALTA \u2014 domina el comportamiento cerca del spot"
    },
    "vomma": {
      "n_strikes_banda": 58,
      "var_banda": 1.3831356212782082e+28,
      "var_total": 1.8327806724166984e+28,
      "concentracion": 0.7547,
      "gradiente_t": 0.0091,
      "score": 0.7615,
      "flip_en_banda": false,
      "nivel_flip": null,
      "valor_spot_now": -272898001893389.6,
      "percentil_spot": 51.7,
      "interpretacion": "ALTA \u2014 domina el comportamiento cerca del spot"
    },
    "zomma": {
      "n_strikes_banda": 58,
      "var_banda": 2.6379293615086537e+27,
      "var_total": 1.282648430616812e+27,
      "concentracion": 2.0566,
      "gradiente_t": 0.0022,
      "score": 2.0612,
      "flip_en_banda": false,
      "nivel_flip": null,
      "valor_spot_now": 115236603819196.73,
      "percentil_spot": 74.1,
      "interpretacion": "ALTA \u2014 domina el comportamiento cerca del spot"
    }
  },
  "tiene_inv": false
}