{
  "activo": "SPX",
  "spot": 7386.65,
  "banda_pct": 0.01,
  "minutos_ahora": 900,
  "generated_at": "2026-06-09 19:54:33",
  "ranking": [
    "charm",
    "color",
    "vanna",
    "speed",
    "vomma",
    "zomma",
    "gamma",
    "delta"
  ],
  "lider": "charm",
  "resumen": [
    "#1 CHARM     \u2014 Charm dDelta/dT (OI)            score=3.431  conc=3.430  grad=0.000  val@spot=-1.34e+12  p51 | FLIP en 7347.12",
    "#2 COLOR     \u2014 Color dGamma/dT (OI)            score=3.065  conc=3.065  grad=0.000  val@spot=1.80e+16  p83",
    "#3 VEX       \u2014 Vanna Exposure (OI)             score=2.170  conc=2.153  grad=0.008  val@spot=2.20e+12  p51 | FLIP en 7330.91",
    "#4 SPEED     \u2014 Speed dGamma/dS (OI)            score=2.081  conc=2.081  grad=0.000  val@spot=5.83e+11  p51",
    "#5 VOMMA     \u2014 Vomma dVega/dVol (OI)           score=1.205  conc=1.181  grad=0.020  val@spot=4.78e+14  p75 | FLIP en 7333.16",
    "#6 ZOMMA     \u2014 Zomma dGamma/dVol (OI)          score=0.924  conc=0.922  grad=0.002  val@spot=2.90e+14  p81 | FLIP en 7455.89",
    "#7 GEX       \u2014 Gamma Exposure (OI)             score=0.848  conc=0.846  grad=0.002  val@spot=-7.61e+09  p51 | FLIP en 7459.84",
    "#8 DEX       \u2014 Net Delta (OI)                  score=0.301  conc=0.301  grad=0.002  val@spot=2.94e+10  p51"
  ],
  "por_superficie": {
    "gamma": {
      "n_strikes_banda": 59,
      "var_banda": 2.181925837899743e+19,
      "var_total": 2.5796907436330414e+19,
      "concentracion": 0.8458,
      "gradiente_t": 0.0021,
      "score": 0.8476,
      "flip_en_banda": true,
      "nivel_flip": 7459.8381,
      "valor_spot_now": -7613670941.23,
      "percentil_spot": 50.8,
      "interpretacion": "ALTA \u2014 domina el comportamiento cerca del spot"
    },
    "vanna": {
      "n_strikes_banda": 59,
      "var_banda": 1.7774979381655294e+24,
      "var_total": 8.255213936276759e+23,
      "concentracion": 2.1532,
      "gradiente_t": 0.0078,
      "score": 2.17,
      "flip_en_banda": true,
      "nivel_flip": 7330.9076,
      "valor_spot_now": 2202966166784.63,
      "percentil_spot": 50.8,
      "interpretacion": "ALTA \u2014 domina el comportamiento cerca del spot"
    },
    "delta": {
      "n_strikes_banda": 59,
      "var_banda": 4.3004211838523785e+19,
      "var_total": 1.4305179745042883e+20,
      "concentracion": 0.3006,
      "gradiente_t": 0.0019,
      "score": 0.3012,
      "flip_en_banda": false,
      "nivel_flip": null,
      "valor_spot_now": 29370142629.37,
      "percentil_spot": 50.8,
      "interpretacion": "MEDIA \u2014 relevante, monitorear en conjunto"
    },
    "charm": {
      "n_strikes_banda": 59,
      "var_banda": 1.3857156511179932e+25,
      "var_total": 4.0398295069362173e+24,
      "concentracion": 3.4301,
      "gradiente_t": 0.0002,
      "score": 3.431,
      "flip_en_banda": true,
      "nivel_flip": 7347.1222,
      "valor_spot_now": -1341559311381.69,
      "percentil_spot": 50.8,
      "interpretacion": "ALTA \u2014 domina el comportamiento cerca del spot"
    },
    "color": {
      "n_strikes_banda": 59,
      "var_banda": 4.0442288861023315e+34,
      "var_total": 1.3195582300684956e+34,
      "concentracion": 3.0648,
      "gradiente_t": 0.0,
      "score": 3.0649,
      "flip_en_banda": false,
      "nivel_flip": null,
      "valor_spot_now": 1.7964777111115372e+16,
      "percentil_spot": 83.1,
      "interpretacion": "ALTA \u2014 domina el comportamiento cerca del spot"
    },
    "speed": {
      "n_strikes_banda": 59,
      "var_banda": 6.482724096182149e+23,
      "var_total": 3.115085257798918e+23,
      "concentracion": 2.0811,
      "gradiente_t": 0.0002,
      "score": 2.0814,
      "flip_en_banda": false,
      "nivel_flip": null,
      "valor_spot_now": 582703926858.94,
      "percentil_spot": 50.8,
      "interpretacion": "ALTA \u2014 domina el comportamiento cerca del spot"
    },
    "vomma": {
      "n_strikes_banda": 59,
      "var_banda": 5.469739945923567e+28,
      "var_total": 4.632637533515659e+28,
      "concentracion": 1.1807,
      "gradiente_t": 0.0203,
      "score": 1.2047,
      "flip_en_banda": true,
      "nivel_flip": 7333.1636,
      "valor_spot_now": 477946870906996.56,
      "percentil_spot": 74.6,
      "interpretacion": "ALTA \u2014 domina el comportamiento cerca del spot"
    },
    "zomma": {
      "n_strikes_banda": 59,
      "var_banda": 8.081326797614762e+27,
      "var_total": 8.761863667316294e+27,
      "concentracion": 0.9223,
      "gradiente_t": 0.0016,
      "score": 0.9238,
      "flip_en_banda": true,
      "nivel_flip": 7455.8853,
      "valor_spot_now": 290357048296545.06,
      "percentil_spot": 81.4,
      "interpretacion": "ALTA \u2014 domina el comportamiento cerca del spot"
    }
  },
  "tiene_inv": false
}