{
  "activo": "SPX",
  "spot": 7230.12,
  "banda_pct": 0.01,
  "minutos_ahora": 900,
  "generated_at": "2026-05-04 07:04:45",
  "ranking": [
    "vanna",
    "gamma",
    "color",
    "speed",
    "charm",
    "delta"
  ],
  "lider": "vanna",
  "resumen": [
    "#1 VEX  \u2014 Vanna Exposure                score=0.939  conc=0.930  grad=0.009  val@spot=7.23e+12  p76",
    "#2 GEX  \u2014 Gamma Exposure                score=0.801  conc=0.799  grad=0.002  val@spot=5.99e+09  p52 | FLIP en 7206.60",
    "#3 COLOR \u2014 Color (dGamma/dT)            score=0.722  conc=0.722  grad=0.000  val@spot=1.63e+16  p52 | FLIP en 7257.85",
    "#4 SPEED \u2014 Speed (dGamma/dS)            score=0.457  conc=0.456  grad=0.001  val@spot=1.93e+12  p93",
    "#5 CHARM \u2014 Charm (dDelta/dT)            score=0.199  conc=0.199  grad=0.000  val@spot=-5.12e+12  p41",
    "#6 DEX  \u2014 Net Delta Exposure            score=0.052  conc=0.051  grad=0.003  val@spot=3.72e+10  p38"
  ],
  "por_superficie": {
    "gamma": {
      "n_strikes_banda": 29,
      "var_banda": 1.575222144091216e+20,
      "var_total": 1.9713839273331383e+20,
      "concentracion": 0.799,
      "gradiente_t": 0.0022,
      "score": 0.8008,
      "flip_en_banda": true,
      "nivel_flip": 7206.5971,
      "valor_spot_now": 5991487157.09,
      "percentil_spot": 51.7,
      "interpretacion": "ALTA \u2014 domina el comportamiento cerca del spot"
    },
    "vanna": {
      "n_strikes_banda": 29,
      "var_banda": 4.7199025927725487e+24,
      "var_total": 5.072507826204246e+24,
      "concentracion": 0.9305,
      "gradiente_t": 0.0088,
      "score": 0.9387,
      "flip_en_banda": false,
      "nivel_flip": null,
      "valor_spot_now": 7234052158370.58,
      "percentil_spot": 75.9,
      "interpretacion": "ALTA \u2014 domina el comportamiento cerca del spot"
    },
    "delta": {
      "n_strikes_banda": 29,
      "var_banda": 3.3605463806074053e+19,
      "var_total": 6.521375558553856e+20,
      "concentracion": 0.0515,
      "gradiente_t": 0.0032,
      "score": 0.0517,
      "flip_en_banda": false,
      "nivel_flip": null,
      "valor_spot_now": 37186739882.44,
      "percentil_spot": 37.9,
      "interpretacion": "BAJA \u2014 energ\u00eda dispersa lejos del spot"
    },
    "charm": {
      "n_strikes_banda": 29,
      "var_banda": 4.129784419494342e+24,
      "var_total": 2.0807274305704225e+25,
      "concentracion": 0.1985,
      "gradiente_t": 0.0004,
      "score": 0.1986,
      "flip_en_banda": false,
      "nivel_flip": null,
      "valor_spot_now": -5115437798963.95,
      "percentil_spot": 41.4,
      "interpretacion": "BAJA \u2014 energ\u00eda dispersa lejos del spot"
    },
    "color": {
      "n_strikes_banda": 29,
      "var_banda": 3.567405261848776e+34,
      "var_total": 4.941224707989479e+34,
      "concentracion": 0.722,
      "gradiente_t": 0.0,
      "score": 0.722,
      "flip_en_banda": true,
      "nivel_flip": 7257.8536,
      "valor_spot_now": 1.6272155324528836e+16,
      "percentil_spot": 51.7,
      "interpretacion": "ALTA \u2014 domina el comportamiento cerca del spot"
    },
    "speed": {
      "n_strikes_banda": 29,
      "var_banda": 9.108671410636947e+23,
      "var_total": 1.9962810708037317e+24,
      "concentracion": 0.4563,
      "gradiente_t": 0.0006,
      "score": 0.4566,
      "flip_en_banda": false,
      "nivel_flip": null,
      "valor_spot_now": 1925223781512.04,
      "percentil_spot": 93.1,
      "interpretacion": "MEDIA \u2014 relevante, monitorear en conjunto"
    }
  }
}