{
  "activo": "SPX",
  "spot": 7403.05,
  "banda_pct": 0.01,
  "minutos_ahora": 900,
  "generated_at": "2026-05-18 17:51:12",
  "ranking": [
    "vanna",
    "vomma",
    "charm",
    "speed",
    "delta",
    "zomma",
    "gamma",
    "color"
  ],
  "lider": "vanna",
  "resumen": [
    "#1 VEX       \u2014 Vanna Exposure (OI)             score=1.197  conc=1.176  grad=0.018  val@spot=1.75e+12  p51",
    "#2 VOMMA     \u2014 Vomma dVega/dVol (OI)           score=0.790  conc=0.785  grad=0.006  val@spot=-2.24e+13  p51 | FLIP en 7404.12",
    "#3 CHARM     \u2014 Charm dDelta/dT (OI)            score=0.453  conc=0.453  grad=0.000  val@spot=-8.43e+11  p51",
    "#4 SPEED     \u2014 Speed dGamma/dS (OI)            score=0.320  conc=0.320  grad=0.000  val@spot=6.08e+11  p51",
    "#5 DEX       \u2014 Net Delta (OI)                  score=0.277  conc=0.277  grad=0.003  val@spot=1.42e+10  p41",
    "#6 ZOMMA     \u2014 Zomma dGamma/dVol (OI)          score=0.259  conc=0.259  grad=0.002  val@spot=1.56e+14  p92 | FLIP en 7456.57",
    "#7 GEX       \u2014 Gamma Exposure (OI)             score=0.237  conc=0.236  grad=0.001  val@spot=-3.10e+09  p51 | FLIP en 7434.11",
    "#8 COLOR     \u2014 Color dGamma/dT (OI)            score=0.205  conc=0.205  grad=0.000  val@spot=4.83e+15  p83 | FLIP en 7462.25"
  ],
  "por_superficie": {
    "gamma": {
      "n_strikes_banda": 59,
      "var_banda": 1.0294640895142277e+19,
      "var_total": 4.351994948229962e+19,
      "concentracion": 0.2365,
      "gradiente_t": 0.0007,
      "score": 0.2367,
      "flip_en_banda": true,
      "nivel_flip": 7434.1074,
      "valor_spot_now": -3098418392.9,
      "percentil_spot": 50.8,
      "interpretacion": "BAJA \u2014 energ\u00eda dispersa lejos del spot"
    },
    "vanna": {
      "n_strikes_banda": 59,
      "var_banda": 5.035715180211454e+23,
      "var_total": 4.282931044210023e+23,
      "concentracion": 1.1758,
      "gradiente_t": 0.0181,
      "score": 1.197,
      "flip_en_banda": false,
      "nivel_flip": null,
      "valor_spot_now": 1747551416727.95,
      "percentil_spot": 50.8,
      "interpretacion": "ALTA \u2014 domina el comportamiento cerca del spot"
    },
    "delta": {
      "n_strikes_banda": 59,
      "var_banda": 4.790264004941594e+18,
      "var_total": 1.7319005742181738e+19,
      "concentracion": 0.2766,
      "gradiente_t": 0.0026,
      "score": 0.2773,
      "flip_en_banda": false,
      "nivel_flip": null,
      "valor_spot_now": 14204860096.18,
      "percentil_spot": 40.7,
      "interpretacion": "BAJA \u2014 energ\u00eda dispersa lejos del spot"
    },
    "charm": {
      "n_strikes_banda": 59,
      "var_banda": 5.0122242043479844e+23,
      "var_total": 1.1066791638633645e+24,
      "concentracion": 0.4529,
      "gradiente_t": 0.0001,
      "score": 0.4529,
      "flip_en_banda": false,
      "nivel_flip": null,
      "valor_spot_now": -842502432609.48,
      "percentil_spot": 50.8,
      "interpretacion": "MEDIA \u2014 relevante, monitorear en conjunto"
    },
    "color": {
      "n_strikes_banda": 59,
      "var_banda": 6.185144570249213e+33,
      "var_total": 3.0125833855555013e+34,
      "concentracion": 0.2053,
      "gradiente_t": 0.0,
      "score": 0.2053,
      "flip_en_banda": true,
      "nivel_flip": 7462.2474,
      "valor_spot_now": 4828392994631714.0,
      "percentil_spot": 83.1,
      "interpretacion": "BAJA \u2014 energ\u00eda dispersa lejos del spot"
    },
    "speed": {
      "n_strikes_banda": 59,
      "var_banda": 2.9333996158070566e+23,
      "var_total": 9.171667057073495e+23,
      "concentracion": 0.3198,
      "gradiente_t": 0.0001,
      "score": 0.3199,
      "flip_en_banda": false,
      "nivel_flip": null,
      "valor_spot_now": 608270737415.82,
      "percentil_spot": 50.8,
      "interpretacion": "MEDIA \u2014 relevante, monitorear en conjunto"
    },
    "vomma": {
      "n_strikes_banda": 59,
      "var_banda": 8.840483556394077e+28,
      "var_total": 1.1266566798645797e+29,
      "concentracion": 0.7847,
      "gradiente_t": 0.0063,
      "score": 0.7896,
      "flip_en_banda": true,
      "nivel_flip": 7404.1201,
      "valor_spot_now": -22356781231605.38,
      "percentil_spot": 50.8,
      "interpretacion": "ALTA \u2014 domina el comportamiento cerca del spot"
    },
    "zomma": {
      "n_strikes_banda": 59,
      "var_banda": 4.3143143255950346e+27,
      "var_total": 1.6662467403613146e+28,
      "concentracion": 0.2589,
      "gradiente_t": 0.002,
      "score": 0.2594,
      "flip_en_banda": true,
      "nivel_flip": 7456.5746,
      "valor_spot_now": 155929773068091.3,
      "percentil_spot": 91.5,
      "interpretacion": "BAJA \u2014 energ\u00eda dispersa lejos del spot"
    }
  },
  "tiene_inv": false
}