{
  "activo": "SPX",
  "spot": 7405.73,
  "banda_pct": 0.01,
  "minutos_ahora": 900,
  "generated_at": "2026-06-08 22:36:11",
  "ranking": [
    "speed",
    "vanna",
    "zomma",
    "color",
    "charm",
    "vomma",
    "delta",
    "gamma"
  ],
  "lider": "speed",
  "resumen": [
    "#1 SPEED     \u2014 Speed dGamma/dS (OI)            score=1.524  conc=1.524  grad=0.000  val@spot=2.73e+11  p51 | FLIP en 7380.91",
    "#2 VEX       \u2014 Vanna Exposure (OI)             score=1.401  conc=1.387  grad=0.010  val@spot=1.31e+12  p51 | FLIP en 7352.71",
    "#3 ZOMMA     \u2014 Zomma dGamma/dVol (OI)          score=1.221  conc=1.219  grad=0.002  val@spot=2.54e+14  p86 | FLIP en 7452.96",
    "#4 COLOR     \u2014 Color dGamma/dT (OI)            score=1.171  conc=1.171  grad=0.000  val@spot=6.82e+15  p98 | FLIP en 7448.44",
    "#5 CHARM     \u2014 Charm dDelta/dT (OI)            score=1.097  conc=1.097  grad=0.000  val@spot=-8.26e+11  p51",
    "#6 VOMMA     \u2014 Vomma dVega/dVol (OI)           score=0.627  conc=0.622  grad=0.009  val@spot=-4.86e+14  p81",
    "#7 DEX       \u2014 Net Delta (OI)                  score=0.478  conc=0.478  grad=0.002  val@spot=2.23e+10  p51",
    "#8 GEX       \u2014 Gamma Exposure (OI)             score=0.458  conc=0.457  grad=0.001  val@spot=-8.03e+09  p34"
  ],
  "por_superficie": {
    "gamma": {
      "n_strikes_banda": 59,
      "var_banda": 9.895492242276018e+18,
      "var_total": 2.163428155874773e+19,
      "concentracion": 0.4574,
      "gradiente_t": 0.0013,
      "score": 0.458,
      "flip_en_banda": false,
      "nivel_flip": null,
      "valor_spot_now": -8033401290.58,
      "percentil_spot": 33.9,
      "interpretacion": "MEDIA \u2014 relevante, monitorear en conjunto"
    },
    "vanna": {
      "n_strikes_banda": 59,
      "var_banda": 6.397982890583964e+23,
      "var_total": 4.611450797023208e+23,
      "concentracion": 1.3874,
      "gradiente_t": 0.0099,
      "score": 1.4012,
      "flip_en_banda": true,
      "nivel_flip": 7352.7149,
      "valor_spot_now": 1314275662473.37,
      "percentil_spot": 50.8,
      "interpretacion": "ALTA \u2014 domina el comportamiento cerca del spot"
    },
    "delta": {
      "n_strikes_banda": 59,
      "var_banda": 2.1063946176477024e+19,
      "var_total": 4.4097196449593795e+19,
      "concentracion": 0.4777,
      "gradiente_t": 0.0017,
      "score": 0.4785,
      "flip_en_banda": false,
      "nivel_flip": null,
      "valor_spot_now": 22265054120.08,
      "percentil_spot": 50.8,
      "interpretacion": "MEDIA \u2014 relevante, monitorear en conjunto"
    },
    "charm": {
      "n_strikes_banda": 59,
      "var_banda": 1.025325282178452e+24,
      "var_total": 9.345759259489215e+23,
      "concentracion": 1.0971,
      "gradiente_t": 0.0001,
      "score": 1.0972,
      "flip_en_banda": false,
      "nivel_flip": null,
      "valor_spot_now": -825832327236.44,
      "percentil_spot": 50.8,
      "interpretacion": "ALTA \u2014 domina el comportamiento cerca del spot"
    },
    "color": {
      "n_strikes_banda": 59,
      "var_banda": 1.8514719446308056e+34,
      "var_total": 1.5816790194793825e+34,
      "concentracion": 1.1706,
      "gradiente_t": 0.0,
      "score": 1.1706,
      "flip_en_banda": true,
      "nivel_flip": 7448.4445,
      "valor_spot_now": 6816209036209230.0,
      "percentil_spot": 98.3,
      "interpretacion": "ALTA \u2014 domina el comportamiento cerca del spot"
    },
    "speed": {
      "n_strikes_banda": 59,
      "var_banda": 1.0594639984339791e+24,
      "var_total": 6.952920379216511e+23,
      "concentracion": 1.5238,
      "gradiente_t": 0.0002,
      "score": 1.5241,
      "flip_en_banda": true,
      "nivel_flip": 7380.9085,
      "valor_spot_now": 272792121834.27,
      "percentil_spot": 50.8,
      "interpretacion": "ALTA \u2014 domina el comportamiento cerca del spot"
    },
    "vomma": {
      "n_strikes_banda": 59,
      "var_banda": 3.964425526403271e+28,
      "var_total": 6.374630157217544e+28,
      "concentracion": 0.6219,
      "gradiente_t": 0.009,
      "score": 0.6275,
      "flip_en_banda": false,
      "nivel_flip": null,
      "valor_spot_now": -485962585971153.5,
      "percentil_spot": 81.4,
      "interpretacion": "ALTA \u2014 domina el comportamiento cerca del spot"
    },
    "zomma": {
      "n_strikes_banda": 59,
      "var_banda": 1.8645834263672762e+28,
      "var_total": 1.5299801503787576e+28,
      "concentracion": 1.2187,
      "gradiente_t": 0.002,
      "score": 1.2212,
      "flip_en_banda": true,
      "nivel_flip": 7452.9584,
      "valor_spot_now": 254465965424220.9,
      "percentil_spot": 86.4,
      "interpretacion": "ALTA \u2014 domina el comportamiento cerca del spot"
    }
  },
  "tiene_inv": false
}