{
  "activo": "SPX",
  "spot": 7563.63,
  "banda_pct": 0.01,
  "minutos_ahora": 900,
  "generated_at": "2026-05-28 20:25:21",
  "ranking": [
    "speed",
    "color",
    "charm",
    "vomma",
    "zomma",
    "vanna",
    "gamma",
    "delta"
  ],
  "lider": "speed",
  "resumen": [
    "#1 SPEED     \u2014 Speed dGamma/dS (OI)            score=1.377  conc=1.377  grad=0.000  val@spot=1.19e+12  p52 | FLIP en 7606.41",
    "#2 COLOR     \u2014 Color dGamma/dT (OI)            score=1.173  conc=1.173  grad=0.000  val@spot=-5.14e+15  p52 | FLIP en 7508.65",
    "#3 CHARM     \u2014 Charm dDelta/dT (OI)            score=1.145  conc=1.145  grad=0.000  val@spot=-1.34e+12  p50",
    "#4 VOMMA     \u2014 Vomma dVega/dVol (OI)           score=0.980  conc=0.960  grad=0.021  val@spot=2.85e+15  p50",
    "#5 ZOMMA     \u2014 Zomma dGamma/dVol (OI)          score=0.907  conc=0.905  grad=0.002  val@spot=-2.42e+14  p52 | FLIP en 7506.83",
    "#6 VEX       \u2014 Vanna Exposure (OI)             score=0.901  conc=0.890  grad=0.012  val@spot=3.07e+12  p52 | FLIP en 7619.61",
    "#7 GEX       \u2014 Gamma Exposure (OI)             score=0.407  conc=0.407  grad=0.001  val@spot=2.46e+10  p50",
    "#8 DEX       \u2014 Net Delta (OI)                  score=0.359  conc=0.358  grad=0.001  val@spot=7.37e+10  p50"
  ],
  "por_superficie": {
    "gamma": {
      "n_strikes_banda": 60,
      "var_banda": 4.688802413653366e+19,
      "var_total": 1.1514595602939473e+20,
      "concentracion": 0.4072,
      "gradiente_t": 0.0008,
      "score": 0.4075,
      "flip_en_banda": false,
      "nivel_flip": null,
      "valor_spot_now": 24613882653.6,
      "percentil_spot": 50.0,
      "interpretacion": "MEDIA \u2014 relevante, monitorear en conjunto"
    },
    "vanna": {
      "n_strikes_banda": 60,
      "var_banda": 1.6161863867019774e+24,
      "var_total": 1.8156700503746077e+24,
      "concentracion": 0.8901,
      "gradiente_t": 0.0124,
      "score": 0.9012,
      "flip_en_banda": true,
      "nivel_flip": 7619.6145,
      "valor_spot_now": 3072996127115.6,
      "percentil_spot": 51.7,
      "interpretacion": "ALTA \u2014 domina el comportamiento cerca del spot"
    },
    "delta": {
      "n_strikes_banda": 60,
      "var_banda": 2.2453199221556432e+20,
      "var_total": 6.264447793963334e+20,
      "concentracion": 0.3584,
      "gradiente_t": 0.0008,
      "score": 0.3587,
      "flip_en_banda": false,
      "nivel_flip": null,
      "valor_spot_now": 73650684235.62,
      "percentil_spot": 50.0,
      "interpretacion": "MEDIA \u2014 relevante, monitorear en conjunto"
    },
    "charm": {
      "n_strikes_banda": 60,
      "var_banda": 5.073971654619533e+24,
      "var_total": 4.4329578435604855e+24,
      "concentracion": 1.1446,
      "gradiente_t": 0.0001,
      "score": 1.1447,
      "flip_en_banda": false,
      "nivel_flip": null,
      "valor_spot_now": -1339699146235.83,
      "percentil_spot": 50.0,
      "interpretacion": "ALTA \u2014 domina el comportamiento cerca del spot"
    },
    "color": {
      "n_strikes_banda": 60,
      "var_banda": 2.056024987967009e+35,
      "var_total": 1.7522038292856304e+35,
      "concentracion": 1.1734,
      "gradiente_t": 0.0,
      "score": 1.1734,
      "flip_en_banda": true,
      "nivel_flip": 7508.6487,
      "valor_spot_now": -5144807509228040.0,
      "percentil_spot": 51.7,
      "interpretacion": "ALTA \u2014 domina el comportamiento cerca del spot"
    },
    "speed": {
      "n_strikes_banda": 60,
      "var_banda": 9.017991678266775e+24,
      "var_total": 6.550726981342321e+24,
      "concentracion": 1.3766,
      "gradiente_t": 0.0001,
      "score": 1.3767,
      "flip_en_banda": true,
      "nivel_flip": 7606.4103,
      "valor_spot_now": 1187533986661.3,
      "percentil_spot": 51.7,
      "interpretacion": "ALTA \u2014 domina el comportamiento cerca del spot"
    },
    "vomma": {
      "n_strikes_banda": 60,
      "var_banda": 7.776561863900127e+29,
      "var_total": 8.097142312005555e+29,
      "concentracion": 0.9604,
      "gradiente_t": 0.0206,
      "score": 0.9802,
      "flip_en_banda": false,
      "nivel_flip": null,
      "valor_spot_now": 2846332558512083.0,
      "percentil_spot": 50.0,
      "interpretacion": "ALTA \u2014 domina el comportamiento cerca del spot"
    },
    "zomma": {
      "n_strikes_banda": 60,
      "var_banda": 5.11815068155737e+28,
      "var_total": 5.6532978684370605e+28,
      "concentracion": 0.9053,
      "gradiente_t": 0.0022,
      "score": 0.9074,
      "flip_en_banda": true,
      "nivel_flip": 7506.826,
      "valor_spot_now": -241550377793847.75,
      "percentil_spot": 51.7,
      "interpretacion": "ALTA \u2014 domina el comportamiento cerca del spot"
    }
  },
  "tiene_inv": false
}