{
  "activo": "SPX",
  "spot": 7432.97,
  "banda_pct": 0.01,
  "minutos_ahora": 900,
  "generated_at": "2026-05-20 22:22:42",
  "ranking": [
    "color",
    "speed",
    "zomma",
    "charm",
    "vanna",
    "gamma",
    "delta",
    "vomma"
  ],
  "lider": "color",
  "resumen": [
    "#1 COLOR     \u2014 Color dGamma/dT (OI)            score=1.474  conc=1.474  grad=0.000  val@spot=-2.28e+15  p51 | FLIP en 7418.33",
    "#2 SPEED     \u2014 Speed dGamma/dS (OI)            score=1.406  conc=1.406  grad=0.000  val@spot=5.84e+11  p56",
    "#3 ZOMMA     \u2014 Zomma dGamma/dVol (OI)          score=1.300  conc=1.299  grad=0.001  val@spot=-1.08e+14  p51 | FLIP en 7408.22",
    "#4 CHARM     \u2014 Charm dDelta/dT (OI)            score=1.157  conc=1.157  grad=0.000  val@spot=-1.11e+12  p19",
    "#5 VEX       \u2014 Vanna Exposure (OI)             score=0.982  conc=0.970  grad=0.012  val@spot=1.99e+12  p70",
    "#6 GEX       \u2014 Gamma Exposure (OI)             score=0.689  conc=0.688  grad=0.002  val@spot=3.61e+09  p51 | FLIP en 7393.13",
    "#7 DEX       \u2014 Net Delta (OI)                  score=0.361  conc=0.360  grad=0.003  val@spot=1.33e+10  p51",
    "#8 VOMMA     \u2014 Vomma dVega/dVol (OI)           score=0.332  conc=0.328  grad=0.013  val@spot=2.63e+14  p14"
  ],
  "por_superficie": {
    "gamma": {
      "n_strikes_banda": 59,
      "var_banda": 1.9360537159696577e+19,
      "var_total": 2.816281805188439e+19,
      "concentracion": 0.6875,
      "gradiente_t": 0.0016,
      "score": 0.6885,
      "flip_en_banda": true,
      "nivel_flip": 7393.1294,
      "valor_spot_now": 3610232089.42,
      "percentil_spot": 50.8,
      "interpretacion": "ALTA \u2014 domina el comportamiento cerca del spot"
    },
    "vanna": {
      "n_strikes_banda": 59,
      "var_banda": 4.139592426863333e+23,
      "var_total": 4.2658263452740784e+23,
      "concentracion": 0.9704,
      "gradiente_t": 0.0121,
      "score": 0.9822,
      "flip_en_banda": false,
      "nivel_flip": null,
      "valor_spot_now": 1990318037056.57,
      "percentil_spot": 69.5,
      "interpretacion": "ALTA \u2014 domina el comportamiento cerca del spot"
    },
    "delta": {
      "n_strikes_banda": 59,
      "var_banda": 6.826600326549001e+18,
      "var_total": 1.897380542774174e+19,
      "concentracion": 0.3598,
      "gradiente_t": 0.0028,
      "score": 0.3608,
      "flip_en_banda": false,
      "nivel_flip": null,
      "valor_spot_now": 13330760975.0,
      "percentil_spot": 50.8,
      "interpretacion": "MEDIA \u2014 relevante, monitorear en conjunto"
    },
    "charm": {
      "n_strikes_banda": 59,
      "var_banda": 1.1251201001379943e+24,
      "var_total": 9.724323033497573e+23,
      "concentracion": 1.157,
      "gradiente_t": 0.0002,
      "score": 1.1573,
      "flip_en_banda": false,
      "nivel_flip": null,
      "valor_spot_now": -1114986214417.88,
      "percentil_spot": 18.6,
      "interpretacion": "ALTA \u2014 domina el comportamiento cerca del spot"
    },
    "color": {
      "n_strikes_banda": 59,
      "var_banda": 2.0179061678709186e+34,
      "var_total": 1.3688471358503692e+34,
      "concentracion": 1.4742,
      "gradiente_t": 0.0,
      "score": 1.4742,
      "flip_en_banda": true,
      "nivel_flip": 7418.3273,
      "valor_spot_now": -2276306443530680.0,
      "percentil_spot": 50.8,
      "interpretacion": "ALTA \u2014 domina el comportamiento cerca del spot"
    },
    "speed": {
      "n_strikes_banda": 59,
      "var_banda": 6.863103664592754e+23,
      "var_total": 4.880820412784358e+23,
      "concentracion": 1.4061,
      "gradiente_t": 0.0002,
      "score": 1.4064,
      "flip_en_banda": false,
      "nivel_flip": null,
      "valor_spot_now": 584335729265.45,
      "percentil_spot": 55.9,
      "interpretacion": "ALTA \u2014 domina el comportamiento cerca del spot"
    },
    "vomma": {
      "n_strikes_banda": 59,
      "var_banda": 1.622119373428094e+28,
      "var_total": 4.9450280814149625e+28,
      "concentracion": 0.328,
      "gradiente_t": 0.0131,
      "score": 0.3323,
      "flip_en_banda": false,
      "nivel_flip": null,
      "valor_spot_now": 262999685110096.0,
      "percentil_spot": 13.6,
      "interpretacion": "MEDIA \u2014 relevante, monitorear en conjunto"
    },
    "zomma": {
      "n_strikes_banda": 59,
      "var_banda": 1.53503591585411e+28,
      "var_total": 1.1817598383789647e+28,
      "concentracion": 1.2989,
      "gradiente_t": 0.0008,
      "score": 1.3,
      "flip_en_banda": true,
      "nivel_flip": 7408.2189,
      "valor_spot_now": -107867012675133.12,
      "percentil_spot": 50.8,
      "interpretacion": "ALTA \u2014 domina el comportamiento cerca del spot"
    }
  },
  "tiene_inv": false
}