{
  "activo": "SPX",
  "spot": 7196.66,
  "banda_pct": 0.01,
  "minutos_ahora": 900,
  "generated_at": "2026-05-04 13:56:05",
  "ranking": [
    "inv_color",
    "inv_speed",
    "inv_gamma",
    "inv_charm",
    "inv_vanna",
    "speed",
    "gamma",
    "vanna",
    "color",
    "inv_delta",
    "delta",
    "charm"
  ],
  "lider": "inv_color",
  "resumen": [
    "#1 INV_COLOR \u2014 Color dGamma/dT (flujo neto)    score=4.686  conc=4.686  grad=0.000  val@spot=-4.93e+15  p52 | FLIP en 7206.32",
    "#2 INV_SPEED \u2014 Speed dGamma/dS (flujo neto)    score=4.528  conc=4.528  grad=0.000  val@spot=-7.12e+11  p28 | FLIP en 7137.58",
    "#3 INV_GEX   \u2014 Gamma Exposure (flujo neto)     score=3.833  conc=3.830  grad=0.001  val@spot=1.61e+09  p52 | FLIP en 7210.32",
    "#4 INV_CHARM \u2014 Charm dDelta/dT (flujo neto)    score=3.153  conc=3.152  grad=0.000  val@spot=1.88e+12  p86",
    "#5 INV_VEX   \u2014 Vanna Exposure (flujo neto)     score=1.901  conc=1.893  grad=0.004  val@spot=-2.68e+12  p24",
    "#6 SPEED     \u2014 Speed dGamma/dS (OI)            score=1.776  conc=1.775  grad=0.001  val@spot=5.41e+11  p52 | FLIP en 7129.53",
    "#7 GEX       \u2014 Gamma Exposure (OI)             score=0.740  conc=0.738  grad=0.002  val@spot=-1.53e+09  p52 | FLIP en 7213.21",
    "#8 VEX       \u2014 Vanna Exposure (OI)             score=0.686  conc=0.684  grad=0.004  val@spot=4.14e+12  p59",
    "#9 COLOR     \u2014 Color dGamma/dT (OI)            score=0.616  conc=0.616  grad=0.000  val@spot=7.50e+15  p52 | FLIP en 7215.00",
    "#10 INV_DEX   \u2014 Net Delta (flujo neto)          score=0.614  conc=0.612  grad=0.002  val@spot=-3.37e+10  p86",
    "#11 DEX       \u2014 Net Delta (OI)                  score=0.340  conc=0.339  grad=0.004  val@spot=5.92e+10  p17",
    "#12 CHARM     \u2014 Charm dDelta/dT (OI)            score=0.338  conc=0.338  grad=0.001  val@spot=-6.29e+12  p31"
  ],
  "por_superficie": {
    "gamma": {
      "n_strikes_banda": 29,
      "var_banda": 7.346536680027449e+19,
      "var_total": 9.948840882991985e+19,
      "concentracion": 0.7384,
      "gradiente_t": 0.0018,
      "score": 0.7397,
      "flip_en_banda": true,
      "nivel_flip": 7213.2144,
      "valor_spot_now": -1530097251.23,
      "percentil_spot": 51.7,
      "interpretacion": "ALTA \u2014 domina el comportamiento cerca del spot"
    },
    "vanna": {
      "n_strikes_banda": 29,
      "var_banda": 2.2579009100994805e+24,
      "var_total": 3.3023465495401174e+24,
      "concentracion": 0.6837,
      "gradiente_t": 0.0039,
      "score": 0.6864,
      "flip_en_banda": false,
      "nivel_flip": null,
      "valor_spot_now": 4142027831958.48,
      "percentil_spot": 58.6,
      "interpretacion": "ALTA \u2014 domina el comportamiento cerca del spot"
    },
    "delta": {
      "n_strikes_banda": 29,
      "var_banda": 9.558698517949478e+19,
      "var_total": 2.8216999357134714e+20,
      "concentracion": 0.3388,
      "gradiente_t": 0.0044,
      "score": 0.3402,
      "flip_en_banda": false,
      "nivel_flip": null,
      "valor_spot_now": 59223229415.66,
      "percentil_spot": 17.2,
      "interpretacion": "MEDIA \u2014 relevante, monitorear en conjunto"
    },
    "charm": {
      "n_strikes_banda": 29,
      "var_banda": 4.091073367230602e+25,
      "var_total": 1.2117472500217415e+26,
      "concentracion": 0.3376,
      "gradiente_t": 0.0006,
      "score": 0.3378,
      "flip_en_banda": false,
      "nivel_flip": null,
      "valor_spot_now": -6294292242127.89,
      "percentil_spot": 31.0,
      "interpretacion": "MEDIA \u2014 relevante, monitorear en conjunto"
    },
    "color": {
      "n_strikes_banda": 29,
      "var_banda": 2.727509785596037e+34,
      "var_total": 4.425093695002777e+34,
      "concentracion": 0.6164,
      "gradiente_t": 0.0,
      "score": 0.6164,
      "flip_en_banda": true,
      "nivel_flip": 7214.9977,
      "valor_spot_now": 7495965663374768.0,
      "percentil_spot": 51.7,
      "interpretacion": "ALTA \u2014 domina el comportamiento cerca del spot"
    },
    "speed": {
      "n_strikes_banda": 29,
      "var_banda": 1.2958956807979354e+24,
      "var_total": 7.300810053294368e+23,
      "concentracion": 1.775,
      "gradiente_t": 0.0006,
      "score": 1.776,
      "flip_en_banda": true,
      "nivel_flip": 7129.527,
      "valor_spot_now": 540991790911.9,
      "percentil_spot": 51.7,
      "interpretacion": "ALTA \u2014 domina el comportamiento cerca del spot"
    },
    "inv_gamma": {
      "n_strikes_banda": 29,
      "var_banda": 1.229870692423806e+20,
      "var_total": 3.2111041617765364e+19,
      "concentracion": 3.8301,
      "gradiente_t": 0.0008,
      "score": 3.833,
      "flip_en_banda": true,
      "nivel_flip": 7210.3202,
      "valor_spot_now": 1612790212.57,
      "percentil_spot": 51.7,
      "interpretacion": "ALTA \u2014 domina el comportamiento cerca del spot"
    },
    "inv_vanna": {
      "n_strikes_banda": 29,
      "var_banda": 1.9610300464668772e+24,
      "var_total": 1.0359542608867794e+24,
      "concentracion": 1.893,
      "gradiente_t": 0.004,
      "score": 1.9005,
      "flip_en_banda": false,
      "nivel_flip": null,
      "valor_spot_now": -2681468814935.47,
      "percentil_spot": 24.1,
      "interpretacion": "ALTA \u2014 domina el comportamiento cerca del spot"
    },
    "inv_delta": {
      "n_strikes_banda": 29,
      "var_banda": 1.7426088834000757e+19,
      "var_total": 2.8466470304094577e+19,
      "concentracion": 0.6122,
      "gradiente_t": 0.0023,
      "score": 0.6136,
      "flip_en_banda": false,
      "nivel_flip": null,
      "valor_spot_now": -33728821654.69,
      "percentil_spot": 86.2,
      "interpretacion": "ALTA \u2014 domina el comportamiento cerca del spot"
    },
    "inv_charm": {
      "n_strikes_banda": 29,
      "var_banda": 6.650654450398266e+25,
      "var_total": 2.1096138615483928e+25,
      "concentracion": 3.1525,
      "gradiente_t": 0.0002,
      "score": 3.1531,
      "flip_en_banda": false,
      "nivel_flip": null,
      "valor_spot_now": 1882637791014.58,
      "percentil_spot": 86.2,
      "interpretacion": "ALTA \u2014 domina el comportamiento cerca del spot"
    },
    "inv_color": {
      "n_strikes_banda": 29,
      "var_banda": 8.099349007990836e+35,
      "var_total": 1.7283295804253367e+35,
      "concentracion": 4.6862,
      "gradiente_t": 0.0,
      "score": 4.6863,
      "flip_en_banda": true,
      "nivel_flip": 7206.3186,
      "valor_spot_now": -4934551815858708.0,
      "percentil_spot": 51.7,
      "interpretacion": "ALTA \u2014 domina el comportamiento cerca del spot"
    },
    "inv_speed": {
      "n_strikes_banda": 29,
      "var_banda": 1.5881774423637464e+25,
      "var_total": 3.5076547588614295e+24,
      "concentracion": 4.5277,
      "gradiente_t": 0.0001,
      "score": 4.5283,
      "flip_en_banda": true,
      "nivel_flip": 7137.5801,
      "valor_spot_now": -711654626361.41,
      "percentil_spot": 27.6,
      "interpretacion": "ALTA \u2014 domina el comportamiento cerca del spot"
    }
  },
  "tiene_inv": true
}