{
  "activo": "SPX",
  "spot": 7266.99,
  "banda_pct": 0.01,
  "minutos_ahora": 900,
  "generated_at": "2026-06-10 23:44:30",
  "ranking": [
    "color",
    "speed",
    "zomma",
    "charm",
    "vomma",
    "vanna",
    "gamma",
    "delta"
  ],
  "lider": "color",
  "resumen": [
    "#1 COLOR     \u2014 Color dGamma/dT (OI)            score=3.510  conc=3.510  grad=0.000  val@spot=2.38e+15  p52",
    "#2 SPEED     \u2014 Speed dGamma/dS (OI)            score=3.453  conc=3.453  grad=0.000  val@spot=-4.92e+11  p2 | FLIP en 7300.40",
    "#3 ZOMMA     \u2014 Zomma dGamma/dVol (OI)          score=3.376  conc=3.373  grad=0.001  val@spot=5.54e+13  p52 | FLIP en 7258.32",
    "#4 CHARM     \u2014 Charm dDelta/dT (OI)            score=2.087  conc=2.087  grad=0.000  val@spot=-2.02e+10  p50 | FLIP en 7262.15",
    "#5 VOMMA     \u2014 Vomma dVega/dVol (OI)           score=1.109  conc=1.094  grad=0.014  val@spot=-8.80e+14  p10",
    "#6 VEX       \u2014 Vanna Exposure (OI)             score=0.789  conc=0.783  grad=0.008  val@spot=-7.37e+11  p16 | FLIP en 7296.05",
    "#7 GEX       \u2014 Gamma Exposure (OI)             score=0.440  conc=0.439  grad=0.001  val@spot=-8.74e+09  p50",
    "#8 DEX       \u2014 Net Delta (OI)                  score=0.147  conc=0.147  grad=0.000  val@spot=3.04e+10  p50"
  ],
  "por_superficie": {
    "gamma": {
      "n_strikes_banda": 58,
      "var_banda": 6.164220299169512e+18,
      "var_total": 1.403719728489549e+19,
      "concentracion": 0.4391,
      "gradiente_t": 0.0008,
      "score": 0.4395,
      "flip_en_banda": false,
      "nivel_flip": null,
      "valor_spot_now": -8739486210.05,
      "percentil_spot": 50.0,
      "interpretacion": "MEDIA \u2014 relevante, monitorear en conjunto"
    },
    "vanna": {
      "n_strikes_banda": 58,
      "var_banda": 1.79232664625353e+23,
      "var_total": 2.290286810609056e+23,
      "concentracion": 0.7826,
      "gradiente_t": 0.0081,
      "score": 0.7889,
      "flip_en_banda": true,
      "nivel_flip": 7296.048,
      "valor_spot_now": -737211880774.84,
      "percentil_spot": 15.5,
      "interpretacion": "ALTA \u2014 domina el comportamiento cerca del spot"
    },
    "delta": {
      "n_strikes_banda": 58,
      "var_banda": 2.552902165003779e+19,
      "var_total": 1.738283916192071e+20,
      "concentracion": 0.1469,
      "gradiente_t": 0.0004,
      "score": 0.1469,
      "flip_en_banda": false,
      "nivel_flip": null,
      "valor_spot_now": 30357000874.3,
      "percentil_spot": 50.0,
      "interpretacion": "BAJA \u2014 energ\u00eda dispersa lejos del spot"
    },
    "charm": {
      "n_strikes_banda": 58,
      "var_banda": 3.30376233632217e+24,
      "var_total": 1.5830639782535738e+24,
      "concentracion": 2.0869,
      "gradiente_t": 0.0001,
      "score": 2.0871,
      "flip_en_banda": true,
      "nivel_flip": 7262.1526,
      "valor_spot_now": -20242415891.99,
      "percentil_spot": 50.0,
      "interpretacion": "ALTA \u2014 domina el comportamiento cerca del spot"
    },
    "color": {
      "n_strikes_banda": 58,
      "var_banda": 5.373868932001696e+34,
      "var_total": 1.531198821455014e+34,
      "concentracion": 3.5096,
      "gradiente_t": 0.0,
      "score": 3.5096,
      "flip_en_banda": false,
      "nivel_flip": null,
      "valor_spot_now": 2381692172466723.0,
      "percentil_spot": 51.7,
      "interpretacion": "ALTA \u2014 domina el comportamiento cerca del spot"
    },
    "speed": {
      "n_strikes_banda": 58,
      "var_banda": 1.5537483196708711e+24,
      "var_total": 4.5003015973180434e+23,
      "concentracion": 3.4525,
      "gradiente_t": 0.0001,
      "score": 3.4528,
      "flip_en_banda": true,
      "nivel_flip": 7300.3979,
      "valor_spot_now": -491993689131.36,
      "percentil_spot": 1.7,
      "interpretacion": "ALTA \u2014 domina el comportamiento cerca del spot"
    },
    "vomma": {
      "n_strikes_banda": 58,
      "var_banda": 6.274795468012973e+28,
      "var_total": 5.735119191782637e+28,
      "concentracion": 1.0941,
      "gradiente_t": 0.0138,
      "score": 1.1092,
      "flip_en_banda": false,
      "nivel_flip": null,
      "valor_spot_now": -880499608587894.0,
      "percentil_spot": 10.3,
      "interpretacion": "ALTA \u2014 domina el comportamiento cerca del spot"
    },
    "zomma": {
      "n_strikes_banda": 58,
      "var_banda": 1.964632630133107e+28,
      "var_total": 5.82439158012888e+27,
      "concentracion": 3.3731,
      "gradiente_t": 0.0007,
      "score": 3.3756,
      "flip_en_banda": true,
      "nivel_flip": 7258.3186,
      "valor_spot_now": 55414653915328.23,
      "percentil_spot": 51.7,
      "interpretacion": "ALTA \u2014 domina el comportamiento cerca del spot"
    }
  },
  "tiene_inv": false
}