{
  "activo": "SPX",
  "spot": 7580.06,
  "banda_pct": 0.01,
  "minutos_ahora": 900,
  "generated_at": "2026-06-01 06:15:21",
  "ranking": [
    "zomma",
    "color",
    "speed",
    "vanna",
    "gamma",
    "charm",
    "vomma",
    "delta"
  ],
  "lider": "zomma",
  "resumen": [
    "#1 ZOMMA     \u2014 Zomma dGamma/dVol (OI)          score=1.471  conc=1.469  grad=0.001  val@spot=7.33e+14  p56 | FLIP en 7593.17",
    "#2 COLOR     \u2014 Color dGamma/dT (OI)            score=1.333  conc=1.333  grad=0.000  val@spot=7.21e+15  p51 | FLIP en 7585.63",
    "#3 SPEED     \u2014 Speed dGamma/dS (OI)            score=1.082  conc=1.081  grad=0.000  val@spot=3.74e+12  p77",
    "#4 VEX       \u2014 Vanna Exposure (OI)             score=0.814  conc=0.806  grad=0.009  val@spot=1.24e+13  p84",
    "#5 GEX       \u2014 Gamma Exposure (OI)             score=0.779  conc=0.778  grad=0.002  val@spot=3.23e+09  p51 | FLIP en 7572.89",
    "#6 CHARM     \u2014 Charm dDelta/dT (OI)            score=0.761  conc=0.761  grad=0.000  val@spot=-6.71e+12  p8",
    "#7 VOMMA     \u2014 Vomma dVega/dVol (OI)           score=0.368  conc=0.360  grad=0.022  val@spot=9.18e+14  p67 | FLIP en 7637.26",
    "#8 DEX       \u2014 Net Delta (OI)                  score=0.199  conc=0.198  grad=0.004  val@spot=3.99e+10  p12"
  ],
  "por_superficie": {
    "gamma": {
      "n_strikes_banda": 61,
      "var_banda": 5.352477978752939e+20,
      "var_total": 6.883326124422616e+20,
      "concentracion": 0.7776,
      "gradiente_t": 0.0021,
      "score": 0.7792,
      "flip_en_banda": true,
      "nivel_flip": 7572.8935,
      "valor_spot_now": 3227438592.3,
      "percentil_spot": 50.8,
      "interpretacion": "ALTA \u2014 domina el comportamiento cerca del spot"
    },
    "vanna": {
      "n_strikes_banda": 61,
      "var_banda": 1.159048103000801e+25,
      "var_total": 1.4371527951583576e+25,
      "concentracion": 0.8065,
      "gradiente_t": 0.0094,
      "score": 0.8141,
      "flip_en_banda": false,
      "nivel_flip": null,
      "valor_spot_now": 12368998527018.81,
      "percentil_spot": 83.6,
      "interpretacion": "ALTA \u2014 domina el comportamiento cerca del spot"
    },
    "delta": {
      "n_strikes_banda": 61,
      "var_banda": 8.397344828252283e+19,
      "var_total": 4.238261364165138e+20,
      "concentracion": 0.1981,
      "gradiente_t": 0.004,
      "score": 0.1989,
      "flip_en_banda": false,
      "nivel_flip": null,
      "valor_spot_now": 39931139097.1,
      "percentil_spot": 11.5,
      "interpretacion": "BAJA \u2014 energ\u00eda dispersa lejos del spot"
    },
    "charm": {
      "n_strikes_banda": 61,
      "var_banda": 1.5305325237264322e+25,
      "var_total": 2.012033429671137e+25,
      "concentracion": 0.7607,
      "gradiente_t": 0.0003,
      "score": 0.7609,
      "flip_en_banda": false,
      "nivel_flip": null,
      "valor_spot_now": -6710882140675.42,
      "percentil_spot": 8.2,
      "interpretacion": "ALTA \u2014 domina el comportamiento cerca del spot"
    },
    "color": {
      "n_strikes_banda": 61,
      "var_banda": 2.8019716517374816e+35,
      "var_total": 2.1023102908518285e+35,
      "concentracion": 1.3328,
      "gradiente_t": 0.0,
      "score": 1.3328,
      "flip_en_banda": true,
      "nivel_flip": 7585.6268,
      "valor_spot_now": 7205575546264460.0,
      "percentil_spot": 50.8,
      "interpretacion": "ALTA \u2014 domina el comportamiento cerca del spot"
    },
    "speed": {
      "n_strikes_banda": 61,
      "var_banda": 1.1848217842101193e+25,
      "var_total": 1.0956352146951497e+25,
      "concentracion": 1.0814,
      "gradiente_t": 0.0002,
      "score": 1.0816,
      "flip_en_banda": false,
      "nivel_flip": null,
      "valor_spot_now": 3743418775925.41,
      "percentil_spot": 77.0,
      "interpretacion": "ALTA \u2014 domina el comportamiento cerca del spot"
    },
    "vomma": {
      "n_strikes_banda": 61,
      "var_banda": 3.4839886283625074e+29,
      "var_total": 9.666963989679935e+29,
      "concentracion": 0.3604,
      "gradiente_t": 0.0223,
      "score": 0.3685,
      "flip_en_banda": true,
      "nivel_flip": 7637.2577,
      "valor_spot_now": 918049802328926.0,
      "percentil_spot": 67.2,
      "interpretacion": "MEDIA \u2014 relevante, monitorear en conjunto"
    },
    "zomma": {
      "n_strikes_banda": 61,
      "var_banda": 5.5869012495696066e+29,
      "var_total": 3.8029812709017625e+29,
      "concentracion": 1.4691,
      "gradiente_t": 0.0011,
      "score": 1.4707,
      "flip_en_banda": true,
      "nivel_flip": 7593.1719,
      "valor_spot_now": 733450328457749.4,
      "percentil_spot": 55.7,
      "interpretacion": "ALTA \u2014 domina el comportamiento cerca del spot"
    }
  },
  "tiene_inv": false
}