{
  "activo": "SPX",
  "spot": 7412.84,
  "banda_pct": 0.01,
  "minutos_ahora": 900,
  "generated_at": "2026-05-12 06:51:55",
  "ranking": [
    "zomma",
    "speed",
    "color",
    "vanna",
    "charm",
    "gamma",
    "vomma",
    "delta"
  ],
  "lider": "zomma",
  "resumen": [
    "#1 ZOMMA     \u2014 Zomma dGamma/dVol (OI)          score=1.989  conc=1.989  grad=0.000  val@spot=-1.83e+15  p3 | FLIP en 7459.35",
    "#2 SPEED     \u2014 Speed dGamma/dS (OI)            score=1.979  conc=1.978  grad=0.000  val@spot=4.58e+10  p50 | FLIP en 7415.12",
    "#3 COLOR     \u2014 Color dGamma/dT (OI)            score=1.896  conc=1.896  grad=0.000  val@spot=-1.98e+16  p3 | FLIP en 7343.05",
    "#4 VEX       \u2014 Vanna Exposure (OI)             score=1.255  conc=1.250  grad=0.004  val@spot=1.06e+12  p50 | FLIP en 7420.08",
    "#5 CHARM     \u2014 Charm dDelta/dT (OI)            score=1.248  conc=1.247  grad=0.001  val@spot=-2.63e+12  p53",
    "#6 GEX       \u2014 Gamma Exposure (OI)             score=0.840  conc=0.839  grad=0.001  val@spot=1.66e+10  p100",
    "#7 VOMMA     \u2014 Vomma dVega/dVol (OI)           score=0.723  conc=0.714  grad=0.013  val@spot=5.25e+14  p3",
    "#8 DEX       \u2014 Net Delta (OI)                  score=0.650  conc=0.649  grad=0.003  val@spot=6.37e+10  p53"
  ],
  "por_superficie": {
    "gamma": {
      "n_strikes_banda": 30,
      "var_banda": 4.326928617737558e+19,
      "var_total": 5.155224299571144e+19,
      "concentracion": 0.8393,
      "gradiente_t": 0.0007,
      "score": 0.8399,
      "flip_en_banda": false,
      "nivel_flip": null,
      "valor_spot_now": 16633344676.05,
      "percentil_spot": 100.0,
      "interpretacion": "ALTA \u2014 domina el comportamiento cerca del spot"
    },
    "vanna": {
      "n_strikes_banda": 30,
      "var_banda": 1.675948943547431e+24,
      "var_total": 1.3412319625412607e+24,
      "concentracion": 1.2496,
      "gradiente_t": 0.0044,
      "score": 1.255,
      "flip_en_banda": true,
      "nivel_flip": 7420.0813,
      "valor_spot_now": 1064668258808.9,
      "percentil_spot": 50.0,
      "interpretacion": "ALTA \u2014 domina el comportamiento cerca del spot"
    },
    "delta": {
      "n_strikes_banda": 30,
      "var_banda": 1.2193641606623607e+20,
      "var_total": 1.8795462040047763e+20,
      "concentracion": 0.6488,
      "gradiente_t": 0.0025,
      "score": 0.6504,
      "flip_en_banda": false,
      "nivel_flip": null,
      "valor_spot_now": 63652239618.45,
      "percentil_spot": 53.3,
      "interpretacion": "ALTA \u2014 domina el comportamiento cerca del spot"
    },
    "charm": {
      "n_strikes_banda": 30,
      "var_banda": 1.1961152863478152e+26,
      "var_total": 9.592313276393752e+25,
      "concentracion": 1.247,
      "gradiente_t": 0.0007,
      "score": 1.2479,
      "flip_en_banda": false,
      "nivel_flip": null,
      "valor_spot_now": -2625039097526.9,
      "percentil_spot": 53.3,
      "interpretacion": "ALTA \u2014 domina el comportamiento cerca del spot"
    },
    "color": {
      "n_strikes_banda": 30,
      "var_banda": 2.295889624693758e+35,
      "var_total": 1.2107889644163963e+35,
      "concentracion": 1.8962,
      "gradiente_t": 0.0,
      "score": 1.8962,
      "flip_en_banda": true,
      "nivel_flip": 7343.0461,
      "valor_spot_now": -1.9761563784648884e+16,
      "percentil_spot": 3.3,
      "interpretacion": "ALTA \u2014 domina el comportamiento cerca del spot"
    },
    "speed": {
      "n_strikes_banda": 30,
      "var_banda": 1.0047804637882739e+25,
      "var_total": 5.078645836444676e+24,
      "concentracion": 1.9784,
      "gradiente_t": 0.0004,
      "score": 1.9793,
      "flip_en_banda": true,
      "nivel_flip": 7415.1233,
      "valor_spot_now": 45808089820.67,
      "percentil_spot": 50.0,
      "interpretacion": "ALTA \u2014 domina el comportamiento cerca del spot"
    },
    "vomma": {
      "n_strikes_banda": 30,
      "var_banda": 9.882689609112506e+28,
      "var_total": 1.3832690808322787e+29,
      "concentracion": 0.7144,
      "gradiente_t": 0.0125,
      "score": 0.7234,
      "flip_en_banda": false,
      "nivel_flip": null,
      "valor_spot_now": 524743748550820.2,
      "percentil_spot": 3.3,
      "interpretacion": "ALTA \u2014 domina el comportamiento cerca del spot"
    },
    "zomma": {
      "n_strikes_banda": 30,
      "var_banda": 5.8570726617939335e+29,
      "var_total": 2.945284488982448e+29,
      "concentracion": 1.9886,
      "gradiente_t": 0.0003,
      "score": 1.9892,
      "flip_en_banda": true,
      "nivel_flip": 7459.3533,
      "valor_spot_now": -1832974243350316.2,
      "percentil_spot": 3.3,
      "interpretacion": "ALTA \u2014 domina el comportamiento cerca del spot"
    }
  },
  "tiene_inv": false
}