{
  "activo": "SPX",
  "spot": 7473.47,
  "banda_pct": 0.01,
  "minutos_ahora": 900,
  "generated_at": "2026-05-24 23:55:18",
  "ranking": [
    "charm",
    "vomma",
    "vanna",
    "color",
    "gamma",
    "delta",
    "zomma",
    "speed"
  ],
  "lider": "charm",
  "resumen": [
    "#1 CHARM     \u2014 Charm dDelta/dT (OI)            score=1.006  conc=1.006  grad=0.000  val@spot=-9.17e+11  p50 | FLIP en 7542.23",
    "#2 VOMMA     \u2014 Vomma dVega/dVol (OI)           score=0.702  conc=0.697  grad=0.007  val@spot=8.38e+13  p50 | FLIP en 7468.42",
    "#3 VEX       \u2014 Vanna Exposure (OI)             score=0.640  conc=0.632  grad=0.013  val@spot=2.41e+12  p52",
    "#4 COLOR     \u2014 Color dGamma/dT (OI)            score=0.544  conc=0.544  grad=0.000  val@spot=-7.96e+15  p37",
    "#5 GEX       \u2014 Gamma Exposure (OI)             score=0.326  conc=0.326  grad=0.001  val@spot=5.93e+09  p50 | FLIP en 7429.99",
    "#6 DEX       \u2014 Net Delta (OI)                  score=0.273  conc=0.273  grad=0.002  val@spot=1.76e+10  p50",
    "#7 ZOMMA     \u2014 Zomma dGamma/dVol (OI)          score=0.224  conc=0.224  grad=0.001  val@spot=-1.13e+14  p48 | FLIP en 7411.78",
    "#8 SPEED     \u2014 Speed dGamma/dS (OI)            score=0.219  conc=0.219  grad=0.000  val@spot=1.09e+12  p93"
  ],
  "por_superficie": {
    "gamma": {
      "n_strikes_banda": 60,
      "var_banda": 2.89140617220339e+19,
      "var_total": 8.87488049525199e+19,
      "concentracion": 0.3258,
      "gradiente_t": 0.0009,
      "score": 0.3261,
      "flip_en_banda": true,
      "nivel_flip": 7429.9937,
      "valor_spot_now": 5933104498.97,
      "percentil_spot": 50.0,
      "interpretacion": "MEDIA \u2014 relevante, monitorear en conjunto"
    },
    "vanna": {
      "n_strikes_banda": 60,
      "var_banda": 7.469485368469622e+23,
      "var_total": 1.1814169885752033e+24,
      "concentracion": 0.6322,
      "gradiente_t": 0.0129,
      "score": 0.6404,
      "flip_en_banda": false,
      "nivel_flip": null,
      "valor_spot_now": 2413726111626.42,
      "percentil_spot": 51.7,
      "interpretacion": "ALTA \u2014 domina el comportamiento cerca del spot"
    },
    "delta": {
      "n_strikes_banda": 60,
      "var_banda": 2.525606521343239e+19,
      "var_total": 9.259952627575875e+19,
      "concentracion": 0.2727,
      "gradiente_t": 0.0015,
      "score": 0.2731,
      "flip_en_banda": false,
      "nivel_flip": null,
      "valor_spot_now": 17573456209.94,
      "percentil_spot": 50.0,
      "interpretacion": "BAJA \u2014 energ\u00eda dispersa lejos del spot"
    },
    "charm": {
      "n_strikes_banda": 60,
      "var_banda": 8.460642437336571e+24,
      "var_total": 8.412315610261222e+24,
      "concentracion": 1.0057,
      "gradiente_t": 0.0001,
      "score": 1.0059,
      "flip_en_banda": true,
      "nivel_flip": 7542.2295,
      "valor_spot_now": -917383846073.13,
      "percentil_spot": 50.0,
      "interpretacion": "ALTA \u2014 domina el comportamiento cerca del spot"
    },
    "color": {
      "n_strikes_banda": 60,
      "var_banda": 4.247386916731632e+34,
      "var_total": 7.801537029822624e+34,
      "concentracion": 0.5444,
      "gradiente_t": 0.0,
      "score": 0.5444,
      "flip_en_banda": false,
      "nivel_flip": null,
      "valor_spot_now": -7956623979235280.0,
      "percentil_spot": 36.7,
      "interpretacion": "MEDIA \u2014 relevante, monitorear en conjunto"
    },
    "speed": {
      "n_strikes_banda": 60,
      "var_banda": 5.233180048325735e+23,
      "var_total": 2.3912117455405457e+24,
      "concentracion": 0.2189,
      "gradiente_t": 0.0,
      "score": 0.2189,
      "flip_en_banda": false,
      "nivel_flip": null,
      "valor_spot_now": 1089546340548.27,
      "percentil_spot": 93.3,
      "interpretacion": "BAJA \u2014 energ\u00eda dispersa lejos del spot"
    },
    "vomma": {
      "n_strikes_banda": 60,
      "var_banda": 1.6982831337947596e+29,
      "var_total": 2.4354327829890465e+29,
      "concentracion": 0.6973,
      "gradiente_t": 0.0072,
      "score": 0.7023,
      "flip_en_banda": true,
      "nivel_flip": 7468.4211,
      "valor_spot_now": 83843311872616.5,
      "percentil_spot": 50.0,
      "interpretacion": "ALTA \u2014 domina el comportamiento cerca del spot"
    },
    "zomma": {
      "n_strikes_banda": 60,
      "var_banda": 5.621628256150173e+27,
      "var_total": 2.513995435534145e+28,
      "concentracion": 0.2236,
      "gradiente_t": 0.0014,
      "score": 0.2239,
      "flip_en_banda": true,
      "nivel_flip": 7411.7828,
      "valor_spot_now": -112642174505757.02,
      "percentil_spot": 48.3,
      "interpretacion": "BAJA \u2014 energ\u00eda dispersa lejos del spot"
    }
  },
  "tiene_inv": false
}