{
  "activo": "SPX",
  "spot": 7445.72,
  "banda_pct": 0.01,
  "minutos_ahora": 900,
  "generated_at": "2026-05-21 21:25:48",
  "ranking": [
    "speed",
    "color",
    "zomma",
    "charm",
    "vanna",
    "gamma",
    "vomma",
    "delta"
  ],
  "lider": "speed",
  "resumen": [
    "#1 SPEED     \u2014 Speed dGamma/dS (OI)            score=1.238  conc=1.238  grad=0.000  val@spot=9.02e+11  p30",
    "#2 COLOR     \u2014 Color dGamma/dT (OI)            score=1.151  conc=1.151  grad=0.000  val@spot=-8.89e+15  p43 | FLIP en 7386.59",
    "#3 ZOMMA     \u2014 Zomma dGamma/dVol (OI)          score=0.989  conc=0.988  grad=0.001  val@spot=-1.08e+14  p28 | FLIP en 7476.97",
    "#4 CHARM     \u2014 Charm dDelta/dT (OI)            score=0.952  conc=0.952  grad=0.000  val@spot=-1.63e+12  p50",
    "#5 VEX       \u2014 Vanna Exposure (OI)             score=0.888  conc=0.873  grad=0.017  val@spot=3.52e+12  p70",
    "#6 GEX       \u2014 Gamma Exposure (OI)             score=0.395  conc=0.395  grad=0.001  val@spot=4.90e+09  p50 | FLIP en 7407.73",
    "#7 VOMMA     \u2014 Vomma dVega/dVol (OI)           score=0.381  conc=0.379  grad=0.006  val@spot=-1.25e+14  p50 | FLIP en 7453.69",
    "#8 DEX       \u2014 Net Delta (OI)                  score=0.242  conc=0.242  grad=0.002  val@spot=3.44e+10  p50"
  ],
  "por_superficie": {
    "gamma": {
      "n_strikes_banda": 60,
      "var_banda": 4.358522581136639e+19,
      "var_total": 1.1040106763738623e+20,
      "concentracion": 0.3948,
      "gradiente_t": 0.0013,
      "score": 0.3953,
      "flip_en_banda": true,
      "nivel_flip": 7407.7337,
      "valor_spot_now": 4903078066.61,
      "percentil_spot": 50.0,
      "interpretacion": "MEDIA \u2014 relevante, monitorear en conjunto"
    },
    "vanna": {
      "n_strikes_banda": 60,
      "var_banda": 1.3281563356706227e+24,
      "var_total": 1.5206127667713263e+24,
      "concentracion": 0.8734,
      "gradiente_t": 0.0172,
      "score": 0.8884,
      "flip_en_banda": false,
      "nivel_flip": null,
      "valor_spot_now": 3520251282403.76,
      "percentil_spot": 70.0,
      "interpretacion": "ALTA \u2014 domina el comportamiento cerca del spot"
    },
    "delta": {
      "n_strikes_banda": 60,
      "var_banda": 2.7959799272779506e+19,
      "var_total": 1.1557801092838857e+20,
      "concentracion": 0.2419,
      "gradiente_t": 0.0017,
      "score": 0.2423,
      "flip_en_banda": false,
      "nivel_flip": null,
      "valor_spot_now": 34399932574.99,
      "percentil_spot": 50.0,
      "interpretacion": "BAJA \u2014 energ\u00eda dispersa lejos del spot"
    },
    "charm": {
      "n_strikes_banda": 60,
      "var_banda": 6.179305686095582e+24,
      "var_total": 6.494050907135004e+24,
      "concentracion": 0.9515,
      "gradiente_t": 0.0003,
      "score": 0.9518,
      "flip_en_banda": false,
      "nivel_flip": null,
      "valor_spot_now": -1634319272420.37,
      "percentil_spot": 50.0,
      "interpretacion": "ALTA \u2014 domina el comportamiento cerca del spot"
    },
    "color": {
      "n_strikes_banda": 60,
      "var_banda": 7.187754190470164e+34,
      "var_total": 6.242608123918915e+34,
      "concentracion": 1.1514,
      "gradiente_t": 0.0,
      "score": 1.1514,
      "flip_en_banda": true,
      "nivel_flip": 7386.5896,
      "valor_spot_now": -8894795130079133.0,
      "percentil_spot": 43.3,
      "interpretacion": "ALTA \u2014 domina el comportamiento cerca del spot"
    },
    "speed": {
      "n_strikes_banda": 60,
      "var_banda": 1.9082696518440551e+24,
      "var_total": 1.541517516704626e+24,
      "concentracion": 1.2379,
      "gradiente_t": 0.0001,
      "score": 1.2381,
      "flip_en_banda": false,
      "nivel_flip": null,
      "valor_spot_now": 901912311787.36,
      "percentil_spot": 30.0,
      "interpretacion": "ALTA \u2014 domina el comportamiento cerca del spot"
    },
    "vomma": {
      "n_strikes_banda": 60,
      "var_banda": 1.5363468852008401e+29,
      "var_total": 4.055314715674914e+29,
      "concentracion": 0.3788,
      "gradiente_t": 0.0065,
      "score": 0.3813,
      "flip_en_banda": true,
      "nivel_flip": 7453.6882,
      "valor_spot_now": -125388106001803.0,
      "percentil_spot": 50.0,
      "interpretacion": "MEDIA \u2014 relevante, monitorear en conjunto"
    },
    "zomma": {
      "n_strikes_banda": 60,
      "var_banda": 2.9845257388366556e+28,
      "var_total": 3.0216733778319697e+28,
      "concentracion": 0.9877,
      "gradiente_t": 0.0011,
      "score": 0.9888,
      "flip_en_banda": true,
      "nivel_flip": 7476.969,
      "valor_spot_now": -107556230609957.98,
      "percentil_spot": 28.3,
      "interpretacion": "ALTA \u2014 domina el comportamiento cerca del spot"
    }
  },
  "tiene_inv": false
}