{
  "activo": "SPX",
  "spot": 7520.36,
  "banda_pct": 0.01,
  "minutos_ahora": 900,
  "generated_at": "2026-05-27 23:01:45",
  "ranking": [
    "zomma",
    "color",
    "speed",
    "charm",
    "vanna",
    "gamma",
    "vomma",
    "delta"
  ],
  "lider": "zomma",
  "resumen": [
    "#1 ZOMMA     \u2014 Zomma dGamma/dVol (OI)          score=1.682  conc=1.681  grad=0.001  val@spot=-1.62e+14  p52 | FLIP en 7489.46",
    "#2 COLOR     \u2014 Color dGamma/dT (OI)            score=1.666  conc=1.666  grad=0.000  val@spot=-1.79e+15  p52 | FLIP en 7503.26",
    "#3 SPEED     \u2014 Speed dGamma/dS (OI)            score=1.649  conc=1.649  grad=0.000  val@spot=6.11e+11  p53 | FLIP en 7587.03",
    "#4 CHARM     \u2014 Charm dDelta/dT (OI)            score=1.105  conc=1.105  grad=0.000  val@spot=-1.67e+12  p18",
    "#5 VEX       \u2014 Vanna Exposure (OI)             score=0.900  conc=0.890  grad=0.011  val@spot=2.74e+12  p67",
    "#6 GEX       \u2014 Gamma Exposure (OI)             score=0.717  conc=0.716  grad=0.001  val@spot=6.17e+09  p50 | FLIP en 7481.27",
    "#7 VOMMA     \u2014 Vomma dVega/dVol (OI)           score=0.573  conc=0.562  grad=0.019  val@spot=6.52e+14  p77",
    "#8 DEX       \u2014 Net Delta (OI)                  score=0.351  conc=0.349  grad=0.003  val@spot=1.86e+10  p50"
  ],
  "por_superficie": {
    "gamma": {
      "n_strikes_banda": 60,
      "var_banda": 4.1367739532002525e+19,
      "var_total": 5.776471861669005e+19,
      "concentracion": 0.7161,
      "gradiente_t": 0.001,
      "score": 0.7169,
      "flip_en_banda": true,
      "nivel_flip": 7481.2693,
      "valor_spot_now": 6167337627.68,
      "percentil_spot": 50.0,
      "interpretacion": "ALTA \u2014 domina el comportamiento cerca del spot"
    },
    "vanna": {
      "n_strikes_banda": 60,
      "var_banda": 7.638119586194065e+23,
      "var_total": 8.581469133069813e+23,
      "concentracion": 0.8901,
      "gradiente_t": 0.0115,
      "score": 0.9003,
      "flip_en_banda": false,
      "nivel_flip": null,
      "valor_spot_now": 2737232261768.31,
      "percentil_spot": 66.7,
      "interpretacion": "ALTA \u2014 domina el comportamiento cerca del spot"
    },
    "delta": {
      "n_strikes_banda": 60,
      "var_banda": 1.436079080488956e+19,
      "var_total": 4.108485301409992e+19,
      "concentracion": 0.3495,
      "gradiente_t": 0.0031,
      "score": 0.3506,
      "flip_en_banda": false,
      "nivel_flip": null,
      "valor_spot_now": 18616610001.4,
      "percentil_spot": 50.0,
      "interpretacion": "MEDIA \u2014 relevante, monitorear en conjunto"
    },
    "charm": {
      "n_strikes_banda": 60,
      "var_banda": 3.1207517891724944e+24,
      "var_total": 2.8247683932734366e+24,
      "concentracion": 1.1048,
      "gradiente_t": 0.0001,
      "score": 1.1049,
      "flip_en_banda": false,
      "nivel_flip": null,
      "valor_spot_now": -1674162966788.86,
      "percentil_spot": 18.3,
      "interpretacion": "ALTA \u2014 domina el comportamiento cerca del spot"
    },
    "color": {
      "n_strikes_banda": 60,
      "var_banda": 1.3077447163948952e+35,
      "var_total": 7.850732844984928e+34,
      "concentracion": 1.6658,
      "gradiente_t": 0.0,
      "score": 1.6658,
      "flip_en_banda": true,
      "nivel_flip": 7503.2642,
      "valor_spot_now": -1791519115000347.5,
      "percentil_spot": 51.7,
      "interpretacion": "ALTA \u2014 domina el comportamiento cerca del spot"
    },
    "speed": {
      "n_strikes_banda": 60,
      "var_banda": 5.949208979519074e+24,
      "var_total": 3.6085644998878977e+24,
      "concentracion": 1.6486,
      "gradiente_t": 0.0001,
      "score": 1.6488,
      "flip_en_banda": true,
      "nivel_flip": 7587.0271,
      "valor_spot_now": 611332728446.54,
      "percentil_spot": 53.3,
      "interpretacion": "ALTA \u2014 domina el comportamiento cerca del spot"
    },
    "vomma": {
      "n_strikes_banda": 60,
      "var_banda": 6.0528183148060085e+28,
      "var_total": 1.0772075962344178e+29,
      "concentracion": 0.5619,
      "gradiente_t": 0.0191,
      "score": 0.5726,
      "flip_en_banda": false,
      "nivel_flip": null,
      "valor_spot_now": 652092489705187.8,
      "percentil_spot": 76.7,
      "interpretacion": "MEDIA \u2014 relevante, monitorear en conjunto"
    },
    "zomma": {
      "n_strikes_banda": 60,
      "var_banda": 6.96131732321136e+28,
      "var_total": 4.142482244667993e+28,
      "concentracion": 1.6805,
      "gradiente_t": 0.0006,
      "score": 1.6816,
      "flip_en_banda": true,
      "nivel_flip": 7489.4562,
      "valor_spot_now": -162300270485034.5,
      "percentil_spot": 51.7,
      "interpretacion": "ALTA \u2014 domina el comportamiento cerca del spot"
    }
  },
  "tiene_inv": false
}