{
  "activo": "SPX",
  "spot": 7553.68,
  "banda_pct": 0.01,
  "minutos_ahora": 900,
  "generated_at": "2026-06-03 22:53:47",
  "ranking": [
    "speed",
    "color",
    "vanna",
    "charm",
    "zomma",
    "vomma",
    "gamma",
    "delta"
  ],
  "lider": "speed",
  "resumen": [
    "#1 SPEED     \u2014 Speed dGamma/dS (OI)            score=1.319  conc=1.319  grad=0.000  val@spot=6.72e+11  p82",
    "#2 COLOR     \u2014 Color dGamma/dT (OI)            score=1.199  conc=1.199  grad=0.000  val@spot=4.63e+15  p67 | FLIP en 7618.72",
    "#3 VEX       \u2014 Vanna Exposure (OI)             score=1.094  conc=1.075  grad=0.018  val@spot=1.59e+12  p53",
    "#4 CHARM     \u2014 Charm dDelta/dT (OI)            score=0.989  conc=0.989  grad=0.000  val@spot=-6.45e+11  p52 | FLIP en 7483.25",
    "#5 ZOMMA     \u2014 Zomma dGamma/dVol (OI)          score=0.987  conc=0.985  grad=0.001  val@spot=1.83e+13  p30 | FLIP en 7594.37",
    "#6 VOMMA     \u2014 Vomma dVega/dVol (OI)           score=0.895  conc=0.878  grad=0.020  val@spot=4.64e+14  p50 | FLIP en 7506.14",
    "#7 GEX       \u2014 Gamma Exposure (OI)             score=0.484  conc=0.483  grad=0.002  val@spot=7.20e+08  p50 | FLIP en 7544.89",
    "#8 DEX       \u2014 Net Delta (OI)                  score=0.197  conc=0.197  grad=0.002  val@spot=1.28e+10  p13"
  ],
  "por_superficie": {
    "gamma": {
      "n_strikes_banda": 60,
      "var_banda": 1.0660537341625737e+19,
      "var_total": 2.2067010457001247e+19,
      "concentracion": 0.4831,
      "gradiente_t": 0.0016,
      "score": 0.4839,
      "flip_en_banda": true,
      "nivel_flip": 7544.8936,
      "valor_spot_now": 719660327.96,
      "percentil_spot": 50.0,
      "interpretacion": "MEDIA \u2014 relevante, monitorear en conjunto"
    },
    "vanna": {
      "n_strikes_banda": 60,
      "var_banda": 3.2469885122733696e+23,
      "var_total": 3.0211366266964054e+23,
      "concentracion": 1.0748,
      "gradiente_t": 0.0177,
      "score": 1.0938,
      "flip_en_banda": false,
      "nivel_flip": null,
      "valor_spot_now": 1586450492259.21,
      "percentil_spot": 53.3,
      "interpretacion": "ALTA \u2014 domina el comportamiento cerca del spot"
    },
    "delta": {
      "n_strikes_banda": 60,
      "var_banda": 1.6329937581365555e+18,
      "var_total": 8.296758442432222e+18,
      "concentracion": 0.1968,
      "gradiente_t": 0.002,
      "score": 0.1972,
      "flip_en_banda": false,
      "nivel_flip": null,
      "valor_spot_now": 12794969379.16,
      "percentil_spot": 13.3,
      "interpretacion": "BAJA \u2014 energ\u00eda dispersa lejos del spot"
    },
    "charm": {
      "n_strikes_banda": 60,
      "var_banda": 9.593505982316709e+23,
      "var_total": 9.702549076091164e+23,
      "concentracion": 0.9888,
      "gradiente_t": 0.0002,
      "score": 0.989,
      "flip_en_banda": true,
      "nivel_flip": 7483.2527,
      "valor_spot_now": -644554568688.29,
      "percentil_spot": 51.7,
      "interpretacion": "ALTA \u2014 domina el comportamiento cerca del spot"
    },
    "color": {
      "n_strikes_banda": 60,
      "var_banda": 1.527640517956682e+34,
      "var_total": 1.274534820321076e+34,
      "concentracion": 1.1986,
      "gradiente_t": 0.0,
      "score": 1.1986,
      "flip_en_banda": true,
      "nivel_flip": 7618.7211,
      "valor_spot_now": 4634554165818378.0,
      "percentil_spot": 66.7,
      "interpretacion": "ALTA \u2014 domina el comportamiento cerca del spot"
    },
    "speed": {
      "n_strikes_banda": 60,
      "var_banda": 7.16886694374819e+23,
      "var_total": 5.434745958524919e+23,
      "concentracion": 1.3191,
      "gradiente_t": 0.0001,
      "score": 1.3192,
      "flip_en_banda": false,
      "nivel_flip": null,
      "valor_spot_now": 672450216330.78,
      "percentil_spot": 81.7,
      "interpretacion": "ALTA \u2014 domina el comportamiento cerca del spot"
    },
    "vomma": {
      "n_strikes_banda": 60,
      "var_banda": 7.471332842763983e+28,
      "var_total": 8.508145403237946e+28,
      "concentracion": 0.8781,
      "gradiente_t": 0.0198,
      "score": 0.8955,
      "flip_en_banda": true,
      "nivel_flip": 7506.1417,
      "valor_spot_now": 463575839883817.0,
      "percentil_spot": 50.0,
      "interpretacion": "ALTA \u2014 domina el comportamiento cerca del spot"
    },
    "zomma": {
      "n_strikes_banda": 60,
      "var_banda": 8.649275647584064e+27,
      "var_total": 8.77963727246422e+27,
      "concentracion": 0.9852,
      "gradiente_t": 0.0014,
      "score": 0.9865,
      "flip_en_banda": true,
      "nivel_flip": 7594.3722,
      "valor_spot_now": 18314880478423.52,
      "percentil_spot": 30.0,
      "interpretacion": "ALTA \u2014 domina el comportamiento cerca del spot"
    }
  },
  "tiene_inv": false
}