{
  "activo": "SPX",
  "spot": 7580.06,
  "banda_pct": 0.01,
  "minutos_ahora": 900,
  "generated_at": "2026-05-31 21:11:35",
  "ranking": [
    "color",
    "charm",
    "zomma",
    "speed",
    "gamma",
    "vanna",
    "vomma",
    "delta"
  ],
  "lider": "color",
  "resumen": [
    "#1 COLOR     \u2014 Color dGamma/dT (OI)            score=1.388  conc=1.388  grad=0.000  val@spot=-9.23e+15  p51 | FLIP en 7510.77",
    "#2 CHARM     \u2014 Charm dDelta/dT (OI)            score=1.291  conc=1.290  grad=0.000  val@spot=-7.44e+11  p51 | FLIP en 7615.08",
    "#3 ZOMMA     \u2014 Zomma dGamma/dVol (OI)          score=1.216  conc=1.213  grad=0.002  val@spot=-7.31e+13  p51 | FLIP en 7564.54",
    "#4 SPEED     \u2014 Speed dGamma/dS (OI)            score=1.213  conc=1.213  grad=0.000  val@spot=1.08e+12  p84 | FLIP en 7653.89",
    "#5 GEX       \u2014 Gamma Exposure (OI)             score=0.738  conc=0.737  grad=0.002  val@spot=6.73e+09  p51 | FLIP en 7514.92",
    "#6 VEX       \u2014 Vanna Exposure (OI)             score=0.672  conc=0.666  grad=0.010  val@spot=2.60e+12  p84 | FLIP en 7641.01",
    "#7 VOMMA     \u2014 Vomma dVega/dVol (OI)           score=0.495  conc=0.492  grad=0.008  val@spot=9.65e+13  p51 | FLIP en 7533.58",
    "#8 DEX       \u2014 Net Delta (OI)                  score=0.324  conc=0.323  grad=0.001  val@spot=2.07e+10  p51"
  ],
  "por_superficie": {
    "gamma": {
      "n_strikes_banda": 61,
      "var_banda": 3.6491102739086942e+19,
      "var_total": 4.9544301929597665e+19,
      "concentracion": 0.7365,
      "gradiente_t": 0.0017,
      "score": 0.7378,
      "flip_en_banda": true,
      "nivel_flip": 7514.919,
      "valor_spot_now": 6729155070.68,
      "percentil_spot": 50.8,
      "interpretacion": "ALTA \u2014 domina el comportamiento cerca del spot"
    },
    "vanna": {
      "n_strikes_banda": 61,
      "var_banda": 1.03374406619809e+24,
      "var_total": 1.553107036645493e+24,
      "concentracion": 0.6656,
      "gradiente_t": 0.0104,
      "score": 0.6725,
      "flip_en_banda": true,
      "nivel_flip": 7641.0091,
      "valor_spot_now": 2603368123525.11,
      "percentil_spot": 83.6,
      "interpretacion": "ALTA \u2014 domina el comportamiento cerca del spot"
    },
    "delta": {
      "n_strikes_banda": 61,
      "var_banda": 3.458609756628917e+19,
      "var_total": 1.069754944136282e+20,
      "concentracion": 0.3233,
      "gradiente_t": 0.0013,
      "score": 0.3237,
      "flip_en_banda": false,
      "nivel_flip": null,
      "valor_spot_now": 20727731852.98,
      "percentil_spot": 50.8,
      "interpretacion": "MEDIA \u2014 relevante, monitorear en conjunto"
    },
    "charm": {
      "n_strikes_banda": 61,
      "var_banda": 5.593046734727217e+24,
      "var_total": 4.3348333198750433e+24,
      "concentracion": 1.2903,
      "gradiente_t": 0.0003,
      "score": 1.2906,
      "flip_en_banda": true,
      "nivel_flip": 7615.081,
      "valor_spot_now": -743774912155.91,
      "percentil_spot": 50.8,
      "interpretacion": "ALTA \u2014 domina el comportamiento cerca del spot"
    },
    "color": {
      "n_strikes_banda": 61,
      "var_banda": 5.242296241414406e+34,
      "var_total": 3.7761163032014547e+34,
      "concentracion": 1.3883,
      "gradiente_t": 0.0,
      "score": 1.3883,
      "flip_en_banda": true,
      "nivel_flip": 7510.774,
      "valor_spot_now": -9232276947985606.0,
      "percentil_spot": 50.8,
      "interpretacion": "ALTA \u2014 domina el comportamiento cerca del spot"
    },
    "speed": {
      "n_strikes_banda": 61,
      "var_banda": 1.9676918231921204e+24,
      "var_total": 1.6224794208194488e+24,
      "concentracion": 1.2128,
      "gradiente_t": 0.0001,
      "score": 1.2129,
      "flip_en_banda": true,
      "nivel_flip": 7653.8915,
      "valor_spot_now": 1079825226029.62,
      "percentil_spot": 83.6,
      "interpretacion": "ALTA \u2014 domina el comportamiento cerca del spot"
    },
    "vomma": {
      "n_strikes_banda": 61,
      "var_banda": 1.0354053423639846e+29,
      "var_total": 2.1056953363018993e+29,
      "concentracion": 0.4917,
      "gradiente_t": 0.0077,
      "score": 0.4955,
      "flip_en_banda": true,
      "nivel_flip": 7533.5756,
      "valor_spot_now": 96528774176743.88,
      "percentil_spot": 50.8,
      "interpretacion": "MEDIA \u2014 relevante, monitorear en conjunto"
    },
    "zomma": {
      "n_strikes_banda": 61,
      "var_banda": 3.2864236891868747e+28,
      "var_total": 2.709002586885477e+28,
      "concentracion": 1.2131,
      "gradiente_t": 0.002,
      "score": 1.2156,
      "flip_en_banda": true,
      "nivel_flip": 7564.544,
      "valor_spot_now": -73054414547020.05,
      "percentil_spot": 50.8,
      "interpretacion": "ALTA \u2014 domina el comportamiento cerca del spot"
    }
  },
  "tiene_inv": false
}