{
  "activo": "SPX",
  "spot": 7200.75,
  "banda_pct": 0.01,
  "minutos_ahora": 900,
  "generated_at": "2026-05-04 20:31:32",
  "ranking": [
    "inv_speed",
    "inv_color",
    "inv_vanna",
    "inv_charm",
    "inv_gamma",
    "vanna",
    "gamma",
    "inv_delta",
    "speed",
    "color",
    "charm",
    "delta"
  ],
  "lider": "inv_speed",
  "resumen": [
    "#1 INV_SPEED \u2014 Speed dGamma/dS (flujo neto)    score=2.544  conc=2.544  grad=0.000  val@spot=8.24e+11  p52 | FLIP en 7213.45",
    "#2 INV_COLOR \u2014 Color dGamma/dT (flujo neto)    score=2.140  conc=2.140  grad=0.000  val@spot=-3.22e+16  p28 | FLIP en 7257.05",
    "#3 INV_VEX   \u2014 Vanna Exposure (flujo neto)     score=2.129  conc=2.117  grad=0.006  val@spot=2.69e+12  p52 | FLIP en 7216.99",
    "#4 INV_CHARM \u2014 Charm dDelta/dT (flujo neto)    score=1.555  conc=1.555  grad=0.000  val@spot=-1.69e+12  p52 | FLIP en 7223.53",
    "#5 INV_GEX   \u2014 Gamma Exposure (flujo neto)     score=0.933  conc=0.932  grad=0.001  val@spot=1.09e+10  p83 | FLIP en 7265.91",
    "#6 VEX       \u2014 Vanna Exposure (OI)             score=0.553  conc=0.543  grad=0.017  val@spot=1.59e+12  p55",
    "#7 GEX       \u2014 Gamma Exposure (OI)             score=0.340  conc=0.340  grad=0.000  val@spot=-1.31e+08  p52 | FLIP en 7201.62",
    "#8 INV_DEX   \u2014 Net Delta (flujo neto)          score=0.290  conc=0.289  grad=0.003  val@spot=-8.47e+08  p52 | FLIP en 7205.45",
    "#9 SPEED     \u2014 Speed dGamma/dS (OI)            score=0.263  conc=0.263  grad=0.000  val@spot=5.68e+11  p52",
    "#10 COLOR     \u2014 Color dGamma/dT (OI)            score=0.245  conc=0.245  grad=0.000  val@spot=4.77e+14  p86 | FLIP en 7234.35",
    "#11 CHARM     \u2014 Charm dDelta/dT (OI)            score=0.038  conc=0.038  grad=0.000  val@spot=-7.49e+11  p66",
    "#12 DEX       \u2014 Net Delta (OI)                  score=0.018  conc=0.018  grad=0.002  val@spot=1.09e+10  p3"
  ],
  "por_superficie": {
    "gamma": {
      "n_strikes_banda": 29,
      "var_banda": 1.0524513290518997e+19,
      "var_total": 3.0966411116833366e+19,
      "concentracion": 0.3399,
      "gradiente_t": 0.0001,
      "score": 0.3399,
      "flip_en_banda": true,
      "nivel_flip": 7201.6152,
      "valor_spot_now": -130777608.85,
      "percentil_spot": 51.7,
      "interpretacion": "MEDIA \u2014 relevante, monitorear en conjunto"
    },
    "vanna": {
      "n_strikes_banda": 29,
      "var_banda": 2.5128533794384956e+23,
      "var_total": 4.6240999380220444e+23,
      "concentracion": 0.5434,
      "gradiente_t": 0.0172,
      "score": 0.5528,
      "flip_en_banda": false,
      "nivel_flip": null,
      "valor_spot_now": 1589872325273.8,
      "percentil_spot": 55.2,
      "interpretacion": "MEDIA \u2014 relevante, monitorear en conjunto"
    },
    "delta": {
      "n_strikes_banda": 29,
      "var_banda": 1.3207993207166377e+18,
      "var_total": 7.267810223670242e+19,
      "concentracion": 0.0182,
      "gradiente_t": 0.0018,
      "score": 0.0182,
      "flip_en_banda": false,
      "nivel_flip": null,
      "valor_spot_now": 10852932257.29,
      "percentil_spot": 3.4,
      "interpretacion": "BAJA \u2014 energ\u00eda dispersa lejos del spot"
    },
    "charm": {
      "n_strikes_banda": 29,
      "var_banda": 1.3275045479613627e+23,
      "var_total": 3.480781615375982e+24,
      "concentracion": 0.0381,
      "gradiente_t": 0.0,
      "score": 0.0381,
      "flip_en_banda": false,
      "nivel_flip": null,
      "valor_spot_now": -749361985758.66,
      "percentil_spot": 65.5,
      "interpretacion": "BAJA \u2014 energ\u00eda dispersa lejos del spot"
    },
    "color": {
      "n_strikes_banda": 29,
      "var_banda": 4.6984750425437537e+33,
      "var_total": 1.9208066989931381e+34,
      "concentracion": 0.2446,
      "gradiente_t": 0.0,
      "score": 0.2446,
      "flip_en_banda": true,
      "nivel_flip": 7234.3524,
      "valor_spot_now": 476741416004092.6,
      "percentil_spot": 86.2,
      "interpretacion": "BAJA \u2014 energ\u00eda dispersa lejos del spot"
    },
    "speed": {
      "n_strikes_banda": 29,
      "var_banda": 1.3784316868623531e+23,
      "var_total": 5.2335946500195464e+23,
      "concentracion": 0.2634,
      "gradiente_t": 0.0001,
      "score": 0.2634,
      "flip_en_banda": false,
      "nivel_flip": null,
      "valor_spot_now": 567888148884.76,
      "percentil_spot": 51.7,
      "interpretacion": "BAJA \u2014 energ\u00eda dispersa lejos del spot"
    },
    "inv_gamma": {
      "n_strikes_banda": 29,
      "var_banda": 2.0027436178346436e+20,
      "var_total": 2.1482129365042774e+20,
      "concentracion": 0.9323,
      "gradiente_t": 0.0006,
      "score": 0.9329,
      "flip_en_banda": true,
      "nivel_flip": 7265.9139,
      "valor_spot_now": 10905704517.14,
      "percentil_spot": 82.8,
      "interpretacion": "ALTA \u2014 domina el comportamiento cerca del spot"
    },
    "inv_vanna": {
      "n_strikes_banda": 29,
      "var_banda": 1.3966480488999333e+25,
      "var_total": 6.59677430547476e+24,
      "concentracion": 2.1172,
      "gradiente_t": 0.0056,
      "score": 2.1289,
      "flip_en_banda": true,
      "nivel_flip": 7216.9879,
      "valor_spot_now": 2687326908573.44,
      "percentil_spot": 51.7,
      "interpretacion": "ALTA \u2014 domina el comportamiento cerca del spot"
    },
    "inv_delta": {
      "n_strikes_banda": 29,
      "var_banda": 6.791636332260604e+19,
      "var_total": 2.3460897639671264e+20,
      "concentracion": 0.2895,
      "gradiente_t": 0.0027,
      "score": 0.2903,
      "flip_en_banda": true,
      "nivel_flip": 7205.4494,
      "valor_spot_now": -847165025.02,
      "percentil_spot": 51.7,
      "interpretacion": "BAJA \u2014 energ\u00eda dispersa lejos del spot"
    },
    "inv_charm": {
      "n_strikes_banda": 29,
      "var_banda": 7.546428538089496e+25,
      "var_total": 4.852224214987601e+25,
      "concentracion": 1.5553,
      "gradiente_t": 0.0001,
      "score": 1.5554,
      "flip_en_banda": true,
      "nivel_flip": 7223.5258,
      "valor_spot_now": -1691843889971.61,
      "percentil_spot": 51.7,
      "interpretacion": "ALTA \u2014 domina el comportamiento cerca del spot"
    },
    "inv_color": {
      "n_strikes_banda": 29,
      "var_banda": 1.9776595312614986e+36,
      "var_total": 9.241920710602418e+35,
      "concentracion": 2.1399,
      "gradiente_t": 0.0,
      "score": 2.1399,
      "flip_en_banda": true,
      "nivel_flip": 7257.053,
      "valor_spot_now": -3.219952369151576e+16,
      "percentil_spot": 27.6,
      "interpretacion": "ALTA \u2014 domina el comportamiento cerca del spot"
    },
    "inv_speed": {
      "n_strikes_banda": 29,
      "var_banda": 6.610611926722626e+25,
      "var_total": 2.598719240829482e+25,
      "concentracion": 2.5438,
      "gradiente_t": 0.0001,
      "score": 2.5441,
      "flip_en_banda": true,
      "nivel_flip": 7213.4501,
      "valor_spot_now": 824164344254.75,
      "percentil_spot": 51.7,
      "interpretacion": "ALTA \u2014 domina el comportamiento cerca del spot"
    }
  },
  "tiene_inv": true
}