{
  "activo": "SPX",
  "spot": 7584.31,
  "banda_pct": 0.01,
  "minutos_ahora": 900,
  "generated_at": "2026-06-04 20:07:22",
  "ranking": [
    "color",
    "zomma",
    "speed",
    "vanna",
    "charm",
    "vomma",
    "gamma",
    "delta"
  ],
  "lider": "color",
  "resumen": [
    "#1 COLOR     \u2014 Color dGamma/dT (OI)            score=1.677  conc=1.677  grad=0.000  val@spot=-4.09e+15  p25 | FLIP en 7577.79",
    "#2 ZOMMA     \u2014 Zomma dGamma/dVol (OI)          score=1.665  conc=1.663  grad=0.001  val@spot=-7.79e+14  p2 | FLIP en 7571.57",
    "#3 SPEED     \u2014 Speed dGamma/dS (OI)            score=1.624  conc=1.624  grad=0.000  val@spot=2.45e+12  p79",
    "#4 VEX       \u2014 Vanna Exposure (OI)             score=1.246  conc=1.227  grad=0.015  val@spot=5.62e+12  p84",
    "#5 CHARM     \u2014 Charm dDelta/dT (OI)            score=1.069  conc=1.069  grad=0.000  val@spot=-2.48e+12  p10",
    "#6 VOMMA     \u2014 Vomma dVega/dVol (OI)           score=1.045  conc=1.032  grad=0.013  val@spot=1.16e+15  p49 | FLIP en 7543.76",
    "#7 GEX       \u2014 Gamma Exposure (OI)             score=0.583  conc=0.583  grad=0.001  val@spot=1.17e+10  p51 | FLIP en 7560.65",
    "#8 DEX       \u2014 Net Delta (OI)                  score=0.284  conc=0.283  grad=0.002  val@spot=3.70e+10  p38"
  ],
  "por_superficie": {
    "gamma": {
      "n_strikes_banda": 61,
      "var_banda": 1.2074477967958532e+20,
      "var_total": 2.071436860606725e+20,
      "concentracion": 0.5829,
      "gradiente_t": 0.0007,
      "score": 0.5833,
      "flip_en_banda": true,
      "nivel_flip": 7560.652,
      "valor_spot_now": 11725926784.69,
      "percentil_spot": 50.8,
      "interpretacion": "MEDIA \u2014 relevante, monitorear en conjunto"
    },
    "vanna": {
      "n_strikes_banda": 61,
      "var_banda": 1.973807992057705e+24,
      "var_total": 1.6080978071127975e+24,
      "concentracion": 1.2274,
      "gradiente_t": 0.0154,
      "score": 1.2463,
      "flip_en_banda": false,
      "nivel_flip": null,
      "valor_spot_now": 5624447499834.57,
      "percentil_spot": 83.6,
      "interpretacion": "ALTA \u2014 domina el comportamiento cerca del spot"
    },
    "delta": {
      "n_strikes_banda": 61,
      "var_banda": 3.783200996392036e+19,
      "var_total": 1.3348811274456865e+20,
      "concentracion": 0.2834,
      "gradiente_t": 0.0023,
      "score": 0.2841,
      "flip_en_banda": false,
      "nivel_flip": null,
      "valor_spot_now": 36995011689.97,
      "percentil_spot": 37.7,
      "interpretacion": "BAJA \u2014 energ\u00eda dispersa lejos del spot"
    },
    "charm": {
      "n_strikes_banda": 61,
      "var_banda": 4.2821248740718113e+24,
      "var_total": 4.0056943709142405e+24,
      "concentracion": 1.069,
      "gradiente_t": 0.0001,
      "score": 1.0691,
      "flip_en_banda": false,
      "nivel_flip": null,
      "valor_spot_now": -2482250676588.71,
      "percentil_spot": 9.8,
      "interpretacion": "ALTA \u2014 domina el comportamiento cerca del spot"
    },
    "color": {
      "n_strikes_banda": 61,
      "var_banda": 3.306669636551955e+35,
      "var_total": 1.971921368706722e+35,
      "concentracion": 1.6769,
      "gradiente_t": 0.0,
      "score": 1.6769,
      "flip_en_banda": true,
      "nivel_flip": 7577.7852,
      "valor_spot_now": -4092049030405879.5,
      "percentil_spot": 24.6,
      "interpretacion": "ALTA \u2014 domina el comportamiento cerca del spot"
    },
    "speed": {
      "n_strikes_banda": 61,
      "var_banda": 1.3478812733776034e+25,
      "var_total": 8.299777827423628e+24,
      "concentracion": 1.624,
      "gradiente_t": 0.0001,
      "score": 1.6241,
      "flip_en_banda": false,
      "nivel_flip": null,
      "valor_spot_now": 2454091262097.04,
      "percentil_spot": 78.7,
      "interpretacion": "ALTA \u2014 domina el comportamiento cerca del spot"
    },
    "vomma": {
      "n_strikes_banda": 61,
      "var_banda": 7.253902469154131e+29,
      "var_total": 7.032277964328118e+29,
      "concentracion": 1.0315,
      "gradiente_t": 0.0135,
      "score": 1.0454,
      "flip_en_banda": true,
      "nivel_flip": 7543.7635,
      "valor_spot_now": 1162137040648661.0,
      "percentil_spot": 49.2,
      "interpretacion": "ALTA \u2014 domina el comportamiento cerca del spot"
    },
    "zomma": {
      "n_strikes_banda": 61,
      "var_banda": 2.163417843719359e+29,
      "var_total": 1.300920447150275e+29,
      "concentracion": 1.663,
      "gradiente_t": 0.0011,
      "score": 1.6649,
      "flip_en_banda": true,
      "nivel_flip": 7571.57,
      "valor_spot_now": -779335898746818.5,
      "percentil_spot": 1.6,
      "interpretacion": "ALTA \u2014 domina el comportamiento cerca del spot"
    }
  },
  "tiene_inv": false
}