{
  "activo": "SPX",
  "spot": 7599.96,
  "banda_pct": 0.01,
  "minutos_ahora": 900,
  "generated_at": "2026-06-01 21:06:45",
  "ranking": [
    "zomma",
    "color",
    "speed",
    "vomma",
    "charm",
    "gamma",
    "vanna",
    "delta"
  ],
  "lider": "zomma",
  "resumen": [
    "#1 ZOMMA     \u2014 Zomma dGamma/dVol (OI)          score=1.534  conc=1.532  grad=0.001  val@spot=-3.82e+14  p8 | FLIP en 7591.22",
    "#2 COLOR     \u2014 Color dGamma/dT (OI)            score=1.437  conc=1.437  grad=0.000  val@spot=-8.47e+14  p51 | FLIP en 7598.02",
    "#3 SPEED     \u2014 Speed dGamma/dS (OI)            score=1.264  conc=1.263  grad=0.000  val@spot=1.60e+12  p85",
    "#4 VOMMA     \u2014 Vomma dVega/dVol (OI)           score=1.255  conc=1.231  grad=0.019  val@spot=8.35e+14  p39 | FLIP en 7550.27",
    "#5 CHARM     \u2014 Charm dDelta/dT (OI)            score=0.833  conc=0.833  grad=0.000  val@spot=-9.85e+11  p3",
    "#6 GEX       \u2014 Gamma Exposure (OI)             score=0.817  conc=0.816  grad=0.001  val@spot=7.05e+09  p51 | FLIP en 7572.54",
    "#7 VEX       \u2014 Vanna Exposure (OI)             score=0.815  conc=0.807  grad=0.009  val@spot=2.75e+12  p90",
    "#8 DEX       \u2014 Net Delta (OI)                  score=0.291  conc=0.290  grad=0.002  val@spot=1.27e+10  p51"
  ],
  "por_superficie": {
    "gamma": {
      "n_strikes_banda": 61,
      "var_banda": 3.352904923592563e+19,
      "var_total": 4.108406856063749e+19,
      "concentracion": 0.8161,
      "gradiente_t": 0.0007,
      "score": 0.8167,
      "flip_en_banda": true,
      "nivel_flip": 7572.5435,
      "valor_spot_now": 7054041844.68,
      "percentil_spot": 50.8,
      "interpretacion": "ALTA \u2014 domina el comportamiento cerca del spot"
    },
    "vanna": {
      "n_strikes_banda": 61,
      "var_banda": 4.248910170915746e+23,
      "var_total": 5.262667436141823e+23,
      "concentracion": 0.8074,
      "gradiente_t": 0.0094,
      "score": 0.8149,
      "flip_en_banda": false,
      "nivel_flip": null,
      "valor_spot_now": 2745464589680.39,
      "percentil_spot": 90.2,
      "interpretacion": "ALTA \u2014 domina el comportamiento cerca del spot"
    },
    "delta": {
      "n_strikes_banda": 61,
      "var_banda": 1.2617579737540788e+19,
      "var_total": 4.3458238625672176e+19,
      "concentracion": 0.2903,
      "gradiente_t": 0.0019,
      "score": 0.2909,
      "flip_en_banda": false,
      "nivel_flip": null,
      "valor_spot_now": 12714680658.25,
      "percentil_spot": 50.8,
      "interpretacion": "BAJA \u2014 energ\u00eda dispersa lejos del spot"
    },
    "charm": {
      "n_strikes_banda": 61,
      "var_banda": 8.015783236393578e+23,
      "var_total": 9.620206109126259e+23,
      "concentracion": 0.8332,
      "gradiente_t": 0.0001,
      "score": 0.8333,
      "flip_en_banda": false,
      "nivel_flip": null,
      "valor_spot_now": -984971121875.24,
      "percentil_spot": 3.3,
      "interpretacion": "ALTA \u2014 domina el comportamiento cerca del spot"
    },
    "color": {
      "n_strikes_banda": 61,
      "var_banda": 9.127939968239878e+34,
      "var_total": 6.353799743799176e+34,
      "concentracion": 1.4366,
      "gradiente_t": 0.0,
      "score": 1.4366,
      "flip_en_banda": true,
      "nivel_flip": 7598.023,
      "valor_spot_now": -846715953402986.0,
      "percentil_spot": 50.8,
      "interpretacion": "ALTA \u2014 domina el comportamiento cerca del spot"
    },
    "speed": {
      "n_strikes_banda": 61,
      "var_banda": 3.1377181558668666e+24,
      "var_total": 2.483688944645877e+24,
      "concentracion": 1.2633,
      "gradiente_t": 0.0001,
      "score": 1.2635,
      "flip_en_banda": false,
      "nivel_flip": null,
      "valor_spot_now": 1603294218112.1,
      "percentil_spot": 85.2,
      "interpretacion": "ALTA \u2014 domina el comportamiento cerca del spot"
    },
    "vomma": {
      "n_strikes_banda": 61,
      "var_banda": 1.6363069087556606e+29,
      "var_total": 1.3289687364932818e+29,
      "concentracion": 1.2313,
      "gradiente_t": 0.0189,
      "score": 1.2546,
      "flip_en_banda": true,
      "nivel_flip": 7550.2663,
      "valor_spot_now": 834514292297453.0,
      "percentil_spot": 39.3,
      "interpretacion": "ALTA \u2014 domina el comportamiento cerca del spot"
    },
    "zomma": {
      "n_strikes_banda": 61,
      "var_banda": 7.672053593088098e+28,
      "var_total": 5.007147227291384e+28,
      "concentracion": 1.5322,
      "gradiente_t": 0.0012,
      "score": 1.534,
      "flip_en_banda": true,
      "nivel_flip": 7591.218,
      "valor_spot_now": -382496749380271.1,
      "percentil_spot": 8.2,
      "interpretacion": "ALTA \u2014 domina el comportamiento cerca del spot"
    }
  },
  "tiene_inv": false
}