{
  "activo": "SPX",
  "spot": 7439.98,
  "banda_pct": 0.01,
  "minutos_ahora": 900,
  "generated_at": "2026-05-15 09:44:01",
  "ranking": [
    "vomma",
    "vanna",
    "speed",
    "charm",
    "zomma",
    "color",
    "delta",
    "gamma"
  ],
  "lider": "vomma",
  "resumen": [
    "#1 VOMMA     \u2014 Vomma dVega/dVol (OI)           score=1.173  conc=1.153  grad=0.018  val@spot=1.69e+15  p52",
    "#2 VEX       \u2014 Vanna Exposure (OI)             score=1.012  conc=1.005  grad=0.007  val@spot=7.68e+12  p62",
    "#3 SPEED     \u2014 Speed dGamma/dS (OI)            score=0.864  conc=0.863  grad=0.001  val@spot=1.36e+12  p66",
    "#4 CHARM     \u2014 Charm dDelta/dT (OI)            score=0.626  conc=0.625  grad=0.001  val@spot=-7.28e+12  p41",
    "#5 ZOMMA     \u2014 Zomma dGamma/dVol (OI)          score=0.495  conc=0.492  grad=0.005  val@spot=2.55e+14  p52 | FLIP en 7467.12",
    "#6 COLOR     \u2014 Color dGamma/dT (OI)            score=0.393  conc=0.393  grad=0.000  val@spot=1.59e+16  p52 | FLIP en 7467.92",
    "#7 DEX       \u2014 Net Delta (OI)                  score=0.387  conc=0.385  grad=0.004  val@spot=8.50e+10  p38",
    "#8 GEX       \u2014 Gamma Exposure (OI)             score=0.352  conc=0.351  grad=0.003  val@spot=3.24e+09  p52 | FLIP en 7421.26"
  ],
  "por_superficie": {
    "gamma": {
      "n_strikes_banda": 29,
      "var_banda": 1.1206327534887825e+20,
      "var_total": 3.187869137543203e+20,
      "concentracion": 0.3515,
      "gradiente_t": 0.0026,
      "score": 0.3524,
      "flip_en_banda": true,
      "nivel_flip": 7421.262,
      "valor_spot_now": 3235028684.04,
      "percentil_spot": 51.7,
      "interpretacion": "MEDIA \u2014 relevante, monitorear en conjunto"
    },
    "vanna": {
      "n_strikes_banda": 29,
      "var_banda": 6.81066578055289e+24,
      "var_total": 6.77775649436602e+24,
      "concentracion": 1.0049,
      "gradiente_t": 0.0074,
      "score": 1.0123,
      "flip_en_banda": false,
      "nivel_flip": null,
      "valor_spot_now": 7680679219772.71,
      "percentil_spot": 62.1,
      "interpretacion": "ALTA \u2014 domina el comportamiento cerca del spot"
    },
    "delta": {
      "n_strikes_banda": 29,
      "var_banda": 6.383944098204736e+19,
      "var_total": 1.657025238157983e+20,
      "concentracion": 0.3853,
      "gradiente_t": 0.0044,
      "score": 0.387,
      "flip_en_banda": false,
      "nivel_flip": null,
      "valor_spot_now": 85016485113.46,
      "percentil_spot": 37.9,
      "interpretacion": "MEDIA \u2014 relevante, monitorear en conjunto"
    },
    "charm": {
      "n_strikes_banda": 29,
      "var_banda": 1.5643165288376016e+25,
      "var_total": 2.5026012261328745e+25,
      "concentracion": 0.6251,
      "gradiente_t": 0.0011,
      "score": 0.6258,
      "flip_en_banda": false,
      "nivel_flip": null,
      "valor_spot_now": -7282709129446.89,
      "percentil_spot": 41.4,
      "interpretacion": "ALTA \u2014 domina el comportamiento cerca del spot"
    },
    "color": {
      "n_strikes_banda": 29,
      "var_banda": 1.881301763645943e+34,
      "var_total": 4.791409977903715e+34,
      "concentracion": 0.3926,
      "gradiente_t": 0.0001,
      "score": 0.3927,
      "flip_en_banda": true,
      "nivel_flip": 7467.9154,
      "valor_spot_now": 1.586979712984499e+16,
      "percentil_spot": 51.7,
      "interpretacion": "MEDIA \u2014 relevante, monitorear en conjunto"
    },
    "speed": {
      "n_strikes_banda": 29,
      "var_banda": 1.5078335503893312e+24,
      "var_total": 1.7474387519324e+24,
      "concentracion": 0.8629,
      "gradiente_t": 0.0008,
      "score": 0.8636,
      "flip_en_banda": false,
      "nivel_flip": null,
      "valor_spot_now": 1358264083353.67,
      "percentil_spot": 65.5,
      "interpretacion": "ALTA \u2014 domina el comportamiento cerca del spot"
    },
    "vomma": {
      "n_strikes_banda": 29,
      "var_banda": 3.573132133765234e+29,
      "var_total": 3.099916702007583e+29,
      "concentracion": 1.1527,
      "gradiente_t": 0.0181,
      "score": 1.1735,
      "flip_en_banda": false,
      "nivel_flip": null,
      "valor_spot_now": 1691437652523617.0,
      "percentil_spot": 51.7,
      "interpretacion": "ALTA \u2014 domina el comportamiento cerca del spot"
    },
    "zomma": {
      "n_strikes_banda": 29,
      "var_banda": 6.535323929932139e+28,
      "var_total": 1.3278324797716476e+29,
      "concentracion": 0.4922,
      "gradiente_t": 0.005,
      "score": 0.4947,
      "flip_en_banda": true,
      "nivel_flip": 7467.1213,
      "valor_spot_now": 255239985228881.9,
      "percentil_spot": 51.7,
      "interpretacion": "MEDIA \u2014 relevante, monitorear en conjunto"
    }
  },
  "tiene_inv": false
}