{
  "activo": "SPX",
  "spot": 7398.93,
  "banda_pct": 0.01,
  "minutos_ahora": 900,
  "generated_at": "2026-05-10 20:11:49",
  "ranking": [
    "zomma",
    "color",
    "speed",
    "vanna",
    "vomma",
    "gamma",
    "charm",
    "delta"
  ],
  "lider": "zomma",
  "resumen": [
    "#1 ZOMMA     \u2014 Zomma dGamma/dVol (OI)          score=1.951  conc=1.949  grad=0.001  val@spot=-1.73e+14  p53 | FLIP en 7369.54",
    "#2 COLOR     \u2014 Color dGamma/dT (OI)            score=1.728  conc=1.728  grad=0.000  val@spot=-4.01e+15  p50 | FLIP en 7374.43",
    "#3 SPEED     \u2014 Speed dGamma/dS (OI)            score=1.529  conc=1.528  grad=0.000  val@spot=1.52e+11  p47 | FLIP en 7421.48",
    "#4 VEX       \u2014 Vanna Exposure (OI)             score=1.117  conc=1.107  grad=0.009  val@spot=1.29e+12  p63 | FLIP en 7441.13",
    "#5 VOMMA     \u2014 Vomma dVega/dVol (OI)           score=1.107  conc=1.084  grad=0.021  val@spot=9.70e+14  p90",
    "#6 GEX       \u2014 Gamma Exposure (OI)             score=0.807  conc=0.806  grad=0.001  val@spot=1.01e+10  p73",
    "#7 CHARM     \u2014 Charm dDelta/dT (OI)            score=0.678  conc=0.677  grad=0.000  val@spot=-6.95e+11  p30",
    "#8 DEX       \u2014 Net Delta (OI)                  score=0.407  conc=0.407  grad=0.001  val@spot=2.05e+10  p53"
  ],
  "por_superficie": {
    "gamma": {
      "n_strikes_banda": 30,
      "var_banda": 1.6760184519691745e+19,
      "var_total": 2.0786155020596965e+19,
      "concentracion": 0.8063,
      "gradiente_t": 0.0012,
      "score": 0.8073,
      "flip_en_banda": false,
      "nivel_flip": null,
      "valor_spot_now": 10109527604.75,
      "percentil_spot": 73.3,
      "interpretacion": "ALTA \u2014 domina el comportamiento cerca del spot"
    },
    "vanna": {
      "n_strikes_banda": 30,
      "var_banda": 4.2958363255530355e+23,
      "var_total": 3.878884762807066e+23,
      "concentracion": 1.1075,
      "gradiente_t": 0.0085,
      "score": 1.1169,
      "flip_en_banda": true,
      "nivel_flip": 7441.1306,
      "valor_spot_now": 1289987295207.94,
      "percentil_spot": 63.3,
      "interpretacion": "ALTA \u2014 domina el comportamiento cerca del spot"
    },
    "delta": {
      "n_strikes_banda": 30,
      "var_banda": 2.8826614675986088e+19,
      "var_total": 7.081571990233203e+19,
      "concentracion": 0.4071,
      "gradiente_t": 0.0011,
      "score": 0.4075,
      "flip_en_banda": false,
      "nivel_flip": null,
      "valor_spot_now": 20526738079.96,
      "percentil_spot": 53.3,
      "interpretacion": "MEDIA \u2014 relevante, monitorear en conjunto"
    },
    "charm": {
      "n_strikes_banda": 30,
      "var_banda": 3.7788607549185395e+23,
      "var_total": 5.5773754452477516e+23,
      "concentracion": 0.6775,
      "gradiente_t": 0.0001,
      "score": 0.6776,
      "flip_en_banda": false,
      "nivel_flip": null,
      "valor_spot_now": -695418121788.79,
      "percentil_spot": 30.0,
      "interpretacion": "ALTA \u2014 domina el comportamiento cerca del spot"
    },
    "color": {
      "n_strikes_banda": 30,
      "var_banda": 1.0057607509478167e+35,
      "var_total": 5.818878777650284e+34,
      "concentracion": 1.7284,
      "gradiente_t": 0.0,
      "score": 1.7285,
      "flip_en_banda": true,
      "nivel_flip": 7374.4282,
      "valor_spot_now": -4014602306646050.0,
      "percentil_spot": 50.0,
      "interpretacion": "ALTA \u2014 domina el comportamiento cerca del spot"
    },
    "speed": {
      "n_strikes_banda": 30,
      "var_banda": 1.5828943203165078e+24,
      "var_total": 1.035560928116733e+24,
      "concentracion": 1.5285,
      "gradiente_t": 0.0004,
      "score": 1.5292,
      "flip_en_banda": true,
      "nivel_flip": 7421.4767,
      "valor_spot_now": 151945416302.21,
      "percentil_spot": 46.7,
      "interpretacion": "ALTA \u2014 domina el comportamiento cerca del spot"
    },
    "vomma": {
      "n_strikes_banda": 30,
      "var_banda": 9.365078499454598e+28,
      "var_total": 8.636842760405554e+28,
      "concentracion": 1.0843,
      "gradiente_t": 0.0208,
      "score": 1.1069,
      "flip_en_banda": false,
      "nivel_flip": null,
      "valor_spot_now": 969921827329978.9,
      "percentil_spot": 90.0,
      "interpretacion": "ALTA \u2014 domina el comportamiento cerca del spot"
    },
    "zomma": {
      "n_strikes_banda": 30,
      "var_banda": 7.296036421069531e+28,
      "var_total": 3.743129383761546e+28,
      "concentracion": 1.9492,
      "gradiente_t": 0.0009,
      "score": 1.9509,
      "flip_en_banda": true,
      "nivel_flip": 7369.5363,
      "valor_spot_now": -173141379843350.2,
      "percentil_spot": 53.3,
      "interpretacion": "ALTA \u2014 domina el comportamiento cerca del spot"
    }
  },
  "tiene_inv": false
}