{
  "activo": "SPY",
  "spot": 718.35,
  "banda_pct": 0.01,
  "minutos_ahora": 900,
  "generated_at": "2026-05-04 20:31:24",
  "ranking": [
    "inv_color",
    "inv_speed",
    "inv_charm",
    "inv_gamma",
    "inv_vanna",
    "color",
    "vanna",
    "gamma",
    "speed",
    "inv_delta",
    "charm",
    "delta"
  ],
  "lider": "inv_color",
  "resumen": [
    "#1 INV_COLOR \u2014 Color dGamma/dT (flujo neto)    score=4.446  conc=4.446  grad=0.000  val@spot=9.09e+14  p55 | FLIP en 722.37",
    "#2 INV_SPEED \u2014 Speed dGamma/dS (flujo neto)    score=4.386  conc=4.385  grad=0.000  val@spot=6.47e+11  p79 | FLIP en 713.19",
    "#3 INV_CHARM \u2014 Charm dDelta/dT (flujo neto)    score=3.547  conc=3.547  grad=0.000  val@spot=-8.17e+11  p52 | FLIP en 714.98",
    "#4 INV_GEX   \u2014 Gamma Exposure (flujo neto)     score=2.482  conc=2.480  grad=0.001  val@spot=-5.31e+09  p52 | FLIP en 724.86",
    "#5 INV_VEX   \u2014 Vanna Exposure (flujo neto)     score=2.377  conc=2.369  grad=0.003  val@spot=1.70e+11  p62 | FLIP en 714.18",
    "#6 COLOR     \u2014 Color dGamma/dT (OI)            score=1.565  conc=1.565  grad=0.000  val@spot=4.01e+13  p52 | FLIP en 720.49",
    "#7 VEX       \u2014 Vanna Exposure (OI)             score=0.788  conc=0.779  grad=0.012  val@spot=3.40e+10  p79",
    "#8 GEX       \u2014 Gamma Exposure (OI)             score=0.747  conc=0.747  grad=0.001  val@spot=-2.12e+08  p52 | FLIP en 719.76",
    "#9 SPEED     \u2014 Speed dGamma/dS (OI)            score=0.743  conc=0.743  grad=0.000  val@spot=1.19e+11  p86",
    "#10 INV_DEX   \u2014 Net Delta (flujo neto)          score=0.393  conc=0.392  grad=0.002  val@spot=1.46e+10  p52",
    "#11 CHARM     \u2014 Charm dDelta/dT (OI)            score=0.186  conc=0.186  grad=0.000  val@spot=-1.87e+11  p28",
    "#12 DEX       \u2014 Net Delta (OI)                  score=0.050  conc=0.050  grad=0.002  val@spot=2.48e+09  p17"
  ],
  "por_superficie": {
    "gamma": {
      "n_strikes_banda": 29,
      "var_banda": 4.173984390549994e+17,
      "var_total": 5.590159003319235e+17,
      "concentracion": 0.7467,
      "gradiente_t": 0.0006,
      "score": 0.7471,
      "flip_en_banda": true,
      "nivel_flip": 719.7601,
      "valor_spot_now": -211944367.8,
      "percentil_spot": 51.7,
      "interpretacion": "ALTA \u2014 domina el comportamiento cerca del spot"
    },
    "vanna": {
      "n_strikes_banda": 29,
      "var_banda": 8.256475802022607e+19,
      "var_total": 1.0602362057682148e+20,
      "concentracion": 0.7787,
      "gradiente_t": 0.0121,
      "score": 0.7882,
      "flip_en_banda": false,
      "nivel_flip": null,
      "valor_spot_now": 33996576450.7,
      "percentil_spot": 79.3,
      "interpretacion": "ALTA \u2014 domina el comportamiento cerca del spot"
    },
    "delta": {
      "n_strikes_banda": 29,
      "var_banda": 7.351632502025155e+16,
      "var_total": 1.4642209557851745e+18,
      "concentracion": 0.0502,
      "gradiente_t": 0.0021,
      "score": 0.0503,
      "flip_en_banda": false,
      "nivel_flip": null,
      "valor_spot_now": 2481797468.18,
      "percentil_spot": 17.2,
      "interpretacion": "BAJA \u2014 energ\u00eda dispersa lejos del spot"
    },
    "charm": {
      "n_strikes_banda": 29,
      "var_banda": 9.7963655791438e+21,
      "var_total": 5.259992326980578e+22,
      "concentracion": 0.1862,
      "gradiente_t": 0.0,
      "score": 0.1863,
      "flip_en_banda": false,
      "nivel_flip": null,
      "valor_spot_now": -186721065333.42,
      "percentil_spot": 27.6,
      "interpretacion": "BAJA \u2014 energ\u00eda dispersa lejos del spot"
    },
    "color": {
      "n_strikes_banda": 29,
      "var_banda": 1.252816056258004e+31,
      "var_total": 8.005867398113935e+30,
      "concentracion": 1.5649,
      "gradiente_t": 0.0,
      "score": 1.5649,
      "flip_en_banda": true,
      "nivel_flip": 720.4877,
      "valor_spot_now": 40113508358354.25,
      "percentil_spot": 51.7,
      "interpretacion": "ALTA \u2014 domina el comportamiento cerca del spot"
    },
    "speed": {
      "n_strikes_banda": 29,
      "var_banda": 6.735483825303128e+21,
      "var_total": 9.060634496514341e+21,
      "concentracion": 0.7434,
      "gradiente_t": 0.0001,
      "score": 0.7434,
      "flip_en_banda": false,
      "nivel_flip": null,
      "valor_spot_now": 118548973076.15,
      "percentil_spot": 86.2,
      "interpretacion": "ALTA \u2014 domina el comportamiento cerca del spot"
    },
    "inv_gamma": {
      "n_strikes_banda": 29,
      "var_banda": 4.106970783441106e+19,
      "var_total": 1.6559604612065444e+19,
      "concentracion": 2.4801,
      "gradiente_t": 0.0008,
      "score": 2.4821,
      "flip_en_banda": true,
      "nivel_flip": 724.8648,
      "valor_spot_now": -5307541239.47,
      "percentil_spot": 51.7,
      "interpretacion": "ALTA \u2014 domina el comportamiento cerca del spot"
    },
    "inv_vanna": {
      "n_strikes_banda": 29,
      "var_banda": 1.1722444465743602e+22,
      "var_total": 4.947962282970191e+21,
      "concentracion": 2.3691,
      "gradiente_t": 0.0034,
      "score": 2.3772,
      "flip_en_banda": true,
      "nivel_flip": 714.1828,
      "valor_spot_now": 169917476885.96,
      "percentil_spot": 62.1,
      "interpretacion": "ALTA \u2014 domina el comportamiento cerca del spot"
    },
    "inv_delta": {
      "n_strikes_banda": 29,
      "var_banda": 2.0562996939035525e+19,
      "var_total": 5.245504312617839e+19,
      "concentracion": 0.392,
      "gradiente_t": 0.0021,
      "score": 0.3928,
      "flip_en_banda": false,
      "nivel_flip": null,
      "valor_spot_now": 14590864761.22,
      "percentil_spot": 51.7,
      "interpretacion": "MEDIA \u2014 relevante, monitorear en conjunto"
    },
    "inv_charm": {
      "n_strikes_banda": 29,
      "var_banda": 1.3020442677921374e+25,
      "var_total": 3.6712865290298977e+24,
      "concentracion": 3.5466,
      "gradiente_t": 0.0002,
      "score": 3.5472,
      "flip_en_banda": true,
      "nivel_flip": 714.9847,
      "valor_spot_now": -816829511955.85,
      "percentil_spot": 51.7,
      "interpretacion": "ALTA \u2014 domina el comportamiento cerca del spot"
    },
    "inv_color": {
      "n_strikes_banda": 29,
      "var_banda": 4.723207906665857e+33,
      "var_total": 1.062433523276883e+33,
      "concentracion": 4.4457,
      "gradiente_t": 0.0,
      "score": 4.4457,
      "flip_en_banda": true,
      "nivel_flip": 722.3691,
      "valor_spot_now": 909015998557075.9,
      "percentil_spot": 55.2,
      "interpretacion": "ALTA \u2014 domina el comportamiento cerca del spot"
    },
    "inv_speed": {
      "n_strikes_banda": 29,
      "var_banda": 9.511053118220384e+24,
      "var_total": 2.168843763524992e+24,
      "concentracion": 4.3853,
      "gradiente_t": 0.0001,
      "score": 4.3857,
      "flip_en_banda": true,
      "nivel_flip": 713.1926,
      "valor_spot_now": 646669757457.71,
      "percentil_spot": 79.3,
      "interpretacion": "ALTA \u2014 domina el comportamiento cerca del spot"
    }
  },
  "tiene_inv": true
}