strike,oi_c,oi_p,vol_c,vol_p,oi_net,vol_net,gex,vex,dex,inv_gex,inv_vex_call,inv_vex_put
737.0,736.0,735.0,734.0,733.0,1.0,1.0,5.631009505823788e-20,5.615822283993838e-20,-73500.0,307.86991030677734,307.86991030677734,-9.946960463811107e-22
