{
  "activo": "SPY",
  "spot": 754.36,
  "banda_pct": 0.01,
  "minutos_ahora": 900,
  "generated_at": "2026-05-28 20:24:23",
  "ranking": [
    "color",
    "speed",
    "charm",
    "zomma",
    "vanna",
    "gamma",
    "vomma",
    "delta"
  ],
  "lider": "color",
  "resumen": [
    "#1 COLOR     \u2014 Color dGamma/dT (OI)            score=1.569  conc=1.569  grad=0.000  val@spot=-4.14e+14  p37",
    "#2 SPEED     \u2014 Speed dGamma/dS (OI)            score=1.502  conc=1.501  grad=0.000  val@spot=3.13e+11  p77 | FLIP en 760.39",
    "#3 CHARM     \u2014 Charm dDelta/dT (OI)            score=1.203  conc=1.202  grad=0.000  val@spot=-1.31e+11  p53 | FLIP en 756.20",
    "#4 ZOMMA     \u2014 Zomma dGamma/dVol (OI)          score=1.087  conc=1.086  grad=0.002  val@spot=-7.59e+12  p50 | FLIP en 750.20",
    "#5 VEX       \u2014 Vanna Exposure (OI)             score=0.867  conc=0.856  grad=0.013  val@spot=7.14e+10  p50 | FLIP en 759.07",
    "#6 GEX       \u2014 Gamma Exposure (OI)             score=0.572  conc=0.571  grad=0.002  val@spot=2.68e+09  p53 | FLIP en 747.92",
    "#7 VOMMA     \u2014 Vomma dVega/dVol (OI)           score=0.560  conc=0.555  grad=0.010  val@spot=1.39e+10  p53 | FLIP en 754.45",
    "#8 DEX       \u2014 Net Delta (OI)                  score=0.388  conc=0.388  grad=0.001  val@spot=1.09e+10  p53"
  ],
  "por_superficie": {
    "gamma": {
      "n_strikes_banda": 30,
      "var_banda": 2.714742542950852e+18,
      "var_total": 4.751642276681858e+18,
      "concentracion": 0.5713,
      "gradiente_t": 0.0018,
      "score": 0.5723,
      "flip_en_banda": true,
      "nivel_flip": 747.9195,
      "valor_spot_now": 2679385057.45,
      "percentil_spot": 53.3,
      "interpretacion": "MEDIA \u2014 relevante, monitorear en conjunto"
    },
    "vanna": {
      "n_strikes_banda": 30,
      "var_banda": 1.3680983928757664e+21,
      "var_total": 1.5986327956583369e+21,
      "concentracion": 0.8558,
      "gradiente_t": 0.0129,
      "score": 0.8668,
      "flip_en_banda": true,
      "nivel_flip": 759.0717,
      "valor_spot_now": 71399132676.63,
      "percentil_spot": 50.0,
      "interpretacion": "ALTA \u2014 domina el comportamiento cerca del spot"
    },
    "delta": {
      "n_strikes_banda": 30,
      "var_banda": 4.0790785041246833e+18,
      "var_total": 1.0520775982840543e+19,
      "concentracion": 0.3877,
      "gradiente_t": 0.0011,
      "score": 0.3881,
      "flip_en_banda": false,
      "nivel_flip": null,
      "valor_spot_now": 10918440909.66,
      "percentil_spot": 53.3,
      "interpretacion": "MEDIA \u2014 relevante, monitorear en conjunto"
    },
    "charm": {
      "n_strikes_banda": 30,
      "var_banda": 5.554493621074649e+23,
      "var_total": 4.6196565045658465e+23,
      "concentracion": 1.2024,
      "gradiente_t": 0.0002,
      "score": 1.2027,
      "flip_en_banda": true,
      "nivel_flip": 756.1954,
      "valor_spot_now": -130768779623.34,
      "percentil_spot": 53.3,
      "interpretacion": "ALTA \u2014 domina el comportamiento cerca del spot"
    },
    "color": {
      "n_strikes_banda": 30,
      "var_banda": 2.1613259169703346e+32,
      "var_total": 1.3772652605297247e+32,
      "concentracion": 1.5693,
      "gradiente_t": 0.0,
      "score": 1.5693,
      "flip_en_banda": false,
      "nivel_flip": null,
      "valor_spot_now": -414293059151555.75,
      "percentil_spot": 36.7,
      "interpretacion": "ALTA \u2014 domina el comportamiento cerca del spot"
    },
    "speed": {
      "n_strikes_banda": 30,
      "var_banda": 2.6716584972252298e+23,
      "var_total": 1.7794873257722088e+23,
      "concentracion": 1.5014,
      "gradiente_t": 0.0001,
      "score": 1.5016,
      "flip_en_banda": true,
      "nivel_flip": 760.3862,
      "valor_spot_now": 313050664482.43,
      "percentil_spot": 76.7,
      "interpretacion": "ALTA \u2014 domina el comportamiento cerca del spot"
    },
    "vomma": {
      "n_strikes_banda": 30,
      "var_banda": 1.4641419781661663e+24,
      "var_total": 2.640161306528968e+24,
      "concentracion": 0.5546,
      "gradiente_t": 0.0104,
      "score": 0.5603,
      "flip_en_banda": true,
      "nivel_flip": 754.4481,
      "valor_spot_now": 13931383540.06,
      "percentil_spot": 53.3,
      "interpretacion": "MEDIA \u2014 relevante, monitorear en conjunto"
    },
    "zomma": {
      "n_strikes_banda": 30,
      "var_banda": 3.014198571452016e+25,
      "var_total": 2.77570627015525e+25,
      "concentracion": 1.0859,
      "gradiente_t": 0.0015,
      "score": 1.0875,
      "flip_en_banda": true,
      "nivel_flip": 750.1992,
      "valor_spot_now": -7591899184737.69,
      "percentil_spot": 50.0,
      "interpretacion": "ALTA \u2014 domina el comportamiento cerca del spot"
    }
  },
  "tiene_inv": false
}