{
  "activo": "SPY",
  "spot": 751.38,
  "banda_pct": 0.01,
  "minutos_ahora": 900,
  "generated_at": "2026-06-03 22:52:51",
  "ranking": [
    "color",
    "speed",
    "charm",
    "zomma",
    "vanna",
    "vomma",
    "gamma",
    "delta"
  ],
  "lider": "color",
  "resumen": [
    "#1 COLOR     \u2014 Color dGamma/dT (OI)            score=1.938  conc=1.938  grad=0.000  val@spot=7.68e+13  p50 | FLIP en 753.95",
    "#2 SPEED     \u2014 Speed dGamma/dS (OI)            score=1.588  conc=1.587  grad=0.000  val@spot=8.77e+10  p57 | FLIP en 747.21",
    "#3 CHARM     \u2014 Charm dDelta/dT (OI)            score=1.560  conc=1.560  grad=0.000  val@spot=-1.28e+11  p37 | FLIP en 745.32",
    "#4 ZOMMA     \u2014 Zomma dGamma/dVol (OI)          score=1.501  conc=1.499  grad=0.001  val@spot=3.67e+12  p63 | FLIP en 754.14",
    "#5 VEX       \u2014 Vanna Exposure (OI)             score=0.822  conc=0.814  grad=0.009  val@spot=2.93e+10  p63 | FLIP en 746.21",
    "#6 VOMMA     \u2014 Vomma dVega/dVol (OI)           score=0.799  conc=0.787  grad=0.016  val@spot=-9.17e+11  p23",
    "#7 GEX       \u2014 Gamma Exposure (OI)             score=0.634  conc=0.633  grad=0.001  val@spot=-1.15e+09  p53 | FLIP en 757.48",
    "#8 DEX       \u2014 Net Delta (OI)                  score=0.392  conc=0.391  grad=0.002  val@spot=2.50e+09  p50"
  ],
  "por_superficie": {
    "gamma": {
      "n_strikes_banda": 30,
      "var_banda": 4.1551139087373446e+17,
      "var_total": 6.56166761126328e+17,
      "concentracion": 0.6332,
      "gradiente_t": 0.0008,
      "score": 0.6338,
      "flip_en_banda": true,
      "nivel_flip": 757.4761,
      "valor_spot_now": -1148625023.68,
      "percentil_spot": 53.3,
      "interpretacion": "ALTA \u2014 domina el comportamiento cerca del spot"
    },
    "vanna": {
      "n_strikes_banda": 30,
      "var_banda": 1.2370959072294153e+20,
      "var_total": 1.520015003247054e+20,
      "concentracion": 0.8139,
      "gradiente_t": 0.0095,
      "score": 0.8216,
      "flip_en_banda": true,
      "nivel_flip": 746.2108,
      "valor_spot_now": 29297381911.14,
      "percentil_spot": 63.3,
      "interpretacion": "ALTA \u2014 domina el comportamiento cerca del spot"
    },
    "delta": {
      "n_strikes_banda": 30,
      "var_banda": 3.9764793398603885e+17,
      "var_total": 1.017100137166651e+18,
      "concentracion": 0.391,
      "gradiente_t": 0.0016,
      "score": 0.3916,
      "flip_en_banda": false,
      "nivel_flip": null,
      "valor_spot_now": 2502421951.74,
      "percentil_spot": 50.0,
      "interpretacion": "MEDIA \u2014 relevante, monitorear en conjunto"
    },
    "charm": {
      "n_strikes_banda": 30,
      "var_banda": 8.018664076605002e+22,
      "var_total": 5.13880861214279e+22,
      "concentracion": 1.5604,
      "gradiente_t": 0.0,
      "score": 1.5605,
      "flip_en_banda": true,
      "nivel_flip": 745.319,
      "valor_spot_now": -127653931583.27,
      "percentil_spot": 36.7,
      "interpretacion": "ALTA \u2014 domina el comportamiento cerca del spot"
    },
    "color": {
      "n_strikes_banda": 30,
      "var_banda": 5.146993892781645e+31,
      "var_total": 2.6553957064758265e+31,
      "concentracion": 1.9383,
      "gradiente_t": 0.0,
      "score": 1.9383,
      "flip_en_banda": true,
      "nivel_flip": 753.9519,
      "valor_spot_now": 76808955112668.7,
      "percentil_spot": 50.0,
      "interpretacion": "ALTA \u2014 domina el comportamiento cerca del spot"
    },
    "speed": {
      "n_strikes_banda": 30,
      "var_banda": 5.754853743456685e+22,
      "var_total": 3.6250797583517434e+22,
      "concentracion": 1.5875,
      "gradiente_t": 0.0001,
      "score": 1.5876,
      "flip_en_banda": true,
      "nivel_flip": 747.2108,
      "valor_spot_now": 87675758745.98,
      "percentil_spot": 56.7,
      "interpretacion": "ALTA \u2014 domina el comportamiento cerca del spot"
    },
    "vomma": {
      "n_strikes_banda": 30,
      "var_banda": 1.3581718743971064e+23,
      "var_total": 1.7255562561398453e+23,
      "concentracion": 0.7871,
      "gradiente_t": 0.0156,
      "score": 0.7994,
      "flip_en_banda": false,
      "nivel_flip": null,
      "valor_spot_now": -916584696400.37,
      "percentil_spot": 23.3,
      "interpretacion": "ALTA \u2014 domina el comportamiento cerca del spot"
    },
    "zomma": {
      "n_strikes_banda": 30,
      "var_banda": 7.923867857876575e+24,
      "var_total": 5.28496093680724e+24,
      "concentracion": 1.4993,
      "gradiente_t": 0.0013,
      "score": 1.5012,
      "flip_en_banda": true,
      "nivel_flip": 754.1418,
      "valor_spot_now": 3667060395461.58,
      "percentil_spot": 63.3,
      "interpretacion": "ALTA \u2014 domina el comportamiento cerca del spot"
    }
  },
  "tiene_inv": false
}