{
  "activo": "SPY",
  "spot": 744.58,
  "banda_pct": 0.01,
  "minutos_ahora": 900,
  "generated_at": "2026-05-21 21:24:48",
  "ranking": [
    "color",
    "speed",
    "zomma",
    "vanna",
    "charm",
    "vomma",
    "gamma",
    "delta"
  ],
  "lider": "color",
  "resumen": [
    "#1 COLOR     \u2014 Color dGamma/dT (OI)            score=1.742  conc=1.742  grad=0.000  val@spot=-3.25e+14  p27 | FLIP en 741.28",
    "#2 SPEED     \u2014 Speed dGamma/dS (OI)            score=1.667  conc=1.666  grad=0.000  val@spot=2.38e+11  p53 | FLIP en 748.04",
    "#3 ZOMMA     \u2014 Zomma dGamma/dVol (OI)          score=1.459  conc=1.458  grad=0.001  val@spot=-1.21e+13  p17 | FLIP en 740.65",
    "#4 VEX       \u2014 Vanna Exposure (OI)             score=1.322  conc=1.311  grad=0.008  val@spot=8.51e+10  p53 | FLIP en 750.53",
    "#5 CHARM     \u2014 Charm dDelta/dT (OI)            score=1.246  conc=1.246  grad=0.000  val@spot=-5.14e+11  p43",
    "#6 VOMMA     \u2014 Vomma dVega/dVol (OI)           score=0.711  conc=0.701  grad=0.014  val@spot=1.91e+12  p3",
    "#7 GEX       \u2014 Gamma Exposure (OI)             score=0.616  conc=0.615  grad=0.001  val@spot=3.58e+09  p50 | FLIP en 737.59",
    "#8 DEX       \u2014 Net Delta (OI)                  score=0.481  conc=0.480  grad=0.002  val@spot=9.26e+09  p50"
  ],
  "por_superficie": {
    "gamma": {
      "n_strikes_banda": 30,
      "var_banda": 4.3621450553488056e+18,
      "var_total": 7.088545328835583e+18,
      "concentracion": 0.6154,
      "gradiente_t": 0.0007,
      "score": 0.6158,
      "flip_en_banda": true,
      "nivel_flip": 737.5891,
      "valor_spot_now": 3581912411.86,
      "percentil_spot": 50.0,
      "interpretacion": "ALTA \u2014 domina el comportamiento cerca del spot"
    },
    "vanna": {
      "n_strikes_banda": 30,
      "var_banda": 1.7756223276876298e+21,
      "var_total": 1.3543358889242675e+21,
      "concentracion": 1.3111,
      "gradiente_t": 0.0084,
      "score": 1.3221,
      "flip_en_banda": true,
      "nivel_flip": 750.5316,
      "valor_spot_now": 85077189387.66,
      "percentil_spot": 53.3,
      "interpretacion": "ALTA \u2014 domina el comportamiento cerca del spot"
    },
    "delta": {
      "n_strikes_banda": 30,
      "var_banda": 5.449088642403548e+18,
      "var_total": 1.1349707773526348e+19,
      "concentracion": 0.4801,
      "gradiente_t": 0.002,
      "score": 0.4811,
      "flip_en_banda": false,
      "nivel_flip": null,
      "valor_spot_now": 9263820765.2,
      "percentil_spot": 50.0,
      "interpretacion": "MEDIA \u2014 relevante, monitorear en conjunto"
    },
    "charm": {
      "n_strikes_banda": 30,
      "var_banda": 8.196801802434299e+23,
      "var_total": 6.578471727946323e+23,
      "concentracion": 1.246,
      "gradiente_t": 0.0001,
      "score": 1.2462,
      "flip_en_banda": false,
      "nivel_flip": null,
      "valor_spot_now": -514387574681.98,
      "percentil_spot": 43.3,
      "interpretacion": "ALTA \u2014 domina el comportamiento cerca del spot"
    },
    "color": {
      "n_strikes_banda": 30,
      "var_banda": 6.294767904845291e+32,
      "var_total": 3.614552821675005e+32,
      "concentracion": 1.7415,
      "gradiente_t": 0.0,
      "score": 1.7415,
      "flip_en_banda": true,
      "nivel_flip": 741.2799,
      "valor_spot_now": -324848725471399.5,
      "percentil_spot": 26.7,
      "interpretacion": "ALTA \u2014 domina el comportamiento cerca del spot"
    },
    "speed": {
      "n_strikes_banda": 30,
      "var_banda": 8.027664623221532e+23,
      "var_total": 4.8172346612409484e+23,
      "concentracion": 1.6664,
      "gradiente_t": 0.0001,
      "score": 1.6666,
      "flip_en_banda": true,
      "nivel_flip": 748.0414,
      "valor_spot_now": 238126497780.24,
      "percentil_spot": 53.3,
      "interpretacion": "ALTA \u2014 domina el comportamiento cerca del spot"
    },
    "vomma": {
      "n_strikes_banda": 30,
      "var_banda": 9.420230537280081e+23,
      "var_total": 1.3430646033114895e+24,
      "concentracion": 0.7014,
      "gradiente_t": 0.0143,
      "score": 0.7114,
      "flip_en_banda": false,
      "nivel_flip": null,
      "valor_spot_now": 1912944469797.7,
      "percentil_spot": 3.3,
      "interpretacion": "ALTA \u2014 domina el comportamiento cerca del spot"
    },
    "zomma": {
      "n_strikes_banda": 30,
      "var_banda": 8.665624661281886e+25,
      "var_total": 5.943981810031231e+25,
      "concentracion": 1.4579,
      "gradiente_t": 0.0005,
      "score": 1.4587,
      "flip_en_banda": true,
      "nivel_flip": 740.6475,
      "valor_spot_now": -12104540078104.77,
      "percentil_spot": 16.7,
      "interpretacion": "ALTA \u2014 domina el comportamiento cerca del spot"
    }
  },
  "tiene_inv": false
}