{
  "activo": "SPY",
  "spot": 758.47,
  "banda_pct": 0.01,
  "minutos_ahora": 900,
  "generated_at": "2026-06-01 06:14:22",
  "ranking": [
    "zomma",
    "color",
    "vomma",
    "speed",
    "gamma",
    "vanna",
    "charm",
    "delta"
  ],
  "lider": "zomma",
  "resumen": [
    "#1 ZOMMA     \u2014 Zomma dGamma/dVol (OI)          score=1.437  conc=1.435  grad=0.001  val@spot=-1.44e+12  p71 | FLIP en 754.84",
    "#2 COLOR     \u2014 Color dGamma/dT (OI)            score=1.236  conc=1.236  grad=0.000  val@spot=6.22e+13  p52 | FLIP en 759.29",
    "#3 VOMMA     \u2014 Vomma dVega/dVol (OI)           score=1.119  conc=1.101  grad=0.017  val@spot=3.94e+12  p64",
    "#4 SPEED     \u2014 Speed dGamma/dS (OI)            score=0.931  conc=0.931  grad=0.000  val@spot=1.33e+11  p32 | FLIP en 764.91",
    "#5 GEX       \u2014 Gamma Exposure (OI)             score=0.707  conc=0.706  grad=0.001  val@spot=2.55e+09  p52 | FLIP en 753.25",
    "#6 VEX       \u2014 Vanna Exposure (OI)             score=0.513  conc=0.510  grad=0.006  val@spot=1.06e+11  p64",
    "#7 CHARM     \u2014 Charm dDelta/dT (OI)            score=0.500  conc=0.500  grad=0.000  val@spot=-8.43e+11  p13",
    "#8 DEX       \u2014 Net Delta (OI)                  score=0.362  conc=0.361  grad=0.004  val@spot=8.85e+09  p52"
  ],
  "por_superficie": {
    "gamma": {
      "n_strikes_banda": 31,
      "var_banda": 6.577888374951024e+18,
      "var_total": 9.320493654222825e+18,
      "concentracion": 0.7057,
      "gradiente_t": 0.0014,
      "score": 0.7068,
      "flip_en_banda": true,
      "nivel_flip": 753.2521,
      "valor_spot_now": 2548879576.21,
      "percentil_spot": 51.6,
      "interpretacion": "ALTA \u2014 domina el comportamiento cerca del spot"
    },
    "vanna": {
      "n_strikes_banda": 31,
      "var_banda": 1.0960033610665848e+21,
      "var_total": 2.148198866275133e+21,
      "concentracion": 0.5102,
      "gradiente_t": 0.0061,
      "score": 0.5133,
      "flip_en_banda": false,
      "nivel_flip": null,
      "valor_spot_now": 106430558601.09,
      "percentil_spot": 64.5,
      "interpretacion": "MEDIA \u2014 relevante, monitorear en conjunto"
    },
    "delta": {
      "n_strikes_banda": 31,
      "var_banda": 2.816008720192466e+18,
      "var_total": 7.801746647977388e+18,
      "concentracion": 0.3609,
      "gradiente_t": 0.0035,
      "score": 0.3622,
      "flip_en_banda": false,
      "nivel_flip": null,
      "valor_spot_now": 8850129188.56,
      "percentil_spot": 51.6,
      "interpretacion": "MEDIA \u2014 relevante, monitorear en conjunto"
    },
    "charm": {
      "n_strikes_banda": 31,
      "var_banda": 5.321091448998803e+23,
      "var_total": 1.0640254359530884e+24,
      "concentracion": 0.5001,
      "gradiente_t": 0.0004,
      "score": 0.5003,
      "flip_en_banda": false,
      "nivel_flip": null,
      "valor_spot_now": -842813625095.62,
      "percentil_spot": 12.9,
      "interpretacion": "MEDIA \u2014 relevante, monitorear en conjunto"
    },
    "color": {
      "n_strikes_banda": 31,
      "var_banda": 2.7380219918966242e+32,
      "var_total": 2.2144103983080913e+32,
      "concentracion": 1.2365,
      "gradiente_t": 0.0,
      "score": 1.2365,
      "flip_en_banda": true,
      "nivel_flip": 759.2913,
      "valor_spot_now": 62187704758670.3,
      "percentil_spot": 51.6,
      "interpretacion": "ALTA \u2014 domina el comportamiento cerca del spot"
    },
    "speed": {
      "n_strikes_banda": 31,
      "var_banda": 2.5592051875555104e+23,
      "var_total": 2.749039752444069e+23,
      "concentracion": 0.9309,
      "gradiente_t": 0.0002,
      "score": 0.9312,
      "flip_en_banda": true,
      "nivel_flip": 764.9105,
      "valor_spot_now": 132908202518.54,
      "percentil_spot": 32.3,
      "interpretacion": "ALTA \u2014 domina el comportamiento cerca del spot"
    },
    "vomma": {
      "n_strikes_banda": 31,
      "var_banda": 1.4698554725489466e+24,
      "var_total": 1.335258905116854e+24,
      "concentracion": 1.1008,
      "gradiente_t": 0.0168,
      "score": 1.1193,
      "flip_en_banda": false,
      "nivel_flip": null,
      "valor_spot_now": 3937361584675.84,
      "percentil_spot": 64.5,
      "interpretacion": "ALTA \u2014 domina el comportamiento cerca del spot"
    },
    "zomma": {
      "n_strikes_banda": 31,
      "var_banda": 1.1346978003342523e+26,
      "var_total": 7.90481928028792e+25,
      "concentracion": 1.4355,
      "gradiente_t": 0.0008,
      "score": 1.4366,
      "flip_en_banda": true,
      "nivel_flip": 754.8389,
      "valor_spot_now": -1435383207958.81,
      "percentil_spot": 71.0,
      "interpretacion": "ALTA \u2014 domina el comportamiento cerca del spot"
    }
  },
  "tiene_inv": false
}