{
  "activo": "SPY",
  "spot": 736.47,
  "banda_pct": 0.01,
  "minutos_ahora": 900,
  "generated_at": "2026-05-12 06:51:12",
  "ranking": [
    "zomma",
    "speed",
    "color",
    "delta",
    "charm",
    "vanna",
    "gamma",
    "vomma"
  ],
  "lider": "zomma",
  "resumen": [
    "#1 ZOMMA     \u2014 Zomma dGamma/dVol (OI)          score=2.042  conc=2.041  grad=0.001  val@spot=1.10e+13  p100 | FLIP en 738.63",
    "#2 SPEED     \u2014 Speed dGamma/dS (OI)            score=2.040  conc=2.039  grad=0.001  val@spot=4.18e+10  p50 | FLIP en 735.62",
    "#3 COLOR     \u2014 Color dGamma/dT (OI)            score=1.780  conc=1.780  grad=0.000  val@spot=1.80e+14  p100 | FLIP en 738.39",
    "#4 DEX       \u2014 Net Delta (OI)                  score=1.307  conc=1.302  grad=0.004  val@spot=1.07e+10  p57",
    "#5 CHARM     \u2014 Charm dDelta/dT (OI)            score=0.982  conc=0.982  grad=0.000  val@spot=-6.11e+11  p43",
    "#6 VEX       \u2014 Vanna Exposure (OI)             score=0.970  conc=0.967  grad=0.004  val@spot=3.16e+10  p50",
    "#7 GEX       \u2014 Gamma Exposure (OI)             score=0.938  conc=0.937  grad=0.001  val@spot=-1.18e+09  p7 | FLIP en 741.94",
    "#8 VOMMA     \u2014 Vomma dVega/dVol (OI)           score=0.688  conc=0.684  grad=0.006  val@spot=-4.27e+10  p100"
  ],
  "por_superficie": {
    "gamma": {
      "n_strikes_banda": 14,
      "var_banda": 2.0729002381917082e+18,
      "var_total": 2.2115165171051492e+18,
      "concentracion": 0.9373,
      "gradiente_t": 0.0007,
      "score": 0.938,
      "flip_en_banda": true,
      "nivel_flip": 741.9408,
      "valor_spot_now": -1179242514.76,
      "percentil_spot": 7.1,
      "interpretacion": "ALTA \u2014 domina el comportamiento cerca del spot"
    },
    "vanna": {
      "n_strikes_banda": 14,
      "var_banda": 3.220129333836549e+20,
      "var_total": 3.3317542298522714e+20,
      "concentracion": 0.9665,
      "gradiente_t": 0.0038,
      "score": 0.9702,
      "flip_en_banda": false,
      "nivel_flip": null,
      "valor_spot_now": 31613174302.36,
      "percentil_spot": 50.0,
      "interpretacion": "ALTA \u2014 domina el comportamiento cerca del spot"
    },
    "delta": {
      "n_strikes_banda": 14,
      "var_banda": 2.736933141014468e+18,
      "var_total": 2.1022755299031299e+18,
      "concentracion": 1.3019,
      "gradiente_t": 0.0037,
      "score": 1.3067,
      "flip_en_banda": false,
      "nivel_flip": null,
      "valor_spot_now": 10657935963.95,
      "percentil_spot": 57.1,
      "interpretacion": "ALTA \u2014 domina el comportamiento cerca del spot"
    },
    "charm": {
      "n_strikes_banda": 14,
      "var_banda": 7.76388932959562e+24,
      "var_total": 7.90918893006558e+24,
      "concentracion": 0.9816,
      "gradiente_t": 0.0004,
      "score": 0.982,
      "flip_en_banda": false,
      "nivel_flip": null,
      "valor_spot_now": -611416410393.87,
      "percentil_spot": 42.9,
      "interpretacion": "ALTA \u2014 domina el comportamiento cerca del spot"
    },
    "color": {
      "n_strikes_banda": 14,
      "var_banda": 9.863216886275914e+31,
      "var_total": 5.540489542750082e+31,
      "concentracion": 1.7802,
      "gradiente_t": 0.0,
      "score": 1.7802,
      "flip_en_banda": true,
      "nivel_flip": 738.3876,
      "valor_spot_now": 180364041036095.25,
      "percentil_spot": 100.0,
      "interpretacion": "ALTA \u2014 domina el comportamiento cerca del spot"
    },
    "speed": {
      "n_strikes_banda": 14,
      "var_banda": 1.2514654044077015e+23,
      "var_total": 6.138609663256828e+22,
      "concentracion": 2.0387,
      "gradiente_t": 0.0008,
      "score": 2.0404,
      "flip_en_banda": true,
      "nivel_flip": 735.6161,
      "valor_spot_now": 41781623881.21,
      "percentil_spot": 50.0,
      "interpretacion": "ALTA \u2014 domina el comportamiento cerca del spot"
    },
    "vomma": {
      "n_strikes_banda": 14,
      "var_banda": 1.8717324562227524e+23,
      "var_total": 2.737344196079022e+23,
      "concentracion": 0.6838,
      "gradiente_t": 0.0065,
      "score": 0.6882,
      "flip_en_banda": false,
      "nivel_flip": null,
      "valor_spot_now": -42735823616.88,
      "percentil_spot": 100.0,
      "interpretacion": "ALTA \u2014 domina el comportamiento cerca del spot"
    },
    "zomma": {
      "n_strikes_banda": 14,
      "var_banda": 5.673802405538143e+25,
      "var_total": 2.7795347074241803e+25,
      "concentracion": 2.0413,
      "gradiente_t": 0.0006,
      "score": 2.0425,
      "flip_en_banda": true,
      "nivel_flip": 738.6319,
      "valor_spot_now": 11011811523725.29,
      "percentil_spot": 100.0,
      "interpretacion": "ALTA \u2014 domina el comportamiento cerca del spot"
    }
  },
  "tiene_inv": false
}