strike,oi_c,oi_p,vol_c,vol_p,oi_net,vol_net,gex,vex,dex,inv_gex,inv_vex_call,inv_vex_put
737.0,736.0,735.0,734.0,733.0,1.0,1.0,1.0442638366904448e-38,1.04143771726178e-38,-73500.0,2.045658683852747e-42,8.167549141478793e-42,-6.121890457626046e-42
