{
  "activo": "SPY",
  "spot": 735.68,
  "banda_pct": 0.01,
  "minutos_ahora": 900,
  "generated_at": "2026-05-10 20:11:15",
  "ranking": [
    "zomma",
    "color",
    "charm",
    "gamma",
    "vanna",
    "speed",
    "vomma",
    "delta"
  ],
  "lider": "zomma",
  "resumen": [
    "#1 ZOMMA     \u2014 Zomma dGamma/dVol (OI)          score=1.436  conc=1.434  grad=0.002  val@spot=-9.65e+11  p53 | FLIP en 735.13",
    "#2 COLOR     \u2014 Color dGamma/dT (OI)            score=1.352  conc=1.352  grad=0.000  val@spot=-9.74e+13  p53 | FLIP en 732.98",
    "#3 CHARM     \u2014 Charm dDelta/dT (OI)            score=0.887  conc=0.886  grad=0.001  val@spot=-1.46e+11  p47 | FLIP en 740.64",
    "#4 GEX       \u2014 Gamma Exposure (OI)             score=0.828  conc=0.825  grad=0.003  val@spot=5.28e+08  p53 | FLIP en 732.65",
    "#5 VEX       \u2014 Vanna Exposure (OI)             score=0.724  conc=0.717  grad=0.009  val@spot=3.62e+10  p93 | FLIP en 742.25",
    "#6 SPEED     \u2014 Speed dGamma/dS (OI)            score=0.641  conc=0.640  grad=0.002  val@spot=1.30e+11  p93",
    "#7 VOMMA     \u2014 Vomma dVega/dVol (OI)           score=0.360  conc=0.354  grad=0.015  val@spot=-1.65e+11  p33 | FLIP en 741.81",
    "#8 DEX       \u2014 Net Delta (OI)                  score=0.334  conc=0.334  grad=0.002  val@spot=2.86e+09  p53"
  ],
  "por_superficie": {
    "gamma": {
      "n_strikes_banda": 15,
      "var_banda": 6.113606435873879e+17,
      "var_total": 7.408377251904219e+17,
      "concentracion": 0.8252,
      "gradiente_t": 0.0028,
      "score": 0.8275,
      "flip_en_banda": true,
      "nivel_flip": 732.6498,
      "valor_spot_now": 527538157.09,
      "percentil_spot": 53.3,
      "interpretacion": "ALTA \u2014 domina el comportamiento cerca del spot"
    },
    "vanna": {
      "n_strikes_banda": 15,
      "var_banda": 1.6298379784505855e+20,
      "var_total": 2.27214930430686e+20,
      "concentracion": 0.7173,
      "gradiente_t": 0.0089,
      "score": 0.7237,
      "flip_en_banda": true,
      "nivel_flip": 742.2518,
      "valor_spot_now": 36228471325.6,
      "percentil_spot": 93.3,
      "interpretacion": "ALTA \u2014 domina el comportamiento cerca del spot"
    },
    "delta": {
      "n_strikes_banda": 15,
      "var_banda": 3.0430784906465984e+17,
      "var_total": 9.122349503199109e+17,
      "concentracion": 0.3336,
      "gradiente_t": 0.0016,
      "score": 0.3341,
      "flip_en_banda": false,
      "nivel_flip": null,
      "valor_spot_now": 2856746302.33,
      "percentil_spot": 53.3,
      "interpretacion": "MEDIA \u2014 relevante, monitorear en conjunto"
    },
    "charm": {
      "n_strikes_banda": 15,
      "var_banda": 2.9127037404046835e+22,
      "var_total": 3.288618296150763e+22,
      "concentracion": 0.8857,
      "gradiente_t": 0.0011,
      "score": 0.8866,
      "flip_en_banda": true,
      "nivel_flip": 740.6357,
      "valor_spot_now": -145810082384.31,
      "percentil_spot": 46.7,
      "interpretacion": "ALTA \u2014 domina el comportamiento cerca del spot"
    },
    "color": {
      "n_strikes_banda": 15,
      "var_banda": 1.5840088714382717e+31,
      "var_total": 1.1718332363945866e+31,
      "concentracion": 1.3517,
      "gradiente_t": 0.0,
      "score": 1.3518,
      "flip_en_banda": true,
      "nivel_flip": 732.9847,
      "valor_spot_now": -97399491977893.92,
      "percentil_spot": 53.3,
      "interpretacion": "ALTA \u2014 domina el comportamiento cerca del spot"
    },
    "speed": {
      "n_strikes_banda": 15,
      "var_banda": 6.709636434156182e+21,
      "var_total": 1.0477174074897666e+22,
      "concentracion": 0.6404,
      "gradiente_t": 0.0015,
      "score": 0.6413,
      "flip_en_banda": false,
      "nivel_flip": null,
      "valor_spot_now": 130375201647.78,
      "percentil_spot": 93.3,
      "interpretacion": "ALTA \u2014 domina el comportamiento cerca del spot"
    },
    "vomma": {
      "n_strikes_banda": 15,
      "var_banda": 6.259907082657471e+22,
      "var_total": 1.7664213900107145e+23,
      "concentracion": 0.3544,
      "gradiente_t": 0.0146,
      "score": 0.3596,
      "flip_en_banda": true,
      "nivel_flip": 741.8082,
      "valor_spot_now": -165338904767.37,
      "percentil_spot": 33.3,
      "interpretacion": "MEDIA \u2014 relevante, monitorear en conjunto"
    },
    "zomma": {
      "n_strikes_banda": 15,
      "var_banda": 6.170262590889071e+24,
      "var_total": 4.3033498860958165e+24,
      "concentracion": 1.4338,
      "gradiente_t": 0.0015,
      "score": 1.436,
      "flip_en_banda": true,
      "nivel_flip": 735.1295,
      "valor_spot_now": -965284727524.31,
      "percentil_spot": 53.3,
      "interpretacion": "ALTA \u2014 domina el comportamiento cerca del spot"
    }
  },
  "tiene_inv": false
}