{
  "activo": "SPY",
  "spot": 741.92,
  "banda_pct": 0.01,
  "minutos_ahora": 900,
  "generated_at": "2026-05-15 09:43:32",
  "ranking": [
    "vomma",
    "color",
    "speed",
    "zomma",
    "vanna",
    "charm",
    "delta",
    "gamma"
  ],
  "lider": "vomma",
  "resumen": [
    "#1 VOMMA     \u2014 Vomma dVega/dVol (OI)           score=0.885  conc=0.875  grad=0.011  val@spot=7.20e+11  p53 | FLIP en 743.99",
    "#2 COLOR     \u2014 Color dGamma/dT (OI)            score=0.814  conc=0.814  grad=0.000  val@spot=1.37e+14  p53 | FLIP en 743.62",
    "#3 SPEED     \u2014 Speed dGamma/dS (OI)            score=0.749  conc=0.749  grad=0.001  val@spot=1.91e+11  p73",
    "#4 ZOMMA     \u2014 Zomma dGamma/dVol (OI)          score=0.749  conc=0.747  grad=0.004  val@spot=2.69e+12  p53 | FLIP en 743.86",
    "#5 VEX       \u2014 Vanna Exposure (OI)             score=0.684  conc=0.681  grad=0.004  val@spot=9.79e+10  p80",
    "#6 CHARM     \u2014 Charm dDelta/dT (OI)            score=0.667  conc=0.666  grad=0.001  val@spot=-8.15e+11  p27",
    "#7 DEX       \u2014 Net Delta (OI)                  score=0.560  conc=0.559  grad=0.002  val@spot=2.13e+10  p7",
    "#8 GEX       \u2014 Gamma Exposure (OI)             score=0.551  conc=0.550  grad=0.002  val@spot=-2.70e+08  p53 | FLIP en 743.03"
  ],
  "por_superficie": {
    "gamma": {
      "n_strikes_banda": 15,
      "var_banda": 3.5588642239693184e+18,
      "var_total": 6.475607840263441e+18,
      "concentracion": 0.5496,
      "gradiente_t": 0.0018,
      "score": 0.5506,
      "flip_en_banda": true,
      "nivel_flip": 743.0308,
      "valor_spot_now": -270204907.44,
      "percentil_spot": 53.3,
      "interpretacion": "MEDIA \u2014 relevante, monitorear en conjunto"
    },
    "vanna": {
      "n_strikes_banda": 15,
      "var_banda": 9.977547031165383e+20,
      "var_total": 1.4643662916643264e+21,
      "concentracion": 0.6814,
      "gradiente_t": 0.0041,
      "score": 0.6841,
      "flip_en_banda": false,
      "nivel_flip": null,
      "valor_spot_now": 97869442842.52,
      "percentil_spot": 80.0,
      "interpretacion": "ALTA \u2014 domina el comportamiento cerca del spot"
    },
    "delta": {
      "n_strikes_banda": 15,
      "var_banda": 2.2893965951270072e+18,
      "var_total": 4.0985904233101645e+18,
      "concentracion": 0.5586,
      "gradiente_t": 0.0022,
      "score": 0.5598,
      "flip_en_banda": false,
      "nivel_flip": null,
      "valor_spot_now": 21309995308.07,
      "percentil_spot": 6.7,
      "interpretacion": "MEDIA \u2014 relevante, monitorear en conjunto"
    },
    "charm": {
      "n_strikes_banda": 15,
      "var_banda": 6.457026142231402e+23,
      "var_total": 9.688785963674612e+23,
      "concentracion": 0.6664,
      "gradiente_t": 0.0007,
      "score": 0.6669,
      "flip_en_banda": false,
      "nivel_flip": null,
      "valor_spot_now": -815463831366.16,
      "percentil_spot": 26.7,
      "interpretacion": "ALTA \u2014 domina el comportamiento cerca del spot"
    },
    "color": {
      "n_strikes_banda": 15,
      "var_banda": 4.593854460389197e+31,
      "var_total": 5.641805506969939e+31,
      "concentracion": 0.8143,
      "gradiente_t": 0.0,
      "score": 0.8143,
      "flip_en_banda": true,
      "nivel_flip": 743.6173,
      "valor_spot_now": 137245485043298.69,
      "percentil_spot": 53.3,
      "interpretacion": "ALTA \u2014 domina el comportamiento cerca del spot"
    },
    "speed": {
      "n_strikes_banda": 15,
      "var_banda": 5.611496984920773e+22,
      "var_total": 7.494517062858698e+22,
      "concentracion": 0.7487,
      "gradiente_t": 0.0007,
      "score": 0.7493,
      "flip_en_banda": false,
      "nivel_flip": null,
      "valor_spot_now": 191095995588.74,
      "percentil_spot": 73.3,
      "interpretacion": "ALTA \u2014 domina el comportamiento cerca del spot"
    },
    "vomma": {
      "n_strikes_banda": 15,
      "var_banda": 3.729692610150337e+23,
      "var_total": 4.262270126413007e+23,
      "concentracion": 0.875,
      "gradiente_t": 0.0115,
      "score": 0.8851,
      "flip_en_banda": true,
      "nivel_flip": 743.9941,
      "valor_spot_now": 720114741362.38,
      "percentil_spot": 53.3,
      "interpretacion": "ALTA \u2014 domina el comportamiento cerca del spot"
    },
    "zomma": {
      "n_strikes_banda": 15,
      "var_banda": 2.4046517678157894e+25,
      "var_total": 3.2214291790579314e+25,
      "concentracion": 0.7465,
      "gradiente_t": 0.0036,
      "score": 0.7491,
      "flip_en_banda": true,
      "nivel_flip": 743.8589,
      "valor_spot_now": 2689704826955.15,
      "percentil_spot": 53.3,
      "interpretacion": "ALTA \u2014 domina el comportamiento cerca del spot"
    }
  },
  "tiene_inv": false
}