{
  "activo": "SPY",
  "spot": 744.28,
  "banda_pct": 0.01,
  "minutos_ahora": 900,
  "generated_at": "2026-05-24 23:54:23",
  "ranking": [
    "vanna",
    "charm",
    "color",
    "zomma",
    "speed",
    "gamma",
    "vomma",
    "delta"
  ],
  "lider": "vanna",
  "resumen": [
    "#1 VEX       \u2014 Vanna Exposure (OI)             score=0.834  conc=0.823  grad=0.013  val@spot=4.51e+10  p60",
    "#2 CHARM     \u2014 Charm dDelta/dT (OI)            score=0.766  conc=0.766  grad=0.000  val@spot=-1.94e+11  p53 | FLIP en 750.79",
    "#3 COLOR     \u2014 Color dGamma/dT (OI)            score=0.681  conc=0.681  grad=0.000  val@spot=-1.33e+14  p50 | FLIP en 740.14",
    "#4 ZOMMA     \u2014 Zomma dGamma/dVol (OI)          score=0.641  conc=0.641  grad=0.001  val@spot=-2.60e+12  p50 | FLIP en 741.35",
    "#5 SPEED     \u2014 Speed dGamma/dS (OI)            score=0.581  conc=0.581  grad=0.000  val@spot=1.61e+11  p80",
    "#6 GEX       \u2014 Gamma Exposure (OI)             score=0.538  conc=0.538  grad=0.001  val@spot=4.12e+08  p53 | FLIP en 742.64",
    "#7 VOMMA     \u2014 Vomma dVega/dVol (OI)           score=0.470  conc=0.465  grad=0.011  val@spot=-6.12e+11  p47 | FLIP en 748.68",
    "#8 DEX       \u2014 Net Delta (OI)                  score=0.268  conc=0.268  grad=0.003  val@spot=2.52e+09  p27"
  ],
  "por_superficie": {
    "gamma": {
      "n_strikes_banda": 30,
      "var_banda": 9.904636516620787e+17,
      "var_total": 1.842113461745963e+18,
      "concentracion": 0.5377,
      "gradiente_t": 0.001,
      "score": 0.5382,
      "flip_en_banda": true,
      "nivel_flip": 742.6434,
      "valor_spot_now": 412491704.11,
      "percentil_spot": 53.3,
      "interpretacion": "MEDIA \u2014 relevante, monitorear en conjunto"
    },
    "vanna": {
      "n_strikes_banda": 30,
      "var_banda": 2.5539512578947364e+20,
      "var_total": 3.103230372777747e+20,
      "concentracion": 0.823,
      "gradiente_t": 0.0131,
      "score": 0.8338,
      "flip_en_banda": false,
      "nivel_flip": null,
      "valor_spot_now": 45119999939.88,
      "percentil_spot": 60.0,
      "interpretacion": "ALTA \u2014 domina el comportamiento cerca del spot"
    },
    "delta": {
      "n_strikes_banda": 30,
      "var_banda": 2.3549071170406736e+17,
      "var_total": 8.79861524872755e+17,
      "concentracion": 0.2676,
      "gradiente_t": 0.0025,
      "score": 0.2683,
      "flip_en_banda": false,
      "nivel_flip": null,
      "valor_spot_now": 2519751887.71,
      "percentil_spot": 26.7,
      "interpretacion": "BAJA \u2014 energ\u00eda dispersa lejos del spot"
    },
    "charm": {
      "n_strikes_banda": 30,
      "var_banda": 6.161509403360415e+22,
      "var_total": 8.046086305707567e+22,
      "concentracion": 0.7658,
      "gradiente_t": 0.0002,
      "score": 0.7659,
      "flip_en_banda": true,
      "nivel_flip": 750.787,
      "valor_spot_now": -193595015005.09,
      "percentil_spot": 53.3,
      "interpretacion": "ALTA \u2014 domina el comportamiento cerca del spot"
    },
    "color": {
      "n_strikes_banda": 30,
      "var_banda": 2.1093937626676973e+31,
      "var_total": 3.09691010180775e+31,
      "concentracion": 0.6811,
      "gradiente_t": 0.0,
      "score": 0.6811,
      "flip_en_banda": true,
      "nivel_flip": 740.1398,
      "valor_spot_now": -132599580578697.11,
      "percentil_spot": 50.0,
      "interpretacion": "ALTA \u2014 domina el comportamiento cerca del spot"
    },
    "speed": {
      "n_strikes_banda": 30,
      "var_banda": 2.323753580326722e+22,
      "var_total": 3.999639389705628e+22,
      "concentracion": 0.581,
      "gradiente_t": 0.0002,
      "score": 0.5811,
      "flip_en_banda": false,
      "nivel_flip": null,
      "valor_spot_now": 161304084805.31,
      "percentil_spot": 80.0,
      "interpretacion": "MEDIA \u2014 relevante, monitorear en conjunto"
    },
    "vomma": {
      "n_strikes_banda": 30,
      "var_banda": 2.035157754450283e+23,
      "var_total": 4.378547738556905e+23,
      "concentracion": 0.4648,
      "gradiente_t": 0.0114,
      "score": 0.4701,
      "flip_en_banda": true,
      "nivel_flip": 748.6835,
      "valor_spot_now": -611875654633.53,
      "percentil_spot": 46.7,
      "interpretacion": "MEDIA \u2014 relevante, monitorear en conjunto"
    },
    "zomma": {
      "n_strikes_banda": 30,
      "var_banda": 5.189341267583098e+24,
      "var_total": 8.099602305153611e+24,
      "concentracion": 0.6407,
      "gradiente_t": 0.0012,
      "score": 0.6415,
      "flip_en_banda": true,
      "nivel_flip": 741.3545,
      "valor_spot_now": -2602645449865.98,
      "percentil_spot": 50.0,
      "interpretacion": "ALTA \u2014 domina el comportamiento cerca del spot"
    }
  },
  "tiene_inv": false
}