strike,oi_c,oi_p,vol_c,vol_p,oi_net,vol_net,gex,vex,dex,inv_gex,inv_vex_call,inv_vex_put
737.0,736.0,735.0,734.0,733.0,1.0,1.0,8.252148927653928e-19,8.229900970407489e-19,-73500.0,196.61283302573528,196.61283302573528,-9.34076732622393e-22
