strike,oi_c,oi_p,vol_c,vol_p,oi_net,vol_net,gex,vex,dex,inv_gex,inv_vex_call,inv_vex_put
737.0,736.0,735.0,734.0,733.0,1.0,1.0,2.5701795215856147e-26,2.5632363717714048e-26,-73500.0,419.311748558182,419.311748558182,-1.0135916365359214e-21
