{
  "activo": "SPY",
  "spot": 755.09,
  "banda_pct": 0.01,
  "minutos_ahora": 900,
  "generated_at": "2026-06-01 21:05:50",
  "ranking": [
    "zomma",
    "speed",
    "color",
    "vanna",
    "charm",
    "vomma",
    "gamma",
    "delta"
  ],
  "lider": "zomma",
  "resumen": [
    "#1 ZOMMA     \u2014 Zomma dGamma/dVol (OI)          score=1.752  conc=1.750  grad=0.001  val@spot=7.25e+12  p97 | FLIP en 756.27",
    "#2 SPEED     \u2014 Speed dGamma/dS (OI)            score=1.558  conc=1.557  grad=0.000  val@spot=1.89e+11  p80 | FLIP en 749.67",
    "#3 COLOR     \u2014 Color dGamma/dT (OI)            score=1.469  conc=1.469  grad=0.000  val@spot=4.71e+13  p67 | FLIP en 755.77",
    "#4 VEX       \u2014 Vanna Exposure (OI)             score=1.206  conc=1.190  grad=0.013  val@spot=3.91e+10  p83",
    "#5 CHARM     \u2014 Charm dDelta/dT (OI)            score=0.923  conc=0.923  grad=0.000  val@spot=-1.23e+11  p13",
    "#6 VOMMA     \u2014 Vomma dVega/dVol (OI)           score=0.800  conc=0.794  grad=0.008  val@spot=-4.95e+11  p67 | FLIP en 758.74",
    "#7 GEX       \u2014 Gamma Exposure (OI)             score=0.638  conc=0.637  grad=0.001  val@spot=-6.15e+08  p50 | FLIP en 756.83",
    "#8 DEX       \u2014 Net Delta (OI)                  score=0.208  conc=0.208  grad=0.002  val@spot=1.97e+09  p27"
  ],
  "por_superficie": {
    "gamma": {
      "n_strikes_banda": 30,
      "var_banda": 6.142289797124088e+17,
      "var_total": 9.639344095215706e+17,
      "concentracion": 0.6372,
      "gradiente_t": 0.0005,
      "score": 0.6376,
      "flip_en_banda": true,
      "nivel_flip": 756.8255,
      "valor_spot_now": -615259019.92,
      "percentil_spot": 50.0,
      "interpretacion": "ALTA \u2014 domina el comportamiento cerca del spot"
    },
    "vanna": {
      "n_strikes_banda": 30,
      "var_banda": 1.0979997221985924e+20,
      "var_total": 9.223834092961753e+19,
      "concentracion": 1.1904,
      "gradiente_t": 0.0132,
      "score": 1.2062,
      "flip_en_banda": false,
      "nivel_flip": null,
      "valor_spot_now": 39129822068.54,
      "percentil_spot": 83.3,
      "interpretacion": "ALTA \u2014 domina el comportamiento cerca del spot"
    },
    "delta": {
      "n_strikes_banda": 30,
      "var_banda": 7.276223488544629e+16,
      "var_total": 3.499704005213597e+17,
      "concentracion": 0.2079,
      "gradiente_t": 0.0018,
      "score": 0.2083,
      "flip_en_banda": false,
      "nivel_flip": null,
      "valor_spot_now": 1972480295.38,
      "percentil_spot": 26.7,
      "interpretacion": "BAJA \u2014 energ\u00eda dispersa lejos del spot"
    },
    "charm": {
      "n_strikes_banda": 30,
      "var_banda": 2.436023839654518e+22,
      "var_total": 2.6400381558180737e+22,
      "concentracion": 0.9227,
      "gradiente_t": 0.0001,
      "score": 0.9229,
      "flip_en_banda": false,
      "nivel_flip": null,
      "valor_spot_now": -122534383537.47,
      "percentil_spot": 13.3,
      "interpretacion": "ALTA \u2014 domina el comportamiento cerca del spot"
    },
    "color": {
      "n_strikes_banda": 30,
      "var_banda": 3.652335704898145e+31,
      "var_total": 2.487024580846337e+31,
      "concentracion": 1.4686,
      "gradiente_t": 0.0,
      "score": 1.4686,
      "flip_en_banda": true,
      "nivel_flip": 755.7664,
      "valor_spot_now": 47113253340964.31,
      "percentil_spot": 66.7,
      "interpretacion": "ALTA \u2014 domina el comportamiento cerca del spot"
    },
    "speed": {
      "n_strikes_banda": 30,
      "var_banda": 4.749445622956109e+22,
      "var_total": 3.050090185397482e+22,
      "concentracion": 1.5571,
      "gradiente_t": 0.0002,
      "score": 1.5575,
      "flip_en_banda": true,
      "nivel_flip": 749.6661,
      "valor_spot_now": 188683567873.15,
      "percentil_spot": 80.0,
      "interpretacion": "ALTA \u2014 domina el comportamiento cerca del spot"
    },
    "vomma": {
      "n_strikes_banda": 30,
      "var_banda": 2.5898268436749527e+23,
      "var_total": 3.2625578900517396e+23,
      "concentracion": 0.7938,
      "gradiente_t": 0.0081,
      "score": 0.8002,
      "flip_en_banda": true,
      "nivel_flip": 758.7351,
      "valor_spot_now": -494642748402.96,
      "percentil_spot": 66.7,
      "interpretacion": "ALTA \u2014 domina el comportamiento cerca del spot"
    },
    "zomma": {
      "n_strikes_banda": 30,
      "var_banda": 1.7823399763574727e+25,
      "var_total": 1.0185978175581003e+25,
      "concentracion": 1.7498,
      "gradiente_t": 0.001,
      "score": 1.7516,
      "flip_en_banda": true,
      "nivel_flip": 756.2653,
      "valor_spot_now": 7251410587412.96,
      "percentil_spot": 96.7,
      "interpretacion": "ALTA \u2014 domina el comportamiento cerca del spot"
    }
  },
  "tiene_inv": false
}