strike,oi_c,oi_p,vol_c,vol_p,oi_net,vol_net,gex,vex,dex,inv_gex,inv_vex_call,inv_vex_put
737.0,736.0,735.0,734.0,733.0,1.0,1.0,2.34432031480556e-24,2.337989998391527e-24,-73500.0,419.311748558182,419.311748558182,-1.0135914161064935e-21
