strike,oi_c,oi_p,vol_c,vol_p,oi_net,vol_net,gex,vex,dex,inv_gex,inv_vex_call,inv_vex_put,inv_net
734.0,733.0,732.0,731.0,730.0,1.0,1.0,1.0839994661021896e-54,1.0810501624359586e-54,-73200.0,1.3696122209505948,1.3696122209505948,-4.453477069468684e-58,1461.0
