strike,oi_c,oi_p,vol_c,vol_p,oi_net,vol_net,gex,vex,dex,inv_gex,inv_vex_call,inv_vex_put
738.0,737.0,736.0,735.0,734.0,1.0,1.0,1.272021871559955e-12,1.2686071283466752e-12,-73600.0,54.860910490613826,54.860910490613826,-1.968172850589541e-15
