{
  "activo": "VIX",
  "spot": 19.87,
  "banda_pct": 0.01,
  "minutos_ahora": 570,
  "generated_at": "2026-06-09 19:49:41",
  "ranking": [
    "zomma",
    "color",
    "gamma",
    "speed",
    "vanna",
    "charm",
    "vomma",
    "delta"
  ],
  "lider": "zomma",
  "resumen": [
    "#1 ZOMMA     \u2014 Zomma dGamma/dVol (OI)          score=23.631  conc=23.595  grad=0.002  val@spot=-6.89e+09  p50 | FLIP en 19.84",
    "#2 COLOR     \u2014 Color dGamma/dT (OI)            score=11.505  conc=11.505  grad=0.000  val@spot=-4.70e+11  p50 | FLIP en 19.84",
    "#3 GEX       \u2014 Gamma Exposure (OI)             score=10.378  conc=10.366  grad=0.001  val@spot=2.32e+07  p100 | FLIP en 19.82",
    "#4 SPEED     \u2014 Speed dGamma/dS (OI)            score=6.049  conc=6.046  grad=0.001  val@spot=-4.92e+09  p50 | FLIP en 19.98",
    "#5 VEX       \u2014 Vanna Exposure (OI)             score=0.157  conc=0.156  grad=0.004  val@spot=-8.73e+06  p50 | FLIP en 19.82",
    "#6 CHARM     \u2014 Charm dDelta/dT (OI)            score=0.069  conc=0.069  grad=0.000  val@spot=-6.32e+10  p100",
    "#7 VOMMA     \u2014 Vomma dVega/dVol (OI)           score=0.037  conc=0.037  grad=0.003  val@spot=-2.75e+07  p50 | FLIP en 19.86",
    "#8 DEX       \u2014 Net Delta (OI)                  score=0.000  conc=0.000  grad=0.000  val@spot=1.74e+09  p100"
  ],
  "por_superficie": {
    "gamma": {
      "n_strikes_banda": 2,
      "var_banda": 2.6141804538832476e+16,
      "var_total": 2521943029787961.0,
      "concentracion": 10.3657,
      "gradiente_t": 0.0012,
      "score": 10.3781,
      "flip_en_banda": true,
      "nivel_flip": 19.8234,
      "valor_spot_now": 23171187.61,
      "percentil_spot": 100.0,
      "interpretacion": "ALTA \u2014 domina el comportamiento cerca del spot"
    },
    "vanna": {
      "n_strikes_banda": 2,
      "var_banda": 74971145959492.31,
      "var_total": 481213043863234.7,
      "concentracion": 0.1558,
      "gradiente_t": 0.0043,
      "score": 0.1565,
      "flip_en_banda": true,
      "nivel_flip": 19.8202,
      "valor_spot_now": -8729766.59,
      "percentil_spot": 50.0,
      "interpretacion": "BAJA \u2014 energ\u00eda dispersa lejos del spot"
    },
    "delta": {
      "n_strikes_banda": 2,
      "var_banda": 1.6143011059186208e+16,
      "var_total": 5.17560058900539e+19,
      "concentracion": 0.0003,
      "gradiente_t": 0.0002,
      "score": 0.0003,
      "flip_en_banda": false,
      "nivel_flip": null,
      "valor_spot_now": 1744887551.51,
      "percentil_spot": 100.0,
      "interpretacion": "BAJA \u2014 energ\u00eda dispersa lejos del spot"
    },
    "charm": {
      "n_strikes_banda": 2,
      "var_banda": 1.0003810045038606e+22,
      "var_total": 1.451411522416432e+23,
      "concentracion": 0.0689,
      "gradiente_t": 0.0,
      "score": 0.0689,
      "flip_en_banda": false,
      "nivel_flip": null,
      "valor_spot_now": -63166213719.85,
      "percentil_spot": 100.0,
      "interpretacion": "BAJA \u2014 energ\u00eda dispersa lejos del spot"
    },
    "color": {
      "n_strikes_banda": 2,
      "var_banda": 1.1285295911759695e+28,
      "var_total": 9.808804780132992e+26,
      "concentracion": 11.5053,
      "gradiente_t": 0.0,
      "score": 11.5054,
      "flip_en_banda": true,
      "nivel_flip": 19.8434,
      "valor_spot_now": -470136158110.2,
      "percentil_spot": 50.0,
      "interpretacion": "ALTA \u2014 domina el comportamiento cerca del spot"
    },
    "speed": {
      "n_strikes_banda": 2,
      "var_banda": 6.552164425615975e+18,
      "var_total": 1.0837005904611743e+18,
      "concentracion": 6.0461,
      "gradiente_t": 0.0005,
      "score": 6.0491,
      "flip_en_banda": true,
      "nivel_flip": 19.9759,
      "valor_spot_now": -4918790919.13,
      "percentil_spot": 50.0,
      "interpretacion": "ALTA \u2014 domina el comportamiento cerca del spot"
    },
    "vomma": {
      "n_strikes_banda": 2,
      "var_banda": 323733804616261.2,
      "var_total": 8807973786479097.0,
      "concentracion": 0.0368,
      "gradiente_t": 0.0028,
      "score": 0.0369,
      "flip_en_banda": true,
      "nivel_flip": 19.8566,
      "valor_spot_now": -27481600.31,
      "percentil_spot": 50.0,
      "interpretacion": "BAJA \u2014 energ\u00eda dispersa lejos del spot"
    },
    "zomma": {
      "n_strikes_banda": 2,
      "var_banda": 3.7789962930758556e+20,
      "var_total": 1.6016240706722329e+19,
      "concentracion": 23.5948,
      "gradiente_t": 0.0015,
      "score": 23.631,
      "flip_en_banda": true,
      "nivel_flip": 19.841,
      "valor_spot_now": -6888484496.29,
      "percentil_spot": 50.0,
      "interpretacion": "ALTA \u2014 domina el comportamiento cerca del spot"
    }
  },
  "tiene_inv": false
}