strike,oi_c,oi_p,vol_c,vol_p,oi_net,vol_net,gex,vex,dex,inv_gex,inv_vex_call,inv_vex_put,inv_net
30140.0,30130.0,30120.0,30110.0,30100.0,10.0,10.0,232673.2287088157,233663.19350599987,-802468.8014157035,-2.768725770381934,596.616369558377,-599.3850953287589,60104.0
