{
  "activo": "ES",
  "spot": 7562.75,
  "banda_pct": 0.01,
  "minutos_ahora": 900,
  "generated_at": "2026-05-25 07:38:03",
  "ranking": [
    "color",
    "speed",
    "zomma",
    "charm",
    "vanna",
    "vomma",
    "gamma",
    "delta"
  ],
  "lider": "color",
  "resumen": [
    "#1 COLOR     \u2014 Color dGamma/dT (OI)            score=1.984  conc=1.984  grad=0.000  val@spot=-9.89e+15  p36 | FLIP en 7622.77",
    "#2 SPEED     \u2014 Speed dGamma/dS (OI)            score=1.966  conc=1.965  grad=0.000  val@spot=3.33e+12  p88 | FLIP en 7588.02",
    "#3 ZOMMA     \u2014 Zomma dGamma/dVol (OI)          score=1.838  conc=1.837  grad=0.001  val@spot=-6.00e+14  p34 | FLIP en 7621.86",
    "#4 CHARM     \u2014 Charm dDelta/dT (OI)            score=1.731  conc=1.731  grad=0.000  val@spot=-1.24e+12  p15 | FLIP en 7590.96",
    "#5 VEX       \u2014 Vanna Exposure (OI)             score=1.674  conc=1.662  grad=0.007  val@spot=4.86e+12  p87 | FLIP en 7588.19",
    "#6 VOMMA     \u2014 Vomma dVega/dVol (OI)           score=0.989  conc=0.979  grad=0.010  val@spot=2.48e+15  p69 | FLIP en 7490.85",
    "#7 GEX       \u2014 Gamma Exposure (OI)             score=0.891  conc=0.891  grad=0.001  val@spot=2.54e+10  p67",
    "#8 DEX       \u2014 Net Delta (OI)                  score=0.584  conc=0.584  grad=0.001  val@spot=2.09e+10  p51"
  ],
  "por_superficie": {
    "gamma": {
      "n_strikes_banda": 61,
      "var_banda": 1.8611030051310233e+20,
      "var_total": 2.0891296009405297e+20,
      "concentracion": 0.8909,
      "gradiente_t": 0.0006,
      "score": 0.8914,
      "flip_en_banda": false,
      "nivel_flip": null,
      "valor_spot_now": 25389946235.49,
      "percentil_spot": 67.2,
      "interpretacion": "ALTA \u2014 domina el comportamiento cerca del spot"
    },
    "vanna": {
      "n_strikes_banda": 61,
      "var_banda": 7.59958122802071e+24,
      "var_total": 4.571694629229795e+24,
      "concentracion": 1.6623,
      "gradiente_t": 0.0073,
      "score": 1.6744,
      "flip_en_banda": true,
      "nivel_flip": 7588.1932,
      "valor_spot_now": 4864483203942.13,
      "percentil_spot": 86.9,
      "interpretacion": "ALTA \u2014 domina el comportamiento cerca del spot"
    },
    "delta": {
      "n_strikes_banda": 61,
      "var_banda": 1.9395163486612157e+20,
      "var_total": 3.32389510486677e+20,
      "concentracion": 0.5835,
      "gradiente_t": 0.0014,
      "score": 0.5843,
      "flip_en_banda": false,
      "nivel_flip": null,
      "valor_spot_now": 20907528023.89,
      "percentil_spot": 50.8,
      "interpretacion": "MEDIA \u2014 relevante, monitorear en conjunto"
    },
    "charm": {
      "n_strikes_banda": 61,
      "var_banda": 8.975516046889981e+24,
      "var_total": 5.186339687666851e+24,
      "concentracion": 1.7306,
      "gradiente_t": 0.0001,
      "score": 1.7307,
      "flip_en_banda": true,
      "nivel_flip": 7590.9581,
      "valor_spot_now": -1238551573379.74,
      "percentil_spot": 14.8,
      "interpretacion": "ALTA \u2014 domina el comportamiento cerca del spot"
    },
    "color": {
      "n_strikes_banda": 61,
      "var_banda": 1.3364161707727907e+36,
      "var_total": 6.736202293601928e+35,
      "concentracion": 1.9839,
      "gradiente_t": 0.0,
      "score": 1.9839,
      "flip_en_banda": true,
      "nivel_flip": 7622.774,
      "valor_spot_now": -9894436858452746.0,
      "percentil_spot": 36.1,
      "interpretacion": "ALTA \u2014 domina el comportamiento cerca del spot"
    },
    "speed": {
      "n_strikes_banda": 61,
      "var_banda": 7.859150391633022e+25,
      "var_total": 3.998760233075562e+25,
      "concentracion": 1.9654,
      "gradiente_t": 0.0001,
      "score": 1.9655,
      "flip_en_banda": true,
      "nivel_flip": 7588.0174,
      "valor_spot_now": 3333385086559.39,
      "percentil_spot": 88.5,
      "interpretacion": "ALTA \u2014 domina el comportamiento cerca del spot"
    },
    "vomma": {
      "n_strikes_banda": 61,
      "var_banda": 7.282045464909983e+29,
      "var_total": 7.437091338108006e+29,
      "concentracion": 0.9792,
      "gradiente_t": 0.0104,
      "score": 0.9894,
      "flip_en_banda": true,
      "nivel_flip": 7490.8531,
      "valor_spot_now": 2479026960299431.0,
      "percentil_spot": 68.9,
      "interpretacion": "ALTA \u2014 domina el comportamiento cerca del spot"
    },
    "zomma": {
      "n_strikes_banda": 61,
      "var_banda": 9.652752148469923e+29,
      "var_total": 5.255041594341293e+29,
      "concentracion": 1.8369,
      "gradiente_t": 0.0009,
      "score": 1.8384,
      "flip_en_banda": true,
      "nivel_flip": 7621.8644,
      "valor_spot_now": -600404034345118.9,
      "percentil_spot": 34.4,
      "interpretacion": "ALTA \u2014 domina el comportamiento cerca del spot"
    }
  },
  "tiene_inv": false
}