{
  "activo": "NQ",
  "spot": 29955.5,
  "banda_pct": 0.01,
  "minutos_ahora": 900,
  "generated_at": "2026-05-25 07:38:12",
  "ranking": [
    "color",
    "speed",
    "charm",
    "zomma",
    "vomma",
    "vanna",
    "delta",
    "gamma"
  ],
  "lider": "color",
  "resumen": [
    "#1 COLOR     \u2014 Color dGamma/dT (OI)            score=1.698  conc=1.698  grad=0.000  val@spot=-5.68e+15  p35 | FLIP en 30159.81",
    "#2 SPEED     \u2014 Speed dGamma/dS (OI)            score=1.430  conc=1.430  grad=0.000  val@spot=-3.36e+10  p50 | FLIP en 29909.03",
    "#3 CHARM     \u2014 Charm dDelta/dT (OI)            score=1.115  conc=1.115  grad=0.000  val@spot=3.81e+10  p52 | FLIP en 29904.51",
    "#4 ZOMMA     \u2014 Zomma dGamma/dVol (OI)          score=1.023  conc=1.022  grad=0.001  val@spot=-1.88e+14  p28 | FLIP en 30170.52",
    "#5 VOMMA     \u2014 Vomma dVega/dVol (OI)           score=0.969  conc=0.959  grad=0.011  val@spot=2.25e+15  p52",
    "#6 VEX       \u2014 Vanna Exposure (OI)             score=0.786  conc=0.782  grad=0.005  val@spot=-3.96e+11  p50 | FLIP en 29900.91",
    "#7 DEX       \u2014 Net Delta (OI)                  score=0.419  conc=0.418  grad=0.001  val@spot=5.48e+09  p52",
    "#8 GEX       \u2014 Gamma Exposure (OI)             score=0.346  conc=0.346  grad=0.002  val@spot=1.95e+09  p87"
  ],
  "por_superficie": {
    "gamma": {
      "n_strikes_banda": 60,
      "var_banda": 1.9932365678026035e+17,
      "var_total": 5.763245043891771e+17,
      "concentracion": 0.3459,
      "gradiente_t": 0.0015,
      "score": 0.3464,
      "flip_en_banda": false,
      "nivel_flip": null,
      "valor_spot_now": 1949436050.88,
      "percentil_spot": 86.7,
      "interpretacion": "MEDIA \u2014 relevante, monitorear en conjunto"
    },
    "vanna": {
      "n_strikes_banda": 60,
      "var_banda": 3.30804415255064e+23,
      "var_total": 4.2318592654583264e+23,
      "concentracion": 0.7817,
      "gradiente_t": 0.0054,
      "score": 0.7859,
      "flip_en_banda": true,
      "nivel_flip": 29900.9118,
      "valor_spot_now": -395712702754.25,
      "percentil_spot": 50.0,
      "interpretacion": "ALTA \u2014 domina el comportamiento cerca del spot"
    },
    "delta": {
      "n_strikes_banda": 60,
      "var_banda": 1.491272226665217e+18,
      "var_total": 3.5642083714210043e+18,
      "concentracion": 0.4184,
      "gradiente_t": 0.0008,
      "score": 0.4187,
      "flip_en_banda": false,
      "nivel_flip": null,
      "valor_spot_now": 5480567261.66,
      "percentil_spot": 51.7,
      "interpretacion": "MEDIA \u2014 relevante, monitorear en conjunto"
    },
    "charm": {
      "n_strikes_banda": 60,
      "var_banda": 5.252822105771028e+22,
      "var_total": 4.7115101303808805e+22,
      "concentracion": 1.1149,
      "gradiente_t": 0.0001,
      "score": 1.115,
      "flip_en_banda": true,
      "nivel_flip": 29904.5109,
      "valor_spot_now": 38080315314.41,
      "percentil_spot": 51.7,
      "interpretacion": "ALTA \u2014 domina el comportamiento cerca del spot"
    },
    "color": {
      "n_strikes_banda": 60,
      "var_banda": 3.4965370468739697e+34,
      "var_total": 2.0588698491540997e+34,
      "concentracion": 1.6983,
      "gradiente_t": 0.0,
      "score": 1.6983,
      "flip_en_banda": true,
      "nivel_flip": 30159.811,
      "valor_spot_now": -5684599483581025.0,
      "percentil_spot": 35.0,
      "interpretacion": "ALTA \u2014 domina el comportamiento cerca del spot"
    },
    "speed": {
      "n_strikes_banda": 60,
      "var_banda": 5.671798734171848e+22,
      "var_total": 3.9656366124367625e+22,
      "concentracion": 1.4302,
      "gradiente_t": 0.0001,
      "score": 1.4304,
      "flip_en_banda": true,
      "nivel_flip": 29909.0325,
      "valor_spot_now": -33581348291.93,
      "percentil_spot": 50.0,
      "interpretacion": "ALTA \u2014 domina el comportamiento cerca del spot"
    },
    "vomma": {
      "n_strikes_banda": 60,
      "var_banda": 5.438666512118455e+29,
      "var_total": 5.672400818633918e+29,
      "concentracion": 0.9588,
      "gradiente_t": 0.0105,
      "score": 0.9688,
      "flip_en_banda": false,
      "nivel_flip": null,
      "valor_spot_now": 2248969912371561.5,
      "percentil_spot": 51.7,
      "interpretacion": "ALTA \u2014 domina el comportamiento cerca del spot"
    },
    "zomma": {
      "n_strikes_banda": 60,
      "var_banda": 7.345596146412099e+27,
      "var_total": 7.187248440651266e+27,
      "concentracion": 1.022,
      "gradiente_t": 0.0014,
      "score": 1.0234,
      "flip_en_banda": true,
      "nivel_flip": 30170.5213,
      "valor_spot_now": -188231781339024.2,
      "percentil_spot": 28.3,
      "interpretacion": "ALTA \u2014 domina el comportamiento cerca del spot"
    }
  },
  "tiene_inv": false
}