{
  "activo": "RTY",
  "spot": 2920.3,
  "banda_pct": 0.01,
  "minutos_ahora": 900,
  "generated_at": "2026-05-25 07:38:08",
  "ranking": [
    "color",
    "zomma",
    "speed",
    "delta",
    "charm",
    "vomma",
    "gamma",
    "vanna"
  ],
  "lider": "color",
  "resumen": [
    "#1 COLOR     \u2014 Color dGamma/dT (OI)            score=0.768  conc=0.768  grad=0.000  val@spot=-1.89e+13  p50",
    "#2 ZOMMA     \u2014 Zomma dGamma/dVol (OI)          score=0.620  conc=0.620  grad=0.001  val@spot=-4.12e+11  p50 | FLIP en 2946.27",
    "#3 SPEED     \u2014 Speed dGamma/dS (OI)            score=0.552  conc=0.552  grad=0.000  val@spot=-3.28e+08  p52 | FLIP en 2916.79",
    "#4 DEX       \u2014 Net Delta (OI)                  score=0.432  conc=0.431  grad=0.001  val@spot=1.43e+08  p50",
    "#5 CHARM     \u2014 Charm dDelta/dT (OI)            score=0.418  conc=0.418  grad=0.000  val@spot=-1.47e+09  p50 | FLIP en 2928.00",
    "#6 VOMMA     \u2014 Vomma dVega/dVol (OI)           score=0.364  conc=0.357  grad=0.021  val@spot=-9.02e+10  p50 | FLIP en 2924.01",
    "#7 GEX       \u2014 Gamma Exposure (OI)             score=0.217  conc=0.217  grad=0.001  val@spot=2.59e+07  p91",
    "#8 VEX       \u2014 Vanna Exposure (OI)             score=0.211  conc=0.209  grad=0.008  val@spot=3.05e+08  p52 | FLIP en 2922.27"
  ],
  "por_superficie": {
    "gamma": {
      "n_strikes_banda": 58,
      "var_banda": 115707835894754.8,
      "var_total": 533815587625907.94,
      "concentracion": 0.2168,
      "gradiente_t": 0.0009,
      "score": 0.217,
      "flip_en_banda": false,
      "nivel_flip": null,
      "valor_spot_now": 25922758.41,
      "percentil_spot": 91.4,
      "interpretacion": "BAJA \u2014 energ\u00eda dispersa lejos del spot"
    },
    "vanna": {
      "n_strikes_banda": 58,
      "var_banda": 1.9695465816895404e+18,
      "var_total": 9.400943608942598e+18,
      "concentracion": 0.2095,
      "gradiente_t": 0.0076,
      "score": 0.2111,
      "flip_en_banda": true,
      "nivel_flip": 2922.2686,
      "valor_spot_now": 304830767.26,
      "percentil_spot": 51.7,
      "interpretacion": "BAJA \u2014 energ\u00eda dispersa lejos del spot"
    },
    "delta": {
      "n_strikes_banda": 58,
      "var_banda": 397903398993729.25,
      "var_total": 922858477732882.2,
      "concentracion": 0.4312,
      "gradiente_t": 0.0014,
      "score": 0.4318,
      "flip_en_banda": false,
      "nivel_flip": null,
      "valor_spot_now": 142500479.45,
      "percentil_spot": 50.0,
      "interpretacion": "MEDIA \u2014 relevante, monitorear en conjunto"
    },
    "charm": {
      "n_strikes_banda": 58,
      "var_banda": 9.63968485799353e+19,
      "var_total": 2.3036189007435606e+20,
      "concentracion": 0.4185,
      "gradiente_t": 0.0001,
      "score": 0.4185,
      "flip_en_banda": true,
      "nivel_flip": 2927.9958,
      "valor_spot_now": -1472863555.84,
      "percentil_spot": 50.0,
      "interpretacion": "MEDIA \u2014 relevante, monitorear en conjunto"
    },
    "color": {
      "n_strikes_banda": 58,
      "var_banda": 3.8095839952541876e+29,
      "var_total": 4.957894360209877e+29,
      "concentracion": 0.7684,
      "gradiente_t": 0.0,
      "score": 0.7684,
      "flip_en_banda": false,
      "nivel_flip": null,
      "valor_spot_now": -18871681300544.95,
      "percentil_spot": 50.0,
      "interpretacion": "ALTA \u2014 domina el comportamiento cerca del spot"
    },
    "speed": {
      "n_strikes_banda": 58,
      "var_banda": 6.16153239890256e+19,
      "var_total": 1.1157890565303964e+20,
      "concentracion": 0.5522,
      "gradiente_t": 0.0001,
      "score": 0.5522,
      "flip_en_banda": true,
      "nivel_flip": 2916.7855,
      "valor_spot_now": -327706596.68,
      "percentil_spot": 51.7,
      "interpretacion": "MEDIA \u2014 relevante, monitorear en conjunto"
    },
    "vomma": {
      "n_strikes_banda": 58,
      "var_banda": 3.443444204134515e+22,
      "var_total": 9.656915168178575e+22,
      "concentracion": 0.3566,
      "gradiente_t": 0.0207,
      "score": 0.3639,
      "flip_en_banda": true,
      "nivel_flip": 2924.0058,
      "valor_spot_now": -90234941040.58,
      "percentil_spot": 50.0,
      "interpretacion": "MEDIA \u2014 relevante, monitorear en conjunto"
    },
    "zomma": {
      "n_strikes_banda": 58,
      "var_banda": 7.559831543936276e+22,
      "var_total": 1.2201835318442626e+23,
      "concentracion": 0.6196,
      "gradiente_t": 0.0013,
      "score": 0.6203,
      "flip_en_banda": true,
      "nivel_flip": 2946.2672,
      "valor_spot_now": -411979457537.78,
      "percentil_spot": 50.0,
      "interpretacion": "ALTA \u2014 domina el comportamiento cerca del spot"
    }
  },
  "tiene_inv": false
}