{
  "activo": "SPX",
  "spot": 7473.47,
  "banda_pct": 0.01,
  "minutos_ahora": 900,
  "generated_at": "2026-05-25 07:37:14",
  "ranking": [
    "charm",
    "vomma",
    "vanna",
    "color",
    "gamma",
    "delta",
    "zomma",
    "speed"
  ],
  "lider": "charm",
  "resumen": [
    "#1 CHARM     \u2014 Charm dDelta/dT (OI)            score=0.975  conc=0.975  grad=0.000  val@spot=-1.17e+12  p50",
    "#2 VOMMA     \u2014 Vomma dVega/dVol (OI)           score=0.773  conc=0.765  grad=0.009  val@spot=-6.22e+13  p50 | FLIP en 7476.51",
    "#3 VEX       \u2014 Vanna Exposure (OI)             score=0.675  conc=0.666  grad=0.013  val@spot=2.70e+12  p52",
    "#4 COLOR     \u2014 Color dGamma/dT (OI)            score=0.483  conc=0.483  grad=0.000  val@spot=-8.47e+15  p30",
    "#5 GEX       \u2014 Gamma Exposure (OI)             score=0.343  conc=0.343  grad=0.001  val@spot=5.15e+09  p50 | FLIP en 7434.88",
    "#6 DEX       \u2014 Net Delta (OI)                  score=0.266  conc=0.265  grad=0.002  val@spot=1.80e+10  p50",
    "#7 ZOMMA     \u2014 Zomma dGamma/dVol (OI)          score=0.241  conc=0.240  grad=0.002  val@spot=-1.03e+14  p63 | FLIP en 7425.04",
    "#8 SPEED     \u2014 Speed dGamma/dS (OI)            score=0.222  conc=0.222  grad=0.000  val@spot=1.10e+12  p93"
  ],
  "por_superficie": {
    "gamma": {
      "n_strikes_banda": 60,
      "var_banda": 2.907466683408246e+19,
      "var_total": 8.487068753836252e+19,
      "concentracion": 0.3426,
      "gradiente_t": 0.001,
      "score": 0.3429,
      "flip_en_banda": true,
      "nivel_flip": 7434.8763,
      "valor_spot_now": 5149697049.99,
      "percentil_spot": 50.0,
      "interpretacion": "MEDIA \u2014 relevante, monitorear en conjunto"
    },
    "vanna": {
      "n_strikes_banda": 60,
      "var_banda": 7.782389892965333e+23,
      "var_total": 1.1686030002921789e+24,
      "concentracion": 0.666,
      "gradiente_t": 0.0135,
      "score": 0.675,
      "flip_en_banda": false,
      "nivel_flip": null,
      "valor_spot_now": 2701349276963.32,
      "percentil_spot": 51.7,
      "interpretacion": "ALTA \u2014 domina el comportamiento cerca del spot"
    },
    "delta": {
      "n_strikes_banda": 60,
      "var_banda": 2.228123513718151e+19,
      "var_total": 8.397875489253274e+19,
      "concentracion": 0.2653,
      "gradiente_t": 0.0018,
      "score": 0.2658,
      "flip_en_banda": false,
      "nivel_flip": null,
      "valor_spot_now": 18019670436.58,
      "percentil_spot": 50.0,
      "interpretacion": "BAJA \u2014 energ\u00eda dispersa lejos del spot"
    },
    "charm": {
      "n_strikes_banda": 60,
      "var_banda": 1.0433922830175989e+25,
      "var_total": 1.0698920551717442e+25,
      "concentracion": 0.9752,
      "gradiente_t": 0.0001,
      "score": 0.9753,
      "flip_en_banda": false,
      "nivel_flip": null,
      "valor_spot_now": -1168863137239.33,
      "percentil_spot": 50.0,
      "interpretacion": "ALTA \u2014 domina el comportamiento cerca del spot"
    },
    "color": {
      "n_strikes_banda": 60,
      "var_banda": 3.2213048106015413e+34,
      "var_total": 6.666979008631327e+34,
      "concentracion": 0.4832,
      "gradiente_t": 0.0,
      "score": 0.4832,
      "flip_en_banda": false,
      "nivel_flip": null,
      "valor_spot_now": -8470325898678433.0,
      "percentil_spot": 30.0,
      "interpretacion": "MEDIA \u2014 relevante, monitorear en conjunto"
    },
    "speed": {
      "n_strikes_banda": 60,
      "var_banda": 3.983732293999366e+23,
      "var_total": 1.7963175378928777e+24,
      "concentracion": 0.2218,
      "gradiente_t": 0.0,
      "score": 0.2218,
      "flip_en_banda": false,
      "nivel_flip": null,
      "valor_spot_now": 1095295926292.48,
      "percentil_spot": 93.3,
      "interpretacion": "BAJA \u2014 energ\u00eda dispersa lejos del spot"
    },
    "vomma": {
      "n_strikes_banda": 60,
      "var_banda": 1.4762730517140821e+29,
      "var_total": 1.928671115858312e+29,
      "concentracion": 0.7654,
      "gradiente_t": 0.0095,
      "score": 0.7727,
      "flip_en_banda": true,
      "nivel_flip": 7476.5125,
      "valor_spot_now": -62194925552087.38,
      "percentil_spot": 50.0,
      "interpretacion": "ALTA \u2014 domina el comportamiento cerca del spot"
    },
    "zomma": {
      "n_strikes_banda": 60,
      "var_banda": 5.407992543753065e+27,
      "var_total": 2.2515080385866484e+28,
      "concentracion": 0.2402,
      "gradiente_t": 0.0019,
      "score": 0.2407,
      "flip_en_banda": true,
      "nivel_flip": 7425.0447,
      "valor_spot_now": -103329467984653.61,
      "percentil_spot": 63.3,
      "interpretacion": "BAJA \u2014 energ\u00eda dispersa lejos del spot"
    }
  },
  "tiene_inv": false
}