strike,oi_c,oi_p,vol_c,vol_p,oi_net,vol_net,gex,vex,dex,inv_gex,inv_vex_call,inv_vex_put,inv_net
749.0,748.0,747.0,746.0,745.0,1.0,1.0,0.0,0.0,-74700.0,6063.441672209241,6064.212355197554,-0.7706829883127524,12609.0
