{
  "activo": "ES",
  "spot": 7460.5,
  "banda_pct": 0.01,
  "minutos_ahora": 900,
  "generated_at": "2026-05-15 09:44:08",
  "ranking": [
    "vomma",
    "vanna",
    "speed",
    "zomma",
    "color",
    "gamma",
    "charm",
    "delta"
  ],
  "lider": "vomma",
  "resumen": [
    "#1 VOMMA     \u2014 Vomma dVega/dVol (OI)           score=1.085  conc=1.065  grad=0.018  val@spot=1.19e+15  p50 | FLIP en 7395.50",
    "#2 VEX       \u2014 Vanna Exposure (OI)             score=0.950  conc=0.938  grad=0.012  val@spot=1.47e+12  p50",
    "#3 SPEED     \u2014 Speed dGamma/dS (OI)            score=0.416  conc=0.416  grad=0.000  val@spot=6.79e+11  p50",
    "#4 ZOMMA     \u2014 Zomma dGamma/dVol (OI)          score=0.341  conc=0.340  grad=0.001  val@spot=1.95e+14  p80 | FLIP en 7515.88",
    "#5 COLOR     \u2014 Color dGamma/dT (OI)            score=0.315  conc=0.315  grad=0.000  val@spot=6.96e+15  p73 | FLIP en 7524.43",
    "#6 GEX       \u2014 Gamma Exposure (OI)             score=0.241  conc=0.241  grad=0.000  val@spot=4.85e+09  p50 | FLIP en 7394.57",
    "#7 CHARM     \u2014 Charm dDelta/dT (OI)            score=0.234  conc=0.234  grad=0.000  val@spot=-4.51e+11  p53",
    "#8 DEX       \u2014 Net Delta (OI)                  score=0.227  conc=0.227  grad=0.001  val@spot=5.38e+10  p50"
  ],
  "por_superficie": {
    "gamma": {
      "n_strikes_banda": 30,
      "var_banda": 1.876261652680688e+19,
      "var_total": 7.779186323559437e+19,
      "concentracion": 0.2412,
      "gradiente_t": 0.0004,
      "score": 0.2413,
      "flip_en_banda": true,
      "nivel_flip": 7394.5749,
      "valor_spot_now": 4851215508.49,
      "percentil_spot": 50.0,
      "interpretacion": "BAJA \u2014 energ\u00eda dispersa lejos del spot"
    },
    "vanna": {
      "n_strikes_banda": 30,
      "var_banda": 6.507648535355008e+23,
      "var_total": 6.937526480546745e+23,
      "concentracion": 0.938,
      "gradiente_t": 0.0124,
      "score": 0.9497,
      "flip_en_banda": false,
      "nivel_flip": null,
      "valor_spot_now": 1466298767889.06,
      "percentil_spot": 50.0,
      "interpretacion": "ALTA \u2014 domina el comportamiento cerca del spot"
    },
    "delta": {
      "n_strikes_banda": 30,
      "var_banda": 2.0183623027225235e+19,
      "var_total": 8.888455754268354e+19,
      "concentracion": 0.2271,
      "gradiente_t": 0.0006,
      "score": 0.2272,
      "flip_en_banda": false,
      "nivel_flip": null,
      "valor_spot_now": 53810857186.67,
      "percentil_spot": 50.0,
      "interpretacion": "BAJA \u2014 energ\u00eda dispersa lejos del spot"
    },
    "charm": {
      "n_strikes_banda": 30,
      "var_banda": 9.530048112114607e+23,
      "var_total": 4.0682346798730076e+24,
      "concentracion": 0.2343,
      "gradiente_t": 0.0001,
      "score": 0.2343,
      "flip_en_banda": false,
      "nivel_flip": null,
      "valor_spot_now": -451424616298.42,
      "percentil_spot": 53.3,
      "interpretacion": "BAJA \u2014 energ\u00eda dispersa lejos del spot"
    },
    "color": {
      "n_strikes_banda": 30,
      "var_banda": 7.029147709317442e+34,
      "var_total": 2.2319054506109564e+35,
      "concentracion": 0.3149,
      "gradiente_t": 0.0,
      "score": 0.3149,
      "flip_en_banda": true,
      "nivel_flip": 7524.4345,
      "valor_spot_now": 6962511431358674.0,
      "percentil_spot": 73.3,
      "interpretacion": "MEDIA \u2014 relevante, monitorear en conjunto"
    },
    "speed": {
      "n_strikes_banda": 30,
      "var_banda": 1.5238373466138901e+24,
      "var_total": 3.666618519628174e+24,
      "concentracion": 0.4156,
      "gradiente_t": 0.0001,
      "score": 0.4156,
      "flip_en_banda": false,
      "nivel_flip": null,
      "valor_spot_now": 679471846949.04,
      "percentil_spot": 50.0,
      "interpretacion": "MEDIA \u2014 relevante, monitorear en conjunto"
    },
    "vomma": {
      "n_strikes_banda": 30,
      "var_banda": 2.8909149800470886e+29,
      "var_total": 2.7133649649027096e+29,
      "concentracion": 1.0654,
      "gradiente_t": 0.0179,
      "score": 1.0845,
      "flip_en_banda": true,
      "nivel_flip": 7395.5029,
      "valor_spot_now": 1192119264519133.5,
      "percentil_spot": 50.0,
      "interpretacion": "ALTA \u2014 domina el comportamiento cerca del spot"
    },
    "zomma": {
      "n_strikes_banda": 30,
      "var_banda": 1.8067455046740082e+28,
      "var_total": 5.3097900702310195e+28,
      "concentracion": 0.3403,
      "gradiente_t": 0.0011,
      "score": 0.3406,
      "flip_en_banda": true,
      "nivel_flip": 7515.8832,
      "valor_spot_now": 194768519676131.1,
      "percentil_spot": 80.0,
      "interpretacion": "MEDIA \u2014 relevante, monitorear en conjunto"
    }
  },
  "tiene_inv": false
}