{
  "activo": "NDX",
  "spot": 29245.799,
  "banda_pct": 0.01,
  "minutos_ahora": 900,
  "generated_at": "2026-05-15 09:44:07",
  "ranking": [
    "vomma",
    "vanna",
    "zomma",
    "delta",
    "gamma",
    "charm",
    "speed",
    "color"
  ],
  "lider": "vomma",
  "resumen": [
    "#1 VOMMA     \u2014 Vomma dVega/dVol (OI)           score=0.676  conc=0.671  grad=0.007  val@spot=-1.22e+15  p52 | FLIP en 29063.21",
    "#2 VEX       \u2014 Vanna Exposure (OI)             score=0.671  conc=0.670  grad=0.003  val@spot=2.25e+12  p72",
    "#3 ZOMMA     \u2014 Zomma dGamma/dVol (OI)          score=0.439  conc=0.438  grad=0.001  val@spot=3.55e+13  p52 | FLIP en 29312.24",
    "#4 DEX       \u2014 Net Delta (OI)                  score=0.410  conc=0.408  grad=0.004  val@spot=6.29e+09  p52",
    "#5 GEX       \u2014 Gamma Exposure (OI)             score=0.292  conc=0.292  grad=0.001  val@spot=-1.05e+09  p52",
    "#6 CHARM     \u2014 Charm dDelta/dT (OI)            score=0.184  conc=0.184  grad=0.000  val@spot=-6.47e+11  p28",
    "#7 SPEED     \u2014 Speed dGamma/dS (OI)            score=0.179  conc=0.179  grad=0.000  val@spot=8.35e+10  p76",
    "#8 COLOR     \u2014 Color dGamma/dT (OI)            score=0.041  conc=0.041  grad=0.000  val@spot=2.85e+15  p52 | FLIP en 29313.01"
  ],
  "por_superficie": {
    "gamma": {
      "n_strikes_banda": 29,
      "var_banda": 7.136928294922401e+17,
      "var_total": 2.4424568256826895e+18,
      "concentracion": 0.2922,
      "gradiente_t": 0.001,
      "score": 0.2925,
      "flip_en_banda": false,
      "nivel_flip": null,
      "valor_spot_now": -1046107926.54,
      "percentil_spot": 51.7,
      "interpretacion": "BAJA \u2014 energ\u00eda dispersa lejos del spot"
    },
    "vanna": {
      "n_strikes_banda": 29,
      "var_banda": 4.088503398073108e+23,
      "var_total": 6.103372924208684e+23,
      "concentracion": 0.6699,
      "gradiente_t": 0.0025,
      "score": 0.6715,
      "flip_en_banda": false,
      "nivel_flip": null,
      "valor_spot_now": 2248010789557.54,
      "percentil_spot": 72.4,
      "interpretacion": "ALTA \u2014 domina el comportamiento cerca del spot"
    },
    "delta": {
      "n_strikes_banda": 29,
      "var_banda": 9.700924220662112e+17,
      "var_total": 2.3747453750768655e+18,
      "concentracion": 0.4085,
      "gradiente_t": 0.0045,
      "score": 0.4103,
      "flip_en_banda": false,
      "nivel_flip": null,
      "valor_spot_now": 6293607778.08,
      "percentil_spot": 51.7,
      "interpretacion": "MEDIA \u2014 relevante, monitorear en conjunto"
    },
    "charm": {
      "n_strikes_banda": 29,
      "var_banda": 2.2287789744508045e+23,
      "var_total": 1.2141116133639027e+24,
      "concentracion": 0.1836,
      "gradiente_t": 0.0003,
      "score": 0.1836,
      "flip_en_banda": false,
      "nivel_flip": null,
      "valor_spot_now": -646562783538.17,
      "percentil_spot": 27.6,
      "interpretacion": "BAJA \u2014 energ\u00eda dispersa lejos del spot"
    },
    "color": {
      "n_strikes_banda": 29,
      "var_banda": 2.6552987275073466e+33,
      "var_total": 6.450175405895175e+34,
      "concentracion": 0.0412,
      "gradiente_t": 0.0,
      "score": 0.0412,
      "flip_en_banda": true,
      "nivel_flip": 29313.0066,
      "valor_spot_now": 2850685461770427.0,
      "percentil_spot": 51.7,
      "interpretacion": "BAJA \u2014 energ\u00eda dispersa lejos del spot"
    },
    "speed": {
      "n_strikes_banda": 29,
      "var_banda": 3.72324747539451e+21,
      "var_total": 2.081187033224689e+22,
      "concentracion": 0.1789,
      "gradiente_t": 0.0003,
      "score": 0.1789,
      "flip_en_banda": false,
      "nivel_flip": null,
      "valor_spot_now": 83459561327.2,
      "percentil_spot": 75.9,
      "interpretacion": "BAJA \u2014 energ\u00eda dispersa lejos del spot"
    },
    "vomma": {
      "n_strikes_banda": 29,
      "var_banda": 5.031210449656635e+29,
      "var_total": 7.49709990012032e+29,
      "concentracion": 0.6711,
      "gradiente_t": 0.0071,
      "score": 0.6759,
      "flip_en_banda": true,
      "nivel_flip": 29063.2084,
      "valor_spot_now": -1223667006765740.5,
      "percentil_spot": 51.7,
      "interpretacion": "ALTA \u2014 domina el comportamiento cerca del spot"
    },
    "zomma": {
      "n_strikes_banda": 29,
      "var_banda": 5.93221130132759e+27,
      "var_total": 1.3538420436591892e+28,
      "concentracion": 0.4382,
      "gradiente_t": 0.0014,
      "score": 0.4388,
      "flip_en_banda": true,
      "nivel_flip": 29312.2407,
      "valor_spot_now": 35504494480485.09,
      "percentil_spot": 51.7,
      "interpretacion": "MEDIA \u2014 relevante, monitorear en conjunto"
    }
  },
  "tiene_inv": false
}