{
  "activo": "NQ",
  "spot": 29338.25,
  "banda_pct": 0.01,
  "minutos_ahora": 900,
  "generated_at": "2026-05-15 09:44:33",
  "ranking": [
    "vanna",
    "vomma",
    "speed",
    "color",
    "charm",
    "delta",
    "zomma",
    "gamma"
  ],
  "lider": "vanna",
  "resumen": [
    "#1 VEX       \u2014 Vanna Exposure (OI)             score=1.195  conc=1.182  grad=0.011  val@spot=2.16e+12  p52 | FLIP en 29175.66",
    "#2 VOMMA     \u2014 Vomma dVega/dVol (OI)           score=1.155  conc=1.128  grad=0.024  val@spot=4.42e+15  p59 | FLIP en 29105.48",
    "#3 SPEED     \u2014 Speed dGamma/dS (OI)            score=0.926  conc=0.926  grad=0.000  val@spot=1.72e+11  p52 | FLIP en 29192.37",
    "#4 COLOR     \u2014 Color dGamma/dT (OI)            score=0.883  conc=0.883  grad=0.000  val@spot=1.64e+16  p97 | FLIP en 29589.93",
    "#5 CHARM     \u2014 Charm dDelta/dT (OI)            score=0.786  conc=0.786  grad=0.000  val@spot=-2.81e+11  p52 | FLIP en 29154.85",
    "#6 DEX       \u2014 Net Delta (OI)                  score=0.359  conc=0.359  grad=0.001  val@spot=1.58e+10  p14",
    "#7 ZOMMA     \u2014 Zomma dGamma/dVol (OI)          score=0.347  conc=0.346  grad=0.002  val@spot=4.54e+14  p100 | FLIP en 29581.35",
    "#8 GEX       \u2014 Gamma Exposure (OI)             score=0.230  conc=0.229  grad=0.001  val@spot=-4.13e+08  p52 | FLIP en 29397.76"
  ],
  "por_superficie": {
    "gamma": {
      "n_strikes_banda": 29,
      "var_banda": 1.5669992242079196e+18,
      "var_total": 6.829531240266194e+18,
      "concentracion": 0.2294,
      "gradiente_t": 0.0013,
      "score": 0.2297,
      "flip_en_banda": true,
      "nivel_flip": 29397.7598,
      "valor_spot_now": -413305927.47,
      "percentil_spot": 51.7,
      "interpretacion": "BAJA \u2014 energ\u00eda dispersa lejos del spot"
    },
    "vanna": {
      "n_strikes_banda": 29,
      "var_banda": 2.6091115152265937e+24,
      "var_total": 2.2071333893879607e+24,
      "concentracion": 1.1821,
      "gradiente_t": 0.0111,
      "score": 1.1952,
      "flip_en_banda": true,
      "nivel_flip": 29175.6552,
      "valor_spot_now": 2158333670689.85,
      "percentil_spot": 51.7,
      "interpretacion": "ALTA \u2014 domina el comportamiento cerca del spot"
    },
    "delta": {
      "n_strikes_banda": 29,
      "var_banda": 1.0988050743300028e+18,
      "var_total": 3.0602371517042007e+18,
      "concentracion": 0.3591,
      "gradiente_t": 0.0011,
      "score": 0.3594,
      "flip_en_banda": false,
      "nivel_flip": null,
      "valor_spot_now": 15802444368.23,
      "percentil_spot": 13.8,
      "interpretacion": "MEDIA \u2014 relevante, monitorear en conjunto"
    },
    "charm": {
      "n_strikes_banda": 29,
      "var_banda": 4.0443953856362074e+23,
      "var_total": 5.1454389494962164e+23,
      "concentracion": 0.786,
      "gradiente_t": 0.0002,
      "score": 0.7862,
      "flip_en_banda": true,
      "nivel_flip": 29154.8504,
      "valor_spot_now": -280502228524.79,
      "percentil_spot": 51.7,
      "interpretacion": "ALTA \u2014 domina el comportamiento cerca del spot"
    },
    "color": {
      "n_strikes_banda": 29,
      "var_banda": 1.3328298210979791e+35,
      "var_total": 1.5099182476819973e+35,
      "concentracion": 0.8827,
      "gradiente_t": 0.0,
      "score": 0.8827,
      "flip_en_banda": true,
      "nivel_flip": 29589.9316,
      "valor_spot_now": 1.6383319728865824e+16,
      "percentil_spot": 96.6,
      "interpretacion": "ALTA \u2014 domina el comportamiento cerca del spot"
    },
    "speed": {
      "n_strikes_banda": 29,
      "var_banda": 2.0154938588293704e+23,
      "var_total": 2.177362454881118e+23,
      "concentracion": 0.9257,
      "gradiente_t": 0.0002,
      "score": 0.9259,
      "flip_en_banda": true,
      "nivel_flip": 29192.3658,
      "valor_spot_now": 172339227078.53,
      "percentil_spot": 51.7,
      "interpretacion": "ALTA \u2014 domina el comportamiento cerca del spot"
    },
    "vomma": {
      "n_strikes_banda": 29,
      "var_banda": 3.027670609372578e+30,
      "var_total": 2.68483833284398e+30,
      "concentracion": 1.1277,
      "gradiente_t": 0.0242,
      "score": 1.155,
      "flip_en_banda": true,
      "nivel_flip": 29105.4818,
      "valor_spot_now": 4421229203304818.0,
      "percentil_spot": 58.6,
      "interpretacion": "ALTA \u2014 domina el comportamiento cerca del spot"
    },
    "zomma": {
      "n_strikes_banda": 29,
      "var_banda": 3.151325444097148e+28,
      "var_total": 9.102472470363025e+28,
      "concentracion": 0.3462,
      "gradiente_t": 0.0017,
      "score": 0.3468,
      "flip_en_banda": true,
      "nivel_flip": 29581.3528,
      "valor_spot_now": 454377168605148.94,
      "percentil_spot": 100.0,
      "interpretacion": "MEDIA \u2014 relevante, monitorear en conjunto"
    }
  },
  "tiene_inv": false
}