strike,oi_c,oi_p,vol_c,vol_p,oi_net,vol_net,gex,vex,dex,inv_gex,inv_vex_call,inv_vex_put,inv_net
778.0,777.0,776.0,775.0,774.0,1.0,1.0,6.932862939957853e-18,6.915164461099453e-18,-77600.0,2.35192810047164e-19,1.906309438148285e-18,-1.671116628101121e-18,4647.0
