{
  "activo": "ES",
  "spot": 7592.0,
  "banda_pct": 0.01,
  "minutos_ahora": 900,
  "generated_at": "2026-05-29 07:05:33",
  "ranking": [
    "color",
    "speed",
    "zomma",
    "charm",
    "vomma",
    "vanna",
    "gamma",
    "delta"
  ],
  "lider": "color",
  "resumen": [
    "#1 COLOR     \u2014 Color dGamma/dT (OI)            score=1.700  conc=1.700  grad=0.000  val@spot=-2.48e+15  p44 | FLIP en 7577.98",
    "#2 SPEED     \u2014 Speed dGamma/dS (OI)            score=1.575  conc=1.575  grad=0.000  val@spot=1.37e+12  p85 | FLIP en 7639.71",
    "#3 ZOMMA     \u2014 Zomma dGamma/dVol (OI)          score=1.464  conc=1.462  grad=0.001  val@spot=-1.65e+14  p51 | FLIP en 7579.19",
    "#4 CHARM     \u2014 Charm dDelta/dT (OI)            score=1.433  conc=1.433  grad=0.000  val@spot=-6.31e+11  p21",
    "#5 VOMMA     \u2014 Vomma dVega/dVol (OI)           score=0.907  conc=0.895  grad=0.013  val@spot=1.33e+15  p51 | FLIP en 7523.34",
    "#6 VEX       \u2014 Vanna Exposure (OI)             score=0.897  conc=0.883  grad=0.017  val@spot=2.28e+12  p82 | FLIP en 7654.30",
    "#7 GEX       \u2014 Gamma Exposure (OI)             score=0.602  conc=0.602  grad=0.000  val@spot=1.17e+10  p51 | FLIP en 7518.81",
    "#8 DEX       \u2014 Net Delta (OI)                  score=0.361  conc=0.361  grad=0.001  val@spot=3.39e+10  p51"
  ],
  "por_superficie": {
    "gamma": {
      "n_strikes_banda": 61,
      "var_banda": 3.6997213208162075e+19,
      "var_total": 6.146525442202947e+19,
      "concentracion": 0.6019,
      "gradiente_t": 0.0003,
      "score": 0.6021,
      "flip_en_banda": true,
      "nivel_flip": 7518.8076,
      "valor_spot_now": 11692306153.59,
      "percentil_spot": 50.8,
      "interpretacion": "ALTA \u2014 domina el comportamiento cerca del spot"
    },
    "vanna": {
      "n_strikes_banda": 61,
      "var_banda": 4.806361827759852e+23,
      "var_total": 5.4452973239203043e+23,
      "concentracion": 0.8827,
      "gradiente_t": 0.0168,
      "score": 0.8975,
      "flip_en_banda": true,
      "nivel_flip": 7654.2999,
      "valor_spot_now": 2284027999726.27,
      "percentil_spot": 82.0,
      "interpretacion": "ALTA \u2014 domina el comportamiento cerca del spot"
    },
    "delta": {
      "n_strikes_banda": 61,
      "var_banda": 4.942349333459563e+19,
      "var_total": 1.3699908866699182e+20,
      "concentracion": 0.3608,
      "gradiente_t": 0.0006,
      "score": 0.361,
      "flip_en_banda": false,
      "nivel_flip": null,
      "valor_spot_now": 33917922052.56,
      "percentil_spot": 50.8,
      "interpretacion": "MEDIA \u2014 relevante, monitorear en conjunto"
    },
    "charm": {
      "n_strikes_banda": 61,
      "var_banda": 1.3134898586015593e+24,
      "var_total": 9.167116445890606e+23,
      "concentracion": 1.4328,
      "gradiente_t": 0.0001,
      "score": 1.4329,
      "flip_en_banda": false,
      "nivel_flip": null,
      "valor_spot_now": -630960119667.28,
      "percentil_spot": 21.3,
      "interpretacion": "ALTA \u2014 domina el comportamiento cerca del spot"
    },
    "color": {
      "n_strikes_banda": 61,
      "var_banda": 1.6654985558259493e+35,
      "var_total": 9.799656421298405e+34,
      "concentracion": 1.6995,
      "gradiente_t": 0.0,
      "score": 1.6996,
      "flip_en_banda": true,
      "nivel_flip": 7577.9805,
      "valor_spot_now": -2479454616439376.0,
      "percentil_spot": 44.3,
      "interpretacion": "ALTA \u2014 domina el comportamiento cerca del spot"
    },
    "speed": {
      "n_strikes_banda": 61,
      "var_banda": 8.02715400073085e+24,
      "var_total": 5.095578823404658e+24,
      "concentracion": 1.5753,
      "gradiente_t": 0.0,
      "score": 1.5754,
      "flip_en_banda": true,
      "nivel_flip": 7639.7051,
      "valor_spot_now": 1374278063414.76,
      "percentil_spot": 85.2,
      "interpretacion": "ALTA \u2014 domina el comportamiento cerca del spot"
    },
    "vomma": {
      "n_strikes_banda": 61,
      "var_banda": 3.2977583379388796e+29,
      "var_total": 3.683430639583337e+29,
      "concentracion": 0.8953,
      "gradiente_t": 0.013,
      "score": 0.907,
      "flip_en_banda": true,
      "nivel_flip": 7523.3389,
      "valor_spot_now": 1333120317015370.8,
      "percentil_spot": 50.8,
      "interpretacion": "ALTA \u2014 domina el comportamiento cerca del spot"
    },
    "zomma": {
      "n_strikes_banda": 61,
      "var_banda": 5.475650917286091e+28,
      "var_total": 3.744798761056189e+28,
      "concentracion": 1.4622,
      "gradiente_t": 0.001,
      "score": 1.4637,
      "flip_en_banda": true,
      "nivel_flip": 7579.1857,
      "valor_spot_now": -164675050722016.6,
      "percentil_spot": 50.8,
      "interpretacion": "ALTA \u2014 domina el comportamiento cerca del spot"
    }
  },
  "tiene_inv": false
}