{
  "activo": "NDX",
  "spot": 30223.889,
  "banda_pct": 0.01,
  "minutos_ahora": 900,
  "generated_at": "2026-05-29 07:05:33",
  "ranking": [
    "color",
    "vomma",
    "charm",
    "zomma",
    "speed",
    "vanna",
    "gamma",
    "delta"
  ],
  "lider": "color",
  "resumen": [
    "#1 COLOR     \u2014 Color dGamma/dT (OI)            score=1.017  conc=1.017  grad=0.000  val@spot=-3.75e+15  p52 | FLIP en 30124.41",
    "#2 VOMMA     \u2014 Vomma dVega/dVol (OI)           score=0.775  conc=0.769  grad=0.008  val@spot=1.79e+14  p52 | FLIP en 30245.10",
    "#3 CHARM     \u2014 Charm dDelta/dT (OI)            score=0.655  conc=0.655  grad=0.001  val@spot=-5.02e+11  p32",
    "#4 ZOMMA     \u2014 Zomma dGamma/dVol (OI)          score=0.603  conc=0.601  grad=0.004  val@spot=-3.45e+13  p52 | FLIP en 30157.50",
    "#5 SPEED     \u2014 Speed dGamma/dS (OI)            score=0.491  conc=0.491  grad=0.001  val@spot=8.78e+10  p90",
    "#6 VEX       \u2014 Vanna Exposure (OI)             score=0.474  conc=0.474  grad=0.001  val@spot=2.14e+12  p82",
    "#7 GEX       \u2014 Gamma Exposure (OI)             score=0.461  conc=0.460  grad=0.002  val@spot=6.90e+08  p50 | FLIP en 29974.18",
    "#8 DEX       \u2014 Net Delta (OI)                  score=0.362  conc=0.361  grad=0.003  val@spot=6.88e+09  p50"
  ],
  "por_superficie": {
    "gamma": {
      "n_strikes_banda": 60,
      "var_banda": 9.33610047418024e+17,
      "var_total": 2.0297530829970478e+18,
      "concentracion": 0.46,
      "gradiente_t": 0.0019,
      "score": 0.4609,
      "flip_en_banda": true,
      "nivel_flip": 29974.1815,
      "valor_spot_now": 689696670.32,
      "percentil_spot": 50.0,
      "interpretacion": "MEDIA \u2014 relevante, monitorear en conjunto"
    },
    "vanna": {
      "n_strikes_banda": 60,
      "var_banda": 3.842807315535551e+23,
      "var_total": 8.112546663712769e+23,
      "concentracion": 0.4737,
      "gradiente_t": 0.0014,
      "score": 0.4744,
      "flip_en_banda": false,
      "nivel_flip": null,
      "valor_spot_now": 2138487630365.44,
      "percentil_spot": 81.7,
      "interpretacion": "MEDIA \u2014 relevante, monitorear en conjunto"
    },
    "delta": {
      "n_strikes_banda": 60,
      "var_banda": 8.263071818074167e+17,
      "var_total": 2.2915202508184212e+18,
      "concentracion": 0.3606,
      "gradiente_t": 0.0031,
      "score": 0.3617,
      "flip_en_banda": false,
      "nivel_flip": null,
      "valor_spot_now": 6878511039.75,
      "percentil_spot": 50.0,
      "interpretacion": "MEDIA \u2014 relevante, monitorear en conjunto"
    },
    "charm": {
      "n_strikes_banda": 60,
      "var_banda": 3.8190289019593036e+23,
      "var_total": 5.829901026085583e+23,
      "concentracion": 0.6551,
      "gradiente_t": 0.0005,
      "score": 0.6554,
      "flip_en_banda": false,
      "nivel_flip": null,
      "valor_spot_now": -502384098594.84,
      "percentil_spot": 31.7,
      "interpretacion": "ALTA \u2014 domina el comportamiento cerca del spot"
    },
    "color": {
      "n_strikes_banda": 60,
      "var_banda": 1.7034151866138822e+34,
      "var_total": 1.6746427075599831e+34,
      "concentracion": 1.0172,
      "gradiente_t": 0.0,
      "score": 1.0172,
      "flip_en_banda": true,
      "nivel_flip": 30124.4146,
      "valor_spot_now": -3745774990056804.0,
      "percentil_spot": 51.7,
      "interpretacion": "ALTA \u2014 domina el comportamiento cerca del spot"
    },
    "speed": {
      "n_strikes_banda": 60,
      "var_banda": 7.279475294871206e+21,
      "var_total": 1.48352975221716e+22,
      "concentracion": 0.4907,
      "gradiente_t": 0.0007,
      "score": 0.491,
      "flip_en_banda": false,
      "nivel_flip": null,
      "valor_spot_now": 87774246419.82,
      "percentil_spot": 90.0,
      "interpretacion": "MEDIA \u2014 relevante, monitorear en conjunto"
    },
    "vomma": {
      "n_strikes_banda": 60,
      "var_banda": 3.2360864457832006e+29,
      "var_total": 4.209343061867694e+29,
      "concentracion": 0.7688,
      "gradiente_t": 0.0077,
      "score": 0.7747,
      "flip_en_banda": true,
      "nivel_flip": 30245.103,
      "valor_spot_now": 178578699187580.0,
      "percentil_spot": 51.7,
      "interpretacion": "ALTA \u2014 domina el comportamiento cerca del spot"
    },
    "zomma": {
      "n_strikes_banda": 60,
      "var_banda": 8.277170561313077e+27,
      "var_total": 1.3781127907800003e+28,
      "concentracion": 0.6006,
      "gradiente_t": 0.0039,
      "score": 0.6029,
      "flip_en_banda": true,
      "nivel_flip": 30157.4991,
      "valor_spot_now": -34459126018539.05,
      "percentil_spot": 51.7,
      "interpretacion": "ALTA \u2014 domina el comportamiento cerca del spot"
    }
  },
  "tiene_inv": false
}