{
  "activo": "NQ",
  "spot": 30324.25,
  "banda_pct": 0.01,
  "minutos_ahora": 900,
  "generated_at": "2026-05-29 07:06:24",
  "ranking": [
    "zomma",
    "vanna",
    "color",
    "speed",
    "charm",
    "gamma",
    "vomma",
    "delta"
  ],
  "lider": "zomma",
  "resumen": [
    "#1 ZOMMA     \u2014 Zomma dGamma/dVol (OI)          score=1.111  conc=1.110  grad=0.001  val@spot=-5.87e+14  p40 | FLIP en 30179.80",
    "#2 VEX       \u2014 Vanna Exposure (OI)             score=1.049  conc=1.043  grad=0.006  val@spot=4.08e+12  p53 | FLIP en 30489.99",
    "#3 COLOR     \u2014 Color dGamma/dT (OI)            score=0.918  conc=0.918  grad=0.000  val@spot=-1.94e+16  p38 | FLIP en 30176.86",
    "#4 SPEED     \u2014 Speed dGamma/dS (OI)            score=0.904  conc=0.904  grad=0.000  val@spot=3.57e+11  p53 | FLIP en 30483.07",
    "#5 CHARM     \u2014 Charm dDelta/dT (OI)            score=0.707  conc=0.707  grad=0.000  val@spot=-4.73e+11  p50 | FLIP en 30503.69",
    "#6 GEX       \u2014 Gamma Exposure (OI)             score=0.662  conc=0.661  grad=0.001  val@spot=3.84e+09  p50 | FLIP en 30059.13",
    "#7 VOMMA     \u2014 Vomma dVega/dVol (OI)           score=0.490  conc=0.484  grad=0.012  val@spot=1.57e+15  p17",
    "#8 DEX       \u2014 Net Delta (OI)                  score=0.483  conc=0.482  grad=0.002  val@spot=1.16e+10  p50"
  ],
  "por_superficie": {
    "gamma": {
      "n_strikes_banda": 60,
      "var_banda": 6.48134041590191e+18,
      "var_total": 9.80707239620367e+18,
      "concentracion": 0.6609,
      "gradiente_t": 0.0011,
      "score": 0.6616,
      "flip_en_banda": true,
      "nivel_flip": 30059.1278,
      "valor_spot_now": 3838549404.43,
      "percentil_spot": 50.0,
      "interpretacion": "ALTA \u2014 domina el comportamiento cerca del spot"
    },
    "vanna": {
      "n_strikes_banda": 60,
      "var_banda": 4.880107655402802e+24,
      "var_total": 4.6791563693946656e+24,
      "concentracion": 1.0429,
      "gradiente_t": 0.0061,
      "score": 1.0493,
      "flip_en_banda": true,
      "nivel_flip": 30489.991,
      "valor_spot_now": 4081993640208.42,
      "percentil_spot": 53.3,
      "interpretacion": "ALTA \u2014 domina el comportamiento cerca del spot"
    },
    "delta": {
      "n_strikes_banda": 60,
      "var_banda": 7.116935387917424e+18,
      "var_total": 1.4751967212655145e+19,
      "concentracion": 0.4824,
      "gradiente_t": 0.0015,
      "score": 0.4832,
      "flip_en_banda": false,
      "nivel_flip": null,
      "valor_spot_now": 11603008524.13,
      "percentil_spot": 50.0,
      "interpretacion": "MEDIA \u2014 relevante, monitorear en conjunto"
    },
    "charm": {
      "n_strikes_banda": 60,
      "var_banda": 5.9757909950382236e+23,
      "var_total": 8.450209652853882e+23,
      "concentracion": 0.7072,
      "gradiente_t": 0.0001,
      "score": 0.7073,
      "flip_en_banda": true,
      "nivel_flip": 30503.6866,
      "valor_spot_now": -472930886102.13,
      "percentil_spot": 50.0,
      "interpretacion": "ALTA \u2014 domina el comportamiento cerca del spot"
    },
    "color": {
      "n_strikes_banda": 60,
      "var_banda": 2.610202062978771e+35,
      "var_total": 2.8446016915177927e+35,
      "concentracion": 0.9176,
      "gradiente_t": 0.0,
      "score": 0.9176,
      "flip_en_banda": true,
      "nivel_flip": 30176.8593,
      "valor_spot_now": -1.9430901107324044e+16,
      "percentil_spot": 38.3,
      "interpretacion": "ALTA \u2014 domina el comportamiento cerca del spot"
    },
    "speed": {
      "n_strikes_banda": 60,
      "var_banda": 4.521546264474977e+23,
      "var_total": 5.001615846272203e+23,
      "concentracion": 0.904,
      "gradiente_t": 0.0002,
      "score": 0.9042,
      "flip_en_banda": true,
      "nivel_flip": 30483.0725,
      "valor_spot_now": 356665117597.09,
      "percentil_spot": 53.3,
      "interpretacion": "ALTA \u2014 domina el comportamiento cerca del spot"
    },
    "vomma": {
      "n_strikes_banda": 60,
      "var_banda": 1.8227837144110553e+30,
      "var_total": 3.7668928014227565e+30,
      "concentracion": 0.4839,
      "gradiente_t": 0.012,
      "score": 0.4897,
      "flip_en_banda": false,
      "nivel_flip": null,
      "valor_spot_now": 1572993465370938.0,
      "percentil_spot": 16.7,
      "interpretacion": "MEDIA \u2014 relevante, monitorear en conjunto"
    },
    "zomma": {
      "n_strikes_banda": 60,
      "var_banda": 1.4400490552326176e+29,
      "var_total": 1.2973444181446323e+29,
      "concentracion": 1.11,
      "gradiente_t": 0.0007,
      "score": 1.1108,
      "flip_en_banda": true,
      "nivel_flip": 30179.8043,
      "valor_spot_now": -587163559420961.6,
      "percentil_spot": 40.0,
      "interpretacion": "ALTA \u2014 domina el comportamiento cerca del spot"
    }
  },
  "tiene_inv": false
}