{
  "activo": "SPX",
  "spot": 7563.63,
  "banda_pct": 0.01,
  "minutos_ahora": 900,
  "generated_at": "2026-05-29 07:05:33",
  "ranking": [
    "zomma",
    "gamma",
    "color",
    "vanna",
    "charm",
    "speed",
    "vomma",
    "delta"
  ],
  "lider": "zomma",
  "resumen": [
    "#1 ZOMMA     \u2014 Zomma dGamma/dVol (OI)          score=1.329  conc=1.327  grad=0.002  val@spot=1.26e+14  p52 | FLIP en 7566.29",
    "#2 GEX       \u2014 Gamma Exposure (OI)             score=0.768  conc=0.767  grad=0.002  val@spot=1.45e+10  p50 | FLIP en 7531.07",
    "#3 COLOR     \u2014 Color dGamma/dT (OI)            score=0.768  conc=0.768  grad=0.000  val@spot=-1.20e+16  p52 | FLIP en 7553.03",
    "#4 VEX       \u2014 Vanna Exposure (OI)             score=0.679  conc=0.673  grad=0.008  val@spot=1.43e+13  p95",
    "#5 CHARM     \u2014 Charm dDelta/dT (OI)            score=0.657  conc=0.656  grad=0.000  val@spot=-7.51e+12  p13",
    "#6 SPEED     \u2014 Speed dGamma/dS (OI)            score=0.487  conc=0.487  grad=0.000  val@spot=3.96e+12  p80",
    "#7 VOMMA     \u2014 Vomma dVega/dVol (OI)           score=0.328  conc=0.322  grad=0.019  val@spot=8.18e+14  p52 | FLIP en 7580.09",
    "#8 DEX       \u2014 Net Delta (OI)                  score=0.250  conc=0.249  grad=0.003  val@spot=8.69e+10  p50"
  ],
  "por_superficie": {
    "gamma": {
      "n_strikes_banda": 60,
      "var_banda": 6.995038572157145e+20,
      "var_total": 9.123622057577623e+20,
      "concentracion": 0.7667,
      "gradiente_t": 0.0023,
      "score": 0.7685,
      "flip_en_banda": true,
      "nivel_flip": 7531.0704,
      "valor_spot_now": 14526493143.84,
      "percentil_spot": 50.0,
      "interpretacion": "ALTA \u2014 domina el comportamiento cerca del spot"
    },
    "vanna": {
      "n_strikes_banda": 60,
      "var_banda": 1.7537049973724718e+25,
      "var_total": 2.6046464446069893e+25,
      "concentracion": 0.6733,
      "gradiente_t": 0.0084,
      "score": 0.679,
      "flip_en_banda": false,
      "nivel_flip": null,
      "valor_spot_now": 14254541701167.07,
      "percentil_spot": 95.0,
      "interpretacion": "ALTA \u2014 domina el comportamiento cerca del spot"
    },
    "delta": {
      "n_strikes_banda": 60,
      "var_banda": 2.406191119235919e+20,
      "var_total": 9.657310165893486e+20,
      "concentracion": 0.2492,
      "gradiente_t": 0.0025,
      "score": 0.2498,
      "flip_en_banda": false,
      "nivel_flip": null,
      "valor_spot_now": 86894894535.8,
      "percentil_spot": 50.0,
      "interpretacion": "BAJA \u2014 energ\u00eda dispersa lejos del spot"
    },
    "charm": {
      "n_strikes_banda": 60,
      "var_banda": 3.3421180680590913e+25,
      "var_total": 5.090460889363558e+25,
      "concentracion": 0.6565,
      "gradiente_t": 0.0002,
      "score": 0.6567,
      "flip_en_banda": false,
      "nivel_flip": null,
      "valor_spot_now": -7508689764194.68,
      "percentil_spot": 13.3,
      "interpretacion": "ALTA \u2014 domina el comportamiento cerca del spot"
    },
    "color": {
      "n_strikes_banda": 60,
      "var_banda": 2.0786240401769455e+35,
      "var_total": 2.7052497945304847e+35,
      "concentracion": 0.7684,
      "gradiente_t": 0.0,
      "score": 0.7684,
      "flip_en_banda": true,
      "nivel_flip": 7553.0298,
      "valor_spot_now": -1.1969744263447642e+16,
      "percentil_spot": 51.7,
      "interpretacion": "ALTA \u2014 domina el comportamiento cerca del spot"
    },
    "speed": {
      "n_strikes_banda": 60,
      "var_banda": 7.25465795146933e+24,
      "var_total": 1.4905113949210288e+25,
      "concentracion": 0.4867,
      "gradiente_t": 0.0003,
      "score": 0.4869,
      "flip_en_banda": false,
      "nivel_flip": null,
      "valor_spot_now": 3964449872664.62,
      "percentil_spot": 80.0,
      "interpretacion": "MEDIA \u2014 relevante, monitorear en conjunto"
    },
    "vomma": {
      "n_strikes_banda": 60,
      "var_banda": 4.897740187738991e+29,
      "var_total": 1.5232053518925827e+30,
      "concentracion": 0.3215,
      "gradiente_t": 0.0187,
      "score": 0.3276,
      "flip_en_banda": true,
      "nivel_flip": 7580.09,
      "valor_spot_now": 818191055104750.0,
      "percentil_spot": 51.7,
      "interpretacion": "MEDIA \u2014 relevante, monitorear en conjunto"
    },
    "zomma": {
      "n_strikes_banda": 60,
      "var_banda": 7.580345055662958e+29,
      "var_total": 5.713473412613748e+29,
      "concentracion": 1.3267,
      "gradiente_t": 0.0015,
      "score": 1.3288,
      "flip_en_banda": true,
      "nivel_flip": 7566.2883,
      "valor_spot_now": 125687095899964.69,
      "percentil_spot": 51.7,
      "interpretacion": "ALTA \u2014 domina el comportamiento cerca del spot"
    }
  },
  "tiene_inv": false
}