{
  "activo": "SPY",
  "spot": 751.733,
  "banda_pct": 0.01,
  "minutos_ahora": 900,
  "generated_at": "2026-05-26 09:25:47",
  "ranking": [
    "color",
    "speed",
    "vanna",
    "vomma",
    "zomma",
    "charm",
    "delta",
    "gamma"
  ],
  "lider": "color",
  "resumen": [
    "#1 COLOR     \u2014 Color dGamma/dT (OI)            score=1.590  conc=1.590  grad=0.000  val@spot=-2.51e+14  p43 | FLIP en 748.16",
    "#2 SPEED     \u2014 Speed dGamma/dS (OI)            score=1.535  conc=1.534  grad=0.000  val@spot=1.15e+11  p53 | FLIP en 754.34",
    "#3 VEX       \u2014 Vanna Exposure (OI)             score=1.116  conc=1.113  grad=0.003  val@spot=6.46e+10  p53 | FLIP en 758.59",
    "#4 VOMMA     \u2014 Vomma dVega/dVol (OI)           score=0.842  conc=0.832  grad=0.012  val@spot=-1.14e+11  p40 | FLIP en 758.04",
    "#5 ZOMMA     \u2014 Zomma dGamma/dVol (OI)          score=0.810  conc=0.809  grad=0.001  val@spot=-7.86e+12  p23 | FLIP en 747.11",
    "#6 CHARM     \u2014 Charm dDelta/dT (OI)            score=0.765  conc=0.765  grad=0.001  val@spot=-6.18e+11  p43",
    "#7 DEX       \u2014 Net Delta (OI)                  score=0.650  conc=0.648  grad=0.004  val@spot=7.49e+09  p50",
    "#8 GEX       \u2014 Gamma Exposure (OI)             score=0.426  conc=0.425  grad=0.002  val@spot=1.52e+09  p60 | FLIP en 745.69"
  ],
  "por_superficie": {
    "gamma": {
      "n_strikes_banda": 30,
      "var_banda": 1.5296605567181665e+18,
      "var_total": 3.598567758801985e+18,
      "concentracion": 0.4251,
      "gradiente_t": 0.0017,
      "score": 0.4258,
      "flip_en_banda": true,
      "nivel_flip": 745.6877,
      "valor_spot_now": 1521573791.76,
      "percentil_spot": 60.0,
      "interpretacion": "MEDIA \u2014 relevante, monitorear en conjunto"
    },
    "vanna": {
      "n_strikes_banda": 30,
      "var_banda": 1.0858057417921793e+21,
      "var_total": 9.754715906137252e+20,
      "concentracion": 1.1131,
      "gradiente_t": 0.0029,
      "score": 1.1163,
      "flip_en_banda": true,
      "nivel_flip": 758.5882,
      "valor_spot_now": 64585078577.82,
      "percentil_spot": 53.3,
      "interpretacion": "ALTA \u2014 domina el comportamiento cerca del spot"
    },
    "delta": {
      "n_strikes_banda": 30,
      "var_banda": 1.8954125685630643e+18,
      "var_total": 2.9269473909847726e+18,
      "concentracion": 0.6476,
      "gradiente_t": 0.0041,
      "score": 0.6502,
      "flip_en_banda": false,
      "nivel_flip": null,
      "valor_spot_now": 7488744517.36,
      "percentil_spot": 50.0,
      "interpretacion": "ALTA \u2014 domina el comportamiento cerca del spot"
    },
    "charm": {
      "n_strikes_banda": 30,
      "var_banda": 4.0964807916467086e+23,
      "var_total": 5.356039276875906e+23,
      "concentracion": 0.7648,
      "gradiente_t": 0.0005,
      "score": 0.7652,
      "flip_en_banda": false,
      "nivel_flip": null,
      "valor_spot_now": -617722587336.74,
      "percentil_spot": 43.3,
      "interpretacion": "ALTA \u2014 domina el comportamiento cerca del spot"
    },
    "color": {
      "n_strikes_banda": 30,
      "var_banda": 9.3529340558955e+31,
      "var_total": 5.883577324938586e+31,
      "concentracion": 1.5897,
      "gradiente_t": 0.0,
      "score": 1.5897,
      "flip_en_banda": true,
      "nivel_flip": 748.1591,
      "valor_spot_now": -251357491769173.78,
      "percentil_spot": 43.3,
      "interpretacion": "ALTA \u2014 domina el comportamiento cerca del spot"
    },
    "speed": {
      "n_strikes_banda": 30,
      "var_banda": 1.1357479180941006e+23,
      "var_total": 7.402845055112023e+22,
      "concentracion": 1.5342,
      "gradiente_t": 0.0004,
      "score": 1.5348,
      "flip_en_banda": true,
      "nivel_flip": 754.3371,
      "valor_spot_now": 115380608315.24,
      "percentil_spot": 53.3,
      "interpretacion": "ALTA \u2014 domina el comportamiento cerca del spot"
    },
    "vomma": {
      "n_strikes_banda": 30,
      "var_banda": 1.651879070052126e+23,
      "var_total": 1.9855491882496094e+23,
      "concentracion": 0.832,
      "gradiente_t": 0.0118,
      "score": 0.8417,
      "flip_en_banda": true,
      "nivel_flip": 758.0384,
      "valor_spot_now": -113697765416.71,
      "percentil_spot": 40.0,
      "interpretacion": "ALTA \u2014 domina el comportamiento cerca del spot"
    },
    "zomma": {
      "n_strikes_banda": 30,
      "var_banda": 1.901845349782766e+25,
      "var_total": 2.350039493852844e+25,
      "concentracion": 0.8093,
      "gradiente_t": 0.0009,
      "score": 0.81,
      "flip_en_banda": true,
      "nivel_flip": 747.1129,
      "valor_spot_now": -7855002888395.38,
      "percentil_spot": 23.3,
      "interpretacion": "ALTA \u2014 domina el comportamiento cerca del spot"
    }
  },
  "tiene_inv": false
}