strike,oi_c,oi_p,vol_c,vol_p,oi_net,vol_net,gex,vex,dex,inv_gex,inv_vex_call,inv_vex_put,inv_net
739.0,738.0,737.0,736.0,735.0,1.0,1.0,0.06407476757285818,0.06390599318855274,-73699.9996609785,522.6667229194928,522.6753756272594,-0.008652707766684697,5439.0
