Time,CallPremiumBuy,CallPremiumSell,PutPremiumBuy,PutPremiumSell,NetDeltaFlow,NetGammaFlow,NetCharmFlow,FlowVelocity,FlowAcceleration,FlowImbalance,FlowImbalance5m,FlowImbalance15m,FlowImbalanceCycle,CycleCallPremBuy,CyclePutPremBuy,CharmVelocity,CharmAcceleration,GammaRegime,DealerState,Regime,Confidence,Bias,Risk,BullishScore,BearishScore,VolatilityScore,SqueezeScore,PanicScore,BullishScoreRaw,BearishScoreRaw,Events,MaxCallFlowStrike,MaxPutFlowStrike,SPOT,DealerRegime,DealerRegimeConf,DealerRegimeTrans,LongScore,ShortScore,TradeBias,TradeConfidence
2026-09-13 18:00:00,0.0,0.0,0.0,0.0,0.0,0.0,0.0,0.0,0.0,0.0,0.0,0.0,0.0,0,0,0.0,0.0,NEGATIVE,SHORT_GAMMA,DEALER_LONG_GAMMA,0.41,NEUTRAL,LOW,20.0,15.0,30.0,15.0,0.0,20.0,15.0,,0.0,0.0,7686.0,LONG_GAMMA_PINNING,60.9,0.0,38.6,49.9,SHORT,22.6
2026-09-13 18:01:00,1320.0,0.0,6300.0,0.0,1.41,1.79,-6275.96,0.0,0.0,-0.6535,-0.6535,-0.6535,-0.6535,1320.0,6300.0,0.0,0.0,POSITIVE,LONG_GAMMA,DEALER_LONG_GAMMA,0.47,NEUTRAL,MEDIUM,22.6,24.2,37.0,15.0,14.0,27.4,41.3,,7660.0,7640.0,7686.5,LONG_GAMMA_PINNING,57.9,0.0,30.5,56.9,SHORT,52.8
2026-09-13 18:02:00,4800.0,3080.0,6300.0,0.0,2.23,-0.62,-4494.36,4010.0,-7220.0,-0.1351,-0.1351,-0.1351,1.0,3480.0,0.0,1781.5992,0.0,NEGATIVE,SHORT_GAMMA,DEALER_SHORT_GAMMA,0.39,NEUTRAL,HIGH,23.9,21.0,52.0,15.0,14.3,26.3,15.0,,7665.0,7640.0,7685.75,LONG_GAMMA_PINNING,57.9,1.0,37.8,51.3,SHORT,27.0
2026-09-13 18:03:00,5080.0,3110.0,6300.0,0.0,2.51,2.39,-26381.72,2757.0,-7370.0,-0.1072,-0.1072,-0.1072,1.0,280.0,0.0,-21887.3582,-23668.9574,POSITIVE,LONG_GAMMA,DEALER_LONG_GAMMA,0.49,BULLISH,MEDIUM,30.2,18.9,51.3,27.2,14.5,41.9,15.0,,7720.0,7640.0,7685.5,LONG_GAMMA_PINNING,57.9,0.626,37.5,50.7,SHORT,26.4
2026-09-13 18:04:00,7425.0,3110.0,37350.0,37650.0,7.11,3.02,-34092.76,1004.0,-6012.0,-0.6683,-0.6683,-0.6683,-0.8596,2345.0,31050.0,-7711.0446,-16580.8006,POSITIVE,LONG_GAMMA,DEALER_LONG_GAMMA,0.36,NEUTRAL,HIGH,33.0,26.9,57.8,31.7,23.4,38.3,41.7,,7660.0,7660.0,7684.75,LONG_GAMMA_PINNING,54.9,0.635,31.6,57.2,SHORT,51.2
2026-09-13 18:05:00,10580.0,4410.0,37350.0,37650.0,8.03,2.15,-29358.75,1174.0,-4727.0,-0.5585,-0.5585,-0.5585,1.0,3155.0,0.0,4734.0161,8564.3652,POSITIVE,LONG_GAMMA,DEALER_LONG_GAMMA,0.44,NEUTRAL,HIGH,34.9,25.9,62.1,25.9,29.2,38.6,24.0,,7625.0,7660.0,7684.75,LONG_GAMMA_PINNING,54.9,1.0,32.8,58.2,SHORT,50.8
2026-09-13 18:06:00,10580.0,4410.0,37350.0,37650.0,8.03,2.15,-29358.75,-350.0,-1125.0,-0.5585,-0.5406,-0.5585,0.0,0.0,0.0,0.0,17166.2094,POSITIVE,LONG_GAMMA,DEALER_LONG_GAMMA,0.44,NEUTRAL,HIGH,36.2,25.2,64.9,22.1,33.0,38.6,24.0,,7625.0,7660.0,7684.5,LONG_GAMMA_PINNING,51.9,1.0,32.0,56.2,SHORT,48.4
2026-09-13 18:07:00,11670.0,4410.0,41500.0,41800.0,10.03,2.15,-29358.75,-212.0,2984.0,-0.561,-0.6734,-0.561,-0.584,1090.0,4150.0,0.0,1488.5142,POSITIVE,LONG_GAMMA,DEALER_LONG_GAMMA,0.32,NEUTRAL,HIGH,37.2,28.3,66.7,19.6,39.0,39.0,34.0,FLOW_EXPANSION_BEARISH,7650.0,7700.0,7685.0,LONG_GAMMA_TREND,40.1,0.68,27.8,61.4,SHORT,67.2
2026-09-13 18:08:00,11710.0,8290.0,41500.0,41800.0,6.07,2.63,-32949.07,-1030.0,283.0,-0.5599,-0.683,-0.5599,1.0,40.0,0.0,-3590.3243,-4162.1702,POSITIVE,LONG_GAMMA,DEALER_LONG_GAMMA,0.34,NEUTRAL,MEDIUM,37.3,30.3,60.9,21.5,42.9,37.4,34.0,FLOW_EXPANSION_BEARISH,7720.0,7700.0,7685.0,LONG_GAMMA_TREND,37.1,0.689,26.6,57.9,SHORT,62.6
2026-09-13 18:09:00,11710.0,10240.0,41500.0,41800.0,-0.93,-121.69,-20676.28,-569.0,-2494.0,-0.5599,0.016,-0.5599,0.0,0.0,0.0,12272.7886,4341.2321,NEGATIVE,SHORT_GAMMA,DEALER_SHORT_GAMMA,0.31,NEUTRAL,HIGH,36.5,28.2,72.3,19.2,47.1,35.0,24.4,,7685.0,7700.0,7685.5,LONG_GAMMA_TREND,40.2,1.0,26.3,58.3,SHORT,64.0
2026-09-13 18:10:00,20382.0,10252.0,41500.0,41800.0,13.07,-121.69,-20676.28,792.0,412.0,-0.3413,0.4051,-0.3413,1.0,8672.0,0.0,0.0,7931.5565,NEGATIVE,SHORT_GAMMA,DEALER_SHORT_GAMMA,0.38,BULLISH,HIGH,37.6,24.3,72.1,17.7,53.4,39.6,17.1,FLOW_EXPANSION_BEARISH,7660.0,7700.0,7686.0,LONG_GAMMA_TREND,37.2,1.0,40.6,40.7,NEUTRAL,0.2
2026-09-13 18:11:00,20382.0,13652.0,41500.0,50000.0,9.59,-121.9,-19918.12,-1528.0,-255.0,-0.3413,0.4051,-0.3413,0.0,0.0,0.0,758.1635,-3962.1504,NEGATIVE,SHORT_GAMMA,PUT_PANIC,0.31,BULLISH,MEDIUM,37.8,19.7,64.0,16.8,54.0,38.1,11.1,,7650.0,7700.0,7686.25,LONG_GAMMA_TREND,34.2,1.0,40.2,42.2,NEUTRAL,4.0
2026-09-13 18:12:00,20382.0,13652.0,41500.0,50000.0,9.59,-121.9,-19918.12,-1746.0,1915.0,-0.3413,1.0,-0.3413,0.0,0.0,0.0,0.0,-5757.3126,NEGATIVE,SHORT_GAMMA,DEALER_SHORT_GAMMA,0.42,NEUTRAL,HIGH,32.6,21.9,65.8,16.2,57.9,23.1,26.1,FLOW_EXPANSION_BEARISH,7650.0,7700.0,7686.0,LONG_GAMMA_PINNING,38.3,0.685,43.0,42.5,NEUTRAL,1.0
2026-09-13 18:13:00,20382.0,13652.0,41500.0,50000.0,9.59,-121.9,-19918.12,-978.0,-7222.0,-0.3413,1.0,-0.3413,0.0,0.0,0.0,0.0,-379.0817,NEGATIVE,SHORT_GAMMA,DEALER_SHORT_GAMMA,0.31,BULLISH,HIGH,34.5,18.1,66.9,15.8,56.9,38.1,11.1,,7650.0,7700.0,7686.25,LONG_GAMMA_PINNING,38.3,0.185,42.2,39.7,NEUTRAL,5.0
2026-09-13 18:14:00,22152.0,14402.0,41500.0,50000.0,9.59,-121.9,-19918.12,-384.0,1810.0,-0.304,1.0,-0.304,1.0,1770.0,0.0,0.0,-379.0817,NEGATIVE,SHORT_GAMMA,DEALER_SHORT_GAMMA,0.38,BULLISH,HIGH,35.7,17.6,67.5,15.5,59.7,38.0,16.6,FLOW_EXPANSION_BEARISH,7660.0,7700.0,7686.25,LONG_GAMMA_PINNING,41.4,0.176,44.3,40.4,NEUTRAL,7.8
2026-09-13 18:15:00,23085.0,22640.0,41500.0,50000.0,-9.34,-121.2,-25740.55,-3577.0,3705.0,-0.2851,1.0,-0.2851,1.0,932.0,0.0,-5822.4286,-2911.2143,NEGATIVE,SHORT_GAMMA,DEALER_SHORT_GAMMA,0.38,BULLISH,HIGH,35.5,17.7,69.3,15.3,61.6,35.0,17.9,,7660.0,7700.0,7687.0,LONG_GAMMA_PINNING,38.4,0.685,42.8,41.6,NEUTRAL,2.4
2026-09-13 18:16:00,24125.0,22640.0,41500.0,50000.0,-8.34,-121.2,-25740.55,-1049.0,-1748.0,-0.2648,1.0,-0.2137,1.0,1040.0,0.0,0.0,-2911.2143,NEGATIVE,SHORT_GAMMA,DEALER_SHORT_GAMMA,0.35,NEUTRAL,HIGH,30.1,18.7,70.4,15.2,59.3,20.0,20.4,,7645.0,7700.0,7687.0,LONG_GAMMA_PINNING,41.9,1.0,43.7,40.1,NEUTRAL,7.2
2026-09-13 18:17:00,24125.0,22695.0,41500.0,50000.0,-8.43,-122.15,-20811.43,-1060.0,-2617.0,-0.2648,1.0,-0.2912,0.0,0.0,0.0,4929.1173,5375.7729,NEGATIVE,SHORT_GAMMA,DEALER_SHORT_GAMMA,0.34,NEUTRAL,HIGH,26.6,19.3,69.6,18.6,57.8,20.0,20.4,,7710.0,7700.0,7686.5,LONG_GAMMA_PINNING,41.9,0.674,43.7,40.0,NEUTRAL,7.4
2026-09-13 18:18:00,24190.0,23265.0,41500.0,50000.0,-9.36,-121.41,-26990.17,-1161.0,3302.0,-0.2635,1.0,-0.2963,1.0,65.0,0.0,-6178.7407,2286.4026,NEGATIVE,SHORT_GAMMA,DEALER_SHORT_GAMMA,0.4,NEUTRAL,HIGH,24.3,21.8,70.9,20.8,60.3,20.0,26.6,,7720.0,7700.0,7686.25,LONG_GAMMA_PINNING,41.9,0.174,43.6,39.9,NEUTRAL,7.4
2026-09-13 18:19:00,24710.0,23265.0,41500.0,50000.0,-7.36,-121.41,-26990.17,-1261.0,3119.0,-0.2536,1.0,0.6128,1.0,520.0,0.0,0.0,-5553.929,NEGATIVE,SHORT_GAMMA,DEALER_SHORT_GAMMA,0.42,NEUTRAL,HIGH,22.8,23.3,71.7,18.8,61.9,20.0,26.1,,7680.0,7700.0,7686.25,LONG_GAMMA_PINNING,42.1,0.174,43.9,39.9,NEUTRAL,8.0
2026-09-13 18:20:00,26470.0,23505.0,41500.0,50000.0,-4.36,-121.41,-26990.17,504.0,19.0,-0.2211,1.0,0.5858,1.0,1760.0,0.0,0.0,624.8117,NEGATIVE,SHORT_GAMMA,DEALER_SHORT_GAMMA,0.42,NEUTRAL,MEDIUM,21.8,23.9,65.1,17.5,63.0,20.0,25.1,,7650.0,7700.0,7686.0,LONG_GAMMA_PINNING,42.1,0.174,46.9,38.4,LONG,17.0
2026-09-13 18:21:00,27675.0,23980.0,49700.0,50000.0,-4.82,-115.83,-28672.76,2082.0,3937.0,-0.2847,-0.3957,0.1611,-0.7438,1205.0,8200.0,-1682.5875,2248.0766,NEGATIVE,SHORT_GAMMA,DEALER_SHORT_GAMMA,0.42,BEARISH,HIGH,21.2,30.7,67.8,16.6,63.7,20.0,43.4,,7645.0,7665.0,7686.0,LONG_GAMMA_PINNING,42.1,0.174,46.3,39.8,NEUTRAL,13.0
2026-09-13 18:22:00,29315.0,23980.0,49700.0,50000.0,-0.82,-115.83,-28672.76,2421.0,4022.0,-0.258,-0.2248,0.3654,1.0,1640.0,0.0,0.0,-841.2938,NEGATIVE,SHORT_GAMMA,DEALER_SHORT_GAMMA,0.42,BEARISH,HIGH,20.8,34.5,69.4,16.0,64.2,20.0,41.7,,7650.0,7665.0,7686.0,LONG_GAMMA_PINNING,42.1,0.174,46.3,39.1,NEUTRAL,14.4
2026-09-13 18:23:00,29345.0,41540.0,49700.0,74300.0,-27.23,-116.17,-29269.22,-5844.0,-11440.0,-0.2575,-0.228,0.3652,1.0,30.0,0.0,-596.4635,543.062,NEGATIVE,SHORT_GAMMA,DEALER_SHORT_GAMMA,0.3,NEUTRAL,HIGH,25.8,30.1,68.9,19.1,61.0,35.0,22.0,,7730.0,7700.0,7687.0,LONG_GAMMA_PINNING,39.1,0.683,43.9,42.0,NEUTRAL,3.8
2026-09-13 18:24:00,29345.0,68790.0,49700.0,74300.0,-69.26,-116.51,-26266.38,-11398.0,-27705.0,-0.2575,-0.2778,0.3652,0.0,0.0,0.0,3002.8453,2044.4847,NEGATIVE,SHORT_GAMMA,DEALER_SHORT_GAMMA,0.3,NEUTRAL,MEDIUM,29.0,29.7,67.3,21.2,58.9,35.0,28.9,,7730.0,7700.0,7689.25,LONG_GAMMA_TREND,53.6,0.639,41.8,51.5,SHORT,19.4
2026-09-13 18:25:00,29410.0,76850.0,49700.0,81650.0,-79.22,-150.73,94257.92,-14771.0,-33427.0,-0.2565,-0.4722,0.048,1.0,65.0,0.0,120524.2993,62061.804,NEGATIVE,SHORT_GAMMA,CALL_SQUEEZE,0.28,BULLISH,HIGH,36.4,29.7,71.7,36.5,52.3,50.0,29.7,CALL_WALL_LADDERING,7740.0,7645.0,7690.25,LONG_GAMMA_TREND,53.6,0.139,42.1,50.4,SHORT,16.6
2026-09-13 18:26:00,36650.0,76850.0,65050.0,81650.0,-72.25,-150.29,93130.84,-12039.0,13427.0,-0.2793,-0.2621,-0.1829,-0.359,7240.0,15350.0,-1127.0831,58495.4172,NEGATIVE,SHORT_GAMMA,DEALER_SHORT_GAMMA,0.38,NEUTRAL,HIGH,35.9,32.6,74.6,34.2,51.5,35.0,38.1,,7650.0,7700.0,7691.0,LONG_GAMMA_TREND,50.6,0.648,30.0,58.7,SHORT,57.4
2026-09-13 18:27:00,38950.0,77705.0,65050.0,81650.0,-73.25,-150.29,93130.84,-12078.0,37437.0,-0.251,-0.2287,-0.1183,1.0,2300.0,0.0,0.0,-62327.1138,NEGATIVE,SHORT_GAMMA,DEALER_SHORT_GAMMA,0.42,BEARISH,HIGH,30.3,39.5,76.5,32.7,51.0,20.0,52.4,,7645.0,7700.0,7690.25,CHARM_DOMINATED,36.8,0.69,29.8,53.7,SHORT,47.8
2026-09-13 18:28:00,47135.0,113680.0,65050.0,81650.0,-84.25,-150.29,93130.84,-9270.0,20046.0,-0.1597,0.0736,0.0637,1.0,8185.0,0.0,0.0,-59698.6081,NEGATIVE,SHORT_GAMMA,DEALER_SHORT_GAMMA,0.49,BEARISH,HIGH,26.7,38.3,77.7,31.8,33.1,20.0,36.0,,7645.0,7700.0,7689.75,CHARM_DOMINATED,33.8,0.699,30.8,52.5,SHORT,43.4
2026-09-13 18:29:00,47135.0,135020.0,65050.0,81650.0,-100.25,-150.29,93130.84,-8088.0,-19518.0,-0.1597,0.0736,0.0295,0.0,0.0,0.0,0.0,563.5416,NEGATIVE,SHORT_GAMMA,DEALER_SHORT_GAMMA,0.39,NEUTRAL,HIGH,24.4,34.4,78.5,31.2,21.5,20.0,27.2,,7635.0,7700.0,7690.5,CHARM_DOMINATED,36.3,1.0,30.7,53.1,SHORT,44.8
2026-09-13 18:30:00,47960.0,151145.0,65050.0,88850.0,-110.78,-150.54,92664.09,-9519.0,-35894.0,-0.1512,0.0944,0.0274,1.0,825.0,0.0,-466.75,-233.375,NEGATIVE,SHORT_GAMMA,DEALER_LONG_GAMMA,0.35,BULLISH,HIGH,28.1,26.8,79.0,30.8,14.0,35.0,12.6,,7660.0,7680.0,7691.5,CHARM_DOMINATED,36.4,0.691,32.5,53.2,SHORT,41.4
2026-09-13 18:31:00,68320.0,154545.0,65050.0,88850.0,-94.76,-150.32,90411.93,-10645.0,4212.0,0.0245,1.0,0.3047,1.0,20360.0,0.0,-2252.1572,-1359.4536,NEGATIVE,SHORT_GAMMA,DEALER_SHORT_GAMMA,0.45,BULLISH,HIGH,34.0,20.9,78.9,30.5,9.1,45.0,10.1,,7650.0,7680.0,7691.5,CHARM_DOMINATED,33.4,0.7,34.2,49.1,SHORT,29.8
2026-09-13 18:32:00,69080.0,155240.0,65050.0,88850.0,-95.0,-153.17,100779.72,-10921.0,22740.0,0.03,1.0,0.3125,1.0,760.0,0.0,10367.7829,4291.1879,NEGATIVE,SHORT_GAMMA,DEALER_SHORT_GAMMA,0.45,BULLISH,HIGH,37.9,17.1,79.3,30.3,5.9,45.0,10.0,,7660.0,7680.0,7691.5,LONG_GAMMA_PINNING,60.5,0.619,39.4,51.8,SHORT,24.8
2026-09-13 18:33:00,69990.0,155240.0,65050.0,88850.0,-93.0,-153.17,100779.72,-5181.0,27898.0,0.0366,1.0,0.3208,1.0,910.0,0.0,0.0,6543.345,NEGATIVE,SHORT_GAMMA,DEALER_SHORT_GAMMA,0.45,BULLISH,HIGH,40.4,14.5,79.5,30.2,3.8,45.0,9.8,,7660.0,7680.0,7691.0,LONG_GAMMA_PINNING,60.5,0.119,39.8,50.6,SHORT,21.6
2026-09-13 18:34:00,70700.0,155810.0,65050.0,88850.0,-93.0,-153.17,100779.72,-885.0,3142.0,0.0416,1.0,0.3227,1.0,710.0,0.0,0.0,-4057.8129,NEGATIVE,SHORT_GAMMA,DEALER_SHORT_GAMMA,0.49,NEUTRAL,HIGH,36.8,18.1,79.7,30.1,2.5,30.0,24.8,,7660.0,7680.0,7691.5,LONG_GAMMA_PINNING,60.5,0.119,40.9,50.3,SHORT,18.8
2026-09-13 18:35:00,130850.0,156360.0,65050.0,93900.0,16.43,1742.45,-431003.16,14525.0,10021.0,0.3359,1.0,0.6318,1.0,60150.0,0.0,-531782.876,-271075.3295,POSITIVE,LONG_GAMMA,DEALER_LONG_GAMMA,0.31,NEUTRAL,MEDIUM,37.9,22.3,69.3,37.1,13.9,39.9,30.0,FLOW_EXPANSION_BULLISH,7630.0,7665.0,7689.75,LONG_GAMMA_PINNING,57.5,0.628,46.6,44.6,NEUTRAL,4.0
2026-09-13 18:36:00,133595.0,156585.0,65050.0,93900.0,19.43,1742.45,-431003.16,11637.0,18582.0,0.3451,1.0,0.7468,1.0,2745.0,0.0,0.0,-265891.438,POSITIVE,LONG_GAMMA,DEALER_LONG_GAMMA,0.31,NEUTRAL,MEDIUM,38.8,25.0,62.5,41.6,21.3,40.4,30.0,FLOW_EXPANSION_BULLISH,7630.0,7665.0,7688.0,LONG_GAMMA_TREND,52.5,0.642,49.1,40.5,LONG,17.2
2026-09-13 18:37:00,135000.0,156625.0,79800.0,93900.0,19.66,1746.51,-440970.32,14847.0,23870.0,0.257,0.6343,0.5567,-0.8261,1405.0,14750.0,-9967.1595,260907.8583,POSITIVE,LONG_GAMMA,DEALER_LONG_GAMMA,0.34,BULLISH,MEDIUM,38.6,21.5,58.1,44.5,19.1,38.1,15.0,,7640.0,7695.0,7687.25,LONG_GAMMA_TREND,49.5,0.651,46.2,41.3,NEUTRAL,9.8
2026-09-13 18:38:00,167622.0,160488.0,90425.0,97300.0,36.54,1750.36,-484076.07,21862.0,-9138.0,0.2992,0.5874,0.545,0.5086,32623.0,10625.0,-43105.7532,239354.9816,POSITIVE,LONG_GAMMA,DEALER_LONG_GAMMA,0.42,NEUTRAL,MEDIUM,35.7,24.5,55.3,42.9,24.7,30.3,30.0,,7630.0,7690.0,7686.0,LONG_GAMMA_TREND,49.5,1.0,47.9,40.8,NEUTRAL,14.2
2026-09-13 18:39:00,171608.0,160552.0,90425.0,239950.0,61.57,1743.12,-517772.0,-5912.0,-57412.0,0.3098,0.5981,0.5549,1.0,3985.0,0.0,-33695.9261,-33417.2599,POSITIVE,LONG_GAMMA,DEALER_LONG_GAMMA,0.47,BULLISH,MEDIUM,34.2,21.2,53.4,41.9,21.3,31.5,15.0,,7675.0,7690.0,7686.5,LONG_GAMMA_TREND,46.5,1.0,51.4,40.8,LONG,21.2
2026-09-13 18:40:00,190278.0,167512.0,90425.0,239950.0,72.59,1743.33,-520039.89,-14480.0,-39662.0,0.3557,0.4016,0.596,1.0,18670.0,0.0,-2267.8928,8554.5469,POSITIVE,LONG_GAMMA,DEALER_LONG_GAMMA,0.47,BULLISH,MEDIUM,33.8,19.0,52.2,41.2,19.1,33.1,15.0,,7655.0,7690.0,7686.5,LONG_GAMMA_PINNING,40.6,0.678,56.3,31.7,LONG,49.2
2026-09-13 18:41:00,190312.0,173422.0,90425.0,239950.0,59.24,1602.45,-410246.47,-16159.0,-70348.0,0.3558,0.3818,0.7165,1.0,35.0,0.0,109793.4239,92163.6053,POSITIVE,LONG_GAMMA,DEALER_LONG_GAMMA,0.44,BULLISH,MEDIUM,33.3,17.6,51.4,44.3,17.7,32.3,15.0,,7730.0,7690.0,7687.25,LONG_GAMMA_PINNING,37.6,0.687,55.1,31.3,LONG,47.6
2026-09-13 18:42:00,191618.0,173422.0,90425.0,239950.0,63.65,1607.57,-435406.12,-19121.0,53752.0,0.3588,0.684,0.715,1.0,1305.0,0.0,-25159.6541,60298.7944,POSITIVE,LONG_GAMMA,DEALER_LONG_GAMMA,0.34,BULLISH,MEDIUM,36.6,16.7,50.9,46.3,16.8,42.6,15.0,FLOW_EXPANSION_BULLISH,7680.0,7690.0,7686.75,LONG_GAMMA_PINNING,34.6,1.0,54.3,31.0,LONG,46.6
2026-09-13 18:43:00,204142.0,173872.0,90425.0,239950.0,81.95,1648.15,-574011.55,-23903.0,66012.0,0.386,1.0,0.7217,1.0,12525.0,0.0,-138605.4302,-135645.3077,POSITIVE,LONG_GAMMA,DEALER_LONG_GAMMA,0.34,BULLISH,MEDIUM,39.3,16.1,50.6,47.6,16.2,44.3,15.0,FLOW_EXPANSION_BULLISH,7660.0,7690.0,7685.0,LONG_GAMMA_PINNING,31.6,1.0,51.5,30.3,LONG,42.4
2026-09-13 18:44:00,208182.0,174578.0,95500.0,242450.0,84.98,1650.04,-584735.32,5025.0,3512.0,0.3711,0.7563,0.682,-0.1135,4040.0,5075.0,-10723.7694,-116981.4847,POSITIVE,LONG_GAMMA,DEALER_LONG_GAMMA,0.34,BULLISH,MEDIUM,40.9,15.7,50.4,48.4,15.8,44.0,15.0,FLOW_EXPANSION_BULLISH,7660.0,7665.0,7685.0,LONG_GAMMA_PINNING,40.3,1.0,54.2,31.1,LONG,46.2
2026-09-13 18:45:00,208782.0,176898.0,95500.0,242450.0,84.44,1641.17,-584448.89,2339.0,7707.0,0.3723,0.5696,0.6816,1.0,600.0,0.0,286.4263,76663.8706,POSITIVE,LONG_GAMMA,DEALER_LONG_GAMMA,0.34,BULLISH,MEDIUM,42.0,15.5,50.3,49.0,15.5,44.0,15.0,FLOW_EXPANSION_BULLISH,7680.0,7665.0,7684.75,LONG_GAMMA_PINNING,40.3,0.679,56.4,31.1,LONG,50.6
2026-09-13 18:46:00,225322.0,179208.0,95500.0,242450.0,127.05,1695.5,-789661.5,6360.0,-550.0,0.4047,0.7468,0.6751,1.0,16540.0,0.0,-205212.6018,-27798.488,POSITIVE,LONG_GAMMA,DEALER_LONG_GAMMA,0.5,BULLISH,LOW,45.5,10.1,43.2,45.9,15.3,52.0,0.0,,7680.0,7665.0,7683.5,LONG_GAMMA_PINNING,37.3,0.688,57.3,30.3,LONG,54.0
2026-09-13 18:47:00,237842.0,179262.0,123850.0,242450.0,139.94,1710.78,-863894.49,14262.0,8782.0,0.3152,0.1607,0.4832,-0.3873,12520.0,28350.0,-74232.9895,-134504.1242,POSITIVE,LONG_GAMMA,DEALER_LONG_GAMMA,0.33,BULLISH,MEDIUM,50.6,11.8,45.6,47.3,22.2,60.0,15.0,FLOW_EXPANSION_BULLISH,7640.0,7630.0,7682.75,LONG_GAMMA_TREND,36.7,0.69,55.3,29.1,LONG,52.4
2026-09-13 18:48:00,388998.0,179318.0,123850.0,242450.0,277.6,1728.35,-987346.13,42067.0,66620.0,0.517,0.6937,0.6887,1.0,151155.0,0.0,-123451.6486,3620.7687,POSITIVE,LONG_GAMMA,DEALER_LONG_GAMMA,0.27,BULLISH,HIGH,52.1,18.2,54.1,48.2,26.7,54.8,30.0,FLOW_EXPANSION_BULLISH,7640.0,7630.0,7683.5,LONG_GAMMA_TREND,42.7,0.172,63.1,27.2,LONG,71.8
2026-09-13 18:49:00,414922.0,187642.0,123850.0,242450.0,296.6,1728.35,-987346.13,44405.0,63583.0,0.5403,0.7588,0.7082,1.0,25925.0,0.0,0.0,77996.9714,POSITIVE,LONG_GAMMA,DEALER_LONG_GAMMA,0.27,BULLISH,HIGH,53.4,22.3,59.7,48.8,29.6,55.8,30.0,FLOW_EXPANSION_BULLISH,7630.0,7630.0,7683.5,LONG_GAMMA_TREND,39.7,0.681,62.5,26.6,LONG,71.8
2026-09-13 18:50:00,422715.0,221635.0,123850.0,242450.0,270.6,1728.35,-987346.13,39509.0,19978.0,0.5468,0.766,0.6646,1.0,7792.0,0.0,0.0,98842.3191,POSITIVE,LONG_GAMMA,DEALER_LONG_GAMMA,0.27,BULLISH,HIGH,53.7,25.0,63.3,49.2,31.5,54.4,30.0,FLOW_EXPANSION_BULLISH,7625.0,7630.0,7683.5,LONG_GAMMA_PINNING,37.8,0.687,58.4,28.6,LONG,59.6
2026-09-13 18:51:00,526330.0,221740.0,123850.0,242450.0,365.71,1740.29,-1072077.94,57365.0,-64321.0,0.619,0.8278,0.7396,1.0,103615.0,0.0,-84731.8015,19359.9235,POSITIVE,LONG_GAMMA,DEALER_LONG_GAMMA,0.39,BULLISH,HIGH,57.2,21.5,65.6,46.0,32.7,63.6,15.0,,7640.0,7630.0,7683.25,LONG_GAMMA_PINNING,34.8,0.696,58.0,27.3,LONG,61.4
2026-09-13 18:52:00,526980.0,226255.0,130225.0,248825.0,345.71,1740.29,-1072077.94,48429.0,-59868.0,0.6037,0.9569,0.772,-0.8149,650.0,6375.0,0.0,-42365.9008,POSITIVE,LONG_GAMMA,DEALER_LONG_GAMMA,0.39,BULLISH,HIGH,59.0,19.2,67.1,43.9,33.5,62.3,15.0,,7655.0,7625.0,7684.0,LONG_GAMMA_TREND,45.2,0.664,62.3,25.2,LONG,74.2
2026-09-13 18:53:00,527090.0,226365.0,135725.0,263825.0,346.57,1739.76,-1074722.33,16309.0,34348.0,0.5905,0.8416,0.7762,-0.9608,110.0,5500.0,-2644.3918,41043.7049,POSITIVE,LONG_GAMMA,CALL_SQUEEZE,0.34,BULLISH,HIGH,68.7,17.7,68.1,58.3,34.0,86.8,15.0,FLOW_EXPANSION_BULLISH|DEALER_SQUEEZE|CALL_WALL_LADDERING,7695.0,7660.0,7685.5,LONG_GAMMA_TREND,56.1,0.132,64.5,27.1,LONG,74.8
2026-09-13 18:54:00,527090.0,226455.0,135725.0,263825.0,346.42,1737.88,-1068684.54,12771.0,-43140.0,0.5905,0.8085,0.7739,0.0,0.0,0.0,6037.7857,44062.5977,POSITIVE,LONG_GAMMA,DEALER_LONG_GAMMA,0.34,BULLISH,HIGH,71.5,16.8,68.8,64.1,34.4,76.8,15.0,DEALER_SQUEEZE|CALL_WALL_LADDERING,7700.0,7660.0,7686.25,LONG_GAMMA_TREND,56.1,0.132,63.8,27.6,LONG,72.4
2026-09-13 18:55:00,535110.0,247575.0,145925.0,263825.0,318.79,1355.02,369428.22,17431.0,-53986.0,0.5715,0.6717,0.7227,-0.1196,8020.0,10200.0,1438112.7611,723397.4693,POSITIVE,LONG_GAMMA,DEALER_LONG_GAMMA,0.33,BULLISH,HIGH,67.5,21.4,69.2,69.7,29.4,60.0,30.0,DEALER_SQUEEZE|CALL_WALL_LADDERING,7630.0,7630.0,7684.0,LONG_GAMMA_TREND,63.0,0.111,67.5,28.3,LONG,78.4
2026-09-13 18:56:00,538420.0,248085.0,145925.0,263825.0,324.79,1355.02,369428.22,-2711.0,6619.0,0.5735,-0.2923,0.725,1.0,3310.0,0.0,0.0,717359.6836,POSITIVE,LONG_GAMMA,CALL_SQUEEZE,0.35,BULLISH,HIGH,63.5,24.4,69.5,76.8,26.1,56.2,30.0,FLOW_EXPANSION_BULLISH|DEALER_SQUEEZE|CALL_WALL_LADDERING,7640.0,7630.0,7683.5,LONG_GAMMA_TREND,63.0,0.111,67.3,29.3,LONG,76.0
2026-09-13 18:57:00,578045.0,249555.0,194675.0,263825.0,369.44,1357.62,380720.41,15443.0,33730.0,0.4961,-0.1159,0.5751,-0.1033,39625.0,48750.0,11292.1912,-716429.1778,POSITIVE,LONG_GAMMA,CALL_SQUEEZE,0.35,BULLISH,MEDIUM,60.1,21.1,62.7,72.7,17.0,53.9,15.0,FLOW_EXPANSION_BULLISH,7635.0,7660.0,7682.25,LONG_GAMMA_TREND,63.0,0.111,65.6,29.5,LONG,72.2
2026-09-13 18:58:00,604455.0,251055.0,243675.0,266475.0,381.31,1372.76,363451.26,31595.0,55150.0,0.4254,-0.165,0.4463,-0.2996,26410.0,49000.0,-17269.1465,-722044.8582,POSITIVE,LONG_GAMMA,CALL_SQUEEZE,0.38,BULLISH,MEDIUM,57.8,13.7,58.3,70.0,11.1,53.4,0.0,FLOW_EXPANSION_BULLISH,7630.0,7660.0,7682.0,LONG_GAMMA_TREND,60.0,0.62,63.8,29.8,LONG,68.0
2026-09-13 18:59:00,604468.0,252772.0,243675.0,266475.0,376.31,1372.76,363451.26,31272.0,52203.0,0.4254,-0.165,0.4557,1.0,12.0,0.0,0.0,-14280.6689,POSITIVE,LONG_GAMMA,CALL_SQUEEZE,0.41,BULLISH,MEDIUM,56.2,8.9,55.4,71.8,7.2,53.3,0.0,FLOW_EXPANSION_BULLISH|DEALER_SQUEEZE,7725.0,7660.0,7682.0,LONG_GAMMA_PINNING,39.6,0.681,55.7,30.4,LONG,50.6
2026-09-13 19:00:00,605605.0,254700.0,243675.0,266475.0,376.31,1372.76,363451.26,31694.0,-21931.0,0.4262,-0.162,0.4562,1.0,1138.0,0.0,0.0,2988.4776,POSITIVE,LONG_GAMMA,DEALER_LONG_GAMMA,0.47,BULLISH,MEDIUM,48.2,11.0,53.5,65.9,4.7,33.3,15.0,,7645.0,7660.0,7682.75,LONG_GAMMA_PINNING,36.6,0.69,52.6,29.9,LONG,45.4
2026-09-13 19:01:00,608435.0,285770.0,243675.0,266475.0,358.43,1360.16,388389.2,25486.0,-89328.0,0.4281,-0.1653,0.4422,1.0,2830.0,0.0,24937.9379,21103.5422,POSITIVE,LONG_GAMMA,DEALER_LONG_GAMMA,0.47,BULLISH,MEDIUM,42.8,12.4,52.3,62.1,3.1,32.7,15.0,,7650.0,7660.0,7682.75,LONG_GAMMA_PINNING,39.5,1.0,52.4,30.6,LONG,43.6
2026-09-13 19:02:00,626310.0,291135.0,321875.0,266475.0,365.73,1362.7,394111.85,26247.0,-14218.0,0.3211,-0.4499,0.3247,-0.6279,17875.0,78200.0,5722.6481,15330.293,POSITIVE,LONG_GAMMA,DEALER_LONG_GAMMA,0.47,NEUTRAL,MEDIUM,35.7,13.3,51.5,59.6,2.0,22.6,15.0,,7650.0,7690.0,7684.5,LONG_GAMMA_PINNING,36.5,1.0,50.1,31.4,LONG,37.4
2026-09-13 19:03:00,626342.0,294732.0,321875.0,271975.0,359.38,1362.14,387478.09,10182.0,19049.0,0.3211,-0.5626,0.0903,1.0,32.0,0.0,-6633.7595,-12924.5246,POSITIVE,LONG_GAMMA,CALL_SQUEEZE,0.41,BULLISH,MEDIUM,36.3,8.6,51.0,65.0,1.3,37.5,0.0,FLOW_EXPANSION_BULLISH|DEALER_SQUEEZE,7730.0,7630.0,7685.0,LONG_GAMMA_PINNING,33.5,1.0,49.7,32.0,LONG,35.4
2026-09-13 19:04:00,630038.0,297348.0,321875.0,271975.0,353.43,1301.23,236169.57,10739.0,42090.0,0.3237,-0.5072,0.0414,1.0,3695.0,0.0,-151308.5204,-94301.433,POSITIVE,LONG_GAMMA,CALL_SQUEEZE,0.41,BULLISH,MEDIUM,36.7,5.6,46.7,68.5,0.8,37.4,0.0,FLOW_EXPANSION_BULLISH|DEALER_SQUEEZE,7715.0,7630.0,7685.25,LONG_GAMMA_PINNING,38.5,1.0,50.5,32.4,LONG,36.2
2026-09-13 19:05:00,632218.0,299528.0,354375.0,271975.0,351.34,1302.08,232913.92,17397.0,-23063.0,0.2816,-0.6124,-0.0478,-0.8743,2180.0,32500.0,-3255.6542,-76826.5317,POSITIVE,LONG_GAMMA,DEALER_LONG_GAMMA,0.47,BULLISH,MEDIUM,34.6,3.6,43.6,67.3,0.5,30.6,0.0,,7730.0,7700.0,7685.75,LONG_GAMMA_PINNING,38.5,0.684,50.1,32.1,LONG,36.0
2026-09-13 19:06:00,639448.0,317998.0,354375.0,277275.0,351.85,1302.51,226202.73,19737.0,-35142.0,0.2868,-0.5623,-0.3417,1.0,7230.0,0.0,-6711.1906,73987.7175,POSITIVE,LONG_GAMMA,DEALER_LONG_GAMMA,0.5,BULLISH,MEDIUM,33.2,2.3,41.3,63.0,0.3,30.6,0.0,,7655.0,7670.0,7687.0,LONG_GAMMA_PINNING,35.5,0.693,49.0,32.1,LONG,33.8
2026-09-13 19:07:00,639682.0,323528.0,354375.0,277275.0,341.2,1307.29,206827.97,536.0,7548.0,0.287,-0.417,-0.3308,1.0,235.0,0.0,-19374.752,64239.1161,POSITIVE,LONG_GAMMA,CALL_SQUEEZE,0.41,BULLISH,MEDIUM,34.3,1.5,39.3,67.2,0.2,36.4,0.0,DEALER_SQUEEZE,7710.0,7670.0,7688.75,LONG_GAMMA_TREND,50.7,0.648,54.5,33.5,LONG,42.0
2026-09-13 19:08:00,642082.0,345058.0,354375.0,279775.0,327.93,1313.2,181307.86,-1977.0,-31278.0,0.2887,-0.3474,-0.3107,1.0,2400.0,0.0,-25520.1124,-17464.0098,POSITIVE,LONG_GAMMA,DEALER_LONG_GAMMA,0.45,BULLISH,LOW,32.9,6.2,37.2,62.9,7.1,30.2,15.0,,7650.0,7630.0,7689.5,LONG_GAMMA_TREND,47.7,0.657,52.9,32.2,LONG,41.4
2026-09-13 19:09:00,644638.0,381308.0,354375.0,283700.0,302.38,1313.68,172883.12,-9717.0,-29495.0,0.2905,-0.38,-0.3007,1.0,2555.0,0.0,-8424.7424,-3929.4561,POSITIVE,LONG_GAMMA,DEALER_LONG_GAMMA,0.47,NEUTRAL,LOW,28.6,9.3,35.5,60.1,4.6,20.7,15.0,,7630.0,7650.0,7689.5,LONG_GAMMA_TREND,44.7,1.0,53.5,33.8,LONG,39.4
2026-09-13 19:10:00,682102.0,382612.0,372225.0,286200.0,326.67,1315.86,181100.84,-5915.0,8338.0,0.2939,0.4729,-0.2125,0.3546,37465.0,17850.0,8217.7172,22343.9196,POSITIVE,LONG_GAMMA,CALL_SQUEEZE,0.32,NEUTRAL,LOW,34.3,16.5,34.5,61.8,10.0,44.9,30.0,,7640.0,7640.0,7689.0,LONG_GAMMA_PINNING,36.4,0.691,49.3,34.4,LONG,29.8
2026-09-13 19:11:00,687502.0,383152.0,379950.0,309625.0,331.28,1315.46,166366.75,-4775.0,14479.0,0.2881,0.3053,-0.2217,-0.1771,5400.0,7725.0,-14734.0821,13714.245,POSITIVE,LONG_GAMMA,CALL_SQUEEZE,0.35,BULLISH,LOW,38.0,16.0,33.4,62.9,6.5,44.7,15.0,,7650.0,7650.0,7687.75,LONG_GAMMA_PINNING,33.4,0.7,48.7,33.7,LONG,30.0
2026-09-13 19:12:00,688458.0,390352.0,379950.0,344925.0,329.61,1314.68,141362.0,-12025.0,29333.0,0.2888,0.312,-0.2532,1.0,955.0,0.0,-25004.7535,-19765.9052,POSITIVE,LONG_GAMMA,CALL_SQUEEZE,0.35,BULLISH,LOW,40.3,15.7,32.0,63.6,4.2,44.5,15.0,,7650.0,7660.0,7687.75,LONG_GAMMA_PINNING,41.6,1.0,50.0,34.9,LONG,30.2
2026-09-13 19:13:00,699532.0,410068.0,379950.0,359625.0,320.94,1180.18,171072.26,-12367.0,-32187.0,0.2961,0.3839,-0.1781,1.0,11075.0,0.0,29710.2585,5610.9349,POSITIVE,LONG_GAMMA,DEALER_LONG_GAMMA,0.47,BULLISH,LOW,38.2,15.5,31.7,60.6,2.7,34.3,15.0,,7640.0,7660.0,7689.75,LONG_GAMMA_PINNING,38.6,1.0,49.8,33.9,LONG,31.8
2026-09-13 19:14:00,716748.0,410092.0,379950.0,359625.0,331.1,1182.52,164746.97,-1405.0,-36233.0,0.3071,0.4764,-0.0965,1.0,17215.0,0.0,-6325.2848,31561.9046,POSITIVE,LONG_GAMMA,DEALER_LONG_GAMMA,0.47,BULLISH,LOW,37.0,15.3,31.3,58.6,1.8,34.8,15.0,,7630.0,7660.0,7688.75,LONG_GAMMA_TREND,40.1,0.68,52.7,30.6,LONG,44.2
2026-09-13 19:15:00,722930.0,417315.0,379950.0,367350.0,332.04,1181.67,154066.16,-13460.0,21221.0,0.311,0.6818,-0.0747,1.0,6182.0,0.0,-10680.8186,-10855.8042,POSITIVE,LONG_GAMMA,CALL_SQUEEZE,0.35,BULLISH,LOW,39.7,15.2,30.8,60.8,1.2,44.8,15.0,FLOW_EXPANSION_BULLISH,7630.0,7630.0,7688.0,LONG_GAMMA_TREND,40.1,0.18,52.7,31.4,LONG,42.6
2026-09-13 19:16:00,725780.0,426320.0,379950.0,367350.0,327.0,1181.27,157359.25,-12523.0,33199.0,0.3128,1.0,-0.0746,1.0,2850.0,0.0,3293.0908,-15386.3507,POSITIVE,LONG_GAMMA,CALL_SQUEEZE,0.35,BULLISH,LOW,41.5,15.1,30.5,62.3,0.8,44.7,15.0,FLOW_EXPANSION_BULLISH,7645.0,7630.0,7688.5,LONG_GAMMA_TREND,37.1,0.689,52.1,31.0,LONG,42.2
2026-09-13 19:17:00,725915.0,426395.0,379950.0,367350.0,327.07,1182.05,150809.56,-4202.0,-1878.0,0.3128,1.0,0.2634,1.0,135.0,0.0,-6549.6809,6874.7567,POSITIVE,LONG_GAMMA,DEALER_LONG_GAMMA,0.44,BULLISH,LOW,39.1,15.1,30.2,63.2,0.5,34.7,15.0,,7725.0,7630.0,7688.0,LONG_GAMMA_PINNING,36.2,0.691,49.5,32.3,LONG,34.4
2026-09-13 19:18:00,725958.0,441378.0,379950.0,367350.0,294.47,1173.9,173584.4,-2522.0,-11224.0,0.3129,1.0,0.2634,1.0,42.0,0.0,22774.8324,11806.4397,POSITIVE,LONG_GAMMA,CALL_SQUEEZE,0.43,BULLISH,LOW,42.6,15.1,30.4,72.6,0.3,49.0,15.0,DEALER_SQUEEZE|CALL_WALL_LADDERING,7735.0,7630.0,7689.75,LONG_GAMMA_PINNING,33.2,0.7,48.0,30.5,LONG,35.0
2026-09-13 19:19:00,728998.0,457118.0,379950.0,367350.0,251.16,433.85,596098.09,-8500.0,-1733.0,0.3148,1.0,0.2604,1.0,3040.0,0.0,422513.6967,224272.5596,POSITIVE,LONG_GAMMA,DEALER_LONG_GAMMA,0.41,BULLISH,LOW,44.5,15.1,30.3,75.2,0.2,48.1,15.0,DEALER_SQUEEZE|CALL_WALL_LADDERING,7635.0,7630.0,7689.0,LONG_GAMMA_TREND,36.5,0.69,50.9,29.6,LONG,42.6
2026-09-13 19:20:00,729388.0,462942.0,379950.0,367350.0,234.99,150.63,796283.58,-7834.0,-7978.0,0.315,1.0,0.5833,1.0,390.0,0.0,200185.49,303237.0176,POSITIVE,LONG_GAMMA,DEALER_LONG_GAMMA,0.41,BULLISH,MEDIUM,45.6,15.1,37.2,76.9,0.1,47.7,15.0,DEALER_SQUEEZE|CALL_WALL_LADDERING,7675.0,7630.0,7688.0,LONG_GAMMA_TREND,40.4,0.179,52.9,31.0,LONG,43.8
2026-09-13 19:21:00,729602.0,464858.0,379950.0,367350.0,233.99,150.63,796283.58,-6943.0,828.0,0.3151,1.0,0.558,1.0,215.0,0.0,0.0,-122551.5195,POSITIVE,LONG_GAMMA,CALL_SQUEEZE,0.46,BULLISH,LOW,49.8,15.1,34.7,85.0,0.1,57.7,15.0,FLOW_EXPANSION_BULLISH|DEALER_SQUEEZE|CALL_WALL_LADDERING,7725.0,7630.0,7687.5,LONG_GAMMA_TREND,37.4,0.688,52.3,30.2,LONG,44.2
2026-09-13 19:22:00,729602.0,464858.0,379950.0,367350.0,233.99,150.63,796283.58,-6955.0,11442.0,0.3151,1.0,0.5571,0.0,0.0,0.0,0.0,-311349.5934,POSITIVE,LONG_GAMMA,CALL_SQUEEZE,0.46,BULLISH,MEDIUM,52.6,15.1,40.1,90.2,0.1,57.7,15.0,FLOW_EXPANSION_BULLISH|DEALER_SQUEEZE|CALL_WALL_LADDERING,7725.0,7630.0,7686.75,LONG_GAMMA_TREND,37.4,1.0,51.3,29.0,LONG,44.6
2026-09-13 19:23:00,730555.0,467680.0,382638.0,451538.0,237.03,130.63,818469.02,-20641.0,-19289.0,0.3125,0.2622,0.5158,-0.4766,952.0,2688.0,22185.4318,-89000.0291,POSITIVE,LONG_GAMMA,DEALER_LONG_GAMMA,0.44,BULLISH,MEDIUM,45.6,15.1,43.6,81.4,0.1,32.5,15.0,,7725.0,7700.0,7687.25,LONG_GAMMA_TREND,34.4,1.0,51.2,30.9,LONG,40.6
2026-09-13 19:24:00,741575.0,471740.0,382638.0,451538.0,235.33,-25.88,964115.43,-16709.0,-21902.0,0.3193,0.6479,0.5485,1.0,11020.0,0.0,145646.4092,83915.9205,NEGATIVE,SHORT_GAMMA,DEALER_SHORT_GAMMA,0.38,BULLISH,HIGH,41.0,15.1,56.3,72.2,0.1,32.6,15.0,,7635.0,7700.0,7686.75,LONG_GAMMA_PINNING,36.1,0.692,50.6,33.1,LONG,35.0
2026-09-13 19:25:00,741840.0,473930.0,382638.0,451538.0,233.33,-25.88,964115.43,-16007.0,-25262.0,0.3194,0.645,0.7031,1.0,265.0,0.0,0.0,61730.4887,NEGATIVE,SHORT_GAMMA,DEALER_SHORT_GAMMA,0.38,BULLISH,HIGH,38.0,15.1,64.6,66.2,0.1,32.5,15.0,,7665.0,7700.0,7688.0,LONG_GAMMA_PINNING,33.1,0.701,50.2,32.3,LONG,35.8
2026-09-13 19:26:00,746420.0,474015.0,382638.0,451538.0,237.21,-27.12,969843.43,-14768.0,44862.0,0.3222,0.7244,0.9128,1.0,4580.0,0.0,5728.0012,-81051.9199,NEGATIVE,SHORT_GAMMA,DEALER_SHORT_GAMMA,0.45,BULLISH,HIGH,39.6,15.1,70.0,65.8,0.1,42.7,15.0,FLOW_EXPANSION_BULLISH,7650.0,7700.0,7685.25,LONG_GAMMA_TREND,55.6,0.633,57.8,31.6,LONG,52.4
2026-09-13 19:27:00,749575.0,476550.0,388588.0,451538.0,237.81,-5.8,965203.6,-13454.0,41252.0,0.3172,0.3962,0.7523,-0.307,3155.0,5950.0,-4639.829,-72279.1185,NEGATIVE,SHORT_GAMMA,DEALER_SHORT_GAMMA,0.45,BULLISH,HIGH,40.6,15.1,73.5,65.5,0.1,42.5,15.0,FLOW_EXPANSION_BULLISH,7640.0,7640.0,7685.0,LONG_GAMMA_TREND,52.6,0.642,57.0,31.1,LONG,51.8
2026-09-13 19:28:00,749792.0,482588.0,388588.0,451538.0,231.97,-3.98,959028.53,2056.0,-769.0,0.3173,0.5275,0.7067,1.0,218.0,0.0,-6175.0677,-8271.4489,NEGATIVE,SHORT_GAMMA,DEALER_SHORT_GAMMA,0.36,BULLISH,HIGH,37.7,15.1,75.8,65.3,0.1,32.4,15.0,,7700.0,7640.0,7685.75,LONG_GAMMA_TREND,52.6,1.0,59.4,30.3,LONG,58.2
2026-09-13 19:29:00,752102.0,482692.0,394738.0,451538.0,233.13,-5.14,971183.45,2335.0,1750.0,0.3116,-0.0695,0.4102,-0.4539,2310.0,6150.0,12154.9162,2445.8381,NEGATIVE,SHORT_GAMMA,DEALER_SHORT_GAMMA,0.41,BULLISH,HIGH,44.5,9.8,77.3,65.2,0.1,57.3,0.0,FLOW_EXPANSION_BULLISH,7625.0,7645.0,7685.0,LONG_GAMMA_TREND,52.6,0.642,59.0,30.5,LONG,57.0
2026-09-13 19:30:00,759015.0,487460.0,394738.0,451538.0,230.4,-15.4,981343.89,3149.0,-3972.0,0.3157,0.1734,0.4186,1.0,6912.0,0.0,10160.4399,16565.1264,NEGATIVE,SHORT_GAMMA,DEALER_SHORT_GAMMA,0.34,BULLISH,HIGH,45.5,6.4,78.2,61.6,0.1,47.3,0.0,,7630.0,7645.0,7686.5,LONG_GAMMA_TREND,52.6,0.142,58.9,30.6,LONG,56.6
2026-09-13 19:31:00,763255.0,492060.0,394738.0,451538.0,230.4,-15.4,981343.89,2178.0,3005.0,0.3182,0.1636,0.4341,1.0,4240.0,0.0,0.0,2090.2957,NEGATIVE,SHORT_GAMMA,CALL_SQUEEZE,0.41,BULLISH,HIGH,54.9,4.2,78.8,71.5,0.1,72.3,0.0,FLOW_EXPANSION_BULLISH|DEALER_SQUEEZE|CALL_WALL_LADDERING,7665.0,7645.0,7687.25,LONG_GAMMA_TREND,52.6,0.142,58.6,30.6,LONG,56.0
2026-09-13 19:32:00,764870.0,501485.0,394738.0,454588.0,215.14,-61.54,1099099.21,-1308.0,-4292.0,0.3192,0.4264,0.4497,1.0,1615.0,0.0,117755.3291,47719.9865,NEGATIVE,SHORT_GAMMA,DEALER_SHORT_GAMMA,0.34,BULLISH,HIGH,52.2,2.7,79.2,65.7,0.1,47.0,0.0,,7660.0,7635.0,7689.0,LONG_GAMMA_TREND,52.6,0.142,57.8,30.6,LONG,54.4
2026-09-13 19:33:00,786215.0,501735.0,394738.0,467062.0,234.72,-46.73,1042002.24,1580.0,-6117.0,0.3315,0.7111,0.6059,1.0,21345.0,0.0,-57096.9738,25248.9577,NEGATIVE,SHORT_GAMMA,DEALER_SHORT_GAMMA,0.34,NEUTRAL,HIGH,45.4,12.3,79.5,62.0,7.1,32.7,30.0,,7640.0,7630.0,7688.5,LONG_GAMMA_TREND,49.6,0.651,58.5,30.2,LONG,56.6
2026-09-13 19:34:00,786215.0,503210.0,394738.0,467062.0,231.46,-50.46,1048221.63,-386.0,-2131.0,0.3315,1.0,0.5893,0.0,0.0,0.0,6219.3893,-84316.4568,NEGATIVE,SHORT_GAMMA,DEALER_SHORT_GAMMA,0.33,NEUTRAL,HIGH,40.9,18.5,79.7,63.1,11.6,32.6,30.0,,7695.0,7630.0,7688.5,LONG_GAMMA_TREND,46.6,1.0,57.3,30.0,LONG,54.6
2026-09-13 19:35:00,787520.0,503210.0,394738.0,467062.0,232.53,-49.71,1043533.72,-554.0,8427.0,0.3322,1.0,0.5944,1.0,1305.0,0.0,-4687.9148,-29563.4404,NEGATIVE,SHORT_GAMMA,DEALER_SHORT_GAMMA,0.41,NEUTRAL,HIGH,41.5,22.5,79.8,63.8,14.5,42.6,30.0,FLOW_EXPANSION_BULLISH,7640.0,7630.0,7688.25,LONG_GAMMA_PINNING,38.4,0.685,52.6,31.5,LONG,42.2
2026-09-13 19:36:00,787575.0,512170.0,394738.0,467062.0,219.53,-49.71,1043533.72,-2263.0,-1905.0,0.3323,1.0,0.5935,1.0,55.0,0.0,0.0,23094.8349,NEGATIVE,SHORT_GAMMA,DEALER_SHORT_GAMMA,0.33,NEUTRAL,HIGH,38.3,25.1,79.9,64.2,16.4,32.4,30.0,,7715.0,7630.0,7688.0,LONG_GAMMA_PINNING,38.4,0.185,52.0,31.5,LONG,41.0
2026-09-13 19:37:00,787738.0,512332.0,394738.0,467062.0,219.53,-49.71,1043533.72,-91.0,-6106.0,0.3324,1.0,0.5944,1.0,162.0,0.0,0.0,-765.7373,NEGATIVE,SHORT_GAMMA,DEALER_SHORT_GAMMA,0.34,NEUTRAL,HIGH,36.2,26.8,79.9,61.0,17.7,32.4,30.0,,7675.0,7630.0,7687.25,LONG_GAMMA_PINNING,35.4,0.694,51.7,31.0,LONG,41.4
2026-09-13 19:38:00,789012.0,513608.0,394738.0,467062.0,219.53,-49.71,1043533.72,-1815.0,-2883.0,0.3331,1.0,0.657,1.0,1275.0,0.0,0.0,2343.9574,NEGATIVE,SHORT_GAMMA,DEALER_SHORT_GAMMA,0.34,NEUTRAL,HIGH,34.9,27.9,79.9,58.9,18.5,32.4,30.0,,7650.0,7630.0,7687.0,LONG_GAMMA_PINNING,38.4,1.0,51.7,31.4,LONG,40.6
2026-09-13 19:39:00,789630.0,513930.0,394738.0,467062.0,220.09,-54.56,1065663.82,-1461.0,3898.0,0.3334,1.0,0.5977,1.0,618.0,0.0,22130.1062,11065.0531,NEGATIVE,SHORT_GAMMA,DEALER_SHORT_GAMMA,0.41,NEUTRAL,HIGH,37.5,28.6,79.9,61.0,19.0,42.4,30.0,FLOW_EXPANSION_BULLISH,7660.0,7630.0,7686.25,LONG_GAMMA_PINNING,35.4,1.0,51.1,31.0,LONG,40.2
2026-09-13 19:40:00,789630.0,513930.0,394738.0,467062.0,220.09,-54.56,1065663.82,-1722.0,4551.0,0.3334,1.0,0.5959,0.0,0.0,0.0,0.0,11065.0531,NEGATIVE,SHORT_GAMMA,DEALER_SHORT_GAMMA,0.41,NEUTRAL,HIGH,39.2,29.1,79.9,62.4,19.4,42.4,30.0,FLOW_EXPANSION_BULLISH,7660.0,7630.0,7686.25,LONG_GAMMA_PINNING,40.9,1.0,51.7,31.8,LONG,39.8
2026-09-13 19:41:00,789630.0,515300.0,394738.0,472462.0,219.54,-54.82,1064829.36,-1295.0,-2158.0,0.3334,1.0,0.5625,0.0,0.0,0.0,-834.4618,-11482.284,NEGATIVE,SHORT_GAMMA,DEALER_SHORT_GAMMA,0.38,BULLISH,HIGH,36.8,24.2,79.9,59.8,12.6,32.4,15.0,,7635.0,7670.0,7687.0,LONG_GAMMA_PINNING,37.9,1.0,51.3,31.5,LONG,39.6
2026-09-13 19:42:00,790035.0,516570.0,394738.0,507612.0,221.53,-62.43,1078124.81,-8498.0,-14409.0,0.3336,1.0,0.7361,1.0,405.0,0.0,13295.4481,-4834.5599,NEGATIVE,SHORT_GAMMA,DEALER_SHORT_GAMMA,0.38,BULLISH,HIGH,35.2,21.0,79.9,58.1,8.2,32.4,15.0,,7670.0,7700.0,7687.25,LONG_GAMMA_PINNING,38.4,1.0,52.3,35.0,LONG,34.6
2026-09-13 19:43:00,791325.0,516660.0,394738.0,507612.0,227.42,-63.55,1091779.74,-8258.0,-14009.0,0.3344,1.0,0.742,1.0,1290.0,0.0,13654.9291,13892.4195,NEGATIVE,SHORT_GAMMA,CALL_SQUEEZE,0.36,BULLISH,HIGH,39.5,18.9,79.9,65.8,5.3,47.5,15.0,DEALER_SQUEEZE|CALL_WALL_LADDERING,7685.0,7700.0,7687.0,LONG_GAMMA_PINNING,38.4,0.685,55.0,34.1,LONG,41.8
2026-09-13 19:44:00,791325.0,517065.0,394738.0,507612.0,226.42,-63.55,1091779.74,-8398.0,-8355.0,0.3344,1.0,1.0,0.0,0.0,0.0,0.0,596.9714,NEGATIVE,SHORT_GAMMA,DEALER_SHORT_GAMMA,0.38,BULLISH,HIGH,37.0,17.5,79.9,62.0,3.4,32.5,15.0,,7670.0,7700.0,7688.25,LONG_GAMMA_PINNING,35.4,0.694,51.6,33.2,LONG,36.8
2026-09-13 19:45:00,791325.0,519985.0,394738.0,507612.0,218.42,-63.55,1091779.74,-8982.0,20684.0,0.3344,1.0,1.0,0.0,0.0,0.0,0.0,-13475.1886,NEGATIVE,SHORT_GAMMA,DEALER_SHORT_GAMMA,0.4,BULLISH,HIGH,44.1,16.6,79.9,71.8,2.2,57.3,15.0,FLOW_EXPANSION_BULLISH|DEALER_SQUEEZE|CALL_WALL_LADDERING,7675.0,7700.0,7690.25,LONG_GAMMA_TREND,55.9,0.632,58.6,32.5,LONG,52.2
2026-09-13 19:46:00,792935.0,525985.0,399838.0,507612.0,215.97,-63.29,1092793.79,-7486.0,16536.0,0.3296,-0.2136,0.7067,-0.5201,1610.0,5100.0,1014.0532,-6320.4379,NEGATIVE,SHORT_GAMMA,DEALER_SHORT_GAMMA,0.45,BULLISH,HIGH,40.5,16.0,79.9,69.4,1.4,33.7,15.0,FLOW_EXPANSION_BULLISH,7650.0,7670.0,7689.75,LONG_GAMMA_TREND,52.9,0.641,57.3,31.8,LONG,51.0
2026-09-13 19:47:00,794685.0,525985.0,399838.0,507612.0,216.97,-63.29,1092793.79,67.0,-551.0,0.3305,-0.0462,0.7079,1.0,1750.0,0.0,0.0,507.0266,NEGATIVE,SHORT_GAMMA,DEALER_SHORT_GAMMA,0.38,BULLISH,HIGH,37.6,15.7,79.9,64.4,0.9,32.2,15.0,,7630.0,7670.0,7689.75,LONG_GAMMA_TREND,49.9,1.0,57.8,30.1,LONG,55.4
2026-09-13 19:48:00,794685.0,528700.0,399838.0,507612.0,212.78,-65.96,1099278.3,-716.0,1578.0,0.3305,-0.2057,0.2483,0.0,0.0,0.0,6484.5099,2735.2284,NEGATIVE,SHORT_GAMMA,DEALER_SHORT_GAMMA,0.43,BULLISH,HIGH,36.2,15.5,79.9,68.1,0.6,33.7,15.0,FLOW_EXPANSION_BULLISH|DEALER_SQUEEZE,7700.0,7670.0,7690.25,LONG_GAMMA_TREND,46.9,1.0,56.9,29.7,LONG,54.4
2026-09-13 19:49:00,794685.0,528700.0,399838.0,507612.0,212.78,-65.96,1099278.3,-635.0,783.0,0.3305,-0.2057,0.2483,0.0,0.0,0.0,0.0,2735.2284,NEGATIVE,SHORT_GAMMA,DEALER_SHORT_GAMMA,0.43,BULLISH,HIGH,35.3,15.3,79.9,70.5,0.4,33.7,15.0,FLOW_EXPANSION_BULLISH|DEALER_SQUEEZE,7700.0,7670.0,7690.25,LONG_GAMMA_TREND,43.9,1.0,56.3,29.4,LONG,53.8
2026-09-13 19:50:00,795635.0,528700.0,480938.0,507612.0,208.25,-63.52,1095229.41,16359.0,25215.0,0.2465,-0.9048,-0.8279,-0.9768,950.0,81100.0,-4048.8933,-5266.7016,NEGATIVE,SHORT_GAMMA,DEALER_SHORT_GAMMA,0.45,NEUTRAL,HIGH,31.3,15.2,79.9,68.6,0.3,23.9,15.0,,7650.0,7700.0,7690.0,LONG_GAMMA_PINNING,39.7,0.681,53.1,34.5,LONG,37.2
2026-09-13 19:51:00,795760.0,529865.0,484538.0,507612.0,205.07,-60.58,1091186.87,16729.0,28686.0,0.2431,-0.9354,-0.8329,-0.9329,125.0,3600.0,-4042.5377,-7287.9705,NEGATIVE,SHORT_GAMMA,DEALER_SHORT_GAMMA,0.43,NEUTRAL,HIGH,28.7,15.1,79.9,70.8,0.2,23.8,15.0,DEALER_SQUEEZE,7700.0,7650.0,7690.25,LONG_GAMMA_PINNING,39.7,0.181,52.2,34.9,LONG,34.6
2026-09-13 19:52:00,796068.0,529932.0,484538.0,507612.0,205.48,-54.97,1078176.67,16427.0,29641.0,0.2433,-0.9679,-0.8302,1.0,308.0,0.0,-13010.1971,-6501.9207,NEGATIVE,SHORT_GAMMA,DEALER_SHORT_GAMMA,0.43,NEUTRAL,HIGH,27.0,15.1,79.9,72.3,0.1,23.8,15.0,DEALER_SQUEEZE,7700.0,7650.0,7690.75,LONG_GAMMA_PINNING,39.7,0.181,52.1,34.8,LONG,34.6
2026-09-13 19:53:00,796068.0,535022.0,484538.0,507612.0,201.38,-56.2,1083916.4,15952.0,-41788.0,0.2433,-0.9679,-0.8543,0.0,0.0,0.0,5739.7304,410.4822,NEGATIVE,SHORT_GAMMA,DEALER_SHORT_GAMMA,0.36,NEUTRAL,HIGH,23.8,15.1,79.9,69.7,0.1,17.7,15.0,,7710.0,7650.0,7690.5,LONG_GAMMA_PINNING,39.7,0.181,51.4,35.0,LONG,32.8
2026-09-13 19:54:00,796698.0,536342.0,484538.0,507612.0,200.99,-49.91,1012087.42,15814.0,-44152.0,0.2436,-0.9536,-0.8541,1.0,630.0,0.0,-71828.9823,-24518.2585,NEGATIVE,SHORT_GAMMA,CALL_SQUEEZE,0.41,BULLISH,HIGH,28.0,9.8,79.9,76.8,0.1,35.7,0.0,DEALER_SQUEEZE|CALL_WALL_LADDERING,7740.0,7650.0,7691.0,LONG_GAMMA_PINNING,39.7,0.181,50.7,35.2,LONG,31.0
2026-09-13 19:55:00,796978.0,537428.0,484538.0,507612.0,199.51,-70.58,1057831.86,-757.0,-3595.0,0.2438,-0.4568,-0.8487,1.0,280.0,0.0,45744.4396,-9407.038,NEGATIVE,SHORT_GAMMA,CALL_SQUEEZE,0.33,BULLISH,HIGH,27.6,6.4,79.9,72.7,0.1,26.7,0.0,,7740.0,7650.0,7691.25,LONG_GAMMA_PINNING,39.7,0.181,49.1,35.4,LONG,27.4
2026-09-13 19:56:00,796978.0,537428.0,484538.0,507612.0,199.51,-70.58,1057831.86,-1269.0,1927.0,0.2438,1.0,-0.8487,0.0,0.0,0.0,0.0,55916.8458,NEGATIVE,SHORT_GAMMA,DEALER_SHORT_GAMMA,0.39,BULLISH,HIGH,37.0,4.2,79.9,73.5,0.1,54.5,0.0,DEALER_SQUEEZE,7740.0,7650.0,7691.25,LONG_GAMMA_PINNING,42.2,0.173,48.4,34.5,LONG,27.8
2026-09-13 19:57:00,798992.0,537428.0,484538.0,597462.0,208.01,-70.85,1050802.06,-18884.0,-26657.0,0.245,1.0,-0.8186,1.0,2015.0,0.0,-7029.7997,9527.3715,NEGATIVE,SHORT_GAMMA,DEALER_SHORT_GAMMA,0.38,NEUTRAL,HIGH,34.4,8.0,79.9,67.0,0.1,29.6,15.0,,7650.0,7700.0,7690.5,LONG_GAMMA_PINNING,39.2,0.682,50.9,34.3,LONG,33.2
2026-09-13 19:58:00,832082.0,537568.0,484538.0,597462.0,240.42,-83.76,1054177.41,-11276.0,-17548.0,0.264,1.0,-0.3756,1.0,33090.0,0.0,3375.347,-24699.4462,NEGATIVE,SHORT_GAMMA,DEALER_SHORT_GAMMA,0.38,BULLISH,HIGH,33.0,10.4,79.9,62.8,0.1,30.5,15.0,,7640.0,7700.0,7689.75,CHARM_DOMINATED,36.7,0.69,52.3,32.2,LONG,40.2
2026-09-13 19:59:00,875078.0,537568.0,484538.0,597462.0,273.42,-83.76,1054177.41,-2539.0,-3561.0,0.2872,1.0,-0.0348,1.0,42995.0,0.0,0.0,5202.5734,NEGATIVE,SHORT_GAMMA,DEALER_SHORT_GAMMA,0.38,BULLISH,HIGH,32.5,12.0,79.9,60.1,0.1,31.6,15.0,,7630.0,7700.0,7688.75,CHARM_DOMINATED,33.7,0.699,52.8,30.9,LONG,43.8
2026-09-13 20:00:00,954208.0,537568.0,484538.0,597462.0,327.42,-83.76,1054177.41,13448.0,95609.0,0.3264,1.0,0.2892,1.0,79130.0,0.0,0.0,1827.2264,NEGATIVE,SHORT_GAMMA,DEALER_SHORT_GAMMA,0.45,BULLISH,HIGH,36.3,13.1,79.9,61.8,0.1,43.2,15.0,FLOW_EXPANSION_BULLISH,7630.0,7700.0,7687.5,LONG_GAMMA_TREND,44.5,0.667,59.1,29.8,LONG,58.6
2026-09-13 20:01:00,965438.0,538018.0,484538.0,597462.0,336.42,-83.76,1054177.41,15604.0,71744.0,0.3317,1.0,0.3414,1.0,11230.0,0.0,0.0,-1687.6735,NEGATIVE,SHORT_GAMMA,DEALER_SHORT_GAMMA,0.45,BULLISH,HIGH,38.8,13.8,79.9,62.9,0.1,43.5,15.0,FLOW_EXPANSION_BULLISH,7635.0,7700.0,7688.75,LONG_GAMMA_TREND,44.6,0.166,61.5,29.8,LONG,63.4
2026-09-13 20:02:00,966605.0,540945.0,484538.0,597462.0,331.06,-168.44,1029740.72,32819.0,-8589.0,0.3322,1.0,0.3399,1.0,1168.0,0.0,-24436.6862,-12218.3431,NEGATIVE,SHORT_GAMMA,DEALER_SHORT_GAMMA,0.36,BULLISH,MEDIUM,36.9,14.2,72.9,63.6,0.1,33.4,15.0,,7700.0,7700.0,7689.25,LONG_GAMMA_TREND,41.6,0.675,58.9,29.5,LONG,58.8
2026-09-13 20:03:00,968925.0,540995.0,484538.0,597462.0,335.07,-168.25,1029312.7,26683.0,-57299.0,0.3333,1.0,0.3458,1.0,2320.0,0.0,-428.0234,-12432.3548,NEGATIVE,SHORT_GAMMA,DEALER_SHORT_GAMMA,0.38,BULLISH,HIGH,35.7,14.5,75.4,60.6,0.1,33.5,15.0,,7630.0,7700.0,7690.0,LONG_GAMMA_TREND,41.6,1.0,58.0,29.2,LONG,57.6
2026-09-13 20:04:00,976252.0,541232.0,484538.0,597462.0,346.31,-162.87,1038850.7,19502.0,-42422.0,0.3366,1.0,0.3638,1.0,7328.0,0.0,9538.0066,16773.3347,NEGATIVE,SHORT_GAMMA,CALL_SQUEEZE,0.36,BULLISH,HIGH,40.3,14.7,77.0,67.4,0.1,48.7,15.0,DEALER_SQUEEZE|CALL_WALL_LADDERING,7660.0,7700.0,7690.5,LONG_GAMMA_TREND,38.6,1.0,56.9,28.5,LONG,56.8
2026-09-13 20:05:00,977422.0,541232.0,484538.0,597462.0,347.31,-162.87,1038850.7,3910.0,-1000.0,0.3371,1.0,0.9612,1.0,1170.0,0.0,0.0,17201.3581,NEGATIVE,SHORT_GAMMA,DEALER_SHORT_GAMMA,0.38,BULLISH,MEDIUM,38.0,14.8,71.1,63.1,0.1,33.8,15.0,,7640.0,7700.0,7689.25,LONG_GAMMA_TREND,44.7,1.0,56.5,30.2,LONG,52.6
2026-09-13 20:06:00,977532.0,575372.0,484538.0,597462.0,318.25,-162.66,1054532.02,-5052.0,-8845.0,0.3372,1.0,1.0,1.0,110.0,0.0,15681.3145,3285.6657,NEGATIVE,SHORT_GAMMA,DEALER_SHORT_GAMMA,0.36,BULLISH,HIGH,36.3,14.9,74.2,63.8,0.1,33.3,15.0,,7700.0,7700.0,7689.75,LONG_GAMMA_TREND,41.7,1.0,55.4,30.5,LONG,49.8
2026-09-13 20:07:00,977532.0,578612.0,488088.0,650262.0,320.23,-165.44,1034089.11,-15198.0,-33130.0,0.334,0.5096,0.9616,-1.0,0.0,3550.0,-20442.9094,-7149.8008,NEGATIVE,SHORT_GAMMA,DEALER_SHORT_GAMMA,0.38,BULLISH,HIGH,35.2,14.9,76.2,60.7,0.1,33.1,15.0,,7630.0,7655.0,7689.25,CHARM_DOMINATED,36.4,0.691,55.7,31.8,LONG,47.8
2026-09-13 20:08:00,978542.0,579042.0,488088.0,650262.0,319.17,-166.08,1038760.97,-15536.0,-32777.0,0.3344,0.4608,0.9618,1.0,1010.0,0.0,4671.8643,-15726.1798,NEGATIVE,SHORT_GAMMA,DEALER_SHORT_GAMMA,0.38,BULLISH,HIGH,34.5,14.9,77.5,58.7,0.1,33.1,15.0,,7645.0,7655.0,7689.75,CHARM_DOMINATED,36.4,0.191,55.7,31.5,LONG,48.4
2026-09-13 20:09:00,978542.0,584422.0,490838.0,653012.0,309.11,-166.73,1043436.69,-18030.0,-2667.0,0.3319,-0.4668,0.933,-1.0,0.0,2750.0,4675.7161,7054.5877,NEGATIVE,SHORT_GAMMA,CALL_SQUEEZE,0.39,NEUTRAL,MEDIUM,32.5,14.9,71.4,69.7,0.1,28.7,15.0,DEALER_SQUEEZE|CALL_WALL_LADDERING,7720.0,7675.0,7689.75,CHARM_DOMINATED,33.4,0.7,52.2,31.1,LONG,42.2
2026-09-13 20:10:00,979102.0,609902.0,490838.0,702188.0,269.77,-146.69,1018355.29,-33083.0,16962.0,0.3322,-0.5789,0.9331,1.0,560.0,0.0,-25081.4007,-2317.3198,NEGATIVE,SHORT_GAMMA,DEALER_SHORT_GAMMA,0.39,BULLISH,HIGH,33.1,9.7,74.4,71.6,0.1,34.3,0.0,FLOW_EXPANSION_BULLISH|DEALER_SQUEEZE,7695.0,7685.0,7691.0,CHARM_DOMINATED,30.4,1.0,51.6,31.6,LONG,40.0
2026-09-13 20:11:00,1030302.0,615802.0,566588.0,702188.0,294.64,-144.5,1012348.84,-2067.0,39813.0,0.2904,-0.2172,0.4797,-0.1934,51200.0,75750.0,-6006.4517,-20217.7164,NEGATIVE,SHORT_GAMMA,DEALER_SHORT_GAMMA,0.41,BULLISH,HIGH,37.3,6.3,76.4,69.3,0.1,45.0,0.0,,7640.0,7700.0,7691.25,CHARM_DOMINATED,27.4,1.0,50.0,29.8,LONG,40.4
2026-09-13 20:12:00,1030302.0,615802.0,566588.0,702188.0,294.64,-144.5,1012348.84,8431.0,18052.0,0.2904,-0.196,0.4763,0.0,0.0,0.0,0.0,7199.6164,NEGATIVE,SHORT_GAMMA,DEALER_SHORT_GAMMA,0.41,BULLISH,HIGH,40.0,4.1,77.7,67.8,0.1,45.0,0.0,,7640.0,7700.0,7691.25,LONG_GAMMA_PINNING,41.5,0.675,50.6,31.5,LONG,38.2
2026-09-13 20:13:00,1030302.0,615802.0,566588.0,702188.0,294.64,-144.5,1012348.84,8315.0,80088.0,0.2904,-0.2053,0.4145,0.0,0.0,0.0,0.0,15543.9262,NEGATIVE,SHORT_GAMMA,DEALER_SHORT_GAMMA,0.45,BULLISH,HIGH,37.6,7.9,78.5,66.8,0.1,33.0,15.0,,7640.0,7700.0,7689.5,LONG_GAMMA_PINNING,38.5,0.684,51.2,32.0,LONG,38.4
2026-09-13 20:14:00,1030302.0,615802.0,566588.0,710088.0,295.16,-144.71,1013058.45,7811.0,-26111.0,0.2904,-0.1881,0.3084,0.0,0.0,0.0,709.6085,3358.0301,NEGATIVE,SHORT_GAMMA,DEALER_SHORT_GAMMA,0.38,NEUTRAL,HIGH,33.2,10.4,79.0,62.7,0.1,25.0,15.0,,7640.0,7700.0,7689.0,LONG_GAMMA_PINNING,38.5,1.0,51.1,32.0,LONG,38.2
2026-09-13 20:15:00,1035252.0,615882.0,566588.0,710088.0,304.05,-145.64,1024331.27,23604.0,-61535.0,0.2926,-0.1486,-0.0062,1.0,4950.0,0.0,11272.8257,5991.2171,NEGATIVE,SHORT_GAMMA,DEALER_SHORT_GAMMA,0.38,BULLISH,HIGH,32.6,12.0,79.3,60.0,0.1,31.5,15.0,,7660.0,7700.0,7688.75,LONG_GAMMA_PINNING,39.0,0.683,52.2,32.1,LONG,40.2
2026-09-13 20:16:00,1035562.0,616072.0,602025.0,745525.0,304.2,-144.02,1014165.86,-582.0,-970.0,0.2647,-0.7415,-0.2524,-0.9827,310.0,35438.0,-10165.4138,198.9017,NEGATIVE,SHORT_GAMMA,DEALER_SHORT_GAMMA,0.36,NEUTRAL,HIGH,27.6,13.1,79.5,61.8,0.1,18.4,15.0,,7715.0,7700.0,7689.0,LONG_GAMMA_PINNING,39.4,0.182,50.5,32.7,LONG,35.6
2026-09-13 20:17:00,1035562.0,617332.0,602025.0,745525.0,301.2,-144.02,1014165.86,-834.0,5193.0,0.2647,-0.7415,-0.2603,0.0,0.0,0.0,0.0,-11073.924,NEGATIVE,SHORT_GAMMA,DEALER_SHORT_GAMMA,0.45,NEUTRAL,HIGH,26.5,13.8,79.7,62.9,0.1,24.4,15.0,,7665.0,7700.0,7688.0,LONG_GAMMA_PINNING,36.4,0.691,50.0,32.2,LONG,35.6
2026-09-13 20:18:00,1040332.0,617382.0,602025.0,745525.0,320.14,-144.64,1018807.93,110.0,2708.0,0.2669,-0.5588,-0.2439,1.0,4770.0,0.0,4642.0744,1767.3313,NEGATIVE,SHORT_GAMMA,DEALER_SHORT_GAMMA,0.4,BULLISH,HIGH,29.0,14.2,79.8,72.4,0.1,33.6,15.0,DEALER_SQUEEZE|CALL_WALL_LADDERING,7680.0,7700.0,7688.5,LONG_GAMMA_PINNING,36.9,1.0,50.2,32.1,LONG,36.2
2026-09-13 20:19:00,1040332.0,617432.0,602025.0,745525.0,320.08,-145.26,1023467.38,1680.0,-1358.0,0.2669,-0.5588,-0.2941,0.0,0.0,0.0,4659.4488,9733.4685,NEGATIVE,SHORT_GAMMA,CALL_SQUEEZE,0.39,NEUTRAL,HIGH,28.5,14.5,79.9,78.6,0.1,27.6,15.0,DEALER_SQUEEZE|CALL_WALL_LADDERING,7720.0,7700.0,7688.75,LONG_GAMMA_PINNING,39.4,0.682,50.7,32.5,LONG,36.4
2026-09-13 20:20:00,1088015.0,619260.0,602025.0,745525.0,349.02,-145.86,1028156.0,9877.0,17412.0,0.2876,0.1964,-0.0302,1.0,47682.0,0.0,4688.6142,2352.9943,NEGATIVE,SHORT_GAMMA,DEALER_SHORT_GAMMA,0.45,BULLISH,HIGH,33.1,14.7,79.9,73.8,0.1,41.8,15.0,,7640.0,7700.0,7688.0,LONG_GAMMA_PINNING,36.4,0.691,51.7,31.7,LONG,40.0
2026-09-13 20:21:00,1089995.0,619260.0,602025.0,749300.0,351.64,-142.95,1019377.21,9494.0,12940.0,0.2884,1.0,-0.0219,1.0,1980.0,0.0,-8778.7817,-6695.8454,NEGATIVE,SHORT_GAMMA,DEALER_SHORT_GAMMA,0.4,BULLISH,HIGH,41.4,14.8,79.9,79.5,0.1,56.8,15.0,DEALER_SQUEEZE|CALL_WALL_LADDERING,7645.0,7650.0,7687.25,CHARM_DOMINATED,36.2,0.691,52.6,30.6,LONG,44.0
2026-09-13 20:22:00,1089995.0,619260.0,602025.0,749300.0,351.64,-142.95,1019377.21,9746.0,12352.0,0.2884,1.0,-0.0065,0.0,0.0,0.0,0.0,-9063.4224,NEGATIVE,SHORT_GAMMA,DEALER_SHORT_GAMMA,0.4,BULLISH,HIGH,46.8,14.9,79.9,83.2,0.1,56.8,15.0,DEALER_SQUEEZE|CALL_WALL_LADDERING,7645.0,7650.0,7687.5,CHARM_DOMINATED,33.2,0.7,51.9,30.3,LONG,43.2
2026-09-13 20:23:00,1091275.0,624040.0,602025.0,749300.0,341.64,-142.95,1019377.21,8102.0,-24668.0,0.2889,1.0,-0.0053,1.0,1280.0,0.0,0.0,2045.0837,NEGATIVE,SHORT_GAMMA,CALL_SQUEEZE,0.39,BULLISH,HIGH,46.8,14.9,79.9,85.6,0.1,46.7,15.0,DEALER_SQUEEZE|CALL_WALL_LADDERING,7720.0,7650.0,7687.5,LONG_GAMMA_PINNING,41.6,0.675,51.8,32.5,LONG,38.6
2026-09-13 20:24:00,1091302.0,624068.0,602025.0,749300.0,341.64,-142.95,1019377.21,8112.0,-23197.0,0.2889,1.0,0.007,1.0,28.0,0.0,0.0,4389.3909,NEGATIVE,SHORT_GAMMA,DEALER_SHORT_GAMMA,0.36,BULLISH,HIGH,41.5,14.9,79.9,78.4,0.1,31.7,15.0,,7720.0,7650.0,7687.25,LONG_GAMMA_PINNING,41.6,0.175,51.7,32.5,LONG,38.4
2026-09-13 20:25:00,1129712.0,624218.0,602025.0,749300.0,388.63,307.53,-320160.8,6593.0,12484.0,0.3047,1.0,0.1506,1.0,38410.0,0.0,-1339538.0121,-669769.0061,POSITIVE,LONG_GAMMA,DEALER_LONG_GAMMA,0.32,BULLISH,LOW,41.9,14.9,63.3,72.0,5.3,42.6,15.0,FLOW_EXPANSION_BULLISH,7700.0,7650.0,7688.25,LONG_GAMMA_PINNING,38.6,0.684,51.6,31.9,LONG,39.4
2026-09-13 20:26:00,1129712.0,624468.0,602025.0,749300.0,387.63,307.53,-320160.8,6902.0,14420.0,0.3047,1.0,0.4744,0.0,0.0,0.0,0.0,-669769.0061,POSITIVE,LONG_GAMMA,DEALER_LONG_GAMMA,0.34,BULLISH,LOW,42.1,14.9,52.5,64.3,8.7,42.6,15.0,FLOW_EXPANSION_BULLISH,7680.0,7650.0,7689.0,LONG_GAMMA_PINNING,35.6,1.0,51.3,31.4,LONG,39.8
2026-09-13 20:27:00,1129922.0,624572.0,602025.0,749300.0,387.77,309.18,-326530.93,6923.0,14455.0,0.3048,1.0,0.4752,1.0,210.0,0.0,-6370.131,666583.9406,POSITIVE,LONG_GAMMA,DEALER_LONG_GAMMA,0.32,BULLISH,LOW,42.3,14.9,45.5,62.8,10.9,42.6,15.0,FLOW_EXPANSION_BULLISH,7705.0,7650.0,7689.5,LONG_GAMMA_PINNING,36.3,1.0,51.6,31.5,LONG,40.2
2026-09-13 20:28:00,1136525.0,631175.0,602025.0,749300.0,387.77,309.18,-326530.93,7623.0,-19178.0,0.3074,1.0,0.4997,1.0,6602.0,0.0,0.0,666583.9406,POSITIVE,LONG_GAMMA,DEALER_LONG_GAMMA,0.44,BULLISH,LOW,38.9,14.9,41.0,58.3,12.3,32.7,15.0,,7740.0,7650.0,7690.5,LONG_GAMMA_PINNING,33.3,1.0,51.7,30.6,LONG,42.2
2026-09-13 20:29:00,1136525.0,637275.0,602025.0,749300.0,382.77,309.18,-326530.93,6403.0,-21003.0,0.3074,1.0,0.4997,0.0,0.0,0.0,0.0,3185.0655,POSITIVE,LONG_GAMMA,DEALER_LONG_GAMMA,0.47,BULLISH,LOW,36.7,14.9,38.0,51.9,13.2,32.6,15.0,,7640.0,7650.0,7690.0,LONG_GAMMA_PINNING,36.3,1.0,51.6,31.4,LONG,40.4
2026-09-13 20:30:00,1136562.0,645242.0,602025.0,749300.0,370.77,309.18,-326530.93,-2835.0,-4604.0,0.3075,1.0,0.4817,1.0,38.0,0.0,0.0,3185.0655,POSITIVE,LONG_GAMMA,DEALER_LONG_GAMMA,0.39,BULLISH,LOW,40.5,14.9,36.1,60.0,13.8,47.4,15.0,DEALER_SQUEEZE|CALL_WALL_LADDERING,7715.0,7650.0,7690.75,LONG_GAMMA_PINNING,33.3,1.0,51.3,32.6,LONG,37.4
2026-09-13 20:31:00,1143692.0,645318.0,602025.0,749300.0,376.68,308.25,-320923.42,-1374.0,-2378.0,0.3103,1.0,1.0,1.0,7130.0,0.0,5607.5097,2803.7548,POSITIVE,LONG_GAMMA,DEALER_LONG_GAMMA,0.47,BULLISH,LOW,37.7,14.9,34.8,53.0,14.2,32.6,15.0,,7640.0,7650.0,7690.5,LONG_GAMMA_PINNING,38.7,1.0,52.0,33.2,LONG,37.6
2026-09-13 20:32:00,1144735.0,645480.0,602025.0,749300.0,377.68,308.25,-320923.42,-1219.0,3052.0,0.3107,1.0,1.0,1.0,1042.0,0.0,0.0,2803.7548,POSITIVE,LONG_GAMMA,DEALER_LONG_GAMMA,0.34,BULLISH,LOW,39.4,14.9,33.9,52.0,14.5,42.6,15.0,FLOW_EXPANSION_BULLISH,7650.0,7650.0,7690.25,LONG_GAMMA_PINNING,38.7,0.684,51.8,33.3,LONG,37.0
2026-09-13 20:33:00,1144735.0,645480.0,614850.0,749300.0,376.44,309.06,-315638.1,1346.0,13935.0,0.3011,-0.2194,0.7812,-1.0,0.0,12825.0,5285.3204,-161.0946,POSITIVE,LONG_GAMMA,DEALER_LONG_GAMMA,0.34,BULLISH,LOW,37.5,14.9,33.2,51.3,14.7,33.8,15.0,FLOW_EXPANSION_BULLISH,7650.0,7660.0,7689.5,LONG_GAMMA_PINNING,35.7,0.693,50.6,32.5,LONG,36.2
2026-09-13 20:34:00,1144775.0,645520.0,614850.0,749300.0,376.44,309.06,-315638.1,2566.0,5006.0,0.3012,-0.2171,0.7813,1.0,40.0,0.0,0.0,-161.0946,POSITIVE,LONG_GAMMA,CALL_SQUEEZE,0.39,BULLISH,LOW,40.4,14.9,32.8,63.1,14.8,45.8,15.0,FLOW_EXPANSION_BULLISH|DEALER_SQUEEZE|CALL_WALL_LADDERING,7735.0,7660.0,7688.75,LONG_GAMMA_PINNING,32.7,1.0,50.0,31.8,LONG,36.4
2026-09-13 20:35:00,1144775.0,645520.0,619950.0,754100.0,376.39,309.04,-316728.15,4212.0,408.0,0.2974,-0.3716,0.52,-1.0,0.0,5100.0,-1090.053,-3187.6867,POSITIVE,LONG_GAMMA,CALL_SQUEEZE,0.39,BULLISH,LOW,38.3,14.9,25.5,70.8,14.9,34.3,15.0,DEALER_SQUEEZE|CALL_WALL_LADDERING,7735.0,7670.0,7689.75,LONG_GAMMA_TREND,39.8,0.681,53.6,29.8,LONG,47.6
2026-09-13 20:36:00,1144820.0,648025.0,619950.0,754100.0,372.39,309.04,-316728.15,2309.0,-7572.0,0.2974,-0.8816,0.5072,1.0,45.0,0.0,0.0,-3187.6867,POSITIVE,LONG_GAMMA,DEALER_LONG_GAMMA,0.41,BULLISH,LOW,37.9,9.7,27.8,72.3,14.9,37.3,0.0,DEALER_SQUEEZE|CALL_WALL_LADDERING,7740.0,7670.0,7691.5,LONG_GAMMA_TREND,51.1,0.147,55.7,31.5,LONG,48.4
2026-09-13 20:37:00,1146198.0,650462.0,619950.0,754100.0,370.39,309.04,-316728.15,1921.0,-7486.0,0.298,-0.8491,0.5164,1.0,1378.0,0.0,0.0,545.0265,POSITIVE,LONG_GAMMA,DEALER_LONG_GAMMA,0.44,BULLISH,LOW,37.7,6.3,29.3,69.7,14.9,37.3,0.0,CALL_WALL_LADDERING,7640.0,7670.0,7691.75,LONG_GAMMA_TREND,48.1,0.656,55.0,31.2,LONG,47.6
2026-09-13 20:38:00,1146215.0,650480.0,619950.0,754100.0,370.39,309.04,-316728.15,-644.0,-1323.0,0.298,-0.5502,0.508,1.0,18.0,0.0,0.0,545.0265,POSITIVE,LONG_GAMMA,DEALER_LONG_GAMMA,0.41,BULLISH,LOW,37.6,4.1,30.2,71.6,14.9,37.3,0.0,DEALER_SQUEEZE|CALL_WALL_LADDERING,7740.0,7670.0,7691.5,LONG_GAMMA_PINNING,38.9,0.683,50.4,33.3,LONG,34.2
2026-09-13 20:39:00,1146215.0,650670.0,619950.0,754100.0,369.39,309.04,-316728.15,-682.0,663.0,0.298,-0.5596,0.5078,0.0,0.0,0.0,0.0,0.0,POSITIVE,LONG_GAMMA,DEALER_LONG_GAMMA,0.34,NEUTRAL,LOW,33.3,7.9,30.8,64.0,14.9,25.3,15.0,,7690.0,7670.0,7692.75,LONG_GAMMA_PINNING,35.9,0.692,49.8,32.8,LONG,34.0
2026-09-13 20:40:00,1147745.0,654375.0,619950.0,768225.0,369.24,307.44,-311218.27,-4002.0,-3737.0,0.2986,1.0,0.003,1.0,1530.0,0.0,5509.8861,2754.943,POSITIVE,LONG_GAMMA,DEALER_LONG_GAMMA,0.47,BULLISH,LOW,32.9,10.4,31.1,55.6,14.9,32.1,15.0,,7680.0,7690.0,7693.75,LONG_GAMMA_TREND,39.9,0.68,53.4,31.8,LONG,43.2
2026-09-13 20:41:00,1167172.0,655518.0,623925.0,768225.0,385.27,315.39,-313935.65,942.0,2453.0,0.3033,0.698,0.2621,0.6603,19428.0,3975.0,-2717.3852,1396.2504,POSITIVE,LONG_GAMMA,DEALER_LONG_GAMMA,0.34,BULLISH,LOW,36.2,12.0,31.3,53.6,14.9,42.4,15.0,FLOW_EXPANSION_BULLISH,7645.0,7660.0,7693.25,LONG_GAMMA_TREND,36.9,0.689,53.3,29.7,LONG,47.2
2026-09-13 20:42:00,1167172.0,660282.0,623925.0,778100.0,382.06,314.84,-318226.24,-1774.0,-2798.0,0.3033,0.6814,0.2595,0.0,0.0,0.0,-4290.5911,-6258.9312,POSITIVE,LONG_GAMMA,DEALER_LONG_GAMMA,0.47,BULLISH,LOW,34.8,13.1,31.5,48.8,14.9,32.3,15.0,,7670.0,7665.0,7694.25,LONG_GAMMA_TREND,39.7,1.0,52.9,29.6,LONG,46.6
2026-09-13 20:43:00,1168542.0,665322.0,623925.0,778100.0,374.07,217.58,199432.33,-2508.0,9562.0,0.3038,0.6977,0.1876,1.0,1370.0,0.0,517658.5716,255287.7398,POSITIVE,LONG_GAMMA,CALL_SQUEEZE,0.38,BULLISH,LOW,42.6,8.5,30.1,54.5,9.7,57.2,0.0,FLOW_EXPANSION_BULLISH,7640.0,7665.0,7693.5,LONG_GAMMA_TREND,39.7,0.681,53.8,31.0,LONG,45.6
2026-09-13 20:44:00,1170142.0,666662.0,623925.0,778100.0,374.07,217.58,199432.33,-2418.0,-8997.0,0.3045,0.7151,0.2111,1.0,1600.0,0.0,0.0,262333.2739,POSITIVE,LONG_GAMMA,DEALER_LONG_GAMMA,0.5,BULLISH,LOW,44.2,5.5,29.2,54.7,6.3,47.2,0.0,,7635.0,7665.0,7693.5,LONG_GAMMA_TREND,36.7,0.69,53.1,30.6,LONG,45.0
2026-09-13 20:45:00,1170535.0,679045.0,623925.0,778100.0,355.53,226.3,195035.5,-1556.0,-8943.0,0.3046,0.703,0.2161,1.0,392.0,0.0,-4396.8257,-258882.4031,POSITIVE,LONG_GAMMA,DEALER_LONG_GAMMA,0.44,BULLISH,LOW,39.9,8.8,28.5,58.3,4.1,32.0,15.0,,7695.0,7665.0,7693.75,LONG_GAMMA_PINNING,38.9,0.683,50.4,32.7,LONG,35.4
2026-09-13 20:46:00,1213798.0,679058.0,623925.0,778100.0,477.76,2070.92,-624750.83,2642.0,19662.0,0.321,1.0,0.5239,1.0,43262.0,0.0,-819786.3321,-670920.8647,POSITIVE,LONG_GAMMA,DEALER_LONG_GAMMA,0.32,BULLISH,MEDIUM,41.3,11.0,33.5,58.9,7.9,43.8,15.0,FLOW_EXPANSION_BULLISH,7695.0,7665.0,7694.0,LONG_GAMMA_PINNING,38.9,0.183,52.6,30.6,LONG,44.0
2026-09-13 20:47:00,1235435.0,695735.0,623925.0,785300.0,465.56,2040.97,-479065.5,5122.0,11378.0,0.3289,1.0,0.611,1.0,21638.0,0.0,145685.3334,-334852.0865,POSITIVE,LONG_GAMMA,DEALER_LONG_GAMMA,0.34,BULLISH,MEDIUM,42.2,12.4,34.8,55.8,10.4,43.8,15.0,FLOW_EXPANSION_BULLISH,7650.0,7680.0,7695.25,LONG_GAMMA_PINNING,35.9,0.692,54.9,30.9,LONG,48.0
2026-09-13 20:48:00,1236480.0,718445.0,623925.0,802450.0,437.05,2040.25,-494942.08,-1907.0,6597.0,0.3293,1.0,0.82,1.0,1045.0,0.0,-15876.5833,476995.9539,POSITIVE,LONG_GAMMA,DEALER_LONG_GAMMA,0.36,BULLISH,MEDIUM,47.9,8.1,35.8,53.8,12.0,58.4,0.0,FLOW_EXPANSION_BULLISH,7670.0,7655.0,7696.75,LONG_GAMMA_TREND,48.1,0.656,57.3,31.2,LONG,52.2
2026-09-13 20:49:00,1244402.0,722212.0,631425.0,809950.0,439.05,2040.25,-494942.08,-1128.0,-27930.0,0.3268,0.8165,0.7147,0.0274,7922.0,7500.0,0.0,329112.2077,POSITIVE,LONG_GAMMA,DEALER_LONG_GAMMA,0.5,BULLISH,MEDIUM,48.0,5.3,36.4,49.0,13.1,48.3,0.0,,7640.0,7640.0,7696.75,LONG_GAMMA_TREND,45.1,0.665,56.8,30.5,LONG,52.6
2026-09-13 20:50:00,1261422.0,724272.0,631425.0,809950.0,449.0,2039.8,-490710.06,4262.0,-27072.0,0.3328,0.8475,0.8209,1.0,17020.0,0.0,4232.0175,-62788.3663,POSITIVE,LONG_GAMMA,DEALER_LONG_GAMMA,0.5,BULLISH,MEDIUM,48.2,3.4,36.7,45.9,13.8,48.6,0.0,,7640.0,7640.0,7697.25,LONG_GAMMA_TREND,42.1,1.0,58.5,29.6,LONG,57.8
2026-09-13 20:51:00,1284092.0,724292.0,640500.0,809950.0,462.95,2040.67,-481139.4,1957.0,37474.0,0.3344,0.6184,0.7428,0.4283,22670.0,9075.0,9570.6663,14839.6335,POSITIVE,LONG_GAMMA,DEALER_LONG_GAMMA,0.34,BULLISH,MEDIUM,46.6,7.5,36.7,47.3,14.2,43.7,15.0,FLOW_EXPANSION_BULLISH,7640.0,7650.0,7697.5,LONG_GAMMA_TREND,39.1,1.0,59.7,29.3,LONG,60.8
2026-09-13 20:52:00,1289168.0,739098.0,640500.0,903175.0,455.9,1939.82,103216.44,-18186.0,-1427.0,0.3362,0.5285,0.7487,1.0,5075.0,0.0,584355.8326,294847.2407,POSITIVE,LONG_GAMMA,DEALER_LONG_GAMMA,0.44,BULLISH,LOW,42.0,10.1,25.1,53.5,9.2,33.5,15.0,,7700.0,7670.0,7697.75,LONG_GAMMA_PINNING,38.2,0.685,57.4,35.4,LONG,44.0
2026-09-13 20:53:00,1300738.0,757392.0,640500.0,908275.0,444.74,1932.89,132154.78,-12788.0,-37242.0,0.3401,0.5899,0.7652,1.0,11570.0,0.0,28938.3444,299745.7466,POSITIVE,LONG_GAMMA,DEALER_LONG_GAMMA,0.44,BULLISH,LOW,39.0,11.8,24.9,57.5,6.0,33.4,15.0,,7740.0,7670.0,7698.0,LONG_GAMMA_PINNING,38.2,0.185,56.6,33.6,LONG,46.0
2026-09-13 20:54:00,1308538.0,765192.0,640500.0,944525.0,448.54,1930.05,106890.1,-20869.0,-73686.0,0.3428,0.7521,0.7753,1.0,7800.0,0.0,-25264.6829,-295126.4187,POSITIVE,LONG_GAMMA,DEALER_LONG_GAMMA,0.47,BULLISH,LOW,37.1,12.9,24.4,56.6,3.9,33.5,15.0,,7640.0,7660.0,7698.75,LONG_GAMMA_PINNING,35.2,0.694,53.6,33.6,LONG,40.0
2026-09-13 20:55:00,1312598.0,771672.0,643450.0,949625.0,444.67,1895.72,259901.96,-24775.0,18067.0,0.3421,0.6195,0.7505,0.1583,4060.0,2950.0,153011.8658,-242773.4971,POSITIVE,LONG_GAMMA,CALL_SQUEEZE,0.46,BULLISH,LOW,44.6,13.6,25.8,71.8,2.5,58.4,15.0,FLOW_EXPANSION_BULLISH|DEALER_SQUEEZE|CALL_WALL_LADDERING,7705.0,7670.0,7698.5,LONG_GAMMA_PINNING,38.2,1.0,53.4,33.9,LONG,39.0
2026-09-13 20:56:00,1341175.0,784715.0,648150.0,989225.0,453.42,1892.87,233272.5,-34993.0,37328.0,0.3484,0.7636,0.7556,0.7175,28578.0,4700.0,-26629.4595,61354.3724,POSITIVE,LONG_GAMMA,CALL_SQUEEZE,0.35,BULLISH,LOW,44.2,14.1,26.4,69.4,1.6,43.5,15.0,FLOW_EXPANSION_BULLISH,7640.0,7660.0,7699.0,LONG_GAMMA_PINNING,35.2,1.0,52.2,32.4,LONG,39.6
2026-09-13 20:57:00,1341188.0,790782.0,648150.0,1024225.0,438.25,1766.26,216722.42,-22613.0,2374.0,0.3484,0.7436,0.7556,1.0,12.0,0.0,-16550.081,-85463.3617,POSITIVE,LONG_GAMMA,CALL_SQUEEZE,0.39,BULLISH,LOW,43.9,14.4,19.6,71.4,1.0,43.3,15.0,FLOW_EXPANSION_BULLISH|DEALER_SQUEEZE,7755.0,7660.0,7700.5,LONG_GAMMA_PINNING,32.2,1.0,54.5,29.9,LONG,49.2
2026-09-13 20:58:00,1341250.0,808880.0,649550.0,1034200.0,413.02,1765.69,211669.48,-25570.0,-8600.0,0.3474,0.6348,0.7416,-0.9145,62.0,1400.0,-5052.9454,-73992.7163,POSITIVE,LONG_GAMMA,DEALER_LONG_GAMMA,0.47,BULLISH,LOW,45.3,9.4,22.1,69.2,0.7,48.0,0.0,,7750.0,7665.0,7701.0,LONG_GAMMA_PINNING,29.2,1.0,51.8,31.2,LONG,41.2
2026-09-13 20:59:00,1345765.0,812200.0,649550.0,1034200.0,415.42,1771.29,193404.56,-18081.0,-10189.0,0.3489,0.6089,0.7453,1.0,4515.0,0.0,-18264.9141,9930.8405,POSITIVE,LONG_GAMMA,DEALER_LONG_GAMMA,0.47,BULLISH,LOW,41.0,11.4,23.5,64.2,0.5,33.0,15.0,,7650.0,7665.0,7700.25,LONG_GAMMA_PINNING,26.2,1.0,52.1,28.9,LONG,46.4
2026-09-13 21:00:00,1349390.0,817175.0,649550.0,1034200.0,415.42,1771.29,193404.56,-17437.0,21288.0,0.3501,0.7156,0.7494,1.0,3625.0,0.0,0.0,1669.0562,POSITIVE,LONG_GAMMA,CALL_SQUEEZE,0.35,BULLISH,LOW,41.7,12.7,24.4,64.5,0.3,43.1,15.0,FLOW_EXPANSION_BULLISH,7650.0,7665.0,7699.75,LONG_GAMMA_PINNING,23.2,1.0,50.8,29.0,LONG,43.6
2026-09-13 21:01:00,1351265.0,822515.0,660750.0,1034200.0,412.06,1772.45,207049.08,-12017.0,36359.0,0.3432,-0.1106,0.5774,-0.7132,1875.0,11200.0,13644.514,18481.1867,POSITIVE,LONG_GAMMA,CALL_SQUEEZE,0.35,BULLISH,LOW,42.1,13.5,25.1,64.7,0.2,42.8,15.0,FLOW_EXPANSION_BULLISH,7680.0,7650.0,7700.0,LONG_GAMMA_PINNING,38.2,1.0,55.7,30.5,LONG,50.4
2026-09-13 21:02:00,1352715.0,822675.0,660750.0,1034200.0,412.32,1757.0,208319.31,-3548.0,15266.0,0.3437,-0.0445,0.5221,1.0,1450.0,0.0,1270.2277,16589.8279,POSITIVE,LONG_GAMMA,CALL_SQUEEZE,0.35,BULLISH,LOW,42.4,14.0,25.6,64.8,0.1,42.9,15.0,FLOW_EXPANSION_BULLISH,7645.0,7650.0,7700.5,LONG_GAMMA_PINNING,35.2,1.0,54.5,29.0,LONG,51.0
2026-09-13 21:03:00,1352715.0,873445.0,665550.0,1041400.0,361.46,1757.01,211291.74,-8860.0,-14638.0,0.3405,-0.1651,0.4726,-1.0,0.0,4800.0,2972.4358,-4700.9253,POSITIVE,LONG_GAMMA,DEALER_LONG_GAMMA,0.47,NEUTRAL,LOW,36.6,14.3,25.9,61.4,0.1,25.8,15.0,,7670.0,7660.0,7699.5,LONG_GAMMA_PINNING,32.2,1.0,51.4,30.1,LONG,42.6
2026-09-13 21:04:00,1354620.0,876010.0,665550.0,1041400.0,359.46,1757.01,211291.74,-9231.0,-20706.0,0.3411,-0.2875,0.5272,1.0,1905.0,0.0,0.0,-5971.1529,POSITIVE,LONG_GAMMA,DEALER_LONG_GAMMA,0.47,NEUTRAL,LOW,32.8,14.5,26.1,59.2,0.1,25.7,15.0,,7640.0,7660.0,7698.75,LONG_GAMMA_TREND,37.3,0.688,54.5,28.9,LONG,51.2
2026-09-13 21:05:00,1355025.0,892415.0,665550.0,1041400.0,349.46,1757.01,211291.74,-12161.0,-27789.0,0.3412,-0.4791,0.4657,1.0,405.0,0.0,0.0,-2121.3317,POSITIVE,LONG_GAMMA,DEALER_LONG_GAMMA,0.47,NEUTRAL,LOW,28.1,14.7,26.2,57.7,0.1,19.2,15.0,,7660.0,7660.0,7698.25,LONG_GAMMA_TREND,34.3,0.697,53.4,28.7,LONG,49.4
2026-09-13 21:06:00,1355025.0,901080.0,665550.0,1053700.0,343.45,1754.67,224962.63,-17901.0,13398.0,0.3412,-0.1215,0.478,0.0,0.0,0.0,13670.8876,5349.2259,POSITIVE,LONG_GAMMA,CALL_SQUEEZE,0.46,BULLISH,LOW,38.2,14.8,26.4,72.5,0.1,57.0,15.0,FLOW_EXPANSION_BULLISH|DEALER_SQUEEZE|CALL_WALL_LADDERING,7755.0,7660.0,7699.5,LONG_GAMMA_TREND,44.8,1.0,55.5,29.4,LONG,52.2
2026-09-13 21:07:00,1355025.0,901825.0,665550.0,1053700.0,341.37,1754.01,233908.49,-18308.0,14345.0,0.3412,-0.3502,0.4489,0.0,0.0,0.0,8945.8636,11308.3756,POSITIVE,LONG_GAMMA,CALL_SQUEEZE,0.39,NEUTRAL,LOW,33.6,14.9,26.6,73.4,0.1,25.2,15.0,FLOW_EXPANSION_BULLISH|DEALER_SQUEEZE,7755.0,7660.0,7700.25,LONG_GAMMA_TREND,44.8,0.666,56.1,28.7,LONG,54.8
2026-09-13 21:08:00,1356045.0,901900.0,668150.0,1053700.0,341.97,1753.64,246700.63,-6965.0,2275.0,0.3398,0.1231,0.3334,-0.4365,1020.0,2600.0,12792.1326,4033.5543,POSITIVE,LONG_GAMMA,CALL_SQUEEZE,0.35,BULLISH,LOW,36.5,14.9,26.9,70.5,0.1,41.9,15.0,FLOW_EXPANSION_BULLISH,7655.0,7645.0,7700.5,LONG_GAMMA_TREND,41.8,0.675,57.5,27.7,LONG,59.6
2026-09-13 21:09:00,1356045.0,901900.0,668150.0,1053700.0,341.97,1753.64,246700.63,-6833.0,19416.0,0.3398,-0.2919,0.2642,0.0,0.0,0.0,0.0,-4912.3093,POSITIVE,LONG_GAMMA,CALL_SQUEEZE,0.35,BULLISH,LOW,35.5,14.9,27.1,68.6,0.1,33.5,15.0,FLOW_EXPANSION_BULLISH,7655.0,7645.0,7700.5,LONG_GAMMA_PINNING,40.8,0.678,54.1,30.1,LONG,48.0
2026-09-13 21:10:00,1356520.0,901900.0,668150.0,1053700.0,342.97,1753.64,246700.63,-3538.0,12195.0,0.34,-0.2698,0.2801,1.0,475.0,0.0,0.0,-10868.9981,POSITIVE,LONG_GAMMA,CALL_SQUEEZE,0.35,BULLISH,LOW,34.8,14.9,27.2,67.3,0.1,33.6,15.0,FLOW_EXPANSION_BULLISH,7675.0,7645.0,7699.75,LONG_GAMMA_PINNING,37.8,0.687,52.7,30.8,LONG,43.8
2026-09-13 21:11:00,1375375.0,904580.0,668150.0,1053700.0,353.97,1753.64,246700.63,3890.0,4150.0,0.3461,0.7734,0.262,1.0,18855.0,0.0,0.0,-6396.0663,POSITIVE,LONG_GAMMA,CALL_SQUEEZE,0.35,BULLISH,LOW,37.4,14.9,27.3,66.5,0.1,42.2,15.0,FLOW_EXPANSION_BULLISH,7640.0,7645.0,7699.5,LONG_GAMMA_PINNING,38.1,1.0,53.7,30.9,LONG,45.6
2026-09-13 21:12:00,1375545.0,906000.0,668150.0,1053700.0,353.19,1761.08,257891.42,3789.0,3361.0,0.3461,0.7751,0.2641,1.0,170.0,0.0,11190.797,5595.3985,POSITIVE,LONG_GAMMA,CALL_SQUEEZE,0.35,BULLISH,LOW,39.1,14.9,27.5,66.0,0.1,42.2,15.0,FLOW_EXPANSION_BULLISH,7700.0,7645.0,7700.0,LONG_GAMMA_PINNING,35.1,1.0,53.2,30.1,LONG,46.2
2026-09-13 21:13:00,1375885.0,909825.0,668150.0,1053700.0,349.19,1781.49,256109.92,2383.0,3576.0,0.3462,1.0,0.3012,1.0,340.0,0.0,-1781.5057,4704.6457,POSITIVE,LONG_GAMMA,CALL_SQUEEZE,0.39,BULLISH,LOW,40.2,14.9,27.6,69.2,0.1,42.1,15.0,FLOW_EXPANSION_BULLISH|DEALER_SQUEEZE,7700.0,7645.0,7699.5,CHARM_DOMINATED,36.6,0.69,53.7,29.6,LONG,48.2
2026-09-13 21:14:00,1376225.0,928195.0,668150.0,1053700.0,302.32,1804.45,250006.2,-1223.0,-15913.0,0.3464,1.0,0.2417,1.0,340.0,0.0,-6103.7185,-9538.0106,POSITIVE,LONG_GAMMA,DEALER_LONG_GAMMA,0.44,BULLISH,LOW,37.2,14.9,27.5,67.7,0.1,31.7,15.0,,7700.0,7645.0,7699.75,CHARM_DOMINATED,33.6,0.699,52.2,29.1,LONG,46.2
2026-09-13 21:15:00,1393310.0,976545.0,668150.0,1077450.0,306.37,1801.52,208395.4,-12321.0,-32972.0,0.3518,1.0,0.405,1.0,17085.0,0.0,-41610.797,-28561.9034,POSITIVE,LONG_GAMMA,DEALER_LONG_GAMMA,0.47,BULLISH,LOW,35.3,14.9,27.0,63.3,0.1,31.8,15.0,,7675.0,7640.0,7699.25,CHARM_DOMINATED,36.7,1.0,51.4,30.7,LONG,41.4
2026-09-13 21:16:00,1393310.0,976545.0,668150.0,1077450.0,306.37,1801.52,208395.4,-15556.0,-21981.0,0.3518,1.0,0.7007,0.0,0.0,0.0,0.0,-16862.7864,POSITIVE,LONG_GAMMA,DEALER_LONG_GAMMA,0.47,BULLISH,LOW,34.1,14.9,26.7,60.4,0.1,31.8,15.0,,7675.0,7640.0,7699.25,CHARM_DOMINATED,33.7,1.0,50.8,30.9,LONG,39.8
2026-09-13 21:17:00,1467580.0,976545.0,668150.0,1091400.0,360.18,1799.76,183159.72,-3242.0,12526.0,0.3743,1.0,0.879,1.0,74270.0,0.0,-25235.6858,11239.4148,POSITIVE,LONG_GAMMA,CALL_SQUEEZE,0.35,BULLISH,LOW,37.1,14.9,26.2,62.0,0.1,42.8,15.0,FLOW_EXPANSION_BULLISH,7640.0,7640.0,7699.5,LONG_GAMMA_PINNING,37.7,0.687,53.0,30.5,LONG,45.0
2026-09-13 21:18:00,1467580.0,988695.0,668150.0,1091400.0,349.12,1799.13,188144.48,-4975.0,52579.0,0.3743,1.0,0.9557,0.0,0.0,0.0,4984.7651,10679.9382,POSITIVE,LONG_GAMMA,CALL_SQUEEZE,0.39,BULLISH,LOW,39.0,14.9,25.9,66.6,0.1,42.7,15.0,FLOW_EXPANSION_BULLISH|DEALER_SQUEEZE,7730.0,7640.0,7699.0,LONG_GAMMA_PINNING,34.7,0.696,51.7,30.3,LONG,42.8
2026-09-13 21:19:00,1469145.0,995285.0,668150.0,1091400.0,344.12,1799.13,188144.48,-2374.0,41889.0,0.3748,1.0,0.9556,1.0,1565.0,0.0,0.0,15110.2255,POSITIVE,LONG_GAMMA,CALL_SQUEEZE,0.35,BULLISH,LOW,40.3,14.9,25.7,66.0,0.1,42.6,15.0,FLOW_EXPANSION_BULLISH,7690.0,7640.0,7699.0,LONG_GAMMA_PINNING,40.1,1.0,52.7,31.1,LONG,43.2
2026-09-13 21:20:00,1469145.0,995775.0,668150.0,1091400.0,343.12,1799.13,188144.48,8531.0,-36048.0,0.3748,1.0,0.9554,0.0,0.0,0.0,0.0,10125.4603,POSITIVE,LONG_GAMMA,DEALER_LONG_GAMMA,0.47,BULLISH,LOW,37.6,14.9,25.6,62.1,0.1,32.6,15.0,,7670.0,7640.0,7699.25,LONG_GAMMA_PINNING,40.1,0.68,54.2,31.0,LONG,46.4
2026-09-13 21:21:00,1470315.0,996945.0,668150.0,1091400.0,343.12,1799.13,188144.48,8531.0,-25923.0,0.3751,1.0,0.9559,1.0,1170.0,0.0,0.0,-2492.3826,POSITIVE,LONG_GAMMA,DEALER_LONG_GAMMA,0.47,BULLISH,LOW,35.9,14.9,25.5,59.6,0.1,32.6,15.0,,7660.0,7640.0,7699.75,LONG_GAMMA_PINNING,37.1,0.689,53.9,30.2,LONG,47.4
2026-09-13 21:22:00,1470430.0,996995.0,668150.0,1091400.0,343.24,1800.98,186114.84,-3520.0,8446.0,0.3751,1.0,0.9559,1.0,115.0,0.0,-2029.6408,-1014.8204,POSITIVE,LONG_GAMMA,CALL_SQUEEZE,0.39,BULLISH,LOW,38.3,14.9,25.4,65.0,0.1,42.6,15.0,FLOW_EXPANSION_BULLISH|DEALER_SQUEEZE,7710.0,7640.0,7699.5,LONG_GAMMA_PINNING,37.6,1.0,51.8,30.7,LONG,42.2
2026-09-13 21:23:00,1486765.0,996995.0,668150.0,1091400.0,354.24,1800.98,186114.84,2177.0,8224.0,0.3799,1.0,1.0,1.0,16335.0,0.0,0.0,-1014.8204,POSITIVE,LONG_GAMMA,CALL_SQUEEZE,0.35,BULLISH,LOW,39.9,14.9,25.4,65.0,0.1,42.8,15.0,FLOW_EXPANSION_BULLISH,7640.0,7640.0,7700.0,LONG_GAMMA_PINNING,34.6,1.0,53.2,29.4,LONG,47.6
2026-09-13 21:24:00,1486765.0,996995.0,668150.0,1091400.0,354.24,1800.98,186114.84,3182.0,5712.0,0.3799,1.0,1.0,0.0,0.0,0.0,0.0,1014.8204,POSITIVE,LONG_GAMMA,CALL_SQUEEZE,0.35,BULLISH,LOW,40.9,14.9,25.4,65.0,0.1,42.8,15.0,FLOW_EXPANSION_BULLISH,7640.0,7640.0,7699.5,CHARM_DOMINATED,36.8,0.689,54.1,29.2,LONG,49.8
2026-09-13 21:25:00,1487885.0,1004795.0,672800.0,1091400.0,349.63,1801.56,194537.22,2874.0,4736.0,0.3772,0.6024,0.9316,-0.6118,1120.0,4650.0,8422.3757,5226.0082,POSITIVE,LONG_GAMMA,CALL_SQUEEZE,0.35,BULLISH,LOW,41.5,14.9,25.4,65.0,0.1,42.7,15.0,FLOW_EXPANSION_BULLISH,7650.0,7640.0,7699.25,CHARM_DOMINATED,33.8,0.698,52.7,29.0,LONG,47.4
2026-09-13 21:26:00,1487885.0,1004795.0,672800.0,1091400.0,349.63,1801.56,194537.22,2874.0,-8877.0,0.3772,0.5815,0.9206,0.0,0.0,0.0,0.0,4211.1878,POSITIVE,LONG_GAMMA,DEALER_LONG_GAMMA,0.47,BULLISH,LOW,38.4,14.9,25.4,61.5,0.1,32.7,15.0,,7650.0,7640.0,7699.25,LONG_GAMMA_PINNING,40.1,0.68,52.7,30.9,LONG,43.6
2026-09-13 21:27:00,1489985.0,1004795.0,672800.0,1091400.0,354.63,1801.56,194537.22,3281.0,-8144.0,0.3778,0.6158,0.9219,1.0,2100.0,0.0,0.0,-4211.1878,POSITIVE,LONG_GAMMA,DEALER_LONG_GAMMA,0.41,BULLISH,LOW,41.7,14.9,25.4,68.0,0.1,47.8,15.0,DEALER_SQUEEZE|CALL_WALL_LADDERING,7675.0,7640.0,7699.0,LONG_GAMMA_PINNING,40.1,0.18,52.8,31.1,LONG,43.4
2026-09-13 21:28:00,1497735.0,1004795.0,674100.0,1092700.0,359.63,1801.56,194537.22,1564.0,4298.0,0.3792,0.2967,0.9069,0.7127,7750.0,1300.0,0.0,-4211.1878,POSITIVE,LONG_GAMMA,CALL_SQUEEZE,0.35,BULLISH,LOW,42.1,14.9,25.4,67.0,0.1,42.8,15.0,FLOW_EXPANSION_BULLISH,7640.0,7645.0,7698.75,LONG_GAMMA_PINNING,40.1,0.18,52.8,31.1,LONG,43.4
2026-09-13 21:29:00,1497735.0,1011395.0,674100.0,1092700.0,339.63,1801.56,194537.22,244.0,2098.0,0.3792,0.2967,0.9066,0.0,0.0,0.0,0.0,0.0,POSITIVE,LONG_GAMMA,CALL_SQUEEZE,0.43,BULLISH,LOW,47.5,14.9,25.4,75.0,0.1,57.7,15.0,FLOW_EXPANSION_BULLISH|DEALER_SQUEEZE|CALL_WALL_LADDERING,7680.0,7645.0,7699.25,LONG_GAMMA_PINNING,37.1,0.689,52.0,30.5,LONG,43.0
2026-09-13 21:30:00,1499810.0,1011395.0,674100.0,1092700.0,344.63,1801.56,194537.22,1065.0,25.0,0.3798,0.8034,0.8942,1.0,2075.0,0.0,0.0,0.0,POSITIVE,LONG_GAMMA,CALL_SQUEEZE,0.35,BULLISH,LOW,45.8,14.9,18.4,71.5,0.1,42.7,15.0,FLOW_EXPANSION_BULLISH,7675.0,7645.0,7698.75,CHARM_DOMINATED,36.8,0.69,53.0,29.5,LONG,47.0
2026-09-13 21:31:00,1499810.0,1022385.0,674100.0,1092700.0,337.63,1801.56,194537.22,-1133.0,-10097.0,0.3798,0.8034,0.8942,0.0,0.0,0.0,0.0,0.0,POSITIVE,LONG_GAMMA,DEALER_LONG_GAMMA,0.47,BULLISH,LOW,41.2,14.9,20.9,65.7,0.1,32.6,15.0,,7640.0,7645.0,7699.75,CHARM_DOMINATED,33.8,0.699,52.4,29.4,LONG,46.0
2026-09-13 21:32:00,1507710.0,1022660.0,674100.0,1092700.0,341.63,1801.56,194537.22,-28.0,-1005.0,0.3821,0.8633,0.7418,1.0,7900.0,0.0,0.0,0.0,POSITIVE,LONG_GAMMA,DEALER_LONG_GAMMA,0.47,BULLISH,LOW,38.2,14.9,22.5,62.0,0.1,32.7,15.0,,7640.0,7645.0,7699.75,CHARM_DOMINATED,30.8,1.0,52.2,28.7,LONG,47.0
2026-09-13 21:33:00,1510630.0,1022660.0,674100.0,1092700.0,345.78,1848.94,178914.76,-994.0,2114.0,0.3829,1.0,0.7571,1.0,2920.0,0.0,-15622.4518,-7811.2259,POSITIVE,LONG_GAMMA,CALL_SQUEEZE,0.35,BULLISH,LOW,39.8,14.9,23.4,63.1,0.1,42.8,15.0,FLOW_EXPANSION_BULLISH,7650.0,7645.0,7699.5,LONG_GAMMA_PINNING,37.5,0.687,52.1,31.3,LONG,41.6
2026-09-13 21:34:00,1510630.0,1030410.0,674100.0,1092700.0,340.78,1848.94,178914.76,-1224.0,5389.0,0.3829,1.0,0.7491,0.0,0.0,0.0,0.0,-7811.2259,POSITIVE,LONG_GAMMA,CALL_SQUEEZE,0.35,BULLISH,LOW,40.8,14.9,24.0,63.8,0.1,42.7,15.0,FLOW_EXPANSION_BULLISH,7640.0,7645.0,7699.0,LONG_GAMMA_PINNING,34.5,0.696,51.0,31.3,LONG,39.4
2026-09-13 21:35:00,1510630.0,1030410.0,674100.0,1092700.0,340.78,1848.94,178914.76,-1639.0,72.0,0.3829,1.0,0.7491,0.0,0.0,0.0,0.0,7811.2259,POSITIVE,LONG_GAMMA,CALL_SQUEEZE,0.35,BULLISH,LOW,41.5,14.9,17.3,64.2,0.1,42.7,15.0,FLOW_EXPANSION_BULLISH,7640.0,7645.0,7699.0,LONG_GAMMA_PINNING,40.0,1.0,51.8,32.2,LONG,39.2
2026-09-13 21:36:00,1518230.0,1030410.0,674100.0,1092700.0,345.78,1848.94,178914.76,2079.0,-5322.0,0.385,1.0,0.7791,1.0,7600.0,0.0,0.0,7811.2259,POSITIVE,LONG_GAMMA,DEALER_LONG_GAMMA,0.47,BULLISH,LOW,38.5,14.9,20.0,61.0,0.1,32.8,15.0,,7640.0,7645.0,7698.0,LONG_GAMMA_PINNING,37.0,1.0,52.2,30.7,LONG,43.0
2026-09-13 21:37:00,1526810.0,1043410.0,674100.0,1092700.0,347.78,1848.94,178914.76,-330.0,3475.0,0.3874,1.0,0.8091,1.0,8580.0,0.0,0.0,0.0,POSITIVE,LONG_GAMMA,CALL_SQUEEZE,0.35,BULLISH,LOW,40.0,14.9,21.7,62.4,0.1,42.9,15.0,FLOW_EXPANSION_BULLISH,7660.0,7645.0,7698.5,LONG_GAMMA_PINNING,34.0,1.0,50.8,31.0,LONG,39.6
2026-09-13 21:38:00,1526810.0,1047110.0,674100.0,1092700.0,342.78,1848.94,178914.76,-1654.0,3702.0,0.3874,1.0,0.7413,0.0,0.0,0.0,0.0,0.0,POSITIVE,LONG_GAMMA,CALL_SQUEEZE,0.35,BULLISH,LOW,41.0,14.9,22.8,63.3,0.1,42.8,15.0,FLOW_EXPANSION_BULLISH,7660.0,7645.0,7698.75,LONG_GAMMA_PINNING,37.5,1.0,51.2,32.2,LONG,38.0
2026-09-13 21:39:00,1528180.0,1047360.0,674100.0,1092700.0,343.78,1848.94,178914.76,120.0,-6133.0,0.3878,1.0,0.7488,1.0,1370.0,0.0,0.0,0.0,POSITIVE,LONG_GAMMA,DEALER_LONG_GAMMA,0.47,BULLISH,LOW,38.2,14.9,23.6,60.4,0.1,32.9,15.0,,7650.0,7645.0,7698.5,LONG_GAMMA_PINNING,37.5,0.688,51.1,30.9,LONG,40.4
2026-09-13 21:40:00,1528180.0,1056960.0,674100.0,1092700.0,313.78,1848.94,178914.76,-1800.0,-5650.0,0.3878,1.0,0.9375,0.0,0.0,0.0,0.0,0.0,POSITIVE,LONG_GAMMA,DEALER_LONG_GAMMA,0.47,BULLISH,LOW,36.2,14.9,24.1,58.5,0.1,32.6,15.0,,7680.0,7645.0,7698.25,LONG_GAMMA_PINNING,37.5,0.188,50.6,32.2,LONG,36.8
2026-09-13 21:41:00,1528890.0,1056960.0,674100.0,1092700.0,314.78,1848.94,178914.76,-3178.0,1470.0,0.388,1.0,0.9385,1.0,710.0,0.0,0.0,0.0,POSITIVE,LONG_GAMMA,CALL_SQUEEZE,0.35,BULLISH,LOW,38.4,14.9,24.4,60.8,0.1,42.6,15.0,FLOW_EXPANSION_BULLISH,7660.0,7645.0,7696.75,LONG_GAMMA_PINNING,34.5,0.697,50.1,32.5,LONG,35.2
2026-09-13 21:42:00,1530340.0,1056960.0,674100.0,1092700.0,315.78,1848.94,178914.76,-2004.0,-1190.0,0.3884,1.0,0.9376,1.0,1450.0,0.0,0.0,0.0,POSITIVE,LONG_GAMMA,DEALER_LONG_GAMMA,0.47,BULLISH,LOW,36.4,14.9,24.6,58.8,0.1,32.6,15.0,,7640.0,7645.0,7696.25,LONG_GAMMA_PINNING,31.5,1.0,49.7,31.1,LONG,37.2
2026-09-13 21:43:00,1530680.0,1058880.0,674100.0,1092700.0,314.27,1858.67,177952.6,-1580.0,4433.0,0.3885,1.0,1.0,1.0,340.0,0.0,-962.1622,-481.0811,POSITIVE,LONG_GAMMA,CALL_SQUEEZE,0.39,BULLISH,LOW,38.6,14.9,24.7,64.5,0.1,42.6,15.0,FLOW_EXPANSION_BULLISH|DEALER_SQUEEZE,7700.0,7645.0,7696.5,LONG_GAMMA_PINNING,37.4,1.0,50.5,31.6,LONG,37.8
2026-09-13 21:44:00,1530680.0,1060320.0,674100.0,1102900.0,314.11,1858.13,174480.47,-4132.0,522.0,0.3885,1.0,1.0,0.0,0.0,0.0,-3472.1351,-2217.1487,POSITIVE,LONG_GAMMA,CALL_SQUEEZE,0.35,BULLISH,LOW,40.0,14.9,17.7,64.7,0.1,42.6,15.0,FLOW_EXPANSION_BULLISH,7640.0,7670.0,7697.25,LONG_GAMMA_PINNING,34.4,1.0,50.3,32.7,LONG,35.2
2026-09-13 21:45:00,1545980.0,1060320.0,674100.0,1102900.0,365.11,1858.13,174480.47,848.0,-387.0,0.3927,1.0,1.0,1.0,15300.0,0.0,0.0,-1254.9864,POSITIVE,LONG_GAMMA,DEALER_LONG_GAMMA,0.47,BULLISH,LOW,37.6,14.9,20.2,61.3,0.1,33.1,15.0,,7680.0,7670.0,7696.25,LONG_GAMMA_TREND,42.5,0.673,57.5,28.9,LONG,57.2
2026-09-13 21:46:00,1545980.0,1076020.0,674100.0,1102900.0,315.11,1858.13,174480.47,-2434.0,-3948.0,0.3927,1.0,1.0,0.0,0.0,0.0,0.0,2217.1487,POSITIVE,LONG_GAMMA,DEALER_LONG_GAMMA,0.47,BULLISH,LOW,35.9,14.9,21.8,59.1,0.1,32.7,15.0,,7650.0,7670.0,7697.75,LONG_GAMMA_TREND,50.0,0.15,56.4,31.0,LONG,50.8
2026-09-13 21:47:00,1546670.0,1089340.0,674100.0,1108000.0,291.52,1857.85,172661.12,-6270.0,567.0,0.3929,1.0,1.0,1.0,690.0,0.0,-1819.3502,826.3925,POSITIVE,LONG_GAMMA,CALL_SQUEEZE,0.35,BULLISH,LOW,38.2,14.9,15.8,61.2,0.1,42.5,15.0,FLOW_EXPANSION_BULLISH,7675.0,7670.0,7698.25,LONG_GAMMA_TREND,47.0,0.659,55.7,33.9,LONG,43.6
2026-09-13 21:48:00,1546705.0,1089340.0,674100.0,1108000.0,291.55,1858.1,169362.03,-5947.0,-12962.0,0.3929,1.0,1.0,1.0,35.0,0.0,-3299.0856,-2559.2179,POSITIVE,LONG_GAMMA,CALL_SQUEEZE,0.43,BULLISH,LOW,41.4,14.9,18.9,71.3,0.1,47.5,15.0,DEALER_SQUEEZE|CALL_WALL_LADDERING,7750.0,7670.0,7698.0,LONG_GAMMA_TREND,44.0,1.0,55.0,32.8,LONG,44.4
2026-09-13 21:49:00,1547725.0,1091300.0,674100.0,1108000.0,291.55,1858.1,169362.03,-3807.0,-6012.0,0.3932,1.0,1.0,1.0,1020.0,0.0,0.0,-739.8677,POSITIVE,LONG_GAMMA,DEALER_LONG_GAMMA,0.47,BULLISH,LOW,38.3,14.9,20.9,65.6,0.1,32.5,15.0,,7690.0,7670.0,7698.25,LONG_GAMMA_PINNING,37.4,0.688,50.7,33.2,LONG,35.0
2026-09-13 21:50:00,1547725.0,1091300.0,674100.0,1120300.0,292.73,1857.25,162235.42,-9327.0,12313.0,0.3932,1.0,1.0,0.0,0.0,0.0,-7126.6086,-1004.0864,POSITIVE,LONG_GAMMA,CALL_SQUEEZE,0.35,BULLISH,LOW,39.8,14.9,22.1,65.4,0.1,42.5,15.0,FLOW_EXPANSION_BULLISH,7690.0,7660.0,7698.25,LONG_GAMMA_PINNING,39.9,0.18,51.4,33.8,LONG,35.2
2026-09-13 21:51:00,1547725.0,1091300.0,674100.0,1132600.0,293.91,1856.41,155043.28,-8647.0,334.0,0.3932,1.0,1.0,0.0,0.0,0.0,-7192.1437,-5509.8334,POSITIVE,LONG_GAMMA,CALL_SQUEEZE,0.35,BULLISH,LOW,40.7,14.9,15.8,65.3,0.1,42.5,15.0,FLOW_EXPANSION_BULLISH,7690.0,7660.0,7698.5,LONG_GAMMA_PINNING,39.9,0.18,56.1,33.1,LONG,46.0
2026-09-13 21:52:00,1547725.0,1091300.0,674100.0,1132600.0,293.91,1856.41,155043.28,-5101.0,-7748.0,0.3932,1.0,1.0,0.0,0.0,0.0,0.0,-32.7676,POSITIVE,LONG_GAMMA,DEALER_LONG_GAMMA,0.47,BULLISH,LOW,37.8,14.9,18.7,61.7,0.1,32.5,15.0,,7690.0,7660.0,7698.25,LONG_GAMMA_PINNING,39.9,0.18,55.9,31.6,LONG,48.6
2026-09-13 21:53:00,1547725.0,1091300.0,674100.0,1137700.0,294.32,1856.14,153190.96,-6128.0,820.0,0.3932,1.0,1.0,0.0,0.0,0.0,-1852.3193,6233.2166,POSITIVE,LONG_GAMMA,CALL_SQUEEZE,0.35,BULLISH,LOW,39.4,14.9,13.6,62.9,0.1,42.5,15.0,FLOW_EXPANSION_BULLISH,7690.0,7670.0,7698.5,LONG_GAMMA_PINNING,39.9,0.18,53.8,31.8,LONG,44.0
2026-09-13 21:54:00,1550510.0,1091995.0,676700.0,1137700.0,295.17,1845.62,192498.89,-5002.0,12163.0,0.3923,0.0344,0.7914,0.0344,2785.0,2600.0,39307.9353,22323.8799,POSITIVE,LONG_GAMMA,CALL_SQUEEZE,0.35,BULLISH,LOW,40.5,14.9,17.7,63.6,0.1,42.5,15.0,FLOW_EXPANSION_BULLISH,7645.0,7645.0,7698.0,LONG_GAMMA_PINNING,36.9,0.689,53.0,30.8,LONG,44.4
2026-09-13 21:55:00,1550510.0,1091995.0,676700.0,1137700.0,295.17,1845.62,192498.89,-2542.0,6013.0,0.3923,0.0344,0.7914,0.0,0.0,0.0,0.0,20580.1273,POSITIVE,LONG_GAMMA,CALL_SQUEEZE,0.35,BULLISH,LOW,41.2,14.9,20.3,64.1,0.1,42.5,15.0,FLOW_EXPANSION_BULLISH,7645.0,7645.0,7697.75,LONG_GAMMA_PINNING,37.4,1.0,53.7,30.6,LONG,46.2
2026-09-13 21:56:00,1554030.0,1091995.0,679500.0,1137700.0,297.82,1845.91,195857.79,1182.0,6220.0,0.3915,0.0773,0.6464,0.1139,3520.0,2800.0,3358.8948,-17048.3606,POSITIVE,LONG_GAMMA,CALL_SQUEEZE,0.35,BULLISH,LOW,41.6,14.9,22.0,64.4,0.1,42.5,15.0,FLOW_EXPANSION_BULLISH,7650.0,7650.0,7696.75,LONG_GAMMA_PINNING,34.4,1.0,54.4,30.2,LONG,48.4
2026-09-13 21:57:00,1555790.0,1091995.0,679500.0,1137700.0,299.82,1845.91,195857.79,1534.0,2898.0,0.392,0.1979,0.6499,1.0,1760.0,0.0,0.0,-17974.5202,POSITIVE,LONG_GAMMA,CALL_SQUEEZE,0.35,BULLISH,LOW,41.9,14.9,23.1,64.6,0.1,42.5,15.0,FLOW_EXPANSION_BULLISH,7645.0,7650.0,7696.75,LONG_GAMMA_PINNING,39.9,1.0,55.1,31.0,LONG,48.2
2026-09-13 21:58:00,1556028.0,1092232.0,686900.0,1137700.0,299.05,1846.48,200932.78,4034.0,2815.0,0.3875,-0.2131,0.3289,-0.9378,238.0,7400.0,5074.9948,858.05,POSITIVE,LONG_GAMMA,CALL_SQUEEZE,0.35,BULLISH,LOW,39.1,14.9,23.9,64.7,0.1,33.9,15.0,FLOW_EXPANSION_BULLISH,7670.0,7660.0,7696.75,LONG_GAMMA_PINNING,39.9,0.68,54.6,31.1,LONG,47.0
2026-09-13 21:59:00,1556028.0,1092232.0,686900.0,1137700.0,299.05,1846.48,200932.78,3096.0,-107.0,0.3875,-0.2979,0.3289,0.0,0.0,0.0,0.0,858.05,POSITIVE,LONG_GAMMA,DEALER_LONG_GAMMA,0.47,NEUTRAL,LOW,34.5,14.9,17.4,61.3,0.1,25.9,15.0,,7670.0,7660.0,7696.75,LONG_GAMMA_PINNING,39.9,0.18,53.9,31.1,LONG,45.6
2026-09-13 22:00:00,1556028.0,1092232.0,686900.0,1137700.0,299.05,1846.48,200932.78,3096.0,-1573.0,0.3875,-0.2979,-0.1205,0.0,0.0,0.0,0.0,-2537.4974,POSITIVE,LONG_GAMMA,DEALER_LONG_GAMMA,0.47,NEUTRAL,LOW,31.5,14.9,20.2,59.1,0.1,25.9,15.0,,7670.0,7660.0,7696.5,LONG_GAMMA_PINNING,39.9,0.18,53.8,31.1,LONG,45.4
2026-09-13 22:01:00,1556028.0,1092232.0,693000.0,1137700.0,298.33,1847.06,207445.04,3052.0,-2547.0,0.3837,-0.7422,-0.3058,-1.0,0.0,6100.0,6512.2584,718.6318,POSITIVE,LONG_GAMMA,DEALER_LONG_GAMMA,0.47,NEUTRAL,LOW,27.2,14.9,22.1,57.7,0.1,19.4,15.0,,7670.0,7650.0,7695.25,LONG_GAMMA_PINNING,36.9,0.689,52.7,30.3,LONG,44.8
2026-09-13 22:02:00,1557398.0,1092232.0,693000.0,1137700.0,299.33,1847.06,207445.04,2974.0,-1210.0,0.3841,-0.7872,-0.2758,1.0,1370.0,0.0,0.0,3256.1292,POSITIVE,LONG_GAMMA,DEALER_LONG_GAMMA,0.47,NEUTRAL,LOW,24.5,14.9,23.3,56.8,0.1,19.4,15.0,,7640.0,7650.0,7695.25,LONG_GAMMA_PINNING,39.9,1.0,53.1,30.7,LONG,44.8
2026-09-13 22:03:00,1562888.0,1092232.0,693000.0,1137700.0,310.33,1847.06,207445.04,2592.0,4320.0,0.3856,0.0586,-0.0775,1.0,5490.0,0.0,0.0,-3256.1292,POSITIVE,LONG_GAMMA,CALL_SQUEEZE,0.35,BULLISH,LOW,30.8,14.9,24.1,59.7,0.1,42.4,15.0,FLOW_EXPANSION_BULLISH,7660.0,7650.0,7695.0,LONG_GAMMA_PINNING,39.9,0.68,53.3,30.9,LONG,44.8
2026-09-13 22:04:00,1581448.0,1093012.0,693000.0,1137700.0,324.33,1847.06,207445.04,6148.0,5163.0,0.3906,0.6129,0.2817,1.0,18560.0,0.0,0.0,-3256.1292,POSITIVE,LONG_GAMMA,CALL_SQUEEZE,0.38,BULLISH,LOW,40.2,9.7,24.6,61.6,0.1,57.6,0.0,FLOW_EXPANSION_BULLISH,7645.0,7650.0,7695.0,LONG_GAMMA_PINNING,39.9,0.18,55.7,30.8,LONG,49.8
2026-09-13 22:05:00,1582808.0,1093012.0,693000.0,1137700.0,328.33,1847.06,207445.04,6420.0,4475.0,0.391,0.629,0.2998,1.0,1360.0,0.0,0.0,0.0,POSITIVE,LONG_GAMMA,CALL_SQUEEZE,0.38,BULLISH,LOW,46.3,6.3,24.9,62.8,0.1,57.7,0.0,FLOW_EXPANSION_BULLISH,7675.0,7650.0,7694.25,LONG_GAMMA_PINNING,36.9,0.689,57.5,30.5,LONG,54.0
2026-09-13 22:06:00,1585538.0,1093182.0,693000.0,1137700.0,331.33,1847.06,207445.04,5712.0,3803.0,0.3917,1.0,0.3335,1.0,2730.0,0.0,0.0,0.0,POSITIVE,LONG_GAMMA,CALL_SQUEEZE,0.38,BULLISH,LOW,50.3,4.1,25.1,63.6,0.1,57.7,0.0,FLOW_EXPANSION_BULLISH,7650.0,7650.0,7694.5,LONG_GAMMA_PINNING,37.3,1.0,57.3,30.5,LONG,53.6
2026-09-13 22:07:00,1585538.0,1093182.0,699400.0,1137700.0,330.85,1847.29,207591.05,6718.0,-8195.0,0.3878,0.6294,0.1983,-1.0,0.0,6400.0,146.0056,73.0028,POSITIVE,LONG_GAMMA,DEALER_LONG_GAMMA,0.5,BULLISH,LOW,49.4,2.7,25.2,60.6,0.1,47.6,0.0,,7650.0,7690.0,7695.0,LONG_GAMMA_PINNING,34.3,1.0,53.6,29.9,LONG,47.4
2026-09-13 22:08:00,1585538.0,1093752.0,699400.0,1137700.0,328.85,1847.29,207591.05,5506.0,-6773.0,0.3878,0.5594,0.1983,0.0,0.0,0.0,0.0,73.0028,POSITIVE,LONG_GAMMA,DEALER_LONG_GAMMA,0.5,BULLISH,LOW,48.8,1.8,25.3,58.6,0.1,47.6,0.0,,7680.0,7690.0,7695.5,CHARM_DOMINATED,37.1,0.689,55.0,28.8,LONG,52.4
2026-09-13 22:09:00,1585538.0,1093752.0,699400.0,1137700.0,328.85,1847.29,207591.05,1950.0,-17.0,0.3878,-0.2202,0.2135,0.0,0.0,0.0,0.0,-73.0028,POSITIVE,LONG_GAMMA,DEALER_LONG_GAMMA,0.5,BULLISH,LOW,45.1,1.2,18.4,57.3,0.1,38.1,0.0,,7680.0,7690.0,7695.0,CHARM_DOMINATED,37.2,0.189,53.5,30.0,LONG,47.0
2026-09-13 22:10:00,1585538.0,1093752.0,699400.0,1137700.0,328.85,1847.29,207591.05,1678.0,-4670.0,0.3878,-0.402,0.2135,0.0,0.0,0.0,0.0,-73.0028,POSITIVE,LONG_GAMMA,DEALER_LONG_GAMMA,0.5,BULLISH,LOW,39.3,0.8,20.9,56.5,0.1,28.6,0.0,,7680.0,7690.0,7695.0,CHARM_DOMINATED,34.2,0.698,52.8,30.2,LONG,45.2
2026-09-13 22:11:00,1585538.0,1094502.0,699400.0,1137700.0,327.6,1843.59,214623.88,1016.0,-3165.0,0.3878,-1.0,0.2258,0.0,0.0,0.0,7032.8337,3516.4168,POSITIVE,LONG_GAMMA,CALL_SQUEEZE,0.46,BULLISH,LOW,38.7,0.5,22.6,68.2,0.1,37.6,0.0,DEALER_SQUEEZE|CALL_WALL_LADDERING,7700.0,7690.0,7693.5,CHARM_DOMINATED,31.2,1.0,51.9,30.5,LONG,42.8
2026-09-13 22:12:00,1586288.0,1099752.0,705500.0,1137700.0,321.87,1844.16,220869.87,56.0,568.0,0.3843,-0.781,0.0796,-0.781,750.0,6100.0,6245.9888,6639.4112,POSITIVE,LONG_GAMMA,CALL_SQUEEZE,0.38,BULLISH,LOW,37.2,0.3,23.7,67.1,0.1,34.5,0.0,FLOW_EXPANSION_BULLISH,7635.0,7650.0,7693.5,CHARM_DOMINATED,28.2,1.0,50.4,30.6,LONG,39.6
2026-09-13 22:13:00,1587178.0,1099752.0,705500.0,1137700.0,322.87,1844.16,220869.87,348.0,580.0,0.3846,-0.5762,0.2523,1.0,890.0,0.0,0.0,-393.4224,POSITIVE,LONG_GAMMA,CALL_SQUEEZE,0.46,BULLISH,LOW,39.4,0.2,24.5,75.1,0.1,43.5,0.0,FLOW_EXPANSION_BULLISH|DEALER_SQUEEZE|CALL_WALL_LADDERING,7650.0,7650.0,7692.75,CHARM_DOMINATED,25.2,1.0,49.8,29.8,LONG,40.0
2026-09-13 22:14:00,1587178.0,1099752.0,708800.0,1141000.0,322.87,1844.16,220869.87,348.0,1205.0,0.3826,-0.7029,0.1744,-1.0,0.0,3300.0,0.0,-6639.4112,POSITIVE,LONG_GAMMA,CALL_SQUEEZE,0.43,BULLISH,LOW,37.7,5.4,25.0,80.3,0.1,34.4,15.0,FLOW_EXPANSION_BULLISH|DEALER_SQUEEZE|CALL_WALL_LADDERING,7650.0,7690.0,7693.25,CHARM_DOMINATED,36.5,1.0,51.8,30.9,LONG,41.8
2026-09-13 22:15:00,1598970.0,1099765.0,708800.0,1141000.0,340.95,2054.95,-497385.83,2704.0,3798.0,0.3857,0.1766,0.3245,1.0,11792.0,0.0,-718255.7056,-362250.8472,POSITIVE,LONG_GAMMA,CALL_SQUEEZE,0.39,BULLISH,LOW,44.7,8.8,27.8,81.9,5.3,57.6,15.0,FLOW_EXPANSION_BULLISH|DEALER_SQUEEZE|CALL_WALL_LADDERING,7705.0,7690.0,7692.75,CHARM_DOMINATED,36.5,0.69,52.9,29.7,LONG,46.4
2026-09-13 22:16:00,1607568.0,1101042.0,708800.0,1141000.0,347.22,2058.17,-510944.41,4318.0,5122.0,0.388,0.4018,0.5307,1.0,8598.0,0.0,-13558.5713,-365907.1384,POSITIVE,LONG_GAMMA,DEALER_LONG_GAMMA,0.34,BULLISH,LOW,44.0,11.0,29.8,70.7,8.7,42.7,15.0,FLOW_EXPANSION_BULLISH,7635.0,7690.0,7693.0,CHARM_DOMINATED,33.5,0.699,56.3,29.0,LONG,54.6
2026-09-13 22:17:00,1609058.0,1101042.0,732425.0,1141000.0,345.64,2060.16,-489911.22,9021.0,14293.0,0.3744,-0.0836,0.1343,-0.8813,1490.0,23625.0,21033.1876,362865.161,POSITIVE,LONG_GAMMA,DEALER_LONG_GAMMA,0.36,BULLISH,LOW,48.7,7.2,30.9,63.5,10.9,57.4,0.0,FLOW_EXPANSION_BULLISH,7635.0,7650.0,7692.0,CHARM_DOMINATED,30.5,1.0,52.8,29.2,LONG,47.2
2026-09-13 22:18:00,1621668.0,1106958.0,732425.0,1141000.0,358.63,2088.0,-554845.13,10182.0,7153.0,0.3777,0.1232,0.1971,1.0,12610.0,0.0,-64933.9127,343956.7759,POSITIVE,LONG_GAMMA,DEALER_LONG_GAMMA,0.34,BULLISH,LOW,46.6,9.9,32.1,58.8,12.3,42.6,15.0,FLOW_EXPANSION_BULLISH,7640.0,7650.0,7692.25,CHARM_DOMINATED,27.5,1.0,52.4,28.4,LONG,48.0
2026-09-13 22:19:00,1621828.0,1108258.0,732425.0,1141000.0,355.64,2075.86,-511740.13,9954.0,673.0,0.3778,0.1892,0.012,1.0,160.0,0.0,43104.9972,-14651.7659,POSITIVE,LONG_GAMMA,DEALER_LONG_GAMMA,0.36,BULLISH,LOW,50.4,6.4,25.5,55.7,13.2,57.5,0.0,FLOW_EXPANSION_BULLISH,7675.0,7650.0,7692.25,LONG_GAMMA_PINNING,40.2,0.679,52.9,31.2,LONG,43.4
2026-09-13 22:20:00,1624212.0,1108258.0,732425.0,1141000.0,358.64,2075.86,-511740.13,8075.0,-13571.0,0.3784,0.0331,0.0245,1.0,2385.0,0.0,0.0,43502.8612,POSITIVE,LONG_GAMMA,DEALER_LONG_GAMMA,0.5,BULLISH,LOW,49.4,4.2,28.2,50.2,13.8,47.6,0.0,,7645.0,7650.0,7692.0,LONG_GAMMA_PINNING,40.2,0.179,52.5,31.2,LONG,42.6
2026-09-13 22:21:00,1624768.0,1108258.0,732425.0,1141000.0,361.64,2075.86,-511740.13,6722.0,-15305.0,0.3786,-0.1574,-0.0025,1.0,555.0,0.0,0.0,10914.4577,POSITIVE,LONG_GAMMA,DEALER_LONG_GAMMA,0.44,BULLISH,LOW,49.6,2.7,30.0,55.4,14.2,50.1,0.0,CALL_WALL_LADDERING,7690.0,7650.0,7692.25,LONG_GAMMA_PINNING,40.2,0.179,52.0,31.2,LONG,41.6
2026-09-13 22:22:00,1627352.0,1112502.0,732425.0,1141000.0,361.64,2075.86,-511740.13,1367.0,-2351.0,0.3792,1.0,0.1175,1.0,2585.0,0.0,0.0,-21552.4986,POSITIVE,LONG_GAMMA,DEALER_LONG_GAMMA,0.47,BULLISH,LOW,43.7,7.0,31.2,50.0,14.5,32.6,15.0,,7660.0,7650.0,7692.25,LONG_GAMMA_PINNING,40.2,0.179,51.0,32.1,LONG,37.8
2026-09-13 22:23:00,1637088.0,1122362.0,732425.0,1141000.0,360.64,2075.86,-511740.13,3.0,-1032.0,0.3818,1.0,0.219,1.0,9735.0,0.0,0.0,0.0,POSITIVE,LONG_GAMMA,DEALER_LONG_GAMMA,0.47,BULLISH,LOW,39.8,9.8,31.9,46.5,14.7,32.7,15.0,,7660.0,7650.0,7692.5,LONG_GAMMA_PINNING,40.2,0.179,51.0,32.4,LONG,37.2
2026-09-13 22:24:00,1637242.0,1131608.0,808175.0,1141000.0,342.53,2078.04,-518032.3,13563.0,20155.0,0.339,-0.6618,-0.3556,-0.9959,155.0,75750.0,-6292.1621,-3146.081,POSITIVE,LONG_GAMMA,DEALER_LONG_GAMMA,0.34,BULLISH,LOW,37.7,6.4,32.3,51.2,14.8,33.8,0.0,FLOW_EXPANSION_BULLISH,7740.0,7700.0,7692.0,LONG_GAMMA_PINNING,37.2,0.688,52.5,37.1,LONG,30.8
2026-09-13 22:25:00,1637855.0,1134215.0,808175.0,1141000.0,339.53,2078.04,-518032.3,12687.0,22066.0,0.3392,-0.6948,-0.3505,1.0,612.0,0.0,0.0,-3146.081,POSITIVE,LONG_GAMMA,DEALER_LONG_GAMMA,0.36,BULLISH,LOW,36.3,4.2,32.6,50.8,14.9,33.8,0.0,FLOW_EXPANSION_BULLISH,7665.0,7700.0,7692.5,CHARM_DOMINATED,36.2,0.691,52.8,34.3,LONG,37.0
2026-09-13 22:26:00,1641038.0,1135918.0,808175.0,1141000.0,340.53,2078.04,-518032.3,12872.0,22941.0,0.3401,-0.6464,-0.3243,1.0,3182.0,0.0,0.0,3146.081,POSITIVE,LONG_GAMMA,DEALER_LONG_GAMMA,0.36,BULLISH,LOW,35.4,2.7,32.8,50.5,14.9,33.8,0.0,FLOW_EXPANSION_BULLISH,7635.0,7700.0,7691.75,CHARM_DOMINATED,33.2,0.7,52.1,33.1,LONG,38.0
2026-09-13 22:27:00,1641038.0,1139118.0,808175.0,1141000.0,330.53,2078.04,-518032.3,12564.0,-34506.0,0.3401,-0.694,-0.3044,0.0,0.0,0.0,0.0,3146.081,POSITIVE,LONG_GAMMA,DEALER_LONG_GAMMA,0.47,NEUTRAL,LOW,29.6,7.0,32.9,46.8,14.9,18.8,15.0,,7675.0,7700.0,7692.5,LONG_GAMMA_TREND,37.4,0.688,54.1,32.0,LONG,44.2
2026-09-13 22:28:00,1641038.0,1140168.0,808175.0,1141000.0,328.8,2057.88,-445798.02,12379.0,-33256.0,0.3401,-0.9009,-0.3118,0.0,0.0,0.0,72234.2721,36117.1361,POSITIVE,LONG_GAMMA,DEALER_LONG_GAMMA,0.44,NEUTRAL,LOW,25.8,9.8,32.3,47.9,14.9,18.8,15.0,,7705.0,7700.0,7692.25,LONG_GAMMA_TREND,34.4,0.697,53.3,31.4,LONG,43.8
2026-09-13 22:29:00,1641098.0,1141138.0,808175.0,1141000.0,327.8,2057.88,-445798.02,-1135.0,-1462.0,0.3401,1.0,-0.2965,1.0,60.0,0.0,0.0,36117.1361,POSITIVE,LONG_GAMMA,DEALER_LONG_GAMMA,0.44,BULLISH,LOW,27.7,11.6,32.0,48.6,14.9,31.3,15.0,,7705.0,7700.0,7693.0,LONG_GAMMA_TREND,37.4,1.0,52.7,33.6,LONG,38.2
2026-09-13 22:30:00,1641098.0,1144158.0,808175.0,1147750.0,326.53,2057.3,-452160.59,-2690.0,-3050.0,0.3401,1.0,-0.4046,0.0,0.0,0.0,-6362.5613,-39298.4167,POSITIVE,LONG_GAMMA,DEALER_LONG_GAMMA,0.47,BULLISH,LOW,28.9,12.8,31.8,45.6,14.9,31.3,15.0,,7635.0,7650.0,7693.5,LONG_GAMMA_TREND,34.4,1.0,52.1,33.0,LONG,38.2
2026-09-13 22:31:00,1641098.0,1144158.0,814925.0,1147750.0,325.79,2057.87,-446116.0,-1636.0,815.0,0.3364,-0.9824,-0.5198,-1.0,0.0,6750.0,6044.5866,-36276.1234,POSITIVE,LONG_GAMMA,DEALER_LONG_GAMMA,0.36,BULLISH,LOW,30.6,8.3,31.6,47.1,14.9,33.7,0.0,FLOW_EXPANSION_BULLISH,7635.0,7650.0,7691.75,LONG_GAMMA_TREND,52.2,1.0,56.0,34.2,LONG,43.6
2026-09-13 22:32:00,1644818.0,1146078.0,814925.0,1237625.0,332.48,2054.24,-461009.55,-18611.0,-29385.0,0.3374,-0.2821,-0.3952,1.0,3720.0,0.0,-14893.5535,-1243.2028,POSITIVE,LONG_GAMMA,DEALER_LONG_GAMMA,0.5,BULLISH,LOW,32.8,5.4,31.5,44.6,14.9,36.9,0.0,,7660.0,7700.0,7691.75,LONG_GAMMA_TREND,49.2,1.0,54.8,32.2,LONG,45.2
2026-09-13 22:33:00,1644818.0,1146078.0,814925.0,1237625.0,332.48,2054.24,-461009.55,-18401.0,-21768.0,0.3374,-0.2821,-0.5618,0.0,0.0,0.0,0.0,-7287.7894,POSITIVE,LONG_GAMMA,DEALER_LONG_GAMMA,0.47,NEUTRAL,LOW,30.1,8.8,31.5,43.0,14.9,24.9,15.0,,7660.0,7700.0,7691.0,LONG_GAMMA_TREND,49.2,1.0,56.6,31.8,LONG,49.6
2026-09-13 22:34:00,1645538.0,1149702.0,814925.0,1315125.0,334.65,2052.61,-454582.27,-34300.0,-54650.0,0.3376,-0.2064,-0.5535,1.0,720.0,0.0,6427.2849,7638.1259,POSITIVE,LONG_GAMMA,DEALER_LONG_GAMMA,0.5,BULLISH,LOW,32.5,5.7,31.4,42.0,14.9,36.9,0.0,,7665.0,7700.0,7691.25,LONG_GAMMA_TREND,46.2,1.0,60.0,32.8,LONG,54.4
2026-09-13 22:35:00,1645538.0,1149702.0,814925.0,1315125.0,334.65,2052.61,-454582.27,-32346.0,13861.0,0.3376,-0.2064,-0.5892,0.0,0.0,0.0,0.0,10660.4192,POSITIVE,LONG_GAMMA,DEALER_LONG_GAMMA,0.36,BULLISH,LOW,36.8,3.7,31.3,44.8,14.9,44.9,0.0,FLOW_EXPANSION_BULLISH,7665.0,7700.0,7691.75,LONG_GAMMA_TREND,43.2,1.0,56.4,31.8,LONG,49.2
2026-09-13 22:36:00,1652848.0,1154702.0,830275.0,1315125.0,322.62,2053.05,-455968.3,-30164.0,23122.0,0.3313,-0.1328,-0.554,-0.3548,7310.0,15350.0,-1386.0344,-3906.6596,POSITIVE,LONG_GAMMA,DEALER_LONG_GAMMA,0.34,BULLISH,LOW,38.2,7.7,31.2,46.6,14.9,40.9,15.0,FLOW_EXPANSION_BULLISH,7650.0,7700.0,7691.0,LONG_GAMMA_TREND,43.2,1.0,59.3,30.6,LONG,57.4
2026-09-13 22:37:00,1652848.0,1154702.0,830275.0,1315125.0,322.62,2053.05,-455968.3,-12549.0,46089.0,0.3313,-0.3131,-0.5866,0.0,0.0,0.0,0.0,-3906.6596,POSITIVE,LONG_GAMMA,DEALER_LONG_GAMMA,0.34,NEUTRAL,LOW,33.4,10.3,31.1,47.8,14.9,24.5,15.0,FLOW_EXPANSION_BULLISH,7650.0,7700.0,7691.0,LONG_GAMMA_TREND,40.2,1.0,55.7,29.0,LONG,53.4
2026-09-13 22:38:00,1652848.0,1154702.0,830275.0,1315125.0,322.62,2053.05,-455968.3,-12549.0,46089.0,0.3313,-0.3131,-0.7226,0.0,0.0,0.0,0.0,693.0172,POSITIVE,LONG_GAMMA,DEALER_LONG_GAMMA,0.36,BULLISH,LOW,33.4,6.7,31.1,48.6,14.9,33.5,0.0,FLOW_EXPANSION_BULLISH,7650.0,7700.0,7691.25,LONG_GAMMA_PINNING,38.4,0.685,51.9,31.8,LONG,40.2
2026-09-13 22:39:00,1652848.0,1155702.0,847175.0,1315125.0,320.23,2053.78,-454151.32,6712.0,-3530.0,0.3223,-0.6304,-0.4284,-1.0,0.0,16900.0,1816.9831,1601.5087,POSITIVE,LONG_GAMMA,DEALER_LONG_GAMMA,0.47,NEUTRAL,LOW,28.1,9.6,31.1,45.6,14.9,18.4,15.0,,7645.0,7690.0,7690.5,LONG_GAMMA_PINNING,35.4,0.694,52.2,30.8,LONG,42.8
2026-09-13 22:40:00,1652848.0,1155702.0,847175.0,1315125.0,320.23,2053.78,-454151.32,6712.0,-3530.0,0.3223,-0.6304,-0.4446,0.0,0.0,0.0,0.0,908.4916,POSITIVE,LONG_GAMMA,DEALER_LONG_GAMMA,0.47,NEUTRAL,LOW,24.7,11.5,31.1,43.6,14.9,18.4,15.0,,7645.0,7690.0,7691.0,LONG_GAMMA_PINNING,32.4,1.0,52.2,29.9,LONG,44.6
2026-09-13 22:41:00,1652848.0,1155702.0,847175.0,1315125.0,320.23,2053.78,-454151.32,3180.0,5300.0,0.3223,-1.0,-0.5351,0.0,0.0,0.0,0.0,-908.4916,POSITIVE,LONG_GAMMA,DEALER_LONG_GAMMA,0.34,NEUTRAL,LOW,24.6,12.7,31.1,45.8,14.9,24.4,15.0,FLOW_EXPANSION_BULLISH,7645.0,7690.0,7690.5,CHARM_DOMINATED,36.2,0.691,53.2,29.8,LONG,46.8
2026-09-13 22:42:00,1656122.0,1156718.0,872475.0,1315125.0,316.08,2007.36,-385381.72,8692.0,1237.0,0.3099,-0.856,-0.62,-0.7708,3275.0,25300.0,68769.5983,33476.3076,POSITIVE,LONG_GAMMA,DEALER_LONG_GAMMA,0.34,NEUTRAL,LOW,24.4,13.5,23.5,47.3,14.9,24.2,15.0,FLOW_EXPANSION_BULLISH,7630.0,7630.0,7689.75,CHARM_DOMINATED,33.2,0.7,52.2,29.8,LONG,44.8
2026-09-13 22:43:00,1656158.0,1156718.0,894925.0,1324425.0,314.63,2008.77,-376581.53,11329.0,5632.0,0.2984,-0.9026,-0.7032,-0.9969,35.0,22450.0,8800.1938,38784.8961,POSITIVE,LONG_GAMMA,DEALER_LONG_GAMMA,0.32,NEUTRAL,LOW,24.3,14.0,25.4,51.7,14.9,24.0,15.0,,7740.0,7650.0,7689.75,CHARM_DOMINATED,30.2,1.0,51.4,29.6,LONG,43.6
2026-09-13 22:44:00,1656158.0,1163418.0,897250.0,1326750.0,309.63,2008.77,-376581.53,6809.0,11348.0,0.2972,-0.876,-0.7108,-1.0,0.0,2325.0,0.0,-29984.7022,POSITIVE,LONG_GAMMA,DEALER_LONG_GAMMA,0.31,NEUTRAL,LOW,24.2,19.6,26.6,51.1,21.9,23.9,30.0,,7645.0,7630.0,7690.0,LONG_GAMMA_PINNING,38.9,0.683,51.3,31.7,LONG,39.2
2026-09-13 22:45:00,1656158.0,1163988.0,975750.0,1326750.0,303.48,2010.92,-384114.44,22395.0,14358.0,0.2585,-0.9498,-0.8351,-1.0,0.0,78500.0,-7532.9165,-42551.3543,POSITIVE,LONG_GAMMA,DEALER_LONG_GAMMA,0.34,NEUTRAL,LOW,23.9,18.0,27.4,50.7,19.5,23.3,15.0,,7660.0,7700.0,7690.0,LONG_GAMMA_PINNING,42.0,0.174,52.0,34.2,LONG,35.6
2026-09-13 22:46:00,1656158.0,1165968.0,975750.0,1326750.0,301.48,2010.92,-384114.44,21999.0,2711.0,0.2585,-0.9498,-0.8288,0.0,0.0,0.0,0.0,-8166.5552,POSITIVE,LONG_GAMMA,DEALER_LONG_GAMMA,0.34,NEUTRAL,LOW,23.7,17.0,21.0,50.5,17.9,23.3,15.0,,7645.0,7700.0,7690.0,LONG_GAMMA_PINNING,42.0,0.174,51.7,34.1,LONG,35.2
2026-09-13 22:47:00,1656898.0,1165968.0,994550.0,1326750.0,300.04,2013.25,-347624.03,20395.0,28588.0,0.2498,-0.9874,-0.874,-0.9243,740.0,18800.0,36490.4081,22011.6623,POSITIVE,LONG_GAMMA,DEALER_LONG_GAMMA,0.34,NEUTRAL,LOW,23.5,16.3,23.5,50.3,16.9,23.1,15.0,,7655.0,7630.0,7689.5,LONG_GAMMA_PINNING,42.0,0.174,51.2,34.6,LONG,33.2
2026-09-13 22:48:00,1656915.0,1174335.0,1027450.0,1326750.0,287.77,2017.32,-283846.13,22668.0,-21578.0,0.2345,-0.9886,-0.8923,-0.9989,18.0,32900.0,63777.9084,53900.6165,POSITIVE,LONG_GAMMA,DEALER_LONG_GAMMA,0.39,NEUTRAL,LOW,24.3,15.8,24.6,58.9,16.2,25.8,15.0,DEALER_SQUEEZE|CALL_WALL_LADDERING,7740.0,7630.0,7689.5,LONG_GAMMA_PINNING,42.3,0.173,51.0,35.4,LONG,31.2
2026-09-13 22:49:00,1657335.0,1174905.0,1027450.0,1326750.0,287.77,2017.32,-283846.13,23978.0,-23328.0,0.2346,-0.9821,-0.8948,1.0,420.0,0.0,0.0,13643.7502,POSITIVE,LONG_GAMMA,DEALER_LONG_GAMMA,0.47,NEUTRAL,LOW,21.7,15.5,25.3,52.3,15.8,16.9,15.0,,7670.0,7630.0,7690.5,LONG_GAMMA_PINNING,39.3,0.682,50.7,34.5,LONG,32.4
2026-09-13 22:50:00,1657365.0,1174935.0,1099525.0,1326750.0,278.37,2026.33,-140823.56,22807.0,23378.0,0.2023,-0.9807,-0.9202,-0.9992,30.0,72075.0,143022.5679,21377.1258,POSITIVE,LONG_GAMMA,CALL_SQUEEZE,0.39,BULLISH,LOW,25.1,15.3,24.6,63.7,15.5,31.3,15.0,DEALER_SQUEEZE|CALL_WALL_LADDERING,7745.0,7630.0,7690.0,LONG_GAMMA_PINNING,39.3,1.0,50.0,35.9,LONG,28.2
2026-09-13 22:51:00,1657365.0,1174935.0,1099525.0,1486550.0,299.01,2006.51,-454314.41,-8757.0,-51337.0,0.2023,-0.9807,-0.967,0.0,0.0,0.0,-313490.8545,-117123.0975,POSITIVE,LONG_GAMMA,DEALER_LONG_GAMMA,0.39,NEUTRAL,LOW,25.2,15.2,26.5,67.7,15.3,25.4,15.0,DEALER_SQUEEZE|CALL_WALL_LADDERING,7745.0,7630.0,7689.75,LONG_GAMMA_PINNING,40.3,0.679,49.0,35.2,LONG,27.6
2026-09-13 22:52:00,1657765.0,1175335.0,1193975.0,1525800.0,291.74,2013.49,-343353.76,-1625.0,-23042.0,0.1626,-0.9913,-0.9733,-0.9916,400.0,94450.0,110960.6576,-172776.3824,POSITIVE,LONG_GAMMA,DEALER_LONG_GAMMA,0.56,NEUTRAL,LOW,21.0,15.1,26.8,52.8,15.2,13.3,15.0,,7735.0,7630.0,7690.0,LONG_GAMMA_PINNING,40.9,0.177,48.6,36.1,LONG,25.0
2026-09-13 22:53:00,1657765.0,1175335.0,1196275.0,1525800.0,291.43,2013.78,-338714.82,-6075.0,-70062.0,0.1617,-0.99,-0.9735,-1.0,0.0,2300.0,4638.9327,143033.9385,POSITIVE,LONG_GAMMA,DEALER_LONG_GAMMA,0.56,NEUTRAL,LOW,18.3,15.1,27.0,43.1,15.1,13.3,15.0,,7735.0,7630.0,7690.0,LONG_GAMMA_PINNING,43.5,0.17,49.0,37.1,LONG,23.8
2026-09-13 22:54:00,1657765.0,1175335.0,1198600.0,1525800.0,291.09,2014.07,-334855.37,-5580.0,63804.0,0.1608,-0.995,-0.9724,-1.0,0.0,2325.0,3859.4531,105514.2914,POSITIVE,LONG_GAMMA,DEALER_LONG_GAMMA,0.46,NEUTRAL,LOW,18.6,15.1,27.1,36.8,15.1,19.3,15.0,,7735.0,7640.0,7690.5,LONG_GAMMA_PINNING,43.5,0.17,49.1,36.7,LONG,24.8
2026-09-13 22:55:00,1658165.0,1176935.0,1198600.0,1525800.0,290.09,2014.07,-334855.37,-20235.0,53442.0,0.1609,-0.984,-0.9702,1.0,400.0,0.0,0.0,-55870.0686,POSITIVE,LONG_GAMMA,DEALER_LONG_GAMMA,0.46,NEUTRAL,LOW,18.8,15.1,27.1,32.7,15.1,19.3,15.0,,7735.0,7640.0,7690.75,LONG_GAMMA_PINNING,43.5,0.17,49.3,37.4,LONG,23.8
2026-09-13 22:56:00,1658165.0,1177205.0,1198600.0,1525800.0,289.09,2014.07,-334855.37,11671.0,-28465.0,0.1609,-0.984,-0.9702,0.0,0.0,0.0,0.0,-4249.1929,POSITIVE,LONG_GAMMA,DEALER_LONG_GAMMA,0.6,NEUTRAL,LOW,16.9,15.1,27.1,26.5,15.1,13.2,15.0,,7680.0,7640.0,7690.25,LONG_GAMMA_PINNING,43.5,0.17,49.3,35.2,LONG,28.2
2026-09-13 22:57:00,1662365.0,1182905.0,1198600.0,1525800.0,289.09,2014.07,-334855.37,331.0,-3302.0,0.1621,-0.0027,-0.9624,1.0,4200.0,0.0,0.0,-1929.7266,POSITIVE,LONG_GAMMA,DEALER_LONG_GAMMA,0.6,NEUTRAL,LOW,18.7,15.1,27.1,22.5,15.1,22.1,15.0,,7670.0,7640.0,7690.0,LONG_GAMMA_PINNING,43.5,0.17,49.0,35.9,LONG,26.2
2026-09-13 22:58:00,1662365.0,1182905.0,1200950.0,1528150.0,289.09,2014.07,-334855.37,-129.0,-1152.0,0.1611,-0.0081,-0.9602,-1.0,0.0,2350.0,0.0,0.0,POSITIVE,LONG_GAMMA,DEALER_LONG_GAMMA,0.6,NEUTRAL,LOW,19.9,15.1,27.1,19.9,15.1,22.1,15.0,,7670.0,7665.0,7689.5,LONG_GAMMA_PINNING,43.5,0.17,48.9,35.9,LONG,26.0
2026-09-13 22:59:00,1662365.0,1182905.0,1203525.0,1539900.0,290.29,2012.9,-353881.85,-2429.0,-2823.0,0.1601,-0.0341,-0.9603,-1.0,0.0,2575.0,-19026.483,-9513.2415,POSITIVE,LONG_GAMMA,DEALER_LONG_GAMMA,0.6,NEUTRAL,LOW,20.7,15.1,27.3,18.2,15.1,22.1,15.0,,7670.0,7630.0,7689.5,LONG_GAMMA_PINNING,43.5,0.17,48.9,35.9,LONG,26.0
2026-09-13 23:00:00,1663225.0,1182905.0,1203525.0,1542250.0,291.74,2014.24,-365823.95,-2487.0,-2670.0,0.1604,0.0135,-0.9398,1.0,860.0,0.0,-11942.0956,-15484.2893,POSITIVE,LONG_GAMMA,DEALER_LONG_GAMMA,0.6,NEUTRAL,LOW,21.2,15.1,27.5,17.1,15.1,22.1,15.0,,7655.0,7630.0,7689.5,LONG_GAMMA_PINNING,43.5,0.17,48.9,35.7,LONG,26.4
2026-09-13 23:01:00,1663225.0,1188605.0,1203525.0,1542250.0,281.74,2014.24,-365823.95,-3573.0,-4705.0,0.1604,0.0135,-0.9398,0.0,0.0,0.0,0.0,3542.1937,POSITIVE,LONG_GAMMA,DEALER_LONG_GAMMA,0.6,NEUTRAL,LOW,21.5,15.1,27.6,16.4,15.1,22.0,15.0,,7660.0,7630.0,7690.0,LONG_GAMMA_PINNING,43.5,0.17,49.0,35.7,LONG,26.6
2026-09-13 23:02:00,1680625.0,1188655.0,1203525.0,1542250.0,297.74,2014.24,-365823.95,197.0,7974.0,0.1654,0.5752,-0.7961,1.0,17400.0,0.0,0.0,15484.2893,POSITIVE,LONG_GAMMA,DEALER_LONG_GAMMA,0.49,BULLISH,LOW,25.2,15.1,27.7,15.9,15.1,32.1,15.0,,7635.0,7630.0,7690.75,LONG_GAMMA_PINNING,40.5,0.679,49.1,33.9,LONG,30.4
2026-09-13 23:03:00,1682245.0,1191475.0,1203525.0,1542250.0,296.74,2014.24,-365823.95,-43.0,8816.0,0.1659,0.7707,-0.7485,1.0,1620.0,0.0,0.0,5971.0478,POSITIVE,LONG_GAMMA,DEALER_LONG_GAMMA,0.49,BULLISH,LOW,27.6,15.1,27.7,15.6,15.1,32.1,15.0,,7650.0,7630.0,7690.25,LONG_GAMMA_PINNING,40.5,1.0,48.7,34.2,LONG,29.0
2026-09-13 23:04:00,1683595.0,1192825.0,1214675.0,1546800.0,296.25,2014.48,-365930.09,3112.0,11178.0,0.1618,0.3113,-0.754,-0.784,1350.0,11150.0,-106.1391,-53.0695,POSITIVE,LONG_GAMMA,DEALER_LONG_GAMMA,0.52,BULLISH,LOW,34.4,9.8,27.7,15.4,15.1,47.1,0.0,,7635.0,7690.0,7691.0,LONG_GAMMA_PINNING,37.5,1.0,48.5,34.0,LONG,29.0
2026-09-13 23:05:00,1683595.0,1192825.0,1224575.0,1546800.0,295.38,2015.0,-363153.54,5390.0,-725.0,0.1578,-0.0164,-0.6532,-1.0,0.0,9900.0,2776.5474,1335.2042,POSITIVE,LONG_GAMMA,DEALER_LONG_GAMMA,0.65,BULLISH,LOW,35.3,6.4,20.7,15.3,15.1,37.1,0.0,,7635.0,7670.0,7691.5,LONG_GAMMA_PINNING,38.5,1.0,49.3,34.3,LONG,30.0
2026-09-13 23:06:00,1683595.0,1192825.0,1224575.0,1546800.0,295.38,2015.0,-363153.54,6530.0,-2575.0,0.1578,-0.0164,-0.6532,0.0,0.0,0.0,0.0,1441.3433,POSITIVE,LONG_GAMMA,DEALER_LONG_GAMMA,0.6,NEUTRAL,LOW,30.7,9.4,23.2,15.2,15.1,22.1,15.0,,7635.0,7670.0,7690.75,LONG_GAMMA_PINNING,35.5,1.0,49.5,33.2,LONG,32.6
2026-09-13 23:07:00,1683595.0,1192825.0,1224575.0,1546800.0,295.38,2015.0,-363153.54,3060.0,600.0,0.1578,-0.7527,-0.0845,0.0,0.0,0.0,0.0,-1335.2042,POSITIVE,LONG_GAMMA,DEALER_LONG_GAMMA,0.52,BULLISH,LOW,29.8,6.1,17.8,15.1,15.1,28.3,0.0,,7635.0,7670.0,7691.5,CHARM_DOMINATED,36.2,0.691,49.4,32.8,LONG,33.2
2026-09-13 23:08:00,1684270.0,1192825.0,1224575.0,1546800.0,296.61,2017.57,-377179.73,3435.0,-8025.0,0.158,-0.8245,-0.0328,1.0,675.0,0.0,-14026.186,-8401.3667,POSITIVE,LONG_GAMMA,DEALER_LONG_GAMMA,0.6,NEUTRAL,LOW,24.0,9.2,21.4,15.1,15.1,13.3,15.0,,7665.0,7670.0,7691.0,CHARM_DOMINATED,33.2,0.7,49.8,31.4,LONG,36.8
2026-09-13 23:09:00,1684270.0,1192825.0,1230600.0,1549375.0,296.18,2017.84,-375506.64,2805.0,-3575.0,0.1556,-0.9187,-0.0939,-1.0,0.0,6025.0,1673.0834,-6176.5513,POSITIVE,LONG_GAMMA,DEALER_LONG_GAMMA,0.6,NEUTRAL,LOW,20.2,11.2,23.7,15.1,15.1,13.3,15.0,,7665.0,7660.0,7690.0,CHARM_DOMINATED,36.5,1.0,49.4,32.6,LONG,33.6
2026-09-13 23:10:00,1684270.0,1192825.0,1230600.0,1549375.0,296.18,2017.84,-375506.64,825.0,1375.0,0.1556,-0.7985,-0.1015,0.0,0.0,0.0,0.0,7849.6347,POSITIVE,LONG_GAMMA,DEALER_LONG_GAMMA,0.49,NEUTRAL,LOW,19.9,12.5,25.2,15.1,15.1,19.3,15.0,,7665.0,7660.0,7690.25,CHARM_DOMINATED,33.5,1.0,48.5,32.4,LONG,32.2
2026-09-13 23:11:00,1694740.0,1199425.0,1230600.0,1549375.0,299.18,2017.84,-375506.64,1599.0,2102.0,0.1587,0.2982,0.0667,1.0,10470.0,0.0,0.0,6176.5513,POSITIVE,LONG_GAMMA,DEALER_LONG_GAMMA,0.49,BULLISH,LOW,24.2,13.4,26.2,15.1,15.1,32.1,15.0,,7630.0,7660.0,7688.5,CHARM_DOMINATED,30.5,1.0,48.0,31.6,LONG,32.8
2026-09-13 23:12:00,1694740.0,1199425.0,1230600.0,1642925.0,305.31,2015.22,-367712.74,-17111.0,-31956.0,0.1587,0.2982,0.0058,0.0,0.0,0.0,7793.9064,3060.4115,POSITIVE,LONG_GAMMA,DEALER_LONG_GAMMA,0.6,NEUTRAL,LOW,23.5,14.0,26.7,15.1,15.1,22.1,15.0,,7630.0,7700.0,7689.0,CHARM_DOMINATED,27.5,1.0,49.8,34.9,LONG,29.8
2026-09-13 23:13:00,1694740.0,1199425.0,1242350.0,1654675.0,305.31,2015.22,-367712.74,-17246.0,-31618.0,0.154,-0.2586,-0.1223,-1.0,0.0,11750.0,0.0,3896.9532,POSITIVE,LONG_GAMMA,DEALER_LONG_GAMMA,0.53,NEUTRAL,LOW,21.5,19.6,27.0,15.1,22.1,17.7,30.0,,7630.0,7630.0,7688.75,LONG_GAMMA_PINNING,41.1,0.677,53.9,36.8,LONG,34.2
2026-09-13 23:14:00,1694740.0,1199425.0,1242350.0,1654675.0,305.31,2015.22,-367712.74,-17936.0,-33118.0,0.154,-0.0576,-0.0906,0.0,0.0,0.0,0.0,-3896.9532,POSITIVE,LONG_GAMMA,DEALER_LONG_GAMMA,0.53,NEUTRAL,LOW,21.7,23.2,27.2,15.1,26.6,22.1,30.0,,7630.0,7630.0,7689.0,LONG_GAMMA_PINNING,41.1,0.177,54.0,36.3,LONG,35.4
2026-09-13 23:15:00,1695215.0,1199425.0,1242350.0,1659425.0,306.93,2014.63,-377045.7,-18791.0,43415.0,0.1542,-0.0355,-0.0965,1.0,475.0,0.0,-9332.963,-8563.4347,POSITIVE,LONG_GAMMA,DEALER_LONG_GAMMA,0.49,BULLISH,LOW,25.3,20.3,27.4,15.1,22.5,32.1,15.0,,7665.0,7630.0,7688.25,LONG_GAMMA_PINNING,41.1,0.177,53.9,36.0,LONG,35.8
2026-09-13 23:16:00,1699645.0,1200775.0,1242350.0,1659425.0,315.68,2023.51,-407297.75,-18949.0,46377.0,0.1554,-0.411,-0.032,1.0,4430.0,0.0,-30252.0473,-19792.5051,POSITIVE,LONG_GAMMA,DEALER_LONG_GAMMA,0.42,NEUTRAL,LOW,26.4,18.4,27.8,23.8,19.9,28.3,15.0,,7675.0,7630.0,7688.5,LONG_GAMMA_PINNING,41.1,0.177,53.7,35.7,LONG,36.0
2026-09-13 23:17:00,1705095.0,1200775.0,1244725.0,1661800.0,320.68,2023.51,-407297.75,851.0,1418.0,0.1561,-0.154,-0.2548,0.393,5450.0,2375.0,0.0,-10459.5422,POSITIVE,LONG_GAMMA,DEALER_LONG_GAMMA,0.49,NEUTRAL,LOW,26.2,17.2,28.0,20.7,18.2,25.8,15.0,,7640.0,7630.0,7688.25,LONG_GAMMA_PINNING,41.1,0.177,54.2,33.9,LONG,40.6
2026-09-13 23:18:00,1706985.0,1200775.0,1260675.0,1677750.0,327.68,2023.51,-407297.75,1229.0,5611.0,0.1504,-0.1989,-0.3958,-0.7881,1890.0,15950.0,0.0,19792.5051,POSITIVE,LONG_GAMMA,DEALER_LONG_GAMMA,0.42,BULLISH,LOW,30.3,16.4,28.1,27.5,17.1,37.8,15.0,,7680.0,7700.0,7688.5,LONG_GAMMA_PINNING,41.2,0.176,51.3,34.0,LONG,34.6
2026-09-13 23:19:00,1706985.0,1200775.0,1260675.0,1677750.0,327.68,2023.51,-407297.75,1229.0,3044.0,0.1504,-0.1989,-0.3258,0.0,0.0,0.0,0.0,15126.0236,POSITIVE,LONG_GAMMA,DEALER_LONG_GAMMA,0.42,BULLISH,LOW,32.9,15.9,28.2,31.9,16.4,37.8,15.0,,7680.0,7700.0,7689.0,LONG_GAMMA_PINNING,41.2,0.176,50.0,32.9,LONG,34.2
2026-09-13 23:20:00,1712685.0,1200775.0,1260675.0,1677750.0,332.68,2023.51,-407297.75,3224.0,-1735.0,0.152,-0.0239,-0.1075,1.0,5700.0,0.0,0.0,0.0,POSITIVE,LONG_GAMMA,DEALER_LONG_GAMMA,0.6,NEUTRAL,LOW,29.2,15.6,28.3,26.0,15.9,22.3,15.0,,7640.0,7700.0,7689.25,LONG_GAMMA_PINNING,41.2,0.176,50.4,32.8,LONG,35.2
2026-09-13 23:21:00,1712685.0,1200775.0,1260675.0,1677750.0,332.68,2023.51,-407297.75,2608.0,-1770.0,0.152,-0.1685,-0.1075,0.0,0.0,0.0,0.0,0.0,POSITIVE,LONG_GAMMA,DEALER_LONG_GAMMA,0.6,NEUTRAL,LOW,25.2,15.4,28.3,22.2,15.6,17.8,15.0,,7640.0,7700.0,7688.75,LONG_GAMMA_PINNING,41.2,0.176,51.4,34.0,LONG,34.8
2026-09-13 23:22:00,1712685.0,1200775.0,1260675.0,1677750.0,332.68,2023.51,-407297.75,1518.0,955.0,0.152,-0.3551,-0.1075,0.0,0.0,0.0,0.0,0.0,POSITIVE,LONG_GAMMA,DEALER_LONG_GAMMA,0.49,NEUTRAL,LOW,23.2,15.3,28.3,19.7,15.4,19.4,15.0,,7640.0,7700.0,7688.75,LONG_GAMMA_PINNING,43.7,0.169,51.5,34.3,LONG,34.4
2026-09-13 23:23:00,1713080.0,1200775.0,1260675.0,1677750.0,333.68,2023.51,-407297.75,1219.0,-2718.0,0.1521,1.0,-0.1123,1.0,395.0,0.0,0.0,0.0,POSITIVE,LONG_GAMMA,DEALER_LONG_GAMMA,0.6,NEUTRAL,LOW,22.9,15.2,28.3,18.1,15.3,22.3,15.0,,7670.0,7700.0,7689.0,LONG_GAMMA_PINNING,43.7,0.169,50.2,33.2,LONG,34.0
2026-09-13 23:24:00,1713080.0,1200775.0,1260675.0,1677750.0,333.68,2023.51,-407297.75,1219.0,-2718.0,0.1521,1.0,-0.0215,0.0,0.0,0.0,0.0,0.0,POSITIVE,LONG_GAMMA,DEALER_LONG_GAMMA,0.6,NEUTRAL,LOW,22.7,15.1,28.3,17.0,15.2,22.3,15.0,,7670.0,7700.0,7688.75,LONG_GAMMA_PINNING,43.7,0.169,51.2,34.3,LONG,33.8
2026-09-13 23:25:00,1713210.0,1203005.0,1260675.0,1682400.0,332.28,2022.92,-416904.66,-1271.0,-2118.0,0.1522,1.0,-0.0192,1.0,130.0,0.0,-9606.9173,-4803.4586,POSITIVE,LONG_GAMMA,DEALER_LONG_GAMMA,0.49,BULLISH,LOW,27.8,15.1,28.4,28.6,15.1,37.3,15.0,,7700.0,7630.0,7689.75,LONG_GAMMA_PINNING,40.7,0.678,50.5,33.8,LONG,33.4
2026-09-13 23:26:00,1713210.0,1203005.0,1309250.0,1721775.0,331.07,2024.09,-397669.85,569.0,619.0,0.1337,-0.9786,-0.6196,-1.0,0.0,48575.0,19234.8172,4813.95,POSITIVE,LONG_GAMMA,DEALER_LONG_GAMMA,0.4,NEUTRAL,LOW,28.0,15.1,28.3,36.1,15.1,28.3,15.0,,7700.0,7630.0,7689.75,LONG_GAMMA_PINNING,58.9,1.0,51.7,35.5,LONG,32.4
2026-09-13 23:27:00,1713210.0,1203005.0,1321200.0,1721775.0,330.13,2024.58,-396636.52,2959.0,4602.0,0.1292,-0.9828,-0.6613,-1.0,0.0,11950.0,1033.3285,14937.5315,POSITIVE,LONG_GAMMA,DEALER_LONG_GAMMA,0.4,NEUTRAL,LOW,28.1,15.1,28.2,41.0,15.1,28.3,15.0,,7700.0,7680.0,7690.0,LONG_GAMMA_PINNING,58.9,0.623,52.6,36.6,LONG,32.0
2026-09-13 23:28:00,1713210.0,1203005.0,1321200.0,1721775.0,330.13,2024.58,-396636.52,2880.0,10425.0,0.1292,-0.9957,-0.6204,0.0,0.0,0.0,0.0,-4297.2857,POSITIVE,LONG_GAMMA,DEALER_LONG_GAMMA,0.4,NEUTRAL,LOW,28.2,15.1,28.1,44.2,15.1,28.3,15.0,,7700.0,7680.0,7689.75,LONG_GAMMA_PINNING,58.9,0.123,52.4,36.6,LONG,31.6
2026-09-13 23:29:00,1713210.0,1203005.0,1321200.0,1721775.0,330.13,2024.58,-396636.52,2880.0,2758.0,0.1292,-0.9957,-0.6204,0.0,0.0,0.0,0.0,-10134.0728,POSITIVE,LONG_GAMMA,DEALER_LONG_GAMMA,0.4,NEUTRAL,LOW,28.2,15.1,28.1,46.2,15.1,28.3,15.0,,7700.0,7680.0,7689.5,LONG_GAMMA_PINNING,58.9,0.123,52.2,36.7,LONG,31.0
2026-09-13 23:30:00,1713210.0,1203005.0,1321200.0,1721775.0,330.13,2024.58,-396636.52,4230.0,-10575.0,0.1292,-1.0,-0.6284,0.0,0.0,0.0,0.0,-516.6642,POSITIVE,LONG_GAMMA,DEALER_LONG_GAMMA,0.49,NEUTRAL,LOW,26.1,15.1,28.1,47.5,15.1,22.3,15.0,,7700.0,7680.0,7689.0,LONG_GAMMA_PINNING,58.9,0.123,52.3,36.7,LONG,31.2
2026-09-13 23:31:00,1713210.0,1203005.0,1321200.0,1721775.0,330.13,2024.58,-396636.52,2390.0,-5975.0,0.1292,-1.0,-0.7064,0.0,0.0,0.0,0.0,0.0,POSITIVE,LONG_GAMMA,DEALER_LONG_GAMMA,0.49,NEUTRAL,LOW,24.8,15.1,28.1,48.4,15.1,22.3,15.0,,7700.0,7680.0,7688.5,LONG_GAMMA_PINNING,58.9,0.123,51.8,36.7,LONG,30.2
2026-09-13 23:32:00,1717738.0,1205532.0,1347950.0,1721775.0,319.67,2027.8,-346377.36,5750.0,9583.0,0.1206,-0.7105,-0.7818,-0.7105,4528.0,26750.0,50259.1571,25129.5785,POSITIVE,LONG_GAMMA,DEALER_LONG_GAMMA,0.49,NEUTRAL,LOW,22.9,15.1,27.7,36.7,15.1,19.3,15.0,,7630.0,7630.0,7687.5,LONG_GAMMA_PINNING,58.9,0.123,53.3,36.8,LONG,33.0
2026-09-13 23:33:00,1718408.0,1205532.0,1347950.0,1721775.0,320.85,2029.84,-354033.57,5884.0,9807.0,0.1208,-0.6746,-0.7685,1.0,670.0,0.0,-7656.2072,21301.4749,POSITIVE,LONG_GAMMA,DEALER_LONG_GAMMA,0.42,NEUTRAL,LOW,24.8,15.1,27.5,37.9,15.1,28.3,15.0,,7660.0,7630.0,7687.5,LONG_GAMMA_PINNING,59.1,0.123,52.8,36.9,LONG,31.8
2026-09-13 23:34:00,1718408.0,1207942.0,1349825.0,1723650.0,313.85,2029.84,-354033.57,5402.0,9003.0,0.1201,-0.6927,-0.7729,-1.0,0.0,1875.0,0.0,-28957.6822,POSITIVE,LONG_GAMMA,DEALER_LONG_GAMMA,0.49,NEUTRAL,LOW,22.9,15.1,27.4,29.9,15.1,19.3,15.0,,7645.0,7650.0,7687.25,LONG_GAMMA_PINNING,59.1,0.123,52.3,37.0,LONG,30.6
2026-09-13 23:35:00,1718408.0,1207942.0,1349825.0,1723650.0,313.85,2029.84,-354033.57,5402.0,-14955.0,0.1201,-0.6927,-0.8794,0.0,0.0,0.0,0.0,-21301.4749,POSITIVE,LONG_GAMMA,DEALER_LONG_GAMMA,0.6,NEUTRAL,LOW,19.5,15.1,27.3,24.7,15.1,13.3,15.0,,7645.0,7650.0,7687.0,LONG_GAMMA_PINNING,59.1,0.123,52.1,37.1,LONG,30.0
2026-09-13 23:36:00,1719348.0,1210112.0,1349825.0,1731150.0,308.97,2031.01,-375646.35,3656.0,-18423.0,0.1204,-0.6469,-0.8609,1.0,940.0,0.0,-21612.783,-6978.2879,POSITIVE,LONG_GAMMA,DEALER_LONG_GAMMA,0.6,NEUTRAL,LOW,17.3,15.1,27.4,21.3,15.1,13.2,15.0,,7650.0,7630.0,7687.5,LONG_GAMMA_PINNING,59.1,0.123,51.0,37.0,LONG,28.0
2026-09-13 23:37:00,1720838.0,1210112.0,1349825.0,1731150.0,309.97,2031.01,-375646.35,-1796.0,-1543.0,0.1208,0.2462,-0.8324,1.0,1490.0,0.0,0.0,-10806.3915,POSITIVE,LONG_GAMMA,DEALER_LONG_GAMMA,0.6,NEUTRAL,LOW,19.0,15.1,27.4,19.1,15.1,22.1,15.0,,7630.0,7630.0,7687.0,LONG_GAMMA_PINNING,59.1,0.123,50.6,39.4,LONG,22.4
2026-09-13 23:38:00,1720838.0,1211362.0,1362325.0,1731150.0,303.39,2032.46,-352765.66,320.0,2542.0,0.1163,-0.7108,-0.8582,-1.0,0.0,12500.0,22880.6916,22246.7373,POSITIVE,LONG_GAMMA,DEALER_LONG_GAMMA,0.49,NEUTRAL,LOW,19.1,15.1,27.3,17.7,15.1,19.2,15.0,,7680.0,7630.0,7686.75,LONG_GAMMA_PINNING,59.1,0.123,50.6,38.9,LONG,23.4
2026-09-13 23:39:00,1720838.0,1211362.0,1362325.0,1749000.0,305.58,2030.42,-385333.03,-2768.0,2662.0,0.1163,-0.6745,-0.8582,0.0,0.0,0.0,-32567.3731,5963.0508,POSITIVE,LONG_GAMMA,DEALER_LONG_GAMMA,0.49,NEUTRAL,LOW,19.1,15.1,27.4,16.8,15.1,19.2,15.0,,7680.0,7630.0,7687.5,LONG_GAMMA_PINNING,59.1,0.123,50.6,39.5,LONG,22.2
2026-09-13 23:40:00,1721538.0,1212062.0,1362325.0,1749000.0,305.58,2030.42,-385333.03,-2768.0,1420.0,0.1165,-0.5995,-0.8486,1.0,700.0,0.0,0.0,-27724.0323,POSITIVE,LONG_GAMMA,DEALER_LONG_GAMMA,0.4,NEUTRAL,LOW,22.3,15.1,27.5,28.4,15.1,28.2,15.0,,7740.0,7630.0,7689.25,LONG_GAMMA_PINNING,56.1,0.632,50.2,39.1,LONG,22.2
2026-09-13 23:41:00,1727318.0,1212062.0,1362325.0,1749000.0,309.58,2030.42,-385333.03,134.0,-10393.0,0.1181,-0.2213,-0.58,1.0,5780.0,0.0,0.0,4843.3408,POSITIVE,LONG_GAMMA,DEALER_LONG_GAMMA,0.6,NEUTRAL,LOW,20.7,15.1,27.5,23.7,15.1,17.6,15.0,,7630.0,7630.0,7689.5,LONG_GAMMA_PINNING,56.6,1.0,50.3,37.9,LONG,24.8
2026-09-13 23:42:00,1727318.0,1213612.0,1362325.0,1749000.0,308.58,2030.42,-385333.03,-474.0,4710.0,0.1181,-0.3172,-0.4892,0.0,0.0,0.0,0.0,16283.6865,POSITIVE,LONG_GAMMA,DEALER_LONG_GAMMA,0.49,NEUTRAL,LOW,20.2,15.1,27.5,20.7,15.1,19.2,15.0,,7630.0,7630.0,7689.0,LONG_GAMMA_PINNING,56.6,0.63,50.2,38.2,LONG,24.0
2026-09-13 23:43:00,1727948.0,1214242.0,1362325.0,1749000.0,308.58,2030.42,-385333.03,-2724.0,10335.0,0.1183,1.0,-0.4724,1.0,630.0,0.0,0.0,0.0,POSITIVE,LONG_GAMMA,DEALER_LONG_GAMMA,0.49,BULLISH,LOW,24.3,15.1,27.5,18.7,15.1,32.0,15.0,,7675.0,7630.0,7688.75,LONG_GAMMA_PINNING,56.7,0.13,50.2,38.8,LONG,22.8
2026-09-13 23:44:00,1728218.0,1214912.0,1362325.0,1749000.0,308.18,2027.2,-340810.16,766.0,-3540.0,0.1184,1.0,-0.4653,1.0,270.0,0.0,44522.8761,22261.438,POSITIVE,LONG_GAMMA,DEALER_LONG_GAMMA,0.6,NEUTRAL,LOW,23.5,15.1,27.2,17.4,15.1,22.0,15.0,,7660.0,7630.0,7687.5,LONG_GAMMA_PINNING,56.7,0.13,50.3,37.5,LONG,25.6
2026-09-13 23:45:00,1729768.0,1236912.0,1362325.0,1749000.0,288.78,2024.0,-296338.76,-3324.0,-9065.0,0.1188,1.0,-0.4259,1.0,1550.0,0.0,44471.3944,44497.1352,POSITIVE,LONG_GAMMA,DEALER_LONG_GAMMA,0.6,NEUTRAL,LOW,22.9,15.1,26.7,16.6,15.1,21.9,15.0,,7630.0,7630.0,7687.25,LONG_GAMMA_PINNING,56.7,0.13,50.3,40.1,LONG,20.4
2026-09-13 23:46:00,1729768.0,1236912.0,1362325.0,1749000.0,288.78,2024.0,-296338.76,-4480.0,-6175.0,0.1188,1.0,-0.4259,0.0,0.0,0.0,0.0,-25.7408,POSITIVE,LONG_GAMMA,DEALER_LONG_GAMMA,0.6,NEUTRAL,LOW,22.6,15.1,26.4,16.0,15.1,21.9,15.0,,7630.0,7630.0,7688.0,LONG_GAMMA_PINNING,56.7,0.13,50.3,40.1,LONG,20.4
2026-09-13 23:47:00,1730888.0,1238252.0,1362325.0,1749000.0,289.38,2020.67,-251273.84,-4214.0,-6690.0,0.1192,1.0,-0.0445,1.0,1120.0,0.0,45064.9201,-21964.6752,POSITIVE,LONG_GAMMA,DEALER_LONG_GAMMA,0.6,NEUTRAL,LOW,22.4,15.1,25.9,15.7,15.1,21.9,15.0,,7660.0,7630.0,7688.5,LONG_GAMMA_PINNING,56.7,0.13,50.3,39.7,LONG,21.2
2026-09-13 23:48:00,1730920.0,1238685.0,1362325.0,1749000.0,288.98,2017.4,-206363.33,-4294.0,10218.0,0.1192,1.0,-0.0693,1.0,32.0,0.0,44910.5083,22752.017,POSITIVE,LONG_GAMMA,DEALER_LONG_GAMMA,0.46,BULLISH,LOW,25.7,15.1,25.3,19.0,15.1,31.9,15.0,,7720.0,7630.0,7688.0,LONG_GAMMA_PINNING,56.7,0.13,50.3,39.5,LONG,21.6
2026-09-13 23:49:00,1731030.0,1238925.0,1362325.0,1749000.0,288.88,2016.97,-186712.39,-4240.0,9975.0,0.1192,1.0,0.0049,1.0,110.0,0.0,19650.9404,9748.2643,POSITIVE,LONG_GAMMA,DEALER_LONG_GAMMA,0.46,BULLISH,LOW,27.9,15.1,24.7,21.1,15.1,31.9,15.0,,7705.0,7630.0,7689.25,LONG_GAMMA_PINNING,56.7,0.13,49.2,38.1,LONG,22.2
2026-09-13 23:50:00,1731030.0,1243425.0,1362325.0,1749000.0,280.58,1904.49,31219.36,-1050.0,-1567.0,0.1192,1.0,0.0049,0.0,0.0,0.0,217931.7575,73803.6347,POSITIVE,LONG_GAMMA,DEALER_LONG_GAMMA,0.56,NEUTRAL,LOW,25.8,15.1,23.3,27.7,9.8,21.8,15.0,,7695.0,7630.0,7689.0,LONG_GAMMA_PINNING,56.7,0.13,49.6,37.1,LONG,25.0
2026-09-13 23:51:00,1731765.0,1245820.0,1362325.0,1749000.0,277.37,1858.67,119709.56,-1382.0,-1787.0,0.1194,1.0,-0.0033,1.0,735.0,0.0,88490.1942,120930.2515,POSITIVE,LONG_GAMMA,DEALER_LONG_GAMMA,0.56,NEUTRAL,LOW,24.4,15.1,23.0,32.0,6.4,21.8,15.0,,7730.0,7630.0,7690.25,LONG_GAMMA_PINNING,56.7,0.13,51.0,38.1,LONG,25.8
2026-09-13 23:52:00,1733490.0,1248005.0,1362325.0,1749000.0,276.37,1858.67,119709.56,-1430.0,-1942.0,0.1199,1.0,0.0061,1.0,1725.0,0.0,0.0,-74546.2519,POSITIVE,LONG_GAMMA,DEALER_LONG_GAMMA,0.56,NEUTRAL,LOW,23.5,15.1,22.8,34.8,4.2,21.8,15.0,,7735.0,7630.0,7689.0,LONG_GAMMA_PINNING,56.7,0.13,50.8,38.2,LONG,25.2
2026-09-13 23:53:00,1734510.0,1248005.0,1362325.0,1749000.0,278.37,1858.67,119709.56,-1146.0,1948.0,0.1202,1.0,1.0,1.0,1020.0,0.0,0.0,-153210.9758,POSITIVE,LONG_GAMMA,DEALER_LONG_GAMMA,0.49,BULLISH,LOW,26.4,15.1,22.6,33.1,2.7,31.8,15.0,,7660.0,7630.0,7688.5,LONG_GAMMA_PINNING,56.7,0.13,51.1,38.0,LONG,26.2
2026-09-13 23:54:00,1776720.0,1259930.0,1368325.0,1749000.0,330.17,2671.81,-1727471.24,6137.0,15362.0,0.1299,0.7678,0.8061,0.7511,42210.0,6000.0,-1847180.7945,-967835.4943,POSITIVE,LONG_GAMMA,DEALER_LONG_GAMMA,0.4,BULLISH,MEDIUM,33.7,15.1,32.2,39.0,7.0,47.1,15.0,,7695.0,7640.0,7687.75,LONG_GAMMA_PINNING,56.7,0.13,54.3,36.4,LONG,35.8
2026-09-13 23:55:00,1776720.0,1292440.0,1374525.0,1749000.0,280.65,2260.22,1136066.43,1775.0,4725.0,0.1276,0.5785,0.6379,-1.0,0.0,6200.0,2863537.6643,508178.4349,POSITIVE,LONG_GAMMA,DEALER_LONG_GAMMA,0.46,BULLISH,MEDIUM,33.0,15.1,35.6,39.4,4.5,31.8,15.0,,7690.0,7645.0,7687.75,LONG_GAMMA_PINNING,59.0,0.123,52.0,39.4,LONG,25.2
2026-09-13 23:56:00,1779830.0,1300385.0,1374525.0,1749000.0,278.5,2212.46,1930037.87,1140.0,1433.0,0.1285,0.5951,0.6229,1.0,3110.0,0.0,793971.4392,2752344.949,POSITIVE,LONG_GAMMA,DEALER_LONG_GAMMA,0.46,BULLISH,MEDIUM,32.6,15.1,40.6,39.6,2.9,31.8,15.0,,7715.0,7645.0,7688.0,LONG_GAMMA_PINNING,59.0,0.123,51.7,39.6,LONG,24.2
2026-09-13 23:57:00,1779830.0,1305885.0,1374525.0,1749000.0,268.58,2074.11,2331590.64,132.0,-30868.0,0.1285,0.5832,0.6229,0.0,0.0,0.0,401552.7728,89583.671,POSITIVE,LONG_GAMMA,DEALER_LONG_GAMMA,0.49,BULLISH,MEDIUM,34.0,15.1,43.9,48.5,1.9,36.7,15.0,CALL_WALL_LADDERING,7735.0,7645.0,7687.5,LONG_GAMMA_PINNING,59.0,0.123,51.2,39.6,LONG,23.2
2026-09-13 23:58:00,1779830.0,1317935.0,1374525.0,1749000.0,246.05,1758.31,3199029.86,-2482.0,-12449.0,0.1285,0.5758,0.6192,0.0,0.0,0.0,867439.2242,-1194258.5533,POSITIVE,LONG_GAMMA,DEALER_LONG_GAMMA,0.56,NEUTRAL,MEDIUM,29.7,15.1,46.0,45.5,1.2,21.6,15.0,,7735.0,7645.0,7687.0,LONG_GAMMA_PINNING,59.0,0.123,50.7,40.6,LONG,20.2
2026-09-14 00:00:00,0.0,0.0,0.0,0.0,0.0,0.0,0.0,0.0,0.0,0.0,0.0,0.0,0.0,0,0,0.0,0.0,NEGATIVE,SHORT_GAMMA,DEALER_LONG_GAMMA,0.41,NEUTRAL,LOW,20.0,15.0,30.0,15.0,0.0,20.0,15.0,,0.0,0.0,7687.5,LONG_GAMMA_PINNING,55.9,0.0,38.2,48.8,SHORT,21.2
2026-09-14 00:01:00,0.0,6350.0,0.0,0.0,-5.0,0.0,0.0,0.0,0.0,0.0,0.0,0.0,0.0,0.0,0.0,0.0,0.0,NEGATIVE,SHORT_GAMMA,DEALER_LONG_GAMMA,0.41,NEUTRAL,LOW,20.0,22.0,30.0,15.0,0.0,20.0,35.0,,7635.0,0.0,7687.75,LONG_GAMMA_PINNING,58.4,0.0,38.3,48.9,SHORT,21.2
2026-09-14 00:02:00,6780.0,12700.0,4550.0,0.0,-4.44,0.26,1552.58,-685.0,11330.0,0.1968,0.1968,0.1968,0.1968,6780.0,4550.0,1552.5823,0.0,POSITIVE,LONG_GAMMA,DEALER_LONG_GAMMA,0.49,NEUTRAL,LOW,23.5,22.1,29.2,20.2,0.0,30.0,22.4,,7665.0,7665.0,7687.25,LONG_GAMMA_PINNING,58.4,0.125,40.9,49.2,SHORT,16.6
2026-09-14 00:03:00,9600.0,14700.0,4550.0,0.0,-2.44,0.26,1552.58,-183.0,7170.0,0.3569,0.3569,0.3569,1.0,2820.0,0.0,0.0,-1552.5823,POSITIVE,LONG_GAMMA,CALL_SQUEEZE,0.35,BULLISH,LOW,28.9,20.8,28.2,35.9,0.0,38.9,18.4,FLOW_EXPANSION_BULLISH,7665.0,7665.0,7686.75,LONG_GAMMA_PINNING,55.4,0.634,42.6,45.0,NEUTRAL,4.8
2026-09-14 00:04:00,9600.0,14700.0,4550.0,10625.0,-1.6,-0.24,-2306.89,-2794.0,-4218.0,0.3569,0.3569,0.3569,0.0,0.0,0.0,-3859.4722,-3482.3184,NEGATIVE,SHORT_GAMMA,DEALER_SHORT_GAMMA,0.38,NEUTRAL,MEDIUM,28.9,19.3,38.3,37.3,5.2,28.9,16.6,,7665.0,7700.0,7687.5,LONG_GAMMA_PINNING,52.4,1.0,43.5,45.9,NEUTRAL,4.8
2026-09-14 00:05:00,16050.0,14700.0,4550.0,10625.0,3.4,-0.24,-2306.89,-945.0,-433.0,0.5583,0.5583,0.5583,1.0,6450.0,0.0,0.0,-2706.0272,NEGATIVE,SHORT_GAMMA,DEALER_SHORT_GAMMA,0.38,BULLISH,HIGH,31.7,17.8,51.5,38.2,8.6,36.9,15.0,,7635.0,7700.0,7687.75,LONG_GAMMA_TREND,36.4,0.691,47.6,36.8,LONG,21.6
2026-09-14 00:06:00,16050.0,14700.0,4550.0,10625.0,3.4,-0.24,-2306.89,325.0,-4292.0,0.5583,0.5583,0.5583,0.0,0.0,0.0,0.0,1929.7361,NEGATIVE,SHORT_GAMMA,DEALER_SHORT_GAMMA,0.38,BULLISH,HIGH,33.5,16.8,60.1,38.8,10.8,36.9,15.0,,7635.0,7700.0,7687.75,LONG_GAMMA_TREND,33.4,0.7,50.0,36.3,LONG,27.4
2026-09-14 00:07:00,19215.0,14790.0,4550.0,10625.0,13.4,-0.24,-2306.89,-56.0,8078.0,0.6171,1.0,0.6171,1.0,3165.0,0.0,0.0,1929.7361,NEGATIVE,SHORT_GAMMA,DEALER_SHORT_GAMMA,0.45,BULLISH,HIGH,41.5,16.2,65.5,42.7,12.3,56.3,15.0,FLOW_EXPANSION_BULLISH,7670.0,7700.0,7687.25,LONG_GAMMA_TREND,41.6,1.0,52.7,36.3,LONG,32.8
2026-09-14 00:08:00,19215.0,14790.0,4550.0,10625.0,13.4,-0.24,-2306.89,-220.0,3112.0,0.6171,1.0,0.6171,0.0,0.0,0.0,0.0,0.0,NEGATIVE,SHORT_GAMMA,DEALER_SHORT_GAMMA,0.45,BULLISH,HIGH,46.7,15.8,69.0,45.3,13.2,56.3,15.0,FLOW_EXPANSION_BULLISH,7670.0,7700.0,7688.25,LONG_GAMMA_TREND,49.3,0.652,51.8,37.0,LONG,29.6
2026-09-14 00:09:00,19215.0,14790.0,4550.0,10625.0,13.4,-0.24,-2306.89,1905.0,-2200.0,0.6171,1.0,0.6171,0.0,0.0,0.0,0.0,0.0,NEGATIVE,SHORT_GAMMA,DEALER_SHORT_GAMMA,0.38,BULLISH,HIGH,46.6,15.5,71.3,43.4,13.8,46.3,15.0,,7670.0,7700.0,7687.75,LONG_GAMMA_TREND,49.3,0.152,54.8,37.0,LONG,35.6
2026-09-14 00:10:00,20125.0,14790.0,4550.0,10625.0,14.4,-0.24,-2306.89,797.0,-1234.0,0.6312,1.0,0.6312,1.0,910.0,0.0,0.0,0.0,NEGATIVE,SHORT_GAMMA,DEALER_SHORT_GAMMA,0.38,BULLISH,HIGH,46.8,15.3,72.8,42.2,14.2,47.3,15.0,,7645.0,7700.0,7687.25,LONG_GAMMA_TREND,49.3,0.152,54.8,36.9,LONG,35.8
2026-09-14 00:11:00,21585.0,14790.0,4550.0,10625.0,16.4,-0.24,-2306.89,1089.0,-748.0,0.6518,1.0,0.6518,1.0,1460.0,0.0,0.0,0.0,NEGATIVE,SHORT_GAMMA,DEALER_SHORT_GAMMA,0.38,BULLISH,HIGH,47.6,15.2,73.7,41.4,14.5,49.0,15.0,,7650.0,7700.0,7686.5,LONG_GAMMA_TREND,49.3,0.152,64.5,24.8,LONG,79.4
2026-09-14 00:12:00,24235.0,21830.0,4550.0,10625.0,13.4,-0.24,-2306.89,-404.0,-673.0,0.6839,1.0,0.6839,1.0,2650.0,0.0,0.0,0.0,NEGATIVE,SHORT_GAMMA,DEALER_SHORT_GAMMA,0.38,BULLISH,HIGH,47.0,15.1,74.0,40.9,14.7,45.8,15.0,,7645.0,7700.0,7686.5,LONG_GAMMA_TREND,49.3,0.152,61.4,24.8,LONG,73.2
2026-09-14 00:13:00,25060.0,21830.0,9888.0,15962.0,14.52,1.19,-12568.28,-239.0,-1157.0,0.4342,0.0454,0.4342,-0.7323,825.0,5338.0,-10261.3859,-5130.6929,POSITIVE,LONG_GAMMA,DEALER_LONG_GAMMA,0.47,BULLISH,MEDIUM,44.1,15.1,62.4,40.6,14.8,38.8,15.0,,7650.0,7700.0,7686.25,LONG_GAMMA_TREND,46.3,0.661,56.2,27.4,LONG,57.6
2026-09-14 00:14:00,25940.0,21830.0,9888.0,15962.0,15.52,1.19,-12568.28,-63.0,-2080.0,0.448,0.115,0.448,1.0,880.0,0.0,0.0,-5130.6929,POSITIVE,LONG_GAMMA,DEALER_LONG_GAMMA,0.47,BULLISH,MEDIUM,42.5,15.1,54.7,40.4,14.9,39.6,15.0,,7645.0,7700.0,7687.0,LONG_GAMMA_TREND,46.3,1.0,56.6,27.1,LONG,59.0
2026-09-14 00:15:00,25940.0,21830.0,9888.0,15962.0,15.52,1.19,-12568.28,-245.0,2033.0,0.448,0.0428,0.448,0.0,0.0,0.0,0.0,5130.6929,POSITIVE,LONG_GAMMA,DEALER_LONG_GAMMA,0.34,BULLISH,MEDIUM,45.0,15.1,49.7,43.8,14.9,49.6,15.0,FLOW_EXPANSION_BULLISH,7645.0,7700.0,7687.5,LONG_GAMMA_TREND,46.3,0.661,57.6,28.4,LONG,58.4
2026-09-14 00:16:00,25940.0,21830.0,9888.0,15962.0,15.52,1.19,-12568.28,-537.0,2076.0,0.448,-0.1014,0.448,0.0,0.0,0.0,0.0,5130.6929,POSITIVE,LONG_GAMMA,DEALER_LONG_GAMMA,0.34,BULLISH,MEDIUM,46.6,15.1,46.5,46.0,14.9,49.6,15.0,FLOW_EXPANSION_BULLISH,7645.0,7700.0,7687.25,LONG_GAMMA_TREND,43.3,0.67,56.9,28.4,LONG,57.0
2026-09-14 00:17:00,25940.0,21830.0,9888.0,15962.0,15.52,1.19,-12568.28,341.0,-852.0,0.448,-0.5158,0.5642,0.0,0.0,0.0,0.0,0.0,POSITIVE,LONG_GAMMA,DEALER_LONG_GAMMA,0.47,NEUTRAL,MEDIUM,38.6,15.1,44.4,43.9,14.9,23.8,15.0,,7645.0,7700.0,7686.0,LONG_GAMMA_TREND,48.0,1.0,58.5,28.4,LONG,60.2
2026-09-14 00:18:00,37975.0,22030.0,9888.0,22762.0,30.56,8.18,-44052.03,1183.0,1238.0,0.5868,1.0,0.6834,1.0,12035.0,0.0,-31483.7558,-15741.8779,POSITIVE,LONG_GAMMA,DEALER_LONG_GAMMA,0.3,BULLISH,HIGH,45.3,15.1,53.4,46.0,14.9,57.9,15.0,FLOW_EXPANSION_BULLISH,7640.0,7685.0,7686.0,LONG_GAMMA_TREND,45.0,1.0,64.2,26.3,LONG,75.8
2026-09-14 00:19:00,38805.0,22030.0,9888.0,22762.0,32.64,9.06,-50571.42,1173.0,1955.0,0.5939,1.0,0.691,1.0,830.0,0.0,-6519.3847,-19001.5702,POSITIVE,LONG_GAMMA,DEALER_LONG_GAMMA,0.3,BULLISH,HIGH,50.0,15.1,59.2,47.4,14.9,58.8,15.0,FLOW_EXPANSION_BULLISH,7670.0,7685.0,7685.75,LONG_GAMMA_TREND,45.0,1.0,64.8,25.7,LONG,78.2
2026-09-14 00:20:00,38805.0,22030.0,9888.0,27562.0,33.05,8.78,-52970.5,213.0,355.0,0.5939,1.0,0.62,0.0,0.0,0.0,-2399.0853,11282.6429,POSITIVE,LONG_GAMMA,DEALER_LONG_GAMMA,0.32,BULLISH,HIGH,58.2,9.8,63.0,48.3,14.9,73.3,0.0,FLOW_EXPANSION_BULLISH,7670.0,7655.0,7686.25,LONG_GAMMA_TREND,45.0,0.665,60.8,25.4,LONG,70.8
2026-09-14 00:21:00,101540.0,43275.0,53712.0,34062.0,54.14,937.25,-145463.85,15976.0,22431.0,0.3081,0.2661,0.2698,0.1775,62735.0,43825.0,-92493.3462,-28444.6455,POSITIVE,LONG_GAMMA,DEALER_LONG_GAMMA,0.31,BULLISH,MEDIUM,54.3,16.9,58.5,48.9,21.9,47.0,30.0,FLOW_EXPANSION_BULLISH,7630.0,7635.0,7685.25,LONG_GAMMA_TREND,45.0,0.165,62.9,29.6,LONG,66.6
2026-09-14 00:22:00,101540.0,46275.0,62312.0,34062.0,47.83,860.52,106127.73,17096.0,23606.0,0.2394,0.181,0.1753,-1.0,0.0,8600.0,251591.5759,84008.3499,POSITIVE,LONG_GAMMA,CALL_SQUEEZE,0.35,NEUTRAL,MEDIUM,50.6,21.5,55.5,58.0,21.2,43.8,30.0,DEALER_SQUEEZE,7695.0,7655.0,7685.0,LONG_GAMMA_TREND,42.0,0.674,57.0,30.2,LONG,53.6
2026-09-14 00:23:00,105470.0,52300.0,72812.0,34062.0,52.7,710.94,618470.49,17770.0,32925.0,0.1832,0.035,0.1164,-0.4553,3930.0,10500.0,512342.7659,429413.3866,POSITIVE,LONG_GAMMA,DEALER_LONG_GAMMA,0.43,NEUTRAL,MEDIUM,46.2,24.5,53.6,48.2,20.8,38.0,30.0,,7675.0,7630.0,7684.75,LONG_GAMMA_PINNING,40.6,0.678,51.8,33.3,LONG,37.0
2026-09-14 00:24:00,143435.0,55300.0,114812.0,34062.0,123.1,669.68,718974.31,32997.0,-6684.0,0.1108,-0.0014,0.0595,-0.0505,37965.0,42000.0,100503.8188,226874.1775,POSITIVE,LONG_GAMMA,DEALER_LONG_GAMMA,0.65,BULLISH,LOW,47.2,15.9,45.3,41.8,13.5,49.2,0.0,,7635.0,7700.0,7684.0,LONG_GAMMA_PINNING,51.7,0.145,52.9,36.2,LONG,33.4
2026-09-14 00:25:00,144900.0,55300.0,128112.0,47362.0,127.1,669.68,718974.31,34250.0,-13262.0,0.0615,-0.0541,0.0049,-0.8016,1465.0,13300.0,0.0,-331715.2615,POSITIVE,LONG_GAMMA,DEALER_LONG_GAMMA,0.65,BULLISH,MEDIUM,47.7,10.3,46.9,37.7,8.8,48.5,0.0,,7670.0,7640.0,7683.75,LONG_GAMMA_PINNING,57.5,0.127,52.4,37.5,LONG,29.8
2026-09-14 00:26:00,146362.0,55462.0,128112.0,47362.0,129.19,687.34,687488.53,18747.0,19574.0,0.0665,-0.2481,0.0049,1.0,1462.0,0.0,-31485.7798,-322166.1822,POSITIVE,LONG_GAMMA,DEALER_LONG_GAMMA,0.52,BULLISH,MEDIUM,47.4,6.7,48.0,35.0,5.7,47.0,0.0,,7650.0,7640.0,7684.75,LONG_GAMMA_PINNING,57.5,0.127,50.8,37.2,LONG,27.2
2026-09-14 00:27:00,155452.0,62202.0,130688.0,47362.0,136.15,693.0,684231.03,18612.0,-40122.0,0.0865,-0.1183,0.0197,0.5585,9090.0,2575.0,-3257.5024,-67623.5505,POSITIVE,LONG_GAMMA,DEALER_LONG_GAMMA,0.57,BULLISH,MEDIUM,47.9,9.6,48.7,33.2,10.7,48.8,15.0,,7645.0,7635.0,7686.0,LONG_GAMMA_PINNING,57.5,0.127,50.8,37.1,LONG,27.4
2026-09-14 00:28:00,155452.0,63672.0,130688.0,50862.0,133.52,692.71,680770.93,15937.0,-38797.0,0.0865,-0.0732,0.0382,0.0,0.0,0.0,-3460.0994,12384.0891,POSITIVE,LONG_GAMMA,DEALER_LONG_GAMMA,0.65,BULLISH,MEDIUM,48.1,6.2,49.2,32.1,7.0,48.3,0.0,,7670.0,7645.0,7687.0,LONG_GAMMA_PINNING,57.5,0.127,50.4,37.0,LONG,26.8
2026-09-14 00:29:00,155452.0,63672.0,155688.0,50862.0,130.35,695.63,729064.42,5544.0,6936.0,-0.0008,-0.5456,-0.0592,-1.0,0.0,25000.0,48293.4868,39788.3348,POSITIVE,LONG_GAMMA,DEALER_LONG_GAMMA,0.46,BULLISH,MEDIUM,47.8,12.8,49.5,31.4,11.6,47.2,25.0,,7670.0,7630.0,7686.25,LONG_GAMMA_PINNING,57.5,0.127,48.9,41.2,NEUTRAL,15.4
2026-09-14 00:30:00,155830.0,64265.0,155688.0,50862.0,130.35,695.63,729064.42,5208.0,3492.0,0.0005,-0.4323,-0.0577,1.0,378.0,0.0,0.0,27505.5443,POSITIVE,LONG_GAMMA,DEALER_LONG_GAMMA,0.43,NEUTRAL,MEDIUM,45.8,18.8,49.7,30.9,14.5,42.2,30.0,,7675.0,7630.0,7686.25,LONG_GAMMA_PINNING,60.9,0.117,37.5,51.3,SHORT,27.6
2026-09-14 00:31:00,156140.0,64265.0,155688.0,50862.0,131.35,695.63,729064.42,5010.0,8388.0,0.0015,-0.4765,-0.0565,1.0,310.0,0.0,0.0,-22416.6937,POSITIVE,LONG_GAMMA,DEALER_LONG_GAMMA,0.43,NEUTRAL,MEDIUM,44.6,22.7,49.8,30.6,16.4,42.3,30.0,,7670.0,7630.0,7685.75,LONG_GAMMA_PINNING,60.9,0.117,37.0,51.8,SHORT,29.6
2026-09-14 00:32:00,156140.0,65740.0,163462.0,58638.0,126.35,695.63,729064.42,3730.0,-10475.0,-0.0229,-0.9589,-0.0824,-1.0,0.0,7775.0,0.0,-24146.7434,POSITIVE,LONG_GAMMA,DEALER_LONG_GAMMA,0.6,BULLISH,MEDIUM,40.0,20.0,49.9,30.4,10.7,31.4,15.0,,7670.0,7695.0,7685.5,LONG_GAMMA_PINNING,60.9,0.117,36.9,52.1,SHORT,30.4
2026-09-14 00:33:00,156140.0,66280.0,163462.0,58638.0,124.35,695.63,729064.42,4616.0,-12961.0,-0.0229,-0.9589,-0.1303,0.0,0.0,0.0,0.0,0.0,POSITIVE,LONG_GAMMA,DEALER_LONG_GAMMA,0.65,BULLISH,MEDIUM,42.2,13.0,49.9,30.3,7.0,46.2,0.0,,7675.0,7695.0,7686.75,LONG_GAMMA_PINNING,60.9,0.117,37.2,51.7,SHORT,29.0
2026-09-14 00:34:00,156225.0,66315.0,168012.0,58638.0,123.98,696.57,724752.99,536.0,814.0,-0.0364,-0.882,-0.1477,-0.9633,85.0,4550.0,-4311.4234,-2155.7117,POSITIVE,LONG_GAMMA,DEALER_LONG_GAMMA,0.49,BULLISH,MEDIUM,43.5,12.0,49.9,33.7,4.5,46.0,10.0,,7715.0,7665.0,7687.0,LONG_GAMMA_PINNING,60.9,0.117,38.2,53.6,SHORT,30.8
2026-09-14 00:35:00,156712.0,68278.0,168012.0,58638.0,118.98,696.57,724752.99,284.0,1444.0,-0.0348,-0.8664,-0.1457,1.0,488.0,0.0,0.0,-2155.7117,POSITIVE,LONG_GAMMA,DEALER_LONG_GAMMA,0.52,BULLISH,MEDIUM,44.2,11.3,49.9,32.4,2.9,45.5,10.0,,7680.0,7665.0,7686.0,LONG_GAMMA_PINNING,60.9,0.117,38.2,53.6,SHORT,30.8
2026-09-14 00:36:00,156712.0,68278.0,168012.0,58638.0,118.98,696.57,724752.99,222.0,2049.0,-0.0348,-0.9112,-0.3489,0.0,0.0,0.0,0.0,2155.7117,POSITIVE,LONG_GAMMA,DEALER_LONG_GAMMA,0.49,NEUTRAL,MEDIUM,39.4,16.1,49.9,31.6,1.9,30.5,25.0,,7680.0,7665.0,7686.75,LONG_GAMMA_PINNING,60.9,0.117,38.2,53.2,SHORT,30.0
2026-09-14 00:37:00,156712.0,68278.0,168012.0,58638.0,118.98,696.57,724752.99,517.0,-2522.0,-0.0348,-0.7765,-0.3141,0.0,0.0,0.0,0.0,2155.7117,POSITIVE,LONG_GAMMA,DEALER_LONG_GAMMA,0.6,BULLISH,MEDIUM,36.3,15.7,49.9,31.0,1.2,30.5,15.0,,7680.0,7665.0,7686.0,LONG_GAMMA_PINNING,60.9,0.117,38.2,52.9,SHORT,29.4
2026-09-14 00:38:00,156712.0,68278.0,168012.0,58638.0,118.98,696.57,724752.99,625.0,-1562.0,-0.0348,-0.7765,-0.3002,0.0,0.0,0.0,0.0,0.0,POSITIVE,LONG_GAMMA,DEALER_LONG_GAMMA,0.6,BULLISH,MEDIUM,34.3,15.5,49.9,30.7,0.8,30.5,15.0,,7680.0,7665.0,7686.5,LONG_GAMMA_PINNING,60.9,0.117,38.2,52.6,SHORT,28.8
2026-09-14 00:39:00,199938.0,69698.0,168012.0,58638.0,164.19,699.24,709752.97,8066.0,14672.0,0.0868,1.0,0.0301,1.0,43225.0,0.0,-15000.0214,-7500.0107,POSITIVE,LONG_GAMMA,DEALER_LONG_GAMMA,0.49,BULLISH,MEDIUM,37.4,15.3,49.9,30.5,0.5,43.2,15.0,,7640.0,7665.0,7687.25,LONG_GAMMA_PINNING,60.9,0.117,40.9,48.2,NEUTRAL,14.6
2026-09-14 00:40:00,214252.0,69772.0,168012.0,58638.0,176.19,699.24,709752.97,11209.0,18682.0,0.121,1.0,0.2696,1.0,14315.0,0.0,0.0,-7500.0107,POSITIVE,LONG_GAMMA,DEALER_LONG_GAMMA,0.49,BULLISH,MEDIUM,39.6,15.2,49.9,30.3,0.3,43.8,15.0,,7635.0,7665.0,7686.75,LONG_GAMMA_PINNING,60.9,0.117,43.0,47.8,NEUTRAL,9.6
2026-09-14 00:41:00,220712.0,69772.0,170588.0,62138.0,182.22,699.25,710744.27,12316.0,20527.0,0.1281,0.9226,0.2728,0.43,6460.0,2575.0,991.2986,7995.66,POSITIVE,LONG_GAMMA,DEALER_LONG_GAMMA,0.43,NEUTRAL,MEDIUM,41.1,20.4,49.9,30.2,7.2,43.9,30.0,,7635.0,7645.0,7685.5,LONG_GAMMA_PINNING,60.9,0.117,43.4,48.1,NEUTRAL,9.4
2026-09-14 00:42:00,222578.0,75012.0,179238.0,62138.0,180.34,699.77,713477.35,13371.0,-12552.0,0.1079,0.7088,0.1606,-0.6453,1865.0,8650.0,2733.0807,9362.2003,POSITIVE,LONG_GAMMA,DEALER_LONG_GAMMA,0.6,BULLISH,MEDIUM,38.4,18.5,49.9,30.1,4.7,33.4,15.0,,7640.0,7670.0,7684.25,LONG_GAMMA_PINNING,60.9,0.117,43.1,48.1,NEUTRAL,10.0
2026-09-14 00:43:00,231048.0,75012.0,195288.0,67038.0,185.98,700.93,730969.6,17295.0,-17879.0,0.0839,0.4631,0.0784,-0.3091,8470.0,16050.0,17492.2426,9617.0124,POSITIVE,LONG_GAMMA,DEALER_LONG_GAMMA,0.53,NEUTRAL,MEDIUM,36.5,22.5,49.9,30.1,10.1,33.1,30.0,,7635.0,7630.0,7683.0,LONG_GAMMA_PINNING,60.9,0.117,43.4,48.4,NEUTRAL,10.0
2026-09-14 00:44:00,231048.0,75012.0,195288.0,67038.0,185.98,700.93,730969.6,8934.0,-1589.0,0.0839,0.0657,0.3125,0.0,0.0,0.0,0.0,6883.9316,POSITIVE,LONG_GAMMA,DEALER_LONG_GAMMA,0.57,BULLISH,LOW,40.6,19.9,42.9,30.1,13.6,48.1,15.0,,7635.0,7630.0,7683.25,LONG_GAMMA_PINNING,60.9,0.117,41.4,48.4,NEUTRAL,14.0
2026-09-14 00:45:00,231060.0,75025.0,195288.0,67038.0,185.98,700.93,730969.6,6086.0,1135.0,0.0839,-0.2375,0.3103,1.0,12.0,0.0,0.0,-10112.6616,POSITIVE,LONG_GAMMA,DEALER_LONG_GAMMA,0.44,BULLISH,LOW,42.7,18.2,38.4,33.6,15.8,46.5,15.0,,7735.0,7630.0,7684.25,LONG_GAMMA_PINNING,60.9,0.117,40.7,48.4,NEUTRAL,15.4
2026-09-14 00:46:00,233568.0,75052.0,195288.0,67038.0,187.98,700.93,730969.6,5475.0,-11621.0,0.0893,-0.3154,0.3232,1.0,2508.0,0.0,0.0,-8746.1213,POSITIVE,LONG_GAMMA,DEALER_LONG_GAMMA,0.57,BULLISH,MEDIUM,41.2,17.1,42.5,32.3,17.3,38.5,15.0,,7625.0,7630.0,7684.25,LONG_GAMMA_PINNING,60.9,0.117,49.5,35.3,LONG,28.4
2026-09-14 00:47:00,243932.0,75068.0,195288.0,67038.0,223.06,771.11,478800.42,6490.0,-5533.0,0.1108,0.1418,0.4679,1.0,10365.0,0.0,-252169.1762,-126084.5881,POSITIVE,LONG_GAMMA,DEALER_LONG_GAMMA,0.57,BULLISH,MEDIUM,44.4,16.4,45.1,31.5,18.2,50.3,15.0,,7675.0,7630.0,7684.0,LONG_GAMMA_PINNING,60.9,0.117,51.4,36.0,LONG,30.8
2026-09-14 00:48:00,243932.0,75068.0,195288.0,67038.0,223.06,771.11,478800.42,2566.0,4277.0,0.1108,1.0,0.4679,0.0,0.0,0.0,0.0,-126084.5881,POSITIVE,LONG_GAMMA,DEALER_LONG_GAMMA,0.46,BULLISH,MEDIUM,50.0,15.9,46.8,31.0,18.8,60.3,15.0,,7675.0,7630.0,7684.0,LONG_GAMMA_PINNING,60.9,0.117,51.3,36.8,LONG,29.0
2026-09-14 00:49:00,248438.0,76392.0,197288.0,69038.0,226.06,771.11,478800.42,3202.0,3270.0,0.1148,0.7937,0.5181,0.3851,4505.0,2000.0,0.0,126084.5881,POSITIVE,LONG_GAMMA,DEALER_LONG_GAMMA,0.52,BULLISH,MEDIUM,53.6,10.3,47.9,30.7,12.2,60.3,0.0,,7630.0,7650.0,7683.5,LONG_GAMMA_PINNING,60.9,0.117,51.5,36.7,LONG,29.6
2026-09-14 00:50:00,248438.0,76392.0,197288.0,69038.0,226.06,771.11,478800.42,3202.0,-5355.0,0.1148,0.7936,0.5161,0.0,0.0,0.0,0.0,126084.5881,POSITIVE,LONG_GAMMA,DEALER_LONG_GAMMA,0.65,BULLISH,MEDIUM,52.4,6.7,48.6,30.5,7.9,50.3,0.0,,7630.0,7650.0,7683.25,LONG_GAMMA_PINNING,60.9,0.117,52.6,37.9,LONG,29.4
2026-09-14 00:51:00,249918.0,76392.0,197288.0,69038.0,227.06,771.11,478800.42,3002.0,-3622.0,0.1177,0.782,0.522,1.0,1480.0,0.0,0.0,0.0,POSITIVE,LONG_GAMMA,DEALER_LONG_GAMMA,0.65,BULLISH,MEDIUM,51.7,4.4,49.1,30.3,5.1,50.3,0.0,,7625.0,7650.0,7683.0,LONG_GAMMA_PINNING,60.9,0.117,52.7,38.0,LONG,29.4
2026-09-14 00:52:00,251418.0,76392.0,197288.0,69038.0,228.06,771.11,478800.42,1232.0,-597.0,0.1206,0.5783,0.5277,1.0,1500.0,0.0,0.0,0.0,POSITIVE,LONG_GAMMA,DEALER_LONG_GAMMA,0.65,BULLISH,MEDIUM,51.2,2.9,49.4,30.2,3.3,50.4,0.0,,7625.0,7650.0,7683.25,LONG_GAMMA_PINNING,60.9,0.117,52.7,38.4,LONG,28.6
2026-09-14 00:53:00,262218.0,76392.0,197288.0,69038.0,243.06,771.11,478800.42,3392.0,3003.0,0.1413,0.8028,0.5656,1.0,10800.0,0.0,0.0,0.0,POSITIVE,LONG_GAMMA,DEALER_LONG_GAMMA,0.52,BULLISH,MEDIUM,54.7,1.9,49.6,30.1,2.1,61.1,0.0,,7650.0,7650.0,7683.5,LONG_GAMMA_PINNING,60.9,0.117,53.3,37.7,LONG,31.2
2026-09-14 00:54:00,262218.0,77702.0,197288.0,69038.0,242.06,771.11,478800.42,2494.0,2923.0,0.1413,1.0,0.3605,0.0,0.0,0.0,0.0,0.0,POSITIVE,LONG_GAMMA,DEALER_LONG_GAMMA,0.49,BULLISH,MEDIUM,51.6,6.5,49.7,30.1,1.4,46.0,15.0,,7630.0,7650.0,7684.75,LONG_GAMMA_PINNING,60.9,0.117,53.2,37.8,LONG,30.8
2026-09-14 00:55:00,263682.0,79882.0,197288.0,69038.0,239.86,779.42,386972.58,2351.0,1435.0,0.144,1.0,0.2561,1.0,1465.0,0.0,-91827.8399,-45913.92,POSITIVE,LONG_GAMMA,DEALER_LONG_GAMMA,0.49,BULLISH,MEDIUM,54.8,4.2,49.8,33.6,0.9,60.7,0.0,,7725.0,7650.0,7686.75,LONG_GAMMA_PINNING,57.9,0.626,52.5,37.3,LONG,30.4
2026-09-14 00:56:00,263682.0,79882.0,197288.0,69038.0,239.86,779.42,386972.58,2055.0,-6825.0,0.144,1.0,0.2335,0.0,0.0,0.0,0.0,-45913.92,POSITIVE,LONG_GAMMA,DEALER_LONG_GAMMA,0.61,BULLISH,MEDIUM,53.4,2.7,49.9,35.8,0.6,50.7,0.0,,7725.0,7650.0,7686.0,LONG_GAMMA_PINNING,57.9,1.0,52.4,37.2,LONG,30.4
2026-09-14 00:57:00,263922.0,79882.0,197288.0,69038.0,240.17,782.92,359793.89,1803.0,-4903.0,0.1445,1.0,0.3922,1.0,240.0,0.0,-27178.6886,32324.5757,POSITIVE,LONG_GAMMA,DEALER_LONG_GAMMA,0.56,BULLISH,MEDIUM,47.2,7.0,49.9,37.3,0.4,35.7,15.0,,7710.0,7650.0,7685.75,LONG_GAMMA_PINNING,57.9,0.626,52.9,36.6,LONG,32.6
2026-09-14 00:58:00,264348.0,80502.0,197288.0,71562.0,240.67,784.71,340496.68,-901.0,186.0,0.1453,1.0,0.8867,1.0,425.0,0.0,-19297.2147,22675.9683,POSITIVE,LONG_GAMMA,DEALER_LONG_GAMMA,0.49,BULLISH,LOW,46.7,9.8,42.9,34.7,0.3,45.7,15.0,,7670.0,7630.0,7685.75,LONG_GAMMA_PINNING,58.7,0.124,53.1,38.0,LONG,30.2
2026-09-14 00:59:00,264518.0,80502.0,197288.0,71562.0,240.94,788.45,323941.84,-605.0,-412.0,0.1456,1.0,0.8872,1.0,170.0,0.0,-16554.832,-4336.679,POSITIVE,LONG_GAMMA,DEALER_LONG_GAMMA,0.61,BULLISH,MEDIUM,48.1,6.4,45.4,36.6,0.2,50.7,0.0,,7700.0,7630.0,7686.5,LONG_GAMMA_PINNING,58.7,0.124,52.3,38.5,LONG,27.6
2026-09-14 01:00:00,265918.0,81682.0,197288.0,100188.0,244.32,785.54,279388.9,-6143.0,-10438.0,0.1482,1.0,0.8915,1.0,1400.0,0.0,-44552.9458,-7315.9372,POSITIVE,LONG_GAMMA,DEALER_LONG_GAMMA,0.65,BULLISH,MEDIUM,48.8,4.2,47.0,34.3,0.1,50.1,0.0,,7630.0,7645.0,7687.75,LONG_GAMMA_PINNING,58.7,0.124,53.3,39.9,LONG,26.8
2026-09-14 01:01:00,267318.0,81682.0,197288.0,100188.0,245.32,785.54,279388.9,-5863.0,-7705.0,0.1507,1.0,0.8881,1.0,1400.0,0.0,0.0,-4350.4496,POSITIVE,LONG_GAMMA,DEALER_LONG_GAMMA,0.65,BULLISH,MEDIUM,49.3,2.7,48.0,32.8,0.1,50.2,0.0,,7630.0,7645.0,7687.0,LONG_GAMMA_PINNING,58.7,0.124,56.1,39.2,LONG,33.8
2026-09-14 01:02:00,267318.0,81682.0,197288.0,113688.0,247.11,783.75,246691.79,-8611.0,-12227.0,0.1507,1.0,0.8424,0.0,0.0,0.0,-32697.1102,14205.3338,POSITIVE,LONG_GAMMA,DEALER_LONG_GAMMA,0.6,BULLISH,MEDIUM,44.3,7.0,48.7,31.8,0.1,35.0,15.0,,7630.0,7630.0,7689.5,LONG_GAMMA_PINNING,55.7,0.633,53.2,38.9,LONG,28.6
2026-09-14 01:03:00,268458.0,85848.0,197288.0,159012.0,251.12,817.63,187238.1,-17737.0,-6032.0,0.1528,1.0,0.8492,1.0,1140.0,0.0,-59453.6908,-23798.9276,POSITIVE,LONG_GAMMA,DEALER_LONG_GAMMA,0.6,BULLISH,MEDIUM,40.7,9.8,49.2,31.2,0.1,34.1,15.0,,7675.0,7660.0,7689.5,LONG_GAMMA_PINNING,55.7,1.0,54.2,39.5,LONG,29.4
2026-09-14 01:04:00,268812.0,89122.0,197288.0,159012.0,249.12,817.63,187238.1,-18355.0,-8088.0,0.1535,1.0,1.0,1.0,355.0,0.0,0.0,-13378.2903,POSITIVE,LONG_GAMMA,DEALER_LONG_GAMMA,0.6,BULLISH,MEDIUM,38.3,11.6,49.5,30.8,0.1,34.0,15.0,,7650.0,7660.0,7689.5,LONG_GAMMA_PINNING,55.7,0.633,56.5,38.7,LONG,35.6
2026-09-14 01:05:00,269208.0,89842.0,197288.0,159012.0,249.12,817.63,187238.1,-12739.0,-11148.0,0.1542,1.0,1.0,1.0,395.0,0.0,0.0,46075.4005,POSITIVE,LONG_GAMMA,DEALER_LONG_GAMMA,0.6,BULLISH,MEDIUM,36.8,12.8,49.7,30.5,0.1,33.9,15.0,,7665.0,7660.0,7690.0,LONG_GAMMA_PINNING,55.7,0.133,53.6,37.4,LONG,32.4
2026-09-14 01:06:00,276408.0,89842.0,251088.0,159012.0,254.03,820.88,211607.42,-819.0,50177.0,0.048,-0.7109,-0.3401,-0.7639,7200.0,53800.0,24369.3235,41911.5071,POSITIVE,LONG_GAMMA,DEALER_LONG_GAMMA,0.49,BULLISH,MEDIUM,39.0,13.6,49.8,30.3,0.1,43.1,15.0,,7650.0,7660.0,7689.0,LONG_GAMMA_PINNING,55.7,0.133,51.0,37.3,LONG,27.4
2026-09-14 01:07:00,276408.0,89842.0,251088.0,159012.0,254.03,820.88,211607.42,1881.0,45860.0,0.048,-0.7109,-0.3657,0.0,0.0,0.0,0.0,12184.6617,POSITIVE,LONG_GAMMA,DEALER_LONG_GAMMA,0.49,BULLISH,MEDIUM,40.4,14.1,49.9,30.2,0.1,43.1,15.0,,7650.0,7660.0,7688.5,LONG_GAMMA_PINNING,55.7,0.133,51.3,37.3,LONG,28.0
2026-09-14 01:08:00,277658.0,94592.0,251088.0,159012.0,247.66,871.42,125443.53,10851.0,20789.0,0.0503,-0.7079,-0.554,1.0,1250.0,0.0,-86163.8899,-55266.6067,POSITIVE,LONG_GAMMA,DEALER_LONG_GAMMA,0.46,BULLISH,MEDIUM,38.2,14.4,46.2,33.6,0.1,34.1,15.0,,7695.0,7660.0,7690.25,LONG_GAMMA_PINNING,52.7,0.642,52.4,36.3,LONG,32.2
2026-09-14 01:09:00,280448.0,94592.0,251088.0,171038.0,257.57,870.92,123609.8,9588.0,-34582.0,0.0552,-0.6444,-0.4938,1.0,2790.0,0.0,-1833.733,-56183.4732,POSITIVE,LONG_GAMMA,DEALER_LONG_GAMMA,0.6,NEUTRAL,MEDIUM,34.0,14.6,43.5,32.3,0.1,26.3,15.0,,7670.0,7695.0,7689.5,LONG_GAMMA_PINNING,52.7,1.0,52.1,36.7,LONG,30.8
2026-09-14 01:10:00,280448.0,94592.0,251088.0,171038.0,257.57,870.92,123609.8,9653.0,-34745.0,0.0552,-0.6544,-0.5248,0.0,0.0,0.0,0.0,42165.0784,POSITIVE,LONG_GAMMA,DEALER_LONG_GAMMA,0.6,NEUTRAL,MEDIUM,31.3,14.7,41.8,31.5,0.1,26.3,15.0,,7670.0,7695.0,7689.25,LONG_GAMMA_PINNING,57.5,0.628,52.5,37.4,LONG,30.2
2026-09-14 01:11:00,280448.0,94592.0,251088.0,171038.0,257.57,870.92,123609.8,-2547.0,-1328.0,0.0552,1.0,-0.5248,0.0,0.0,0.0,0.0,43998.8115,POSITIVE,LONG_GAMMA,DEALER_LONG_GAMMA,0.6,BULLISH,MEDIUM,31.9,14.8,40.7,31.0,0.1,32.9,15.0,,7670.0,7695.0,7690.5,LONG_GAMMA_PINNING,57.5,0.128,51.6,36.6,LONG,30.0
2026-09-14 01:12:00,280645.0,95575.0,251088.0,175588.0,256.0,870.65,121560.21,-3614.0,4589.0,0.0556,1.0,-0.5258,1.0,198.0,0.0,-2049.5859,-107.9264,POSITIVE,LONG_GAMMA,DEALER_LONG_GAMMA,0.52,BULLISH,MEDIUM,40.9,9.6,39.8,30.7,0.1,57.8,0.0,,7665.0,7665.0,7690.75,LONG_GAMMA_PINNING,57.6,0.127,50.9,37.5,LONG,26.8
2026-09-14 01:13:00,280645.0,105955.0,251088.0,175588.0,225.0,870.65,121560.21,-4990.0,-621.0,0.0556,1.0,-0.535,0.0,0.0,0.0,0.0,-1024.7929,POSITIVE,LONG_GAMMA,DEALER_LONG_GAMMA,0.6,BULLISH,LOW,37.5,11.5,32.1,30.5,0.1,31.1,15.0,,7685.0,7665.0,7690.0,LONG_GAMMA_PINNING,57.6,0.127,50.7,37.4,LONG,26.6
2026-09-14 01:14:00,287695.0,105955.0,251088.0,175588.0,230.73,878.47,26934.17,-1733.0,-2888.0,0.0679,1.0,-0.3978,1.0,7050.0,0.0,-94626.0458,-46288.23,POSITIVE,LONG_GAMMA,DEALER_LONG_GAMMA,0.6,BULLISH,LOW,35.3,12.7,29.2,30.3,0.1,31.3,15.0,,7635.0,7665.0,7689.75,LONG_GAMMA_PINNING,57.6,0.127,51.2,37.1,LONG,28.2
2026-09-14 01:15:00,288020.0,106280.0,251088.0,175588.0,230.73,878.47,26934.17,-1733.0,1558.0,0.0685,1.0,-0.4176,1.0,325.0,0.0,0.0,-46288.23,POSITIVE,LONG_GAMMA,DEALER_LONG_GAMMA,0.46,BULLISH,LOW,37.4,13.5,27.4,33.7,0.1,41.2,15.0,,7730.0,7665.0,7690.25,LONG_GAMMA_PINNING,57.6,0.127,51.3,36.9,LONG,28.8
2026-09-14 01:16:00,288020.0,108310.0,251088.0,175588.0,223.03,698.81,49234.69,-2139.0,9531.0,0.0685,1.0,-0.4442,0.0,0.0,0.0,22300.5286,58463.2872,POSITIVE,LONG_GAMMA,DEALER_LONG_GAMMA,0.49,BULLISH,LOW,38.6,14.0,27.3,32.4,0.1,40.8,15.0,,7650.0,7665.0,7690.25,LONG_GAMMA_PINNING,59.8,0.12,51.4,37.2,LONG,28.4
2026-09-14 01:17:00,288020.0,110670.0,251088.0,175588.0,214.32,687.61,84602.28,-1544.0,202.0,0.0685,1.0,-0.4442,0.0,0.0,0.0,35367.5876,76147.081,POSITIVE,LONG_GAMMA,DEALER_LONG_GAMMA,0.49,BULLISH,LOW,44.5,9.1,22.1,35.1,0.1,55.4,0.0,,7700.0,7665.0,7690.75,LONG_GAMMA_PINNING,59.8,0.12,50.9,37.6,LONG,26.6
2026-09-14 01:18:00,288020.0,110670.0,256588.0,181088.0,214.32,687.61,84602.28,532.0,-4988.0,0.0577,0.1456,-0.5039,-1.0,0.0,5500.0,0.0,6533.5295,POSITIVE,LONG_GAMMA,DEALER_LONG_GAMMA,0.56,BULLISH,LOW,39.5,11.2,25.6,36.8,0.1,30.3,15.0,,7700.0,7630.0,7689.5,LONG_GAMMA_PINNING,59.8,0.12,50.9,37.7,LONG,26.4
2026-09-14 01:19:00,288380.0,116550.0,256588.0,194288.0,212.11,685.81,50920.7,-4622.0,-6012.0,0.0583,-0.7785,-0.5038,1.0,360.0,0.0,-33681.5857,-45674.8509,POSITIVE,LONG_GAMMA,DEALER_LONG_GAMMA,0.6,NEUTRAL,LOW,34.1,12.5,26.1,34.4,0.1,23.9,15.0,,7650.0,7630.0,7689.75,LONG_GAMMA_PINNING,59.8,0.12,51.0,38.5,LONG,25.0
2026-09-14 01:20:00,288380.0,116550.0,256588.0,200188.0,212.57,685.57,50310.25,-5802.0,-6012.0,0.0583,-0.8771,-0.5114,0.0,0.0,0.0,-610.4513,-34829.8123,POSITIVE,LONG_GAMMA,DEALER_LONG_GAMMA,0.6,NEUTRAL,LOW,30.5,13.4,26.4,32.9,0.1,23.9,15.0,,7650.0,7680.0,7690.0,LONG_GAMMA_PINNING,59.8,0.12,51.2,38.9,LONG,24.6
2026-09-14 01:21:00,288380.0,116550.0,261388.0,200188.0,211.95,686.17,60750.75,-4436.0,-5427.0,0.0491,-0.9325,0.0751,-1.0,0.0,4800.0,10440.5065,21755.8204,POSITIVE,LONG_GAMMA,DEALER_LONG_GAMMA,0.6,NEUTRAL,LOW,30.2,14.0,27.1,31.9,0.1,29.8,15.0,,7650.0,7635.0,7690.5,LONG_GAMMA_PINNING,59.8,0.12,51.4,38.1,LONG,26.6
2026-09-14 01:22:00,291755.0,116635.0,270288.0,200188.0,219.27,825.54,-57621.17,-1526.0,13057.0,0.0382,-0.6743,-0.1115,-0.4501,3375.0,8900.0,-118371.9261,-36819.6913,POSITIVE,LONG_GAMMA,DEALER_LONG_GAMMA,0.46,BULLISH,LOW,33.6,14.3,27.4,29.5,5.3,40.0,15.0,,7690.0,7630.0,7688.75,LONG_GAMMA_PINNING,56.8,0.629,49.7,37.8,LONG,23.8
2026-09-14 01:23:00,317055.0,116635.0,288688.0,200188.0,237.82,827.92,-14280.04,7214.0,32540.0,0.0468,-0.0501,0.0233,0.1579,25300.0,18400.0,43341.1356,-42430.4228,POSITIVE,LONG_GAMMA,DEALER_LONG_GAMMA,0.49,BULLISH,LOW,35.9,14.5,25.5,24.4,8.7,40.3,15.0,,7635.0,7630.0,7687.75,LONG_GAMMA_PINNING,56.8,1.0,52.0,37.4,LONG,29.2
2026-09-14 01:24:00,317080.0,116745.0,288688.0,208838.0,238.48,825.03,-10356.19,9211.0,16268.0,0.0469,-0.0559,-0.013,1.0,25.0,0.0,3923.8514,77598.2033,POSITIVE,LONG_GAMMA,DEALER_LONG_GAMMA,0.46,BULLISH,LOW,37.4,14.7,24.0,24.6,10.9,40.2,15.0,,7715.0,7660.0,7689.0,LONG_GAMMA_PINNING,56.8,0.629,51.8,36.3,LONG,31.0
2026-09-14 01:25:00,318360.0,116745.0,292112.0,218562.0,240.19,824.45,-18620.47,9387.0,1487.0,0.043,-0.0847,-0.0394,-0.4559,1280.0,3425.0,-8264.2845,35345.1787,POSITIVE,LONG_GAMMA,DEALER_LONG_GAMMA,0.49,BULLISH,LOW,38.4,14.8,16.4,21.2,12.3,40.2,15.0,,7635.0,7645.0,7690.25,LONG_GAMMA_PINNING,56.8,0.129,53.6,37.1,LONG,33.0
2026-09-14 01:26:00,318360.0,116745.0,292112.0,218562.0,240.19,824.45,-18620.47,8427.0,-32530.0,0.043,-0.0123,-0.0394,0.0,0.0,0.0,0.0,-27764.6358,POSITIVE,LONG_GAMMA,DEALER_LONG_GAMMA,0.6,BULLISH,LOW,35.5,14.9,18.5,19.0,13.2,30.2,15.0,,7635.0,7645.0,7689.75,LONG_GAMMA_PINNING,56.8,0.129,52.7,37.4,LONG,30.6
2026-09-14 01:27:00,322890.0,116745.0,292112.0,218562.0,243.19,824.45,-18620.47,6895.0,-17646.0,0.05,0.1758,0.0147,1.0,4530.0,0.0,0.0,2170.2166,POSITIVE,LONG_GAMMA,DEALER_LONG_GAMMA,0.6,BULLISH,LOW,33.7,14.9,19.8,17.6,13.8,30.2,15.0,,7630.0,7645.0,7689.75,LONG_GAMMA_PINNING,60.1,0.12,52.9,37.7,LONG,30.4
2026-09-14 01:28:00,334540.0,124245.0,295212.0,218562.0,247.84,824.74,-14519.98,-395.0,10804.0,0.0624,0.4565,0.0997,0.5797,11650.0,3100.0,4100.4943,6182.3894,POSITIVE,LONG_GAMMA,DEALER_LONG_GAMMA,0.49,BULLISH,LOW,36.0,14.9,20.5,16.7,14.2,40.2,15.0,,7630.0,7645.0,7689.75,LONG_GAMMA_PINNING,60.1,0.12,51.8,37.9,LONG,27.8
2026-09-14 01:29:00,334540.0,124645.0,297762.0,221112.0,246.88,807.58,20967.45,1272.0,6303.0,0.0582,0.316,0.0018,-1.0,0.0,2550.0,35487.426,19793.9601,POSITIVE,LONG_GAMMA,DEALER_LONG_GAMMA,0.46,BULLISH,LOW,37.4,14.9,21.2,24.9,9.2,40.1,15.0,,7695.0,7670.0,7689.25,LONG_GAMMA_PINNING,60.1,0.12,51.6,37.8,LONG,27.6
2026-09-14 01:30:00,342350.0,124645.0,306338.0,221112.0,256.84,808.46,34279.96,5553.0,5480.0,0.0555,0.2555,-0.0084,-0.0467,7810.0,8575.0,13312.5081,22349.7199,POSITIVE,LONG_GAMMA,DEALER_LONG_GAMMA,0.49,BULLISH,LOW,38.4,14.9,22.2,26.7,6.0,40.3,15.0,,7650.0,7645.0,7688.0,LONG_GAMMA_PINNING,60.1,0.12,52.3,37.8,LONG,29.0
2026-09-14 01:31:00,349070.0,129925.0,306338.0,268112.0,269.94,815.9,-135888.17,-3559.0,-15748.0,0.0652,0.3669,0.0499,1.0,6720.0,0.0,-170168.1266,-98221.7694,POSITIVE,LONG_GAMMA,DEALER_LONG_GAMMA,0.6,BULLISH,MEDIUM,35.5,14.9,26.8,22.6,9.2,30.2,15.0,,7660.0,7630.0,7688.0,LONG_GAMMA_PINNING,60.1,0.12,54.2,38.9,LONG,30.6
2026-09-14 01:32:00,363710.0,129925.0,306338.0,268112.0,288.67,887.67,-149402.36,-1537.0,-8270.0,0.0856,0.4832,0.1561,1.0,14640.0,0.0,-13514.1894,-116241.125,POSITIVE,LONG_GAMMA,DEALER_LONG_GAMMA,0.6,BULLISH,MEDIUM,33.9,14.9,30.3,19.9,11.2,30.8,15.0,,7645.0,7630.0,7685.75,LONG_GAMMA_PINNING,57.1,0.629,54.6,37.0,LONG,35.2
2026-09-14 01:33:00,370390.0,131845.0,345962.0,282738.0,288.79,940.13,-184859.43,2965.0,-8379.0,0.0341,-0.1721,-0.0408,-0.7115,6680.0,39625.0,-35457.0746,53942.1773,POSITIVE,LONG_GAMMA,DEALER_LONG_GAMMA,0.6,BULLISH,MEDIUM,32.6,14.9,33.6,18.2,12.5,30.2,15.0,,7660.0,7630.0,7684.75,LONG_GAMMA_PINNING,57.1,1.0,52.3,37.5,LONG,29.6
2026-09-14 01:34:00,370390.0,132585.0,345962.0,282738.0,287.79,940.13,-184859.43,2897.0,29141.0,0.0341,-0.1469,-0.043,0.0,0.0,0.0,0.0,74112.6207,POSITIVE,LONG_GAMMA,DEALER_LONG_GAMMA,0.49,BULLISH,MEDIUM,35.3,14.9,35.7,17.1,13.4,40.2,15.0,,7645.0,7630.0,7685.0,LONG_GAMMA_PINNING,57.9,0.626,54.9,37.5,LONG,34.8
2026-09-14 01:35:00,370715.0,132585.0,359362.0,282738.0,287.84,941.06,-191218.69,2365.0,29708.0,0.0155,-0.303,-0.1104,-0.9526,325.0,13400.0,-6359.2564,21306.0038,POSITIVE,LONG_GAMMA,DEALER_LONG_GAMMA,0.49,BULLISH,MEDIUM,37.0,14.9,37.2,16.4,14.0,40.1,15.0,,7670.0,7685.0,7684.75,LONG_GAMMA_PINNING,58.1,0.126,51.1,38.0,LONG,26.2
2026-09-14 01:36:00,371365.0,132585.0,375962.0,285638.0,288.33,943.09,-190603.06,14347.0,-13088.0,-0.0062,-0.5149,-0.1599,-0.9246,650.0,16600.0,615.6353,14856.7267,POSITIVE,LONG_GAMMA,DEALER_LONG_GAMMA,0.65,BULLISH,MEDIUM,39.8,9.7,38.0,15.9,14.3,44.9,0.0,,7670.0,7650.0,7683.5,LONG_GAMMA_PINNING,58.1,0.126,52.6,38.1,LONG,29.0
2026-09-14 01:37:00,371605.0,132825.0,382962.0,285638.0,287.58,943.66,-183540.66,12819.0,-2818.0,-0.0151,-0.8132,-0.1705,-0.9337,240.0,7000.0,7062.3951,7018.6434,POSITIVE,LONG_GAMMA,DEALER_LONG_GAMMA,0.61,BULLISH,LOW,41.6,6.3,31.3,19.1,14.5,44.8,0.0,,7700.0,7645.0,7684.5,LONG_GAMMA_PINNING,58.1,0.126,51.5,38.2,LONG,26.6
2026-09-14 01:38:00,371742.0,132962.0,384138.0,286812.0,287.58,943.66,-183540.66,6867.0,624.0,-0.0164,-0.9316,-0.2715,-0.7905,138.0,1175.0,0.0,6403.0081,POSITIVE,LONG_GAMMA,DEALER_LONG_GAMMA,0.39,BULLISH,LOW,48.0,12.8,26.9,29.9,21.7,59.8,25.0,,7710.0,7625.0,7683.5,LONG_GAMMA_PINNING,58.1,0.126,50.0,38.2,LONG,23.6
2026-09-14 01:39:00,371742.0,133048.0,384138.0,286812.0,287.4,941.16,-174605.88,6998.0,-11732.0,-0.0164,-0.9316,-0.2717,0.0,0.0,0.0,8934.7849,628.3773,POSITIVE,LONG_GAMMA,DEALER_LONG_GAMMA,0.51,NEUTRAL,MEDIUM,41.6,18.8,30.7,28.2,26.4,29.8,30.0,,7695.0,7625.0,7684.75,LONG_GAMMA_PINNING,58.1,0.126,50.1,38.2,LONG,23.8
2026-09-14 01:40:00,374872.0,133048.0,384138.0,286812.0,291.4,941.16,-174605.88,4879.0,-9660.0,-0.0122,-0.7126,-0.2391,1.0,3130.0,0.0,0.0,936.1949,POSITIVE,LONG_GAMMA,DEALER_LONG_GAMMA,0.57,BULLISH,MEDIUM,42.8,17.5,33.2,23.6,29.4,44.9,15.0,,7650.0,7625.0,7684.0,LONG_GAMMA_PINNING,58.1,0.126,48.6,37.0,LONG,23.2
2026-09-14 01:41:00,375952.0,134108.0,384138.0,295512.0,294.59,945.38,-204833.1,273.0,-5378.0,-0.0108,-0.2811,-0.2301,1.0,1080.0,0.0,-30227.2251,-19581.005,POSITIVE,LONG_GAMMA,DEALER_LONG_GAMMA,0.57,BULLISH,MEDIUM,43.5,16.6,35.8,20.6,31.4,44.9,15.0,,7670.0,7655.0,7684.5,LONG_GAMMA_PINNING,58.1,0.126,50.1,39.1,LONG,22.0
2026-09-14 01:42:00,375952.0,134108.0,384138.0,295512.0,294.59,945.38,-204833.1,-1127.0,-1808.0,-0.0108,0.5745,-0.2685,0.0,0.0,0.0,0.0,-19581.005,POSITIVE,LONG_GAMMA,DEALER_LONG_GAMMA,0.57,BULLISH,MEDIUM,44.0,16.0,37.5,18.6,32.7,44.9,15.0,,7670.0,7655.0,7683.5,LONG_GAMMA_PINNING,58.1,0.126,50.0,39.3,LONG,21.4
2026-09-14 01:43:00,380232.0,134848.0,415088.0,295512.0,292.55,948.51,-162249.73,5771.0,7081.0,-0.0438,-0.5695,-0.448,-0.757,4280.0,30950.0,42583.3754,36405.3002,POSITIVE,LONG_GAMMA,DEALER_LONG_GAMMA,0.46,BULLISH,MEDIUM,44.2,19.1,36.9,17.3,33.5,44.5,25.0,,7630.0,7640.0,7681.5,LONG_GAMMA_PINNING,55.1,0.635,48.7,38.5,LONG,20.4
2026-09-14 01:44:00,380232.0,137968.0,435588.0,307462.0,289.51,949.38,-148833.55,6874.0,16082.0,-0.0679,-0.7167,-0.502,-1.0,0.0,20500.0,13416.1755,43113.388,POSITIVE,LONG_GAMMA,DEALER_LONG_GAMMA,0.49,NEUTRAL,LOW,38.9,21.2,35.9,16.5,27.0,29.2,25.0,,7620.0,7640.0,7679.75,LONG_GAMMA_TREND,41.7,0.675,44.2,38.8,NEUTRAL,10.8
2026-09-14 01:45:00,380232.0,138702.0,435588.0,314412.0,288.76,926.86,-93913.88,4711.0,15085.0,-0.0679,-0.8113,-0.5467,0.0,0.0,0.0,54919.6719,12876.236,POSITIVE,LONG_GAMMA,DEALER_LONG_GAMMA,0.49,BULLISH,LOW,40.7,17.3,33.4,19.5,22.8,44.1,10.0,,7690.0,7640.0,7682.0,LONG_GAMMA_TREND,46.4,0.161,43.9,39.6,NEUTRAL,8.6
2026-09-14 01:46:00,383368.0,139942.0,435588.0,314412.0,289.51,904.93,-78077.35,6826.0,-17365.0,-0.0638,-0.7481,-0.5806,1.0,3135.0,0.0,15836.5281,7378.3246,POSITIVE,LONG_GAMMA,DEALER_LONG_GAMMA,0.65,BULLISH,LOW,41.9,11.2,31.3,17.9,20.1,44.1,0.0,,7630.0,7640.0,7682.25,LONG_GAMMA_TREND,43.4,0.67,44.1,38.9,NEUTRAL,10.4
2026-09-14 01:47:00,383528.0,141482.0,436788.0,315612.0,288.27,901.99,-58409.46,6550.0,-22350.0,-0.0649,-0.7484,-0.7362,-0.7647,160.0,1200.0,19667.8872,-16415.716,POSITIVE,LONG_GAMMA,DEALER_LONG_GAMMA,0.65,BULLISH,LOW,42.6,7.3,29.3,16.9,18.3,44.0,0.0,,7665.0,7625.0,7682.75,LONG_GAMMA_PINNING,55.0,0.635,48.2,39.1,LONG,18.2
2026-09-14 01:48:00,393728.0,141482.0,436788.0,315612.0,298.27,901.99,-58409.46,1692.0,4699.0,-0.0518,-0.2331,-0.5912,1.0,10200.0,0.0,0.0,-25544.1564,POSITIVE,LONG_GAMMA,DEALER_LONG_GAMMA,0.52,BULLISH,LOW,43.2,8.2,28.0,16.2,17.1,44.3,10.0,,7635.0,7625.0,7682.5,LONG_GAMMA_PINNING,57.7,0.127,48.5,40.1,LONG,16.8
2026-09-14 01:49:00,401728.0,141532.0,444212.0,315612.0,313.21,1109.37,-107007.08,3681.0,10960.0,-0.0502,0.4273,-0.5163,0.0373,8000.0,7425.0,-48597.6221,-42051.0187,POSITIVE,LONG_GAMMA,DEALER_LONG_GAMMA,0.49,NEUTRAL,LOW,38.4,12.3,28.6,15.8,16.4,29.6,20.0,,7635.0,7660.0,7680.5,LONG_GAMMA_PINNING,54.7,0.636,48.7,38.4,LONG,20.6
2026-09-14 01:50:00,409278.0,143112.0,444212.0,315612.0,319.21,1109.37,-107007.08,6412.0,10258.0,-0.0409,0.5421,-0.3751,1.0,7550.0,0.0,0.0,-34132.7546,POSITIVE,LONG_GAMMA,DEALER_LONG_GAMMA,0.49,NEUTRAL,LOW,35.4,16.7,29.0,15.5,15.9,29.7,25.0,,7635.0,7660.0,7679.75,LONG_GAMMA_PINNING,54.7,1.0,48.6,37.8,LONG,21.6
2026-09-14 01:51:00,410848.0,143112.0,444212.0,315612.0,320.21,1109.37,-107007.08,6347.0,3228.0,-0.039,0.5222,-0.267,1.0,1570.0,0.0,0.0,24298.811,POSITIVE,LONG_GAMMA,DEALER_LONG_GAMMA,0.49,NEUTRAL,LOW,33.4,19.6,29.3,15.3,15.6,29.7,25.0,,7620.0,7660.0,7679.0,LONG_GAMMA_PINNING,54.7,0.636,48.7,37.9,LONG,21.6
2026-09-14 01:52:00,414988.0,143112.0,444212.0,315612.0,325.73,1119.64,-116079.09,7451.0,-8894.0,-0.034,0.6181,-0.1708,1.0,4140.0,0.0,-9072.0021,19762.81,POSITIVE,LONG_GAMMA,DEALER_LONG_GAMMA,0.6,NEUTRAL,LOW,32.2,18.0,29.7,15.2,15.4,29.9,15.0,,7640.0,7660.0,7679.25,LONG_GAMMA_PINNING,57.9,0.126,50.2,38.3,LONG,23.8
2026-09-14 01:53:00,414988.0,145948.0,444212.0,315612.0,307.73,1119.64,-116079.09,4844.0,-9714.0,-0.034,0.4823,-0.1629,0.0,0.0,0.0,-0.0015,-4536.0018,POSITIVE,LONG_GAMMA,DEALER_LONG_GAMMA,0.65,BULLISH,LOW,36.4,11.7,30.0,15.1,15.3,44.3,0.0,,7675.0,7660.0,7681.25,LONG_GAMMA_PINNING,54.9,0.635,48.3,37.9,LONG,20.8
2026-09-14 01:54:00,415402.0,146338.0,448350.0,319750.0,307.33,1110.72,-141078.09,1774.0,-3327.0,-0.0381,0.5354,-0.1905,-0.8177,415.0,4138.0,-24999.0047,-7963.5021,POSITIVE,LONG_GAMMA,DEALER_LONG_GAMMA,0.49,BULLISH,LOW,39.1,12.9,31.0,27.3,15.2,44.2,15.0,,7700.0,7695.0,7680.25,LONG_GAMMA_PINNING,54.9,1.0,48.6,39.0,LONG,19.2
2026-09-14 01:55:00,415402.0,158398.0,448350.0,319750.0,298.33,1110.72,-141078.09,-1832.0,-7812.0,-0.0381,0.1937,-0.2261,0.0,0.0,0.0,0.0,-7963.5005,POSITIVE,LONG_GAMMA,DEALER_LONG_GAMMA,0.52,BULLISH,LOW,40.8,13.6,31.6,31.7,15.1,43.9,15.0,,7625.0,7695.0,7680.75,LONG_GAMMA_PINNING,55.4,0.634,49.2,40.4,LONG,17.6
2026-09-14 01:56:00,449962.0,162588.0,448350.0,319750.0,319.33,1110.72,-141078.09,3928.0,5459.0,0.0018,0.8087,0.0709,1.0,34560.0,0.0,0.0,12499.5031,POSITIVE,LONG_GAMMA,DEALER_LONG_GAMMA,0.49,BULLISH,LOW,40.3,14.1,31.8,25.9,15.1,39.3,15.0,,7625.0,7695.0,7680.0,LONG_GAMMA_PINNING,55.4,0.134,50.1,37.4,LONG,25.4
2026-09-14 01:57:00,451762.0,162588.0,461690.0,319750.0,322.64,1112.17,-116916.28,6128.0,12555.0,-0.0109,0.3557,-0.0114,-0.7622,1800.0,13340.0,24161.8138,24580.4093,POSITIVE,LONG_GAMMA,DEALER_LONG_GAMMA,0.49,NEUTRAL,LOW,36.4,17.9,31.2,22.1,15.1,29.2,25.0,,7655.0,7630.0,7679.0,LONG_GAMMA_PINNING,55.4,0.134,48.5,36.5,LONG,24.0
2026-09-14 01:58:00,459100.0,171355.0,475580.0,328300.0,322.7,1056.19,64269.02,7477.0,22491.0,-0.0176,0.1689,0.1319,-0.3087,7338.0,13890.0,181185.2972,102673.5555,POSITIVE,LONG_GAMMA,DEALER_LONG_GAMMA,0.52,BULLISH,LOW,39.1,15.1,29.2,24.9,9.8,44.0,10.0,,7635.0,7630.0,7676.25,LONG_GAMMA_PINNING,52.4,0.643,49.4,37.5,LONG,23.8
2026-09-14 01:59:00,459100.0,184405.0,477842.0,330562.0,313.7,1056.19,64269.02,4862.0,-7155.0,-0.02,0.1941,0.3023,-1.0,0.0,2262.0,0.0,78511.7417,POSITIVE,LONG_GAMMA,DEALER_LONG_GAMMA,0.6,NEUTRAL,LOW,35.4,15.1,27.8,26.7,6.4,28.6,15.0,,7620.0,7650.0,7677.25,LONG_GAMMA_PINNING,52.4,1.0,48.2,38.4,LONG,19.6
2026-09-14 02:00:00,459100.0,198990.0,477842.0,384012.0,307.02,1053.63,46001.88,-6333.0,-48480.0,-0.02,0.1941,0.3023,0.0,0.0,0.0,-18267.1343,-111807.1227,POSITIVE,LONG_GAMMA,DEALER_LONG_GAMMA,0.6,NEUTRAL,LOW,32.8,15.1,26.3,27.9,4.2,28.1,15.0,,7675.0,7680.0,7677.5,LONG_GAMMA_PINNING,58.1,0.626,50.4,41.5,LONG,17.8
2026-09-14 02:01:00,459510.0,201010.0,480668.0,391412.0,305.97,1050.87,60276.73,-13644.0,-38615.0,-0.0225,-0.5439,0.2562,-0.7465,410.0,2825.0,14274.8475,-92588.792,POSITIVE,LONG_GAMMA,DEALER_LONG_GAMMA,0.6,NEUTRAL,LOW,31.1,15.1,25.7,28.6,2.7,28.0,15.0,,7660.0,7680.0,7676.25,LONG_GAMMA_PINNING,58.1,0.126,51.4,40.9,LONG,21.0
2026-09-14 02:02:00,459510.0,204150.0,483218.0,391412.0,302.65,1051.16,65632.56,-16790.0,-20367.0,-0.0251,-0.4707,0.2414,-1.0,0.0,2550.0,5355.8319,18948.9069,POSITIVE,LONG_GAMMA,DEALER_LONG_GAMMA,0.6,NEUTRAL,LOW,30.0,15.1,25.5,29.1,1.8,27.9,15.0,,7640.0,7620.0,7676.0,LONG_GAMMA_PINNING,58.1,0.126,51.0,40.6,LONG,20.8
2026-09-14 02:03:00,461600.0,204150.0,495842.0,391412.0,305.05,1052.61,92446.79,-14629.0,43189.0,-0.0358,-0.7803,0.0695,-0.7159,2090.0,12625.0,26814.2299,18081.1743,POSITIVE,LONG_GAMMA,DEALER_LONG_GAMMA,0.49,NEUTRAL,LOW,29.2,18.6,26.1,29.4,1.2,27.9,25.0,,7650.0,7620.0,7676.0,LONG_GAMMA_PINNING,60.4,0.119,50.6,40.3,LONG,20.6
2026-09-14 02:04:00,462400.0,205200.0,495842.0,391412.0,304.39,1043.85,104241.47,-12069.0,41735.0,-0.0349,-0.6901,0.0805,1.0,800.0,0.0,11794.6792,9489.1149,POSITIVE,LONG_GAMMA,DEALER_LONG_GAMMA,0.49,BULLISH,LOW,34.0,15.6,26.8,33.1,0.8,42.8,10.0,,7700.0,7620.0,7676.0,LONG_GAMMA_PINNING,60.4,0.119,50.6,39.7,LONG,21.8
2026-09-14 02:05:00,462970.0,215925.0,677842.0,399062.0,272.24,1062.29,414608.3,34377.0,62941.0,-0.1884,-0.962,-0.6263,-0.9938,570.0,182000.0,310366.8278,144995.7226,POSITIVE,LONG_GAMMA,DEALER_LONG_GAMMA,0.52,BULLISH,MEDIUM,36.5,13.6,34.3,32.0,0.5,41.2,10.0,,7650.0,7630.0,7680.75,LONG_GAMMA_PINNING,57.4,0.628,51.0,45.6,NEUTRAL,10.8
2026-09-14 02:06:00,462970.0,226590.0,677842.0,404762.0,260.91,1061.7,404690.66,32341.0,42131.0,-0.1884,-0.9655,-0.6352,0.0,0.0,0.0,-9917.639,130920.1399,POSITIVE,LONG_GAMMA,DEALER_LONG_GAMMA,0.45,BULLISH,MEDIUM,43.3,12.3,38.9,40.0,0.3,55.9,10.0,CALL_WALL_LADDERING,7655.0,7630.0,7681.25,LONG_GAMMA_PINNING,57.4,1.0,49.4,44.8,NEUTRAL,9.2
2026-09-14 02:07:00,463830.0,227040.0,677842.0,404762.0,260.91,1061.7,404690.66,32541.0,42181.0,-0.1875,-0.9566,-0.6542,1.0,860.0,0.0,0.0,-166039.573,POSITIVE,LONG_GAMMA,DEALER_LONG_GAMMA,0.49,NEUTRAL,MEDIUM,37.2,16.7,41.9,36.5,0.2,25.9,25.0,,7640.0,7630.0,7680.75,LONG_GAMMA_PINNING,57.4,0.628,49.9,43.0,NEUTRAL,13.8
2026-09-14 02:08:00,469430.0,232650.0,677842.0,530538.0,284.55,1095.01,-127793.87,4441.0,-129219.0,-0.1817,-0.9175,-0.622,1.0,5600.0,0.0,-532484.5285,-416466.8587,POSITIVE,LONG_GAMMA,DEALER_LONG_GAMMA,0.56,NEUTRAL,LOW,33.3,16.1,37.0,32.5,5.4,26.0,15.0,,7700.0,7630.0,7679.75,LONG_GAMMA_PINNING,54.4,0.637,46.7,40.4,NEUTRAL,12.6
2026-09-14 02:09:00,469985.0,238285.0,682092.0,545088.0,281.43,1094.49,-130979.51,1415.0,-120833.0,-0.1841,-0.9217,-0.6214,-0.769,555.0,4250.0,-3185.6452,-262876.2674,POSITIVE,LONG_GAMMA,DEALER_LONG_GAMMA,0.6,NEUTRAL,LOW,30.7,15.7,33.9,26.4,8.8,25.8,15.0,,7630.0,7660.0,7680.0,LONG_GAMMA_PINNING,54.4,1.0,46.8,40.4,NEUTRAL,12.8
2026-09-14 02:10:00,469985.0,238285.0,682092.0,545088.0,281.43,1094.49,-130979.51,-31424.0,-39078.0,-0.1841,0.2455,-0.6214,0.0,0.0,0.0,0.0,264649.4416,POSITIVE,LONG_GAMMA,DEALER_LONG_GAMMA,0.6,NEUTRAL,LOW,29.0,14.4,31.9,22.4,11.0,25.8,12.0,,7630.0,7660.0,7680.25,LONG_GAMMA_PINNING,54.4,0.637,46.9,42.2,NEUTRAL,9.4
2026-09-14 02:11:00,482058.0,238598.0,689092.0,545088.0,289.68,1095.06,-123597.85,-24399.0,63814.0,-0.1768,0.2583,-0.7647,0.266,12072.0,7000.0,7381.6596,271525.9167,POSITIVE,LONG_GAMMA,DEALER_LONG_GAMMA,0.49,NEUTRAL,LOW,27.9,16.4,30.4,19.8,12.4,25.9,20.0,,7620.0,7640.0,7679.5,LONG_GAMMA_PINNING,51.4,0.646,33.7,51.4,SHORT,35.4
2026-09-14 02:12:00,482058.0,240898.0,689092.0,588212.0,284.76,1090.64,-196692.27,-33566.0,61694.0,-0.1768,0.2367,-0.7649,0.0,0.0,0.0,-73094.4219,-31263.5585,POSITIVE,LONG_GAMMA,DEALER_LONG_GAMMA,0.49,NEUTRAL,LOW,27.1,17.7,30.9,18.1,13.3,25.7,20.0,,7670.0,7630.0,7679.75,LONG_GAMMA_PINNING,51.4,1.0,44.6,38.7,NEUTRAL,11.8
2026-09-14 02:13:00,486828.0,244348.0,689092.0,679812.0,296.6,1081.26,-353094.31,-26465.0,-31292.0,-0.172,0.2146,-0.7701,1.0,4770.0,0.0,-156402.034,-118439.0577,POSITIVE,LONG_GAMMA,DEALER_LONG_GAMMA,0.6,NEUTRAL,MEDIUM,26.6,15.7,34.1,17.0,13.9,25.6,12.0,,7625.0,7630.0,7679.5,LONG_GAMMA_PINNING,51.4,0.646,33.9,51.2,SHORT,34.6
2026-09-14 02:14:00,486908.0,245458.0,689092.0,993188.0,333.87,1048.64,-947753.73,-86270.0,-159417.0,-0.1719,0.4148,-0.7674,1.0,80.0,0.0,-594659.4232,-342674.3475,POSITIVE,LONG_GAMMA,DEALER_LONG_GAMMA,0.61,BULLISH,MEDIUM,31.5,10.2,39.7,19.8,14.3,40.5,0.0,,7700.0,7630.0,7681.75,LONG_GAMMA_PINNING,48.4,0.655,46.6,37.3,LONG,18.6
2026-09-14 02:15:00,487420.0,246670.0,846592.0,993188.0,314.18,1064.99,-686753.08,-54910.0,-69296.0,-0.2692,-0.8083,-0.8574,-0.9935,512.0,157500.0,261000.6536,-52081.1569,POSITIVE,LONG_GAMMA,DEALER_LONG_GAMMA,0.5,BULLISH,MEDIUM,34.4,12.5,43.3,18.1,23.3,39.9,16.7,,7660.0,7630.0,7681.75,LONG_GAMMA_PINNING,48.4,1.0,44.0,38.2,NEUTRAL,11.6
2026-09-14 02:16:00,488780.0,246910.0,846592.0,1028088.0,318.26,1061.48,-745232.45,-65418.0,4058.0,-0.2679,-0.9181,-0.8519,1.0,1360.0,0.0,-58479.3701,476791.3704,POSITIVE,LONG_GAMMA,DEALER_LONG_GAMMA,0.36,NEUTRAL,LOW,36.3,17.5,38.6,17.0,32.6,39.9,26.7,,7625.0,7630.0,7681.5,LONG_GAMMA_PINNING,48.4,0.655,45.2,42.2,NEUTRAL,6.0
2026-09-14 02:17:00,489155.0,246910.0,857542.0,1028088.0,318.33,1061.97,-743834.12,-54068.0,247124.0,-0.2735,-0.9191,-0.8532,-0.9338,375.0,10950.0,1398.3279,138288.8637,POSITIVE,LONG_GAMMA,DEALER_LONG_GAMMA,0.36,NEUTRAL,MEDIUM,37.5,20.8,42.6,16.3,38.7,39.9,26.8,,7660.0,7690.0,7681.25,LONG_GAMMA_PINNING,48.4,0.155,45.8,40.1,NEUTRAL,11.4
2026-09-14 02:18:00,489172.0,246928.0,884542.0,1028088.0,314.99,1064.91,-693080.45,-30612.0,80318.0,-0.2878,-0.9763,-0.8675,-0.9987,18.0,27000.0,50753.6733,-75184.6412,POSITIVE,LONG_GAMMA,DEALER_LONG_GAMMA,0.32,BEARISH,MEDIUM,33.0,28.3,45.2,19.3,42.7,24.8,42.2,,7720.0,7630.0,7681.5,LONG_GAMMA_PINNING,48.4,0.155,46.3,43.3,NEUTRAL,6.0
2026-09-14 02:19:00,500052.0,254838.0,890842.0,1162638.0,331.02,1051.66,-921198.28,7213.0,-90495.0,-0.281,-0.8777,-0.8259,0.2666,10880.0,6300.0,-228117.8321,-60141.5583,POSITIVE,LONG_GAMMA,DEALER_LONG_GAMMA,0.47,NEUTRAL,MEDIUM,30.1,29.6,46.9,17.8,41.8,24.7,32.0,,7625.0,7630.0,7681.25,LONG_GAMMA_PINNING,45.4,0.664,47.7,42.4,NEUTRAL,10.6
2026-09-14 02:20:00,523532.0,254838.0,1053268.0,1162638.0,328.73,1066.31,-700668.72,13034.0,40436.0,-0.336,-0.7025,-0.7222,-0.7474,23480.0,162425.0,220529.5581,-29870.1376,POSITIVE,LONG_GAMMA,DEALER_LONG_GAMMA,0.34,BEARISH,MEDIUM,28.1,34.4,47.3,16.8,44.7,24.4,43.4,FLOW_EXPANSION_BEARISH,7620.0,7630.0,7678.75,LONG_GAMMA_PINNING,42.4,1.0,45.6,39.9,NEUTRAL,11.4
2026-09-14 02:21:00,524815.0,255400.0,1053268.0,1162638.0,329.6,1076.27,-774191.31,19934.0,1286.0,-0.3349,-0.7031,-0.7171,1.0,1282.0,0.0,-73522.5856,162185.5657,POSITIVE,LONG_GAMMA,DEALER_LONG_GAMMA,0.32,BEARISH,LOW,26.8,37.5,41.2,19.7,46.6,24.4,43.4,FLOW_EXPANSION_BEARISH,7700.0,7630.0,7679.25,LONG_GAMMA_PINNING,39.4,1.0,45.4,39.4,NEUTRAL,12.0
2026-09-14 02:22:00,525185.0,255770.0,1053268.0,1191138.0,332.99,1073.32,-823575.56,11969.0,101848.0,-0.3346,-0.6891,-0.7191,1.0,370.0,0.0,-49384.257,-57659.2843,POSITIVE,LONG_GAMMA,DEALER_LONG_GAMMA,0.32,BEARISH,MEDIUM,26.0,39.6,44.3,21.6,47.8,24.4,43.4,FLOW_EXPANSION_BEARISH,7705.0,7630.0,7679.75,CHARM_DOMINATED,36.3,0.691,45.0,36.6,LONG,16.8
2026-09-14 02:23:00,525185.0,255770.0,1053268.0,1191138.0,332.99,1073.32,-823575.56,6569.0,-39572.0,-0.3346,-0.6482,-0.7414,0.0,0.0,0.0,0.0,-98195.6148,POSITIVE,LONG_GAMMA,DEALER_LONG_GAMMA,0.44,NEUTRAL,MEDIUM,25.4,37.4,46.3,22.8,45.1,24.4,33.4,,7705.0,7630.0,7680.25,CHARM_DOMINATED,36.3,0.191,46.0,37.5,LONG,17.0
2026-09-14 02:24:00,525185.0,255770.0,1161268.0,1191138.0,319.72,1085.12,-616927.13,53225.0,-66812.0,-0.3772,-0.8299,-0.7934,-1.0,0.0,108000.0,206648.4384,164777.6405,POSITIVE,LONG_GAMMA,DEALER_LONG_GAMMA,0.47,BULLISH,MEDIUM,30.2,31.1,45.4,23.6,43.3,39.1,19.4,,7705.0,7630.0,7681.75,CHARM_DOMINATED,33.3,0.7,45.0,38.1,NEUTRAL,13.8
2026-09-14 02:25:00,526405.0,256650.0,1201392.0,1191138.0,314.75,1089.56,-539142.9,24137.0,63378.0,-0.3907,-0.962,-0.804,-0.941,1220.0,40125.0,77784.2206,166908.458,POSITIVE,LONG_GAMMA,DEALER_LONG_GAMMA,0.36,NEUTRAL,MEDIUM,33.3,30.6,43.6,20.6,45.6,39.0,29.8,FLOW_EXPANSION_BEARISH,7645.0,7630.0,7681.75,CHARM_DOMINATED,30.3,1.0,42.8,37.9,NEUTRAL,9.8
2026-09-14 02:26:00,527075.0,256650.0,1281642.0,1318638.0,317.92,1090.14,-470705.11,14677.0,48212.0,-0.4172,-0.9804,-0.8588,-0.9834,670.0,80250.0,68437.7962,-30213.2108,POSITIVE,LONG_GAMMA,DEALER_LONG_GAMMA,0.34,BEARISH,MEDIUM,30.0,35.8,41.2,18.6,47.1,23.8,45.4,FLOW_EXPANSION_BEARISH,7645.0,7650.0,7680.25,CHARM_DOMINATED,27.3,1.0,42.2,37.5,NEUTRAL,9.4
2026-09-14 02:27:00,527075.0,256650.0,1281642.0,1318638.0,317.92,1090.14,-470705.11,20377.0,-56038.0,-0.4172,-0.9836,-0.8588,0.0,0.0,0.0,0.0,-107997.4314,POSITIVE,LONG_GAMMA,DEALER_LONG_GAMMA,0.47,NEUTRAL,MEDIUM,27.8,35.7,39.6,17.3,44.6,23.8,35.4,,7645.0,7650.0,7680.5,CHARM_DOMINATED,24.3,1.0,41.9,36.9,NEUTRAL,10.0
2026-09-14 02:28:00,528955.0,257030.0,1324018.0,1318638.0,316.83,1094.54,-396004.5,29152.0,-75134.0,-0.4291,-0.9725,-0.8756,-0.915,1880.0,42375.0,74700.6079,-35760.7044,POSITIVE,LONG_GAMMA,DEALER_LONG_GAMMA,0.47,NEUTRAL,LOW,26.4,35.7,37.6,16.5,43.0,23.7,35.7,,7660.0,7630.0,7680.0,CHARM_DOMINATED,21.3,1.0,40.7,37.0,NEUTRAL,7.4
2026-09-14 02:29:00,528955.0,257030.0,1355918.0,1318638.0,313.05,1097.76,-342675.76,13932.0,28316.0,-0.4387,-0.962,-0.8814,-1.0,0.0,31900.0,53328.74,29795.7759,POSITIVE,LONG_GAMMA,DEALER_LONG_GAMMA,0.34,BEARISH,LOW,25.4,39.3,35.6,16.0,45.5,23.6,46.0,FLOW_EXPANSION_BEARISH,7660.0,7630.0,7678.75,LONG_GAMMA_TREND,47.8,0.657,40.0,46.1,NEUTRAL,12.2
2026-09-14 02:30:00,551145.0,257605.0,1560042.0,1318638.0,307.47,1102.63,35791.9,50987.0,123795.0,-0.4779,-0.8709,-0.836,-0.8039,22190.0,204125.0,378467.6653,178547.8987,POSITIVE,LONG_GAMMA,DEALER_LONG_GAMMA,0.34,BEARISH,LOW,24.7,42.0,30.5,20.9,41.8,23.3,46.9,FLOW_EXPANSION_BEARISH,7620.0,7630.0,7678.0,LONG_GAMMA_TREND,47.8,0.157,40.6,48.1,NEUTRAL,15.0
2026-09-14 02:31:00,573245.0,258085.0,1560042.0,1459512.0,343.07,1088.23,-209812.37,36452.0,24191.0,-0.4626,-0.7155,-0.7883,1.0,22100.0,0.0,-245604.2761,2417.0207,POSITIVE,LONG_GAMMA,DEALER_LONG_GAMMA,0.34,BEARISH,LOW,24.3,43.6,29.1,18.8,44.7,23.6,46.6,FLOW_EXPANSION_BEARISH,7620.0,7630.0,7680.0,LONG_GAMMA_TREND,59.8,0.121,41.5,49.2,NEUTRAL,15.4
2026-09-14 02:32:00,573245.0,258085.0,1574692.0,1459512.0,342.05,1088.67,-211125.84,39382.0,2491.0,-0.4662,-0.7278,-0.7901,-1.0,0.0,14650.0,-1313.4673,-339357.0743,POSITIVE,LONG_GAMMA,DEALER_LONG_GAMMA,0.34,BEARISH,LOW,24.0,44.7,21.2,17.5,46.6,23.5,46.7,FLOW_EXPANSION_BEARISH,7620.0,7685.0,7679.25,LONG_GAMMA_TREND,59.8,0.121,40.3,48.4,SHORT,16.2
2026-09-14 02:33:00,574085.0,258410.0,1694042.0,1463862.0,328.43,1101.47,-23335.99,53710.0,-125183.0,-0.4938,-0.7826,-0.8101,-0.986,840.0,119350.0,187789.8443,26806.4939,POSITIVE,LONG_GAMMA,DEALER_LONG_GAMMA,0.47,NEUTRAL,LOW,23.8,42.1,21.0,16.6,44.3,23.3,37.3,,7640.0,7630.0,7679.0,LONG_GAMMA_TREND,56.8,0.63,41.7,50.3,SHORT,17.2
2026-09-14 02:34:00,576815.0,258890.0,1694042.0,1479462.0,332.37,1099.69,-56211.86,44660.0,-14304.0,-0.492,-0.752,-0.8255,1.0,2730.0,0.0,-32875.8656,200915.861,POSITIVE,LONG_GAMMA,DEALER_LONG_GAMMA,0.47,NEUTRAL,LOW,23.6,40.4,21.2,16.0,42.8,23.3,37.3,,7630.0,7625.0,7679.0,LONG_GAMMA_TREND,53.8,1.0,40.6,49.4,SHORT,17.6
2026-09-14 02:35:00,576815.0,258890.0,1694042.0,1537462.0,339.2,1093.8,-155192.4,-12088.0,67024.0,-0.492,-0.6785,-0.8465,0.0,0.0,0.0,-98980.5359,-159166.3893,POSITIVE,LONG_GAMMA,DEALER_LONG_GAMMA,0.34,BEARISH,LOW,23.5,42.8,22.4,15.7,45.3,23.3,47.3,FLOW_EXPANSION_BEARISH,7630.0,7630.0,7679.0,LONG_GAMMA_PINNING,38.5,0.685,40.3,44.5,NEUTRAL,8.4
2026-09-14 02:36:00,576862.0,258938.0,1694042.0,1626712.0,349.61,1084.99,-299296.6,-6087.0,-118616.0,-0.492,-0.9474,-0.8498,1.0,48.0,0.0,-144104.2035,-198999.359,POSITIVE,LONG_GAMMA,DEALER_LONG_GAMMA,0.44,NEUTRAL,LOW,23.5,40.9,24.6,19.0,43.4,23.4,37.3,,7690.0,7630.0,7677.75,LONG_GAMMA_PINNING,35.5,0.694,39.9,42.8,NEUTRAL,5.8
2026-09-14 02:37:00,578332.0,260468.0,1694042.0,1699838.0,358.88,1055.98,-383993.94,-23654.0,-124561.0,-0.491,-0.9182,-0.8468,1.0,1470.0,0.0,-84697.3418,-48472.5719,POSITIVE,LONG_GAMMA,DEALER_LONG_GAMMA,0.47,NEUTRAL,LOW,23.5,39.6,26.8,17.6,42.2,23.4,37.3,,7655.0,7630.0,7678.75,LONG_GAMMA_TREND,45.6,0.663,39.2,48.8,SHORT,19.2
2026-09-14 02:38:00,578658.0,260468.0,1782418.0,1699838.0,349.9,1064.08,-258086.26,-29017.0,11097.0,-0.5098,-0.9016,-0.8634,-0.9927,325.0,88375.0,125907.6768,142147.5372,POSITIVE,LONG_GAMMA,DEALER_LONG_GAMMA,0.34,BEARISH,MEDIUM,23.4,42.5,33.9,16.7,44.9,23.2,47.7,FLOW_EXPANSION_BEARISH,7660.0,7630.0,7677.75,LONG_GAMMA_TREND,46.2,0.161,38.5,49.5,SHORT,22.0
2026-09-14 02:39:00,578658.0,261418.0,1818742.0,1699838.0,343.93,1067.24,-210358.85,-19272.0,90588.0,-0.5173,-0.9709,-0.8496,-1.0,0.0,36325.0,47727.4101,201218.3161,POSITIVE,LONG_GAMMA,DEALER_LONG_GAMMA,0.34,BEARISH,MEDIUM,23.3,44.4,38.1,16.1,46.7,23.2,47.9,FLOW_EXPANSION_BEARISH,7650.0,7630.0,7677.75,LONG_GAMMA_TREND,43.2,0.67,38.1,48.6,SHORT,21.0
2026-09-14 02:40:00,581402.0,261418.0,1921992.0,1711838.0,341.28,1075.99,-72573.5,11127.0,153908.0,-0.5355,-0.9605,-0.8582,-0.9482,2745.0,103250.0,137785.3524,72151.2137,POSITIVE,LONG_GAMMA,DEALER_LONG_GAMMA,0.34,BEARISH,MEDIUM,23.2,45.8,39.4,15.7,47.9,23.0,48.4,FLOW_EXPANSION_BEARISH,7660.0,7630.0,7677.5,LONG_GAMMA_TREND,40.2,1.0,37.6,47.7,SHORT,20.2
2026-09-14 02:41:00,581402.0,261418.0,1990392.0,1731038.0,335.91,1079.99,-20877.76,38817.0,51766.0,-0.5479,-0.9698,-0.8576,-1.0,0.0,68400.0,51695.7462,7923.0058,POSITIVE,LONG_GAMMA,DEALER_LONG_GAMMA,0.34,BEARISH,MEDIUM,23.1,46.8,39.8,15.5,48.6,22.9,48.7,FLOW_EXPANSION_BEARISH,7660.0,7630.0,7677.75,CHARM_DOMINATED,36.2,0.691,41.3,42.6,NEUTRAL,2.6
2026-09-14 02:42:00,584288.0,261762.0,2051392.0,1792038.0,343.8,1078.71,-12166.98,53962.0,-13459.0,-0.5566,-0.9672,-0.8616,-0.9097,2885.0,61000.0,8710.7747,-62553.1208,POSITIVE,LONG_GAMMA,DEALER_LONG_GAMMA,0.44,BULLISH,LOW,33.5,38.8,33.0,24.1,45.6,52.9,23.9,,7665.0,7630.0,7676.5,CHARM_DOMINATED,33.2,0.7,41.2,42.2,NEUTRAL,2.0
2026-09-14 02:43:00,596968.0,262088.0,2178118.0,1917988.0,357.88,1096.62,-48835.76,38848.0,-43062.0,-0.5698,-0.9115,-0.8525,-0.8181,12680.0,126725.0,-36668.7797,-108719.5518,POSITIVE,LONG_GAMMA,DEALER_LONG_GAMMA,0.47,BEARISH,MEDIUM,29.8,39.0,35.9,20.9,43.6,22.9,39.2,,7620.0,7660.0,7675.0,LONG_GAMMA_TREND,55.4,0.634,39.5,51.8,SHORT,24.6
2026-09-14 02:44:00,597492.0,262088.0,2229418.0,1950238.0,357.04,1109.52,-88057.71,35688.0,-59849.0,-0.5773,-0.9123,-0.8545,-0.9797,525.0,51300.0,-39221.9483,-68148.6244,POSITIVE,LONG_GAMMA,DEALER_LONG_GAMMA,0.39,NEUTRAL,MEDIUM,32.6,39.2,38.1,31.1,42.3,37.8,39.4,,7685.0,7685.0,7674.25,LONG_GAMMA_TREND,55.4,0.134,39.1,52.1,SHORT,26.0
2026-09-14 02:45:00,600988.0,285668.0,2251842.0,2060638.0,346.66,1102.03,-245055.68,-4723.0,-50988.0,-0.5787,-0.8879,-0.8656,-0.7303,3495.0,22425.0,-156997.9746,-84130.9589,POSITIVE,LONG_GAMMA,DEALER_LONG_GAMMA,0.47,BEARISH,MEDIUM,29.1,39.3,40.7,25.5,41.5,22.7,39.5,,7640.0,7630.0,7673.5,LONG_GAMMA_TREND,55.4,0.134,38.5,52.4,SHORT,27.8
2026-09-14 02:46:00,607092.0,286168.0,2496092.0,2060638.0,325.47,1113.48,124526.18,35408.0,45955.0,-0.6087,-0.9033,-0.9302,-0.9512,6105.0,244250.0,369581.8587,144237.306,POSITIVE,LONG_GAMMA,DEALER_LONG_GAMMA,0.36,NEUTRAL,MEDIUM,32.0,37.9,41.4,27.1,39.2,37.4,35.2,FLOW_EXPANSION_BEARISH,7625.0,7630.0,7672.5,LONG_GAMMA_TREND,55.4,0.134,38.9,53.9,SHORT,30.0
2026-09-14 02:47:00,607342.0,298618.0,2561092.0,2060638.0,298.18,1119.25,210731.99,45460.0,48512.0,-0.6166,-0.9134,-0.9332,-0.9923,250.0,65000.0,86205.8184,326003.8,POSITIVE,LONG_GAMMA,DEALER_LONG_GAMMA,0.34,NEUTRAL,MEDIUM,33.8,37.0,42.5,31.6,37.7,37.2,35.4,FLOW_EXPANSION_BEARISH,7685.0,7630.0,7673.25,LONG_GAMMA_TREND,55.4,0.134,39.2,54.2,SHORT,30.0
2026-09-14 02:48:00,607342.0,307068.0,2673968.0,2186412.0,292.58,1118.1,191829.16,38564.0,138011.0,-0.6298,-0.959,-0.9344,-1.0,0.0,112875.0,-18902.8349,-72640.4503,POSITIVE,LONG_GAMMA,DEALER_LONG_GAMMA,0.36,NEUTRAL,MEDIUM,34.9,36.6,43.0,31.0,36.8,37.0,35.7,FLOW_EXPANSION_BEARISH,7630.0,7635.0,7674.5,LONG_GAMMA_TREND,55.4,0.134,26.2,64.4,SHORT,76.4
2026-09-14 02:49:00,609762.0,307678.0,2780218.0,2186412.0,282.27,1127.87,341941.71,56261.0,-24394.0,-0.6403,-0.9564,-0.9411,-0.9555,2420.0,106250.0,150112.5543,-162288.9789,POSITIVE,LONG_GAMMA,DEALER_LONG_GAMMA,0.5,NEUTRAL,MEDIUM,35.6,32.9,44.4,30.7,32.7,36.9,26.0,,7625.0,7630.0,7674.25,LONG_GAMMA_TREND,55.4,0.134,25.7,63.8,SHORT,76.2
2026-09-14 02:50:00,613438.0,311222.0,2783342.0,2186412.0,282.02,1129.33,333551.52,78524.0,-121339.0,-0.6388,-0.9542,-0.9349,0.0809,3675.0,3125.0,-8390.1885,37209.6911,POSITIVE,LONG_GAMMA,DEALER_LONG_GAMMA,0.47,NEUTRAL,MEDIUM,36.1,30.5,45.2,34.0,30.0,36.9,26.0,,7700.0,7630.0,7674.5,LONG_GAMMA_TREND,55.4,0.134,19.2,45.0,SHORT,51.6
2026-09-14 02:51:00,615768.0,311222.0,2783342.0,2186412.0,284.02,1129.33,333551.52,29019.0,22157.0,-0.6377,-0.9414,-0.931,1.0,2330.0,0.0,0.0,-69799.954,POSITIVE,LONG_GAMMA,DEALER_LONG_GAMMA,0.36,NEUTRAL,MEDIUM,36.4,32.4,45.8,32.6,31.8,36.9,35.9,FLOW_EXPANSION_BEARISH,7620.0,7630.0,7673.75,LONG_GAMMA_TREND,55.4,0.134,23.1,62.0,SHORT,77.8
2026-09-14 02:52:00,615968.0,311422.0,2783342.0,2186412.0,284.02,1129.33,333551.52,18459.0,-41493.0,-0.6376,-0.9253,-0.9332,1.0,200.0,0.0,0.0,-70861.1829,POSITIVE,LONG_GAMMA,DEALER_LONG_GAMMA,0.5,NEUTRAL,MEDIUM,36.6,30.1,46.1,31.7,29.4,36.9,25.9,,7650.0,7630.0,7672.75,LONG_GAMMA_TREND,55.4,0.134,24.1,63.4,SHORT,78.6
2026-09-14 02:53:00,628458.0,325748.0,2805742.0,2261312.0,297.61,1226.35,-286057.28,11862.0,-72992.0,-0.634,-0.7238,-0.9072,-0.284,12490.0,22400.0,-619608.8081,-305609.3098,POSITIVE,LONG_GAMMA,DEALER_LONG_GAMMA,0.41,BULLISH,MEDIUM,42.0,28.6,46.0,38.1,33.1,52.0,25.9,,7690.0,7630.0,7672.5,LONG_GAMMA_TREND,55.4,0.134,24.2,63.4,SHORT,78.4
2026-09-14 02:54:00,630208.0,329518.0,2805742.0,2275662.0,297.28,1224.9,-312347.25,-13024.0,-26361.0,-0.6332,-0.1105,-0.9007,1.0,1750.0,0.0,-26289.9626,-322949.3854,POSITIVE,LONG_GAMMA,DEALER_LONG_GAMMA,0.5,NEUTRAL,MEDIUM,40.2,27.6,46.1,30.0,35.5,37.0,25.8,,7670.0,7615.0,7672.0,LONG_GAMMA_TREND,55.4,0.134,25.3,65.7,SHORT,80.8
2026-09-14 02:55:00,634862.0,335608.0,2805742.0,2308662.0,300.08,1205.66,-343853.11,-20562.0,-36212.0,-0.631,-0.0222,-0.8859,1.0,4655.0,0.0,-31505.8613,280906.4921,POSITIVE,LONG_GAMMA,DEALER_LONG_GAMMA,0.47,BEARISH,MEDIUM,33.8,32.2,46.3,24.8,37.1,22.0,40.8,,7665.0,7630.0,7673.5,LONG_GAMMA_TREND,57.4,0.128,26.6,67.0,SHORT,80.8
2026-09-14 02:56:00,636220.0,349865.0,2807205.0,2310125.0,270.96,1223.15,-355355.2,-23608.0,5932.0,-0.6305,-0.0769,-0.8742,-0.0372,1358.0,1462.0,-11502.092,301445.4087,POSITIVE,LONG_GAMMA,DEALER_LONG_GAMMA,0.32,BEARISH,LOW,29.6,38.7,39.5,24.9,41.6,21.8,50.8,FLOW_EXPANSION_BEARISH,7675.0,7625.0,7673.75,LONG_GAMMA_TREND,57.4,0.128,26.6,66.7,SHORT,80.2
2026-09-14 02:57:00,644255.0,349865.0,2813955.0,2314025.0,278.8,1225.57,-366407.23,-21431.0,23202.0,-0.6274,-0.0395,-0.8542,0.0869,8035.0,6750.0,-11052.0318,17620.8501,POSITIVE,LONG_GAMMA,DEALER_LONG_GAMMA,0.34,BEARISH,MEDIUM,26.9,42.9,42.2,21.4,44.5,21.8,50.7,FLOW_EXPANSION_BEARISH,7625.0,7625.0,7674.0,LONG_GAMMA_TREND,57.4,0.128,25.5,65.0,SHORT,79.0
2026-09-14 02:58:00,653290.0,350175.0,2836405.0,2314025.0,284.45,1227.26,-345380.41,-4329.0,35122.0,-0.6256,-0.1051,-0.8424,-0.4261,9035.0,22450.0,21026.8262,26491.3739,POSITIVE,LONG_GAMMA,DEALER_LONG_GAMMA,0.36,NEUTRAL,MEDIUM,30.4,40.4,43.8,19.2,46.4,36.8,35.6,FLOW_EXPANSION_BEARISH,7615.0,7640.0,7674.25,LONG_GAMMA_TREND,57.4,0.128,25.5,64.2,SHORT,77.4
2026-09-14 02:59:00,653290.0,360740.0,2967130.0,2337725.0,260.01,1237.44,-181207.61,18237.0,69841.0,-0.6391,-0.7497,-0.8594,-1.0,0.0,130725.0,164172.7927,103876.8713,POSITIVE,LONG_GAMMA,DEALER_LONG_GAMMA,0.36,NEUTRAL,MEDIUM,32.6,38.9,43.7,17.7,47.7,36.6,36.0,FLOW_EXPANSION_BEARISH,7660.0,7630.0,7676.5,LONG_GAMMA_TREND,65.0,0.105,27.3,67.2,SHORT,79.8
2026-09-14 03:00:00,655490.0,364840.0,2997630.0,2337725.0,246.47,1240.35,-133601.5,30844.0,53086.0,-0.6411,-0.8059,-0.8638,-0.8654,2200.0,30500.0,47606.1163,100902.0573,POSITIVE,LONG_GAMMA,DEALER_LONG_GAMMA,0.36,NEUTRAL,MEDIUM,34.0,37.9,43.3,16.8,48.5,36.6,36.0,FLOW_EXPANSION_BEARISH,7650.0,7630.0,7676.25,LONG_GAMMA_TREND,65.0,0.105,27.7,67.3,SHORT,79.2
2026-09-14 03:01:00,658000.0,369460.0,3068230.0,2341375.0,234.93,1246.39,-37639.0,46392.0,42270.0,-0.6468,-0.846,-0.8366,-0.9313,2510.0,70600.0,95962.4928,-20815.5049,POSITIVE,LONG_GAMMA,DEALER_LONG_GAMMA,0.36,NEUTRAL,MEDIUM,34.9,37.3,42.4,16.2,49.0,36.5,36.2,FLOW_EXPANSION_BEARISH,7620.0,7630.0,7676.25,LONG_GAMMA_TREND,62.0,0.614,27.9,66.8,SHORT,77.8
2026-09-14 03:02:00,658285.0,369745.0,3068230.0,2467375.0,249.18,1234.76,-224970.07,19015.0,-74671.0,-0.6467,-0.8954,-0.8174,1.0,285.0,0.0,-187331.068,-151573.7421,POSITIVE,LONG_GAMMA,DEALER_LONG_GAMMA,0.47,BEARISH,MEDIUM,30.2,38.7,43.0,15.8,45.9,21.5,41.2,,7660.0,7630.0,7675.5,LONG_GAMMA_TREND,62.0,1.0,26.5,66.4,SHORT,79.8
2026-09-14 03:03:00,658845.0,371615.0,3238730.0,2495375.0,232.06,1247.71,-16818.96,41018.0,-35853.0,-0.6619,-0.9728,-0.8329,-0.9935,560.0,170500.0,208151.1155,-61374.2808,POSITIVE,LONG_GAMMA,DEALER_LONG_GAMMA,0.5,NEUTRAL,MEDIUM,32.4,34.4,42.1,15.5,43.8,36.4,26.5,,7625.0,7630.0,7676.5,LONG_GAMMA_TREND,62.0,0.614,27.6,67.0,SHORT,78.8
2026-09-14 03:04:00,658845.0,372945.0,3238730.0,2655025.0,247.12,1228.23,-243760.27,-10470.0,-95317.0,-0.6619,-0.9599,-0.8066,0.0,0.0,0.0,-226941.3163,36289.1872,POSITIVE,LONG_GAMMA,DEALER_LONG_GAMMA,0.47,NEUTRAL,MEDIUM,33.8,31.7,42.8,18.8,42.5,36.4,26.5,,7690.0,7630.0,7679.75,LONG_GAMMA_TREND,65.7,0.103,25.7,67.1,SHORT,82.8
2026-09-14 03:05:00,689295.0,380555.0,3306855.0,2683625.0,245.05,1232.98,-149481.27,-3717.0,44772.0,-0.655,-0.8029,-0.7469,-0.3822,30450.0,68125.0,94279.0053,-76741.1793,POSITIVE,LONG_GAMMA,DEALER_LONG_GAMMA,0.36,NEUTRAL,MEDIUM,34.7,33.3,42.7,17.5,45.1,36.4,36.4,FLOW_EXPANSION_BEARISH,7620.0,7625.0,7678.25,LONG_GAMMA_TREND,65.7,0.103,27.1,67.5,SHORT,80.8
2026-09-14 03:06:00,701695.0,391595.0,3306855.0,2690525.0,247.95,1232.09,-168506.3,-17793.0,-42313.0,-0.6499,-0.6905,-0.718,1.0,12400.0,0.0,-19025.0362,47022.085,POSITIVE,LONG_GAMMA,DEALER_LONG_GAMMA,0.47,BEARISH,MEDIUM,30.0,36.1,42.8,16.6,43.3,21.4,41.2,,7625.0,7620.0,7679.25,LONG_GAMMA_TREND,65.7,0.103,27.1,67.9,SHORT,81.6
2026-09-14 03:07:00,701695.0,391595.0,3306855.0,2690525.0,247.95,1232.09,-168506.3,7407.0,28837.0,-0.6499,-0.6922,-0.7186,0.0,0.0,0.0,0.0,56818.6374,POSITIVE,LONG_GAMMA,DEALER_LONG_GAMMA,0.34,BEARISH,MEDIUM,27.0,41.4,42.8,16.0,45.6,21.4,51.2,FLOW_EXPANSION_BEARISH,7625.0,7620.0,7679.5,LONG_GAMMA_TREND,65.7,0.103,26.1,65.6,SHORT,79.0
2026-09-14 03:08:00,707845.0,392015.0,3313680.0,2697350.0,250.95,1232.09,-168506.3,-19685.0,49371.0,-0.648,-0.2094,-0.7297,-0.052,6150.0,6825.0,0.0,-37626.9845,POSITIVE,LONG_GAMMA,DEALER_LONG_GAMMA,0.34,BEARISH,MEDIUM,25.0,44.8,42.8,15.7,47.1,21.4,51.2,FLOW_EXPANSION_BEARISH,7625.0,7620.0,7679.25,LONG_GAMMA_TREND,65.7,0.103,27.1,67.7,SHORT,81.2
2026-09-14 03:09:00,707845.0,392700.0,3313680.0,2697350.0,247.95,1232.09,-168506.3,12374.0,-26731.0,-0.648,-0.2094,-0.7348,0.0,0.0,0.0,0.0,9512.5181,POSITIVE,LONG_GAMMA,DEALER_LONG_GAMMA,0.47,BEARISH,MEDIUM,23.7,43.5,42.8,15.5,44.6,21.4,41.2,,7665.0,7620.0,7679.5,LONG_GAMMA_TREND,65.7,0.103,27.6,66.5,SHORT,77.8
2026-09-14 03:10:00,707845.0,392700.0,3313680.0,2697350.0,247.95,1232.09,-168506.3,-99.0,4452.0,-0.648,0.4621,-0.7487,0.0,0.0,0.0,0.0,0.0,POSITIVE,LONG_GAMMA,DEALER_LONG_GAMMA,0.34,NEUTRAL,MEDIUM,22.9,39.0,42.8,15.3,46.5,21.4,30.7,FLOW_EXPANSION_BEARISH,7665.0,7620.0,7680.25,LONG_GAMMA_TREND,65.7,0.103,26.8,67.0,SHORT,80.4
2026-09-14 03:11:00,745925.0,392700.0,3335330.0,2697350.0,273.46,1234.13,-135277.23,12955.0,16817.0,-0.6345,0.2167,-0.656,0.2751,38080.0,21650.0,33229.0684,16614.5342,POSITIVE,LONG_GAMMA,DEALER_LONG_GAMMA,0.34,BEARISH,MEDIUM,22.4,39.6,42.6,15.2,47.7,21.5,40.7,FLOW_EXPANSION_BEARISH,7620.0,7635.0,7678.25,LONG_GAMMA_TREND,65.7,0.103,27.7,65.9,SHORT,76.4
2026-09-14 03:12:00,746900.0,392700.0,3335330.0,2697350.0,276.46,1234.13,-135277.23,13150.0,17712.0,-0.6341,0.2271,-0.671,1.0,975.0,0.0,0.0,16614.5342,POSITIVE,LONG_GAMMA,DEALER_LONG_GAMMA,0.34,BEARISH,MEDIUM,22.1,40.0,42.5,15.1,48.5,21.5,40.7,FLOW_EXPANSION_BEARISH,7660.0,7635.0,7678.25,LONG_GAMMA_TREND,62.7,0.612,27.3,65.0,SHORT,75.4
2026-09-14 03:13:00,749330.0,393140.0,3345280.0,2704200.0,276.85,1234.76,-122242.63,13022.0,22274.0,-0.634,0.1353,-0.6825,-0.6074,2430.0,9950.0,13034.6012,-10097.2336,POSITIVE,LONG_GAMMA,DEALER_LONG_GAMMA,0.36,NEUTRAL,MEDIUM,27.2,38.5,42.3,15.1,49.0,36.5,35.9,FLOW_EXPANSION_BEARISH,7620.0,7640.0,7677.25,LONG_GAMMA_TREND,62.7,1.0,26.1,63.8,SHORT,75.4
2026-09-14 03:14:00,755245.0,394420.0,3350655.0,2709575.0,281.85,1234.76,-122242.63,14086.0,-26298.0,-0.6321,0.1236,-0.58,0.0478,5915.0,5375.0,0.0,-10097.2336,POSITIVE,LONG_GAMMA,DEALER_LONG_GAMMA,0.5,NEUTRAL,MEDIUM,30.5,34.1,42.2,15.1,45.9,36.6,25.8,,7640.0,7660.0,7676.75,LONG_GAMMA_TREND,62.7,0.612,26.2,63.7,SHORT,75.0
2026-09-14 03:15:00,755500.0,394420.0,3353005.0,2712600.0,282.89,1234.76,-121055.01,14002.0,-27251.0,-0.6322,0.0958,-0.5608,-0.8042,255.0,2350.0,1187.6247,-5923.4882,POSITIVE,LONG_GAMMA,DEALER_LONG_GAMMA,0.44,BULLISH,MEDIUM,37.9,31.2,42.1,23.8,43.8,51.6,25.8,,7665.0,7630.0,7677.5,LONG_GAMMA_TREND,62.7,0.112,27.4,64.6,SHORT,74.4
2026-09-14 03:16:00,759670.0,394420.0,3353005.0,2712600.0,285.89,1234.76,-121055.01,2890.0,-238.0,-0.6306,-0.1251,-0.4738,1.0,4170.0,0.0,0.0,-5923.4882,POSITIVE,LONG_GAMMA,DEALER_LONG_GAMMA,0.5,NEUTRAL,LOW,37.4,29.3,35.1,20.7,42.5,36.6,25.8,,7620.0,7630.0,7676.25,LONG_GAMMA_TREND,62.7,0.112,27.3,64.9,SHORT,75.2
2026-09-14 03:17:00,759670.0,422410.0,3440005.0,2712600.0,196.12,1240.0,-83285.63,14497.0,16058.0,-0.6382,-0.7825,-0.5715,-1.0,0.0,87000.0,37769.3771,18290.8762,POSITIVE,LONG_GAMMA,DEALER_LONG_GAMMA,0.32,BULLISH,MEDIUM,42.2,31.6,37.3,27.5,45.1,51.1,36.0,FLOW_EXPANSION_BEARISH,7635.0,7655.0,7676.25,LONG_GAMMA_TREND,59.7,0.621,27.4,66.0,SHORT,77.2
2026-09-14 03:18:00,762390.0,422410.0,3440005.0,2712600.0,198.12,1240.0,-83285.63,14023.0,19859.0,-0.6372,-0.7577,-0.3206,1.0,2720.0,0.0,0.0,18290.8762,POSITIVE,LONG_GAMMA,DEALER_LONG_GAMMA,0.34,BEARISH,MEDIUM,34.8,38.4,38.7,23.1,46.8,21.1,50.9,FLOW_EXPANSION_BEARISH,7620.0,7655.0,7676.0,LONG_GAMMA_TREND,59.7,1.0,26.8,66.7,SHORT,79.8
2026-09-14 03:19:00,763320.0,423010.0,3454855.0,2712600.0,196.08,1225.78,13047.43,16132.0,23762.0,-0.6381,-0.8562,-0.3483,-0.8821,930.0,14850.0,96333.063,29281.843,POSITIVE,LONG_GAMMA,DEALER_LONG_GAMMA,0.34,BEARISH,MEDIUM,30.0,42.8,39.2,25.5,42.7,21.1,51.0,FLOW_EXPANSION_BEARISH,7630.0,7620.0,7675.5,LONG_GAMMA_TREND,59.7,0.621,27.4,66.3,SHORT,77.8
2026-09-14 03:20:00,770920.0,426920.0,3454855.0,2712600.0,197.9,1223.24,23103.45,16954.0,-24393.0,-0.6351,-0.737,-0.2891,1.0,7600.0,0.0,10056.0136,34309.8498,POSITIVE,LONG_GAMMA,DEALER_LONG_GAMMA,0.47,BEARISH,MEDIUM,26.9,42.1,39.6,27.1,36.5,21.1,40.9,,7615.0,7620.0,7675.0,LONG_GAMMA_TREND,59.7,0.121,26.5,64.7,SHORT,76.4
2026-09-14 03:21:00,772240.0,433020.0,3454855.0,2712600.0,193.9,1223.24,23103.45,15164.0,-26168.0,-0.6346,-0.7803,-0.3544,1.0,1320.0,0.0,0.0,-43138.5247,POSITIVE,LONG_GAMMA,DEALER_LONG_GAMMA,0.5,NEUTRAL,MEDIUM,30.1,36.4,39.9,28.1,32.5,36.1,25.9,,7650.0,7620.0,7675.75,LONG_GAMMA_TREND,59.7,0.121,26.9,66.2,SHORT,78.6
2026-09-14 03:22:00,772240.0,433020.0,3454855.0,2712600.0,193.9,1223.24,23103.45,3362.0,-9313.0,-0.6346,-0.0832,-0.3544,0.0,0.0,0.0,0.0,-53194.5383,POSITIVE,LONG_GAMMA,DEALER_LONG_GAMMA,0.5,NEUTRAL,MEDIUM,32.2,32.7,40.1,28.8,29.9,36.1,25.9,,7650.0,7620.0,7676.0,LONG_GAMMA_TREND,59.7,0.121,25.8,67.3,SHORT,83.0
2026-09-14 03:23:00,772452.0,433232.0,3454855.0,2712600.0,193.9,1223.24,23103.45,2818.0,-11028.0,-0.6345,-0.1922,-0.3721,1.0,212.0,0.0,0.0,-5028.0068,POSITIVE,LONG_GAMMA,DEALER_LONG_GAMMA,0.5,NEUTRAL,MEDIUM,33.5,30.3,40.2,29.2,28.2,36.1,25.9,,7650.0,7620.0,7675.0,LONG_GAMMA_TREND,59.7,0.121,17.5,46.5,SHORT,58.0
2026-09-14 03:24:00,777482.0,436982.0,3474655.0,2712600.0,192.33,1225.61,70690.38,3998.0,7572.0,-0.6343,-0.166,-0.3961,-0.5948,5030.0,19800.0,47586.9312,23793.4656,POSITIVE,LONG_GAMMA,DEALER_LONG_GAMMA,0.36,NEUTRAL,MEDIUM,34.4,32.2,40.5,29.5,30.6,36.0,35.9,FLOW_EXPANSION_BEARISH,7620.0,7620.0,7674.5,LONG_GAMMA_TREND,59.7,0.121,24.5,64.8,SHORT,80.6
2026-09-14 03:25:00,777482.0,436982.0,3476605.0,2718100.0,192.71,1225.32,66615.29,2550.0,8233.0,-0.6345,-0.5364,-0.4011,-1.0,0.0,1950.0,-4075.082,21755.9246,POSITIVE,LONG_GAMMA,DEALER_LONG_GAMMA,0.36,NEUTRAL,MEDIUM,35.0,33.5,40.7,29.7,32.1,36.0,35.9,FLOW_EXPANSION_BEARISH,7620.0,7635.0,7674.25,LONG_GAMMA_TREND,59.7,0.121,24.5,65.1,SHORT,81.2
2026-09-14 03:26:00,778202.0,436982.0,3531655.0,2718100.0,190.19,1235.77,-44693.65,14660.0,24433.0,-0.6389,-0.8559,-0.7176,-0.9742,720.0,55050.0,-111308.9443,-81485.4788,POSITIVE,LONG_GAMMA,DEALER_LONG_GAMMA,0.34,NEUTRAL,MEDIUM,35.4,34.4,40.7,28.1,38.4,36.0,36.0,FLOW_EXPANSION_BEARISH,7700.0,7710.0,7673.75,LONG_GAMMA_TREND,59.7,0.121,25.3,64.2,SHORT,77.8
2026-09-14 03:27:00,778202.0,436982.0,3531655.0,2718100.0,190.19,1235.77,-44693.65,14660.0,6867.0,-0.6389,-0.8559,-0.725,0.0,0.0,0.0,0.0,-77410.3968,POSITIVE,LONG_GAMMA,DEALER_LONG_GAMMA,0.34,NEUTRAL,MEDIUM,35.6,35.0,40.7,27.0,42.5,36.0,36.0,FLOW_EXPANSION_BEARISH,7700.0,7710.0,7673.5,LONG_GAMMA_TREND,59.7,0.121,26.4,65.2,SHORT,77.6
2026-09-14 03:28:00,778202.0,448662.0,3531655.0,2718100.0,182.19,1235.77,-44693.65,12324.0,5932.0,-0.6389,-0.8607,-0.7317,0.0,0.0,0.0,0.0,57692.0132,POSITIVE,LONG_GAMMA,DEALER_LONG_GAMMA,0.36,NEUTRAL,MEDIUM,35.7,35.3,40.7,22.8,45.1,36.0,36.0,FLOW_EXPANSION_BEARISH,7615.0,7710.0,7673.75,LONG_GAMMA_TREND,59.7,0.121,27.0,66.3,SHORT,78.6
2026-09-14 03:29:00,783302.0,448662.0,3538255.0,2718100.0,186.55,1268.32,-82018.44,10448.0,-26103.0,-0.6375,-0.8323,-0.7398,-0.1282,5100.0,6600.0,-37324.7864,36992.079,POSITIVE,LONG_GAMMA,DEALER_LONG_GAMMA,0.5,NEUTRAL,MEDIUM,35.8,32.0,40.9,20.1,43.3,36.0,25.9,,7615.0,7670.0,7672.5,LONG_GAMMA_TREND,59.7,0.121,26.7,66.2,SHORT,79.0
2026-09-14 03:30:00,813658.0,448772.0,3556130.0,2720875.0,211.2,1272.28,-77180.64,20227.0,-12763.0,-0.6276,-0.3747,-0.5548,0.2588,30355.0,17875.0,4837.7916,-16243.4974,POSITIVE,LONG_GAMMA,DEALER_LONG_GAMMA,0.5,NEUTRAL,MEDIUM,35.9,29.8,41.0,18.3,42.1,36.1,25.7,,7615.0,7645.0,7671.25,LONG_GAMMA_TREND,56.7,0.63,27.3,63.7,SHORT,72.8
2026-09-14 03:31:00,814408.0,449172.0,3576780.0,2720875.0,209.66,1308.39,-77183.89,13273.0,31855.0,-0.6291,-0.1097,-0.6069,-0.9299,750.0,20650.0,-3.2482,21079.6649,POSITIVE,LONG_GAMMA,PUT_PANIC,0.33,BEARISH,MEDIUM,30.7,42.4,41.1,20.6,51.9,21.1,65.7,FLOW_EXPANSION_BEARISH,7675.0,7625.0,7672.75,LONG_GAMMA_TREND,57.3,1.0,26.9,65.2,SHORT,76.6
2026-09-14 03:32:00,814408.0,449172.0,3591730.0,2720875.0,208.64,1308.83,-78814.38,16263.0,27088.0,-0.6303,-0.2479,-0.4698,-1.0,0.0,14950.0,-1630.4851,15426.6307,POSITIVE,LONG_GAMMA,PUT_PANIC,0.33,BEARISH,MEDIUM,27.3,50.6,41.2,22.1,58.2,21.1,65.8,FLOW_EXPANSION_BEARISH,7675.0,7680.0,7673.0,LONG_GAMMA_TREND,57.3,0.628,27.5,65.3,SHORT,75.6
2026-09-14 03:33:00,814408.0,450042.0,3591730.0,2720875.0,207.64,1308.83,-78814.38,18425.0,-16829.0,-0.6303,-0.2479,-0.4894,0.0,0.0,0.0,0.0,-3232.5143,POSITIVE,LONG_GAMMA,DEALER_LONG_GAMMA,0.42,BEARISH,MEDIUM,25.1,52.4,41.2,19.6,58.8,21.1,55.8,,7630.0,7680.0,7673.5,LONG_GAMMA_TREND,57.3,0.128,27.9,65.2,SHORT,74.6
2026-09-14 03:34:00,856408.0,450042.0,3610880.0,2720875.0,305.93,1309.88,-69833.93,28315.0,-8096.0,-0.6166,0.0033,-0.2526,0.3737,42000.0,19150.0,8980.4522,5307.0928,POSITIVE,LONG_GAMMA,DEALER_LONG_GAMMA,0.45,NEUTRAL,LOW,29.1,48.2,34.2,18.0,59.2,36.6,40.4,,7650.0,7650.0,7672.75,LONG_GAMMA_TREND,57.3,0.128,29.4,64.5,SHORT,70.2
2026-09-14 03:35:00,856408.0,455262.0,3610880.0,2720875.0,301.93,1309.88,-69833.93,18202.0,378.0,-0.6166,-0.1231,-0.2921,0.0,0.0,0.0,0.0,5305.4687,POSITIVE,LONG_GAMMA,PUT_PANIC,0.37,NEUTRAL,LOW,31.7,49.0,29.6,17.0,63.0,36.6,50.4,FLOW_EXPANSION_BEARISH,7620.0,7650.0,7673.25,LONG_GAMMA_TREND,57.3,0.128,27.6,64.5,SHORT,73.8
2026-09-14 03:36:00,856408.0,456362.0,3610880.0,2730125.0,298.97,1309.01,-85350.05,11932.0,8153.0,-0.6166,0.1038,-0.2992,0.0,0.0,0.0,-15516.1219,-12248.2871,POSITIVE,LONG_GAMMA,PUT_PANIC,0.37,NEUTRAL,MEDIUM,33.4,49.5,33.7,16.3,65.5,36.6,50.4,FLOW_EXPANSION_BEARISH,7660.0,7625.0,7675.75,LONG_GAMMA_TREND,64.4,0.107,26.8,66.8,SHORT,80.0
2026-09-14 03:37:00,902938.0,456362.0,3615555.0,2730125.0,349.54,1309.27,-83032.35,19183.0,-18262.0,-0.6003,0.5759,-0.103,0.8174,46530.0,4675.0,2317.6955,-11089.4393,POSITIVE,LONG_GAMMA,DEALER_LONG_GAMMA,0.5,BULLISH,MEDIUM,34.6,37.4,36.4,15.8,56.6,36.8,15.0,,7625.0,7650.0,7674.5,LONG_GAMMA_TREND,64.4,0.107,28.5,65.1,SHORT,73.2
2026-09-14 03:38:00,902938.0,456362.0,3618580.0,2730125.0,349.19,1309.56,-78017.53,19962.0,-13338.0,-0.6006,0.5346,-0.113,-1.0,0.0,3025.0,5014.8264,11424.3219,POSITIVE,LONG_GAMMA,DEALER_LONG_GAMMA,0.45,NEUTRAL,MEDIUM,35.4,32.7,38.1,15.5,57.8,36.8,24.0,,7625.0,7630.0,7676.0,LONG_GAMMA_TREND,64.4,0.107,28.6,65.0,SHORT,72.8
2026-09-14 03:39:00,908398.0,458822.0,3618580.0,2730125.0,349.19,1309.56,-78017.53,8332.0,26862.0,-0.5987,0.742,-0.0473,1.0,5460.0,0.0,0.0,9106.6264,POSITIVE,LONG_GAMMA,PUT_PANIC,0.34,BEARISH,MEDIUM,30.6,34.9,39.2,15.3,62.1,21.8,39.0,FLOW_EXPANSION_BEARISH,7630.0,7630.0,7675.25,LONG_GAMMA_TREND,64.4,0.107,27.4,66.6,SHORT,78.4
2026-09-14 03:40:00,913758.0,462222.0,3620930.0,2730125.0,342.88,1309.86,-71600.54,10238.0,-16982.0,-0.597,0.7018,-0.0287,0.3904,5360.0,2350.0,6416.9817,-457.7701,POSITIVE,LONG_GAMMA,DEALER_LONG_GAMMA,0.45,NEUTRAL,MEDIUM,32.8,31.1,39.9,15.2,61.4,36.8,24.0,,7620.0,7620.0,7676.75,LONG_GAMMA_TREND,64.4,0.107,27.7,66.1,SHORT,76.8
2026-09-14 03:41:00,943202.0,462222.0,3626480.0,2735675.0,446.94,1310.46,-83687.99,18197.0,-14863.0,-0.5872,0.6953,0.2701,0.6828,29445.0,5550.0,-12087.4459,-5342.6453,POSITIVE,LONG_GAMMA,DEALER_LONG_GAMMA,0.47,NEUTRAL,MEDIUM,29.1,28.5,40.4,15.1,53.9,22.3,23.8,,7660.0,7625.0,7675.5,LONG_GAMMA_TREND,64.4,0.107,28.0,64.6,SHORT,73.2
2026-09-14 03:42:00,943202.0,462222.0,3626480.0,2742475.0,447.67,1309.87,-92942.93,6596.0,5972.0,-0.5872,0.5732,0.2701,0.0,0.0,0.0,-9254.9406,-13879.6842,POSITIVE,LONG_GAMMA,DEALER_LONG_GAMMA,0.36,BULLISH,MEDIUM,32.0,25.8,40.8,15.1,52.5,37.3,20.8,FLOW_EXPANSION_BEARISH,7660.0,7635.0,7677.5,LONG_GAMMA_TREND,64.4,0.107,28.1,66.1,SHORT,76.0
2026-09-14 03:43:00,943202.0,462222.0,3626480.0,2761450.0,449.34,1308.8,-103841.8,2196.0,-2432.0,-0.5872,0.672,0.2701,0.0,0.0,0.0,-10898.872,-7241.6742,POSITIVE,LONG_GAMMA,DEALER_LONG_GAMMA,0.5,BULLISH,MEDIUM,33.9,22.0,41.1,15.1,48.1,37.3,14.8,,7660.0,7650.0,7676.5,LONG_GAMMA_TREND,64.4,0.107,28.6,66.6,SHORT,76.0
2026-09-14 03:44:00,944122.0,469622.0,3628705.0,2763675.0,445.34,1308.8,-103841.8,300.0,-27629.0,-0.5871,0.5583,0.2801,-0.4149,920.0,2225.0,0.0,5221.7573,POSITIVE,LONG_GAMMA,DEALER_LONG_GAMMA,0.47,NEUTRAL,MEDIUM,29.8,22.6,41.3,15.1,45.3,22.3,23.8,,7630.0,7615.0,7675.0,LONG_GAMMA_TREND,64.4,0.107,28.4,66.7,SHORT,76.6
2026-09-14 03:45:00,944182.0,469682.0,3628705.0,2763675.0,445.34,1308.8,-103841.8,-562.0,-19808.0,-0.5871,0.5929,0.2853,1.0,60.0,0.0,0.0,10076.9063,POSITIVE,LONG_GAMMA,DEALER_LONG_GAMMA,0.44,NEUTRAL,MEDIUM,27.2,23.0,41.4,18.6,43.4,22.3,23.8,,7680.0,7615.0,7675.0,LONG_GAMMA_TREND,61.4,0.616,28.4,68.1,SHORT,79.4
2026-09-14 03:46:00,944182.0,469682.0,3634405.0,2768275.0,445.26,1308.8,-106300.69,-6231.0,11094.0,-0.5876,-0.7799,0.385,-1.0,0.0,5700.0,-2458.8828,4219.9946,POSITIVE,LONG_GAMMA,DEALER_LONG_GAMMA,0.32,BEARISH,MEDIUM,25.5,32.3,41.5,20.8,45.7,22.3,49.7,FLOW_EXPANSION_BEARISH,7680.0,7625.0,7674.0,LONG_GAMMA_TREND,61.4,1.0,28.8,65.8,SHORT,74.0
2026-09-14 03:47:00,944182.0,469682.0,3634405.0,2768275.0,445.26,1308.8,-106300.69,-4871.0,13094.0,-0.5876,-0.7799,0.5051,0.0,0.0,0.0,0.0,-1229.4414,POSITIVE,LONG_GAMMA,DEALER_LONG_GAMMA,0.34,NEUTRAL,MEDIUM,29.6,33.1,41.5,22.3,47.2,37.3,34.7,FLOW_EXPANSION_BEARISH,7680.0,7625.0,7673.0,LONG_GAMMA_TREND,61.4,0.616,28.8,65.3,SHORT,73.0
2026-09-14 03:48:00,944182.0,469682.0,3639205.0,2776975.0,445.86,1308.17,-120599.27,-1856.0,2307.0,-0.588,-0.857,0.4643,-1.0,0.0,4800.0,-14298.5799,-5919.8485,POSITIVE,LONG_GAMMA,DEALER_LONG_GAMMA,0.34,NEUTRAL,MEDIUM,32.3,33.7,41.6,23.2,48.2,37.3,34.7,FLOW_EXPANSION_BEARISH,7680.0,7625.0,7672.0,LONG_GAMMA_TREND,61.4,0.116,28.9,64.8,SHORT,71.8
2026-09-14 03:49:00,947422.0,469682.0,3639205.0,2776975.0,449.62,1340.81,-360472.72,88.0,-770.0,-0.5869,-0.5217,0.5253,1.0,3240.0,0.0,-239873.4505,-125856.5738,POSITIVE,LONG_GAMMA,DEALER_LONG_GAMMA,0.41,BULLISH,MEDIUM,39.3,30.5,43.0,32.6,45.3,52.3,24.7,,7690.0,7625.0,7671.75,LONG_GAMMA_TREND,61.4,0.116,27.9,63.3,SHORT,70.8
2026-09-14 03:50:00,951338.0,505592.0,3639205.0,2788275.0,344.98,1376.54,-635952.19,-8571.0,-15202.0,-0.5855,-0.1895,0.5404,1.0,3915.0,0.0,-275479.474,-250527.1723,POSITIVE,LONG_GAMMA,DEALER_LONG_GAMMA,0.44,BEARISH,MEDIUM,33.2,33.7,45.3,29.9,43.4,21.8,39.6,,7690.0,7620.0,7672.25,LONG_GAMMA_TREND,61.4,0.116,28.4,65.3,SHORT,73.8
2026-09-14 03:51:00,957938.0,505592.0,3639205.0,2796750.0,352.86,1427.86,-909038.23,-9166.0,-12027.0,-0.5832,0.4826,0.5637,1.0,6600.0,0.0,-273086.045,-147196.7443,POSITIVE,LONG_GAMMA,DEALER_LONG_GAMMA,0.41,NEUTRAL,MEDIUM,29.2,30.2,48.3,24.7,42.2,21.8,23.7,,7620.0,7620.0,7672.25,LONG_GAMMA_TREND,58.4,0.625,28.6,67.6,SHORT,78.0
2026-09-14 03:52:00,968765.0,505730.0,3655705.0,2796750.0,359.5,1450.96,-958148.57,-3728.0,-5663.0,-0.581,0.0715,0.2423,-0.2076,10828.0,16500.0,-49110.3369,96578.2713,POSITIVE,LONG_GAMMA,DEALER_LONG_GAMMA,0.41,BEARISH,MEDIUM,26.6,33.5,50.5,21.3,41.4,21.8,39.5,,7615.0,7630.0,7672.5,LONG_GAMMA_TREND,58.4,1.0,28.4,65.9,SHORT,75.0
2026-09-14 03:53:00,969095.0,506750.0,3655705.0,2796750.0,358.5,1450.96,-958148.57,-3086.0,28236.0,-0.5809,0.2031,0.2811,1.0,330.0,0.0,0.0,249727.591,POSITIVE,LONG_GAMMA,DEALER_LONG_GAMMA,0.32,NEUTRAL,MEDIUM,30.2,31.4,51.9,19.1,44.4,36.8,27.6,FLOW_EXPANSION_BEARISH,7655.0,7630.0,7672.75,LONG_GAMMA_TREND,58.4,0.625,28.4,65.7,SHORT,74.6
2026-09-14 03:54:00,981435.0,506750.0,3655705.0,2796750.0,372.62,1592.48,-2058204.65,-1266.0,35532.0,-0.5767,0.3467,0.326,1.0,12340.0,0.0,-1100056.0767,-388929.8474,POSITIVE,LONG_GAMMA,DEALER_LONG_GAMMA,0.29,NEUTRAL,HIGH,27.3,30.8,58.2,21.2,46.4,21.9,29.7,FLOW_EXPANSION_BEARISH,7690.0,7630.0,7671.0,LONG_GAMMA_TREND,59.5,0.122,27.8,64.1,SHORT,72.6
2026-09-14 03:55:00,1010895.0,506750.0,3655705.0,2808250.0,404.98,1591.31,-2080723.4,10985.0,-2788.0,-0.5668,0.5661,0.4728,1.0,29460.0,0.0,-22518.7539,-536732.2468,POSITIVE,LONG_GAMMA,DEALER_LONG_GAMMA,0.47,NEUTRAL,MEDIUM,25.5,28.2,55.3,19.0,44.2,22.0,23.5,,7610.0,7620.0,7670.0,LONG_GAMMA_TREND,59.5,0.122,31.6,62.8,SHORT,62.4
2026-09-14 03:56:00,1010895.0,506850.0,3655705.0,2811375.0,405.2,1589.65,-2070109.32,10715.0,-4225.0,-0.5668,0.5249,0.3969,0.0,0.0,0.0,10614.0778,544075.7003,POSITIVE,LONG_GAMMA,DEALER_LONG_GAMMA,0.37,BULLISH,HIGH,34.8,23.4,60.4,29.9,42.7,52.0,14.5,,7700.0,7625.0,7671.25,LONG_GAMMA_TREND,56.5,0.631,30.6,64.3,SHORT,67.4
2026-09-14 03:57:00,1012445.0,508150.0,3655705.0,2811375.0,405.2,1589.65,-2070109.32,5327.0,-830.0,-0.5662,1.0,0.4064,1.0,1550.0,0.0,0.0,566594.4542,POSITIVE,LONG_GAMMA,DEALER_LONG_GAMMA,0.47,NEUTRAL,MEDIUM,30.3,23.4,56.8,24.7,41.8,22.0,23.5,,7610.0,7625.0,7669.75,LONG_GAMMA_TREND,56.5,1.0,30.4,62.0,SHORT,63.2
2026-09-14 03:58:00,1012445.0,512890.0,3655705.0,2811375.0,401.07,1588.32,-2054394.73,4517.0,-17722.0,-0.5662,1.0,0.4064,0.0,0.0,0.0,15714.5955,13809.6358,POSITIVE,LONG_GAMMA,DEALER_LONG_GAMMA,0.39,NEUTRAL,HIGH,27.4,23.4,61.4,24.8,41.2,22.0,23.5,,7700.0,7625.0,7670.75,LONG_GAMMA_TREND,56.5,0.631,29.5,65.7,SHORT,72.4
2026-09-14 03:59:00,1012445.0,528390.0,3655705.0,2814125.0,359.35,800.24,-1351681.22,-1601.0,-14948.0,-0.5662,1.0,0.4335,0.0,0.0,0.0,702713.5083,353907.013,POSITIVE,LONG_GAMMA,DEALER_LONG_GAMMA,0.44,BULLISH,MEDIUM,30.7,20.3,61.0,21.4,40.8,36.8,14.5,,7625.0,7620.0,7673.25,LONG_GAMMA_TREND,62.9,0.111,29.3,66.2,SHORT,73.8
2026-09-14 04:00:00,1012445.0,553890.0,3655705.0,2844375.0,269.02,-1310.7,-1348262.57,-16343.0,-24759.0,-0.5662,1.0,0.4331,0.0,0.0,0.0,3418.6524,345208.7826,NEGATIVE,SHORT_GAMMA,DEALER_SHORT_GAMMA,0.31,BULLISH,HIGH,32.7,18.3,71.2,19.2,45.8,36.3,14.5,,7655.0,7680.0,7675.5,LONG_GAMMA_TREND,62.9,0.111,28.9,68.9,SHORT,80.0
2026-09-14 04:01:00,1033980.0,562845.0,3655705.0,2948375.0,276.61,-1322.59,-1607906.63,-33982.0,-52895.0,-0.559,1.0,0.6166,1.0,21535.0,0.0,-259644.0589,-487326.7552,NEGATIVE,SHORT_GAMMA,DEALER_SHORT_GAMMA,0.31,BULLISH,HIGH,34.0,16.9,79.0,17.7,49.0,36.3,14.4,,7620.0,7620.0,7676.0,LONG_GAMMA_TREND,62.9,0.111,31.5,68.8,SHORT,74.6
2026-09-14 04:02:00,1034780.0,593850.0,3655705.0,2948375.0,173.29,-1328.34,-1598691.73,-40073.0,-47630.0,-0.5588,1.0,0.6193,1.0,800.0,0.0,9214.8959,-478280.6619,NEGATIVE,SHORT_GAMMA,DEALER_SHORT_GAMMA,0.31,BULLISH,HIGH,34.6,16.0,84.0,16.8,51.1,35.8,14.4,,7635.0,7620.0,7676.5,LONG_GAMMA_TREND,62.9,0.111,30.6,68.8,SHORT,76.4
2026-09-14 04:03:00,1034780.0,593850.0,3655705.0,2948375.0,173.29,-1328.34,-1598691.73,-39125.0,-3542.0,-0.5588,1.0,0.6919,0.0,0.0,0.0,0.0,132720.1512,NEGATIVE,SHORT_GAMMA,DEALER_SHORT_GAMMA,0.35,NEUTRAL,HIGH,29.8,18.6,80.3,16.2,52.5,20.8,23.4,,7635.0,7620.0,7675.25,LONG_GAMMA_TREND,62.9,0.111,29.1,67.4,SHORT,76.6
2026-09-14 04:04:00,1034780.0,593850.0,3665755.0,2948375.0,172.41,-1327.82,-1594830.31,-33465.0,66867.0,-0.5597,0.3793,0.5338,-1.0,0.0,10050.0,3861.4197,127145.2914,NEGATIVE,SHORT_GAMMA,DEALER_SHORT_GAMMA,0.42,NEUTRAL,HIGH,26.7,22.4,84.8,15.8,56.9,20.8,29.4,FLOW_EXPANSION_BEARISH,7635.0,7655.0,7675.5,LONG_GAMMA_TREND,62.9,0.111,29.7,69.2,SHORT,79.0
2026-09-14 04:05:00,1034780.0,593850.0,3665755.0,2994375.0,178.44,-1333.77,-1733589.81,-31515.0,48829.0,-0.5597,0.3793,0.5172,0.0,0.0,0.0,-138759.4988,-72056.4875,NEGATIVE,SHORT_GAMMA,DEALER_SHORT_GAMMA,0.42,NEUTRAL,HIGH,24.7,24.8,88.4,15.5,59.7,20.9,29.4,FLOW_EXPANSION_BEARISH,7635.0,7615.0,7674.25,LONG_GAMMA_TREND,62.9,0.111,30.7,64.7,SHORT,68.0
2026-09-14 04:06:00,1124180.0,593985.0,3679830.0,2994375.0,360.07,-1278.74,-1862953.67,7437.0,37566.0,-0.532,0.578,0.6072,0.728,89400.0,14075.0,-129363.8626,-135992.3906,NEGATIVE,SHORT_GAMMA,DEALER_SHORT_GAMMA,0.34,BULLISH,HIGH,34.2,23.1,91.3,24.1,61.6,51.7,20.0,FLOW_EXPANSION_BEARISH,7650.0,7615.0,7674.0,LONG_GAMMA_TREND,59.9,0.62,32.9,62.0,SHORT,58.2
2026-09-14 04:07:00,1162690.0,594035.0,3679830.0,2994375.0,390.02,-1279.23,-1855526.63,21170.0,26908.0,-0.5198,0.6826,0.7787,1.0,38510.0,0.0,7427.0439,6480.6302,NEGATIVE,SHORT_GAMMA,DEALER_SHORT_GAMMA,0.38,BULLISH,HIGH,35.1,21.9,93.1,20.9,62.8,36.9,19.8,FLOW_EXPANSION_BEARISH,7615.0,7615.0,7674.25,CHARM_DOMINATED,36.6,0.69,32.5,58.2,SHORT,51.4
2026-09-14 04:08:00,1164940.0,594035.0,3691330.0,2994375.0,391.38,-1241.24,-2071486.81,23920.0,69825.0,-0.5202,0.5702,0.6922,-0.6727,2250.0,11500.0,-215960.1797,29795.1128,NEGATIVE,SHORT_GAMMA,DEALER_SHORT_GAMMA,0.33,BULLISH,HIGH,41.0,21.2,95.3,31.1,63.6,51.9,19.8,FLOW_EXPANSION_BEARISH,7690.0,7615.0,7673.5,CHARM_DOMINATED,33.6,0.699,31.5,56.1,SHORT,49.2
2026-09-14 04:09:00,1171540.0,594065.0,3691330.0,2994375.0,402.02,-1174.66,-2388105.52,23224.0,-9077.0,-0.5182,0.6849,0.6844,1.0,6600.0,0.0,-316618.7061,-205321.0335,NEGATIVE,SHORT_GAMMA,DEALER_SHORT_GAMMA,0.31,BULLISH,HIGH,39.6,18.6,96.9,25.5,60.6,36.9,13.8,,7640.0,7615.0,7674.75,LONG_GAMMA_TREND,54.4,0.637,22.8,43.1,SHORT,40.6
2026-09-14 04:10:00,1176190.0,594065.0,3691330.0,2994375.0,410.85,-1138.31,-2637935.94,33354.0,-62577.0,-0.5167,0.6937,0.6454,1.0,4650.0,0.0,-249830.425,-178957.9976,NEGATIVE,SHORT_GAMMA,DEALER_SHORT_GAMMA,0.31,BULLISH,HIGH,38.7,16.9,98.0,21.8,58.6,36.9,13.8,,7650.0,7615.0,7673.5,LONG_GAMMA_TREND,54.4,0.137,29.8,60.9,SHORT,62.2
2026-09-14 04:11:00,1176190.0,614065.0,3693830.0,2994375.0,390.52,-1138.02,-2631622.95,9186.0,-28198.0,-0.517,0.5758,0.6252,-1.0,0.0,2500.0,6312.9877,144530.7242,NEGATIVE,SHORT_GAMMA,DEALER_SHORT_GAMMA,0.31,BULLISH,HIGH,38.0,15.8,98.7,19.4,57.3,36.8,13.8,,7625.0,7620.0,7673.75,LONG_GAMMA_TREND,51.4,0.646,27.9,60.9,SHORT,66.0
2026-09-14 04:12:00,1209930.0,614185.0,3729580.0,2994375.0,417.26,-1074.51,-3038873.0,15368.0,8680.0,-0.5101,-0.0259,0.4555,-0.0289,33740.0,35750.0,-407250.043,82756.0379,NEGATIVE,SHORT_GAMMA,DEALER_SHORT_GAMMA,0.42,BEARISH,HIGH,32.4,27.0,99.2,17.9,60.0,22.0,47.8,FLOW_EXPANSION_BEARISH,7620.0,7620.0,7670.5,LONG_GAMMA_TREND,61.2,1.0,28.5,60.1,SHORT,63.2
2026-09-14 04:13:00,1237440.0,614185.0,3786280.0,2994375.0,433.24,-1068.34,-2913564.6,29460.0,39750.0,-0.5074,-0.1341,0.2655,-0.3466,27510.0,56700.0,125308.3975,-19212.1041,NEGATIVE,SHORT_GAMMA,DEALER_SHORT_GAMMA,0.42,BEARISH,HIGH,28.8,34.2,99.5,16.9,61.8,22.0,47.7,FLOW_EXPANSION_BEARISH,7610.0,7615.0,7667.75,LONG_GAMMA_TREND,61.2,0.616,30.2,60.7,SHORT,61.0
2026-09-14 04:14:00,1239050.0,619745.0,3811380.0,3006475.0,430.94,-1052.95,-2945946.37,29956.0,60635.0,-0.5093,-0.2801,0.1855,-0.8794,1610.0,25100.0,-32381.7698,246931.8415,NEGATIVE,SHORT_GAMMA,DEALER_SHORT_GAMMA,0.42,BEARISH,HIGH,26.4,38.9,99.7,16.2,62.9,22.0,47.7,FLOW_EXPANSION_BEARISH,7635.0,7615.0,7667.5,LONG_GAMMA_TREND,58.2,0.625,30.6,61.2,SHORT,61.2
2026-09-14 04:15:00,1239050.0,620885.0,3811380.0,3019975.0,429.57,-1054.42,-2977335.42,26098.0,272.0,-0.5093,-0.3127,0.1855,0.0,0.0,0.0,-31389.0484,109085.4137,NEGATIVE,SHORT_GAMMA,DEALER_SHORT_GAMMA,0.38,NEUTRAL,HIGH,30.1,36.7,92.8,15.8,63.6,37.0,32.7,FLOW_EXPANSION_BEARISH,7660.0,7615.0,7668.5,LONG_GAMMA_TREND,58.2,1.0,30.3,63.7,SHORT,66.8
2026-09-14 04:16:00,1247975.0,620885.0,3837105.0,3096175.0,446.11,-1057.37,-3121847.76,21288.0,-92503.0,-0.5092,-0.3324,0.0824,-0.4848,8925.0,25725.0,-144512.3418,-134414.009,NEGATIVE,SHORT_GAMMA,DEALER_SHORT_GAMMA,0.31,NEUTRAL,HIGH,32.5,31.8,95.3,15.5,60.6,37.0,22.7,,7620.0,7615.0,7667.0,LONG_GAMMA_TREND,58.2,0.625,30.6,61.2,SHORT,61.2
2026-09-14 04:17:00,1249820.0,620885.0,3840455.0,3096175.0,449.81,-1056.45,-3128479.3,8453.0,-63628.0,-0.5089,-0.4708,0.0758,-0.2897,1845.0,3350.0,-6631.5398,-43686.5317,NEGATIVE,SHORT_GAMMA,DEALER_SHORT_GAMMA,0.28,BULLISH,HIGH,39.3,28.6,96.9,24.1,58.6,52.0,22.7,,7630.0,7625.0,7666.5,LONG_GAMMA_TREND,58.2,0.125,28.6,60.1,SHORT,63.0
2026-09-14 04:18:00,1252185.0,640995.0,3844955.0,3102375.0,418.41,-1053.36,-3182507.51,-12278.0,-15805.0,-0.5087,-0.5983,0.0692,-0.311,2365.0,4500.0,-54028.2078,57620.8213,NEGATIVE,SHORT_GAMMA,DEALER_SHORT_GAMMA,0.31,NEUTRAL,HIGH,38.5,26.5,98.0,20.9,57.3,36.9,22.7,,7625.0,7620.0,7667.0,LONG_GAMMA_TREND,58.2,0.125,29.5,65.9,SHORT,72.8
2026-09-14 04:19:00,1256980.0,641080.0,3864680.0,3111900.0,422.74,-1053.19,-3189295.88,-11106.0,28315.0,-0.5092,-0.4966,0.0553,-0.6089,4795.0,19725.0,-6788.3777,45163.648,NEGATIVE,SHORT_GAMMA,DEALER_SHORT_GAMMA,0.42,BEARISH,HIGH,32.7,33.9,98.7,18.8,60.0,21.9,47.7,FLOW_EXPANSION_BEARISH,7610.0,7675.0,7665.75,LONG_GAMMA_TREND,58.2,0.125,29.2,63.0,SHORT,67.6
2026-09-14 04:20:00,1257780.0,657720.0,3867455.0,3111900.0,410.4,-1052.9,-3183369.19,-10791.0,12311.0,-0.5092,-0.4992,0.0502,-0.5524,800.0,2775.0,5926.6951,29899.0325,NEGATIVE,SHORT_GAMMA,DEALER_SHORT_GAMMA,0.42,BEARISH,HIGH,28.9,38.7,99.2,17.5,61.8,21.8,47.7,FLOW_EXPANSION_BEARISH,7625.0,7615.0,7665.5,LONG_GAMMA_TREND,55.2,0.634,28.6,62.7,SHORT,68.2
2026-09-14 04:21:00,1257835.0,658340.0,3867455.0,3111900.0,408.44,-1052.51,-3189703.09,-2594.0,7552.0,-0.5092,-0.5096,-0.168,1.0,55.0,0.0,-6333.8974,30204.6916,NEGATIVE,SHORT_GAMMA,DEALER_SHORT_GAMMA,0.4,BEARISH,HIGH,26.4,41.9,99.5,20.1,62.9,21.8,47.7,FLOW_EXPANSION_BEARISH,7705.0,7615.0,7665.75,CHARM_DOMINATED,36.4,0.691,27.9,55.1,SHORT,54.4
2026-09-14 04:22:00,1276135.0,659070.0,3878455.0,3115100.0,427.91,-1029.76,-3219074.63,1441.0,6181.0,-0.5049,-0.1817,-0.273,0.2491,18300.0,11000.0,-29371.5487,-17421.8817,NEGATIVE,SHORT_GAMMA,DEALER_SHORT_GAMMA,0.38,NEUTRAL,HIGH,30.1,38.7,99.7,18.3,63.6,36.9,32.6,FLOW_EXPANSION_BEARISH,7630.0,7640.0,7664.75,CHARM_DOMINATED,33.4,0.7,27.8,54.0,SHORT,52.4
2026-09-14 04:23:00,1279460.0,659330.0,3880055.0,3116700.0,432.45,-1024.38,-3272783.0,5943.0,8368.0,-0.504,-0.1255,-0.2447,0.3503,3325.0,1600.0,-53708.3647,-41336.3556,NEGATIVE,SHORT_GAMMA,DEALER_SHORT_GAMMA,0.38,NEUTRAL,HIGH,32.5,36.6,99.8,17.1,64.1,36.9,32.6,FLOW_EXPANSION_BEARISH,7625.0,7620.0,7664.5,CHARM_DOMINATED,36.4,1.0,27.0,53.0,SHORT,52.0
2026-09-14 04:24:00,1290125.0,659330.0,3931630.0,3116700.0,444.72,-1020.2,-3249512.35,15409.0,37040.0,-0.5059,-0.3377,-0.3391,-0.6573,10665.0,51575.0,23270.6462,2633.8638,NEGATIVE,SHORT_GAMMA,PUT_PANIC,0.37,NEUTRAL,HIGH,34.1,40.5,99.9,16.4,71.4,37.0,47.6,FLOW_EXPANSION_BEARISH|LIQUIDATION_CASCADE,7625.0,7615.0,7664.0,CHARM_DOMINATED,33.4,1.0,27.5,53.2,SHORT,51.4
2026-09-14 04:25:00,1310765.0,681620.0,3961430.0,3119725.0,358.94,-1014.86,-3241491.52,23047.0,17741.0,-0.5028,-0.2789,-0.3349,-0.1816,20640.0,29800.0,8020.8295,57185.6946,NEGATIVE,SHORT_GAMMA,DEALER_SHORT_GAMMA,0.38,NEUTRAL,HIGH,35.0,37.7,99.9,15.9,69.2,36.6,32.6,FLOW_EXPANSION_BEARISH,7605.0,7620.0,7662.25,LONG_GAMMA_TREND,37.3,0.688,27.3,56.4,SHORT,58.2
2026-09-14 04:26:00,1316915.0,682320.0,4012505.0,3119725.0,365.05,-947.81,-3227159.76,34465.0,33746.0,-0.5058,-0.4212,-0.3874,-0.7851,6150.0,51075.0,14331.7674,26395.1577,NEGATIVE,SHORT_GAMMA,PUT_PANIC,0.37,NEUTRAL,HIGH,35.6,41.2,99.9,15.6,74.7,36.6,47.6,FLOW_EXPANSION_BEARISH|LIQUIDATION_CASCADE,7645.0,7605.0,7662.0,LONG_GAMMA_TREND,34.3,0.697,27.7,56.5,SHORT,57.6
2026-09-14 04:27:00,1319015.0,699720.0,4012505.0,3128725.0,350.46,-927.24,-3349277.08,24531.0,-13536.0,-0.5052,-0.5153,-0.4435,1.0,2100.0,0.0,-122117.3216,-69538.515,NEGATIVE,SHORT_GAMMA,DEALER_SHORT_GAMMA,0.35,BEARISH,HIGH,30.7,40.0,99.9,15.4,67.8,21.5,37.6,,7645.0,7660.0,7663.5,CHARM_DOMINATED,37.0,0.689,28.2,55.0,SHORT,53.6
2026-09-14 04:28:00,1369615.0,709330.0,4017005.0,3177900.0,367.52,-931.69,-3439530.38,23181.0,-34169.0,-0.4915,-0.2061,-0.2716,0.8367,50600.0,4500.0,-90253.3072,-117361.6128,NEGATIVE,SHORT_GAMMA,DEALER_SHORT_GAMMA,0.35,BEARISH,HIGH,27.5,39.1,92.9,15.3,63.3,21.6,37.3,,7615.0,7620.0,7665.25,CHARM_DOMINATED,34.0,0.698,28.1,53.2,SHORT,50.2
2026-09-14 04:29:00,1370540.0,710255.0,4027805.0,3177900.0,366.61,-931.19,-3436638.72,12893.0,-46553.0,-0.4922,-0.0892,-0.2441,-0.8422,925.0,10800.0,2891.6613,10211.9542,NEGATIVE,SHORT_GAMMA,DEALER_SHORT_GAMMA,0.35,BEARISH,HIGH,25.4,38.5,88.4,15.2,60.4,21.6,37.3,,7660.0,7650.0,7665.75,LONG_GAMMA_TREND,38.1,0.686,26.4,56.5,SHORT,60.2
2026-09-14 04:30:00,1372290.0,713575.0,4027805.0,3188700.0,362.65,-929.77,-3450684.8,5394.0,-17864.0,-0.4918,-0.0379,-0.2379,1.0,1750.0,0.0,-14046.0784,100608.1059,NEGATIVE,SHORT_GAMMA,DEALER_SHORT_GAMMA,0.31,NEUTRAL,HIGH,29.3,32.8,85.5,15.1,58.5,36.6,22.3,,7655.0,7650.0,7667.0,LONG_GAMMA_TREND,49.4,0.152,27.6,59.2,SHORT,63.2
2026-09-14 04:31:00,1377010.0,714645.0,4050380.0,3191025.0,363.79,-906.65,-3510692.49,-1131.0,21436.0,-0.4926,0.2268,-0.2461,-0.6541,4720.0,22575.0,-60007.6898,6653.9388,NEGATIVE,SHORT_GAMMA,DEALER_SHORT_GAMMA,0.38,NEUTRAL,HIGH,31.8,30.4,83.6,15.1,60.8,36.6,25.9,FLOW_EXPANSION_BEARISH,7620.0,7625.0,7667.75,LONG_GAMMA_TREND,49.4,0.152,27.6,60.1,SHORT,65.0
2026-09-14 04:32:00,1389320.0,714645.0,4056880.0,3191025.0,378.51,-899.15,-3530127.33,7491.0,6556.0,-0.4898,0.2261,-0.2161,0.3089,12310.0,6500.0,-19434.8421,-34144.0574,NEGATIVE,SHORT_GAMMA,DEALER_SHORT_GAMMA,0.38,NEUTRAL,HIGH,33.5,28.8,82.3,15.1,62.3,36.6,25.8,FLOW_EXPANSION_BEARISH,7625.0,7625.0,7667.5,LONG_GAMMA_TREND,46.4,0.661,27.3,58.5,SHORT,62.4
2026-09-14 04:33:00,1397452.0,729858.0,4056880.0,3191025.0,346.09,-895.77,-3624913.77,6812.0,12662.0,-0.4876,-0.1778,-0.1866,1.0,8132.0,0.0,-94786.4318,-20083.7529,NEGATIVE,SHORT_GAMMA,DEALER_SHORT_GAMMA,0.38,NEUTRAL,HIGH,34.5,30.0,81.5,15.1,63.2,36.5,32.2,FLOW_EXPANSION_BEARISH,7625.0,7625.0,7667.5,LONG_GAMMA_TREND,43.4,1.0,27.1,58.2,SHORT,62.2
2026-09-14 04:34:00,1397452.0,731418.0,4056880.0,3191025.0,344.09,-895.77,-3624913.77,4340.0,-2375.0,-0.4876,-0.0386,-0.1555,0.0,0.0,0.0,0.0,-7671.95,NEGATIVE,SHORT_GAMMA,DEALER_SHORT_GAMMA,0.31,NEUTRAL,HIGH,35.2,27.3,81.0,15.1,60.3,36.5,22.2,,7625.0,7625.0,7668.25,LONG_GAMMA_TREND,43.4,1.0,27.1,58.8,SHORT,63.4
2026-09-14 04:35:00,1400312.0,731418.0,4093180.0,3191025.0,343.81,-892.64,-3579277.71,14646.0,-11182.0,-0.4902,-0.3999,-0.2259,-0.8539,2860.0,36300.0,45636.0589,79928.6664,NEGATIVE,SHORT_GAMMA,DEALER_SHORT_GAMMA,0.31,NEUTRAL,HIGH,35.6,25.5,80.7,15.1,58.4,36.5,22.3,,7625.0,7630.0,7666.25,LONG_GAMMA_TREND,60.6,0.618,28.9,63.4,SHORT,69.0
2026-09-14 04:36:00,1400798.0,733028.0,4111855.0,3194500.0,338.62,-876.51,-3554371.35,12681.0,11360.0,-0.4918,-0.442,-0.2619,-0.9494,485.0,18675.0,24906.3549,82664.4228,NEGATIVE,SHORT_GAMMA,DEALER_SHORT_GAMMA,0.42,BEARISH,HIGH,30.6,33.1,80.5,15.1,60.7,21.4,47.3,FLOW_EXPANSION_BEARISH,7665.0,7620.0,7665.25,LONG_GAMMA_TREND,60.6,0.118,28.4,63.8,SHORT,70.8
2026-09-14 04:37:00,1401588.0,733028.0,4111855.0,3208200.0,343.19,-876.82,-3582344.48,6337.0,17762.0,-0.4916,-0.6351,-0.3008,1.0,790.0,0.0,-27973.1254,-24351.4147,NEGATIVE,SHORT_GAMMA,DEALER_SHORT_GAMMA,0.42,BEARISH,HIGH,27.4,38.1,80.3,15.1,62.2,21.5,47.3,FLOW_EXPANSION_BEARISH,7650.0,7625.0,7665.5,LONG_GAMMA_TREND,57.6,0.627,28.1,63.5,SHORT,70.8
2026-09-14 04:38:00,1402238.0,733348.0,4111855.0,3215800.0,343.97,-877.39,-3590622.49,6299.0,-20835.0,-0.4914,-0.8399,-0.3075,1.0,650.0,0.0,-8278.0142,-53396.7767,NEGATIVE,SHORT_GAMMA,DEALER_SHORT_GAMMA,0.31,NEUTRAL,HIGH,30.6,32.6,80.2,15.1,59.7,36.5,22.3,,7630.0,7630.0,7666.0,LONG_GAMMA_TREND,57.6,1.0,28.3,63.0,SHORT,69.4
2026-09-14 04:39:00,1406525.0,733395.0,4111855.0,3215800.0,348.97,-877.39,-3590622.49,7459.0,-31931.0,-0.4902,-0.7167,-0.2152,1.0,4288.0,0.0,0.0,-2605.6218,NEGATIVE,SHORT_GAMMA,DEALER_SHORT_GAMMA,0.35,BEARISH,HIGH,27.4,34.2,80.1,15.1,58.1,21.5,37.3,,7615.0,7630.0,7664.5,LONG_GAMMA_TREND,57.6,0.627,28.3,62.6,SHORT,68.6
2026-09-14 04:40:00,1408925.0,733395.0,4118805.0,3215800.0,353.62,-868.74,-3593168.59,1497.0,1524.0,-0.4902,-0.4969,-0.2317,-0.4866,2400.0,6950.0,-2546.0994,16852.5201,NEGATIVE,SHORT_GAMMA,DEALER_SHORT_GAMMA,0.42,BEARISH,HIGH,25.3,38.8,80.1,15.1,60.5,21.5,47.3,FLOW_EXPANSION_BEARISH,7630.0,7625.0,7663.25,LONG_GAMMA_TREND,54.6,0.636,28.0,62.6,SHORT,69.2
2026-09-14 04:41:00,1411648.0,733438.0,4139730.0,3215800.0,354.95,-854.59,-3610536.48,3403.0,22488.0,-0.4914,-0.4396,-0.1464,-0.7697,2722.0,20925.0,-17367.8851,-5817.9852,NEGATIVE,SHORT_GAMMA,DEALER_SHORT_GAMMA,0.42,BEARISH,HIGH,24.0,41.8,80.1,15.1,62.1,21.5,47.3,FLOW_EXPANSION_BEARISH,7615.0,7615.0,7662.75,CHARM_DOMINATED,38.5,0.684,27.6,56.6,SHORT,58.0
2026-09-14 04:42:00,1413858.0,733438.0,4139730.0,3218100.0,358.25,-854.89,-3617947.94,5967.0,12470.0,-0.4908,-0.3887,-0.1458,1.0,2210.0,0.0,-7411.4686,-11116.6272,NEGATIVE,SHORT_GAMMA,DEALER_SHORT_GAMMA,0.38,BEARISH,HIGH,23.1,49.0,80.1,15.1,70.1,21.5,62.3,FLOW_EXPANSION_BEARISH|LIQUIDATION_CASCADE,7620.0,7605.0,7664.25,CHARM_DOMINATED,35.5,0.693,26.2,54.1,SHORT,55.8
2026-09-14 04:43:00,1426275.0,733475.0,4145480.0,3218100.0,368.56,-854.29,-3606117.65,11047.0,7087.0,-0.488,-0.1663,-0.3879,0.367,12418.0,5750.0,11830.2963,12166.4061,NEGATIVE,SHORT_GAMMA,PUT_PANIC,0.37,NEUTRAL,HIGH,27.8,48.4,80.1,15.1,75.3,36.5,47.2,FLOW_EXPANSION_BEARISH|LIQUIDATION_CASCADE,7610.0,7615.0,7663.25,CHARM_DOMINATED,38.5,1.0,28.9,55.1,SHORT,52.4
2026-09-14 04:44:00,1440775.0,733475.0,4151230.0,3218100.0,407.58,-63.14,-4345666.19,14249.0,-3714.0,-0.4847,-0.0696,-0.2747,0.4321,14500.0,5750.0,-739548.5462,-351469.4481,NEGATIVE,SHORT_GAMMA,DEALER_SHORT_GAMMA,0.34,BEARISH,MEDIUM,25.7,44.5,73.1,18.6,68.2,21.7,37.1,,7665.0,7615.0,7663.25,CHARM_DOMINATED,38.5,0.684,29.7,54.8,SHORT,50.2
2026-09-14 04:45:00,1562060.0,733475.0,4165980.0,3243300.0,712.06,5318.43,-10634523.55,34546.0,37981.0,-0.4546,0.529,0.1573,0.7831,121285.0,14750.0,-6288857.3553,-3516412.3646,POSITIVE,LONG_GAMMA,DEALER_LONG_GAMMA,0.32,NEUTRAL,MEDIUM,24.7,38.7,65.0,20.8,61.8,22.9,27.8,FLOW_EXPANSION_BEARISH,7665.0,7650.0,7662.75,CHARM_DOMINATED,38.5,0.184,34.5,56.3,SHORT,43.6
2026-09-14 04:46:00,1675440.0,752920.0,4169455.0,3264450.0,888.69,8376.41,-14324920.88,45077.0,60095.0,-0.4267,0.7975,0.4296,0.9405,113380.0,3475.0,-3690397.3288,-4625768.2171,POSITIVE,LONG_GAMMA,DEALER_LONG_GAMMA,0.32,NEUTRAL,MEDIUM,24.3,34.7,59.8,22.3,57.7,23.6,27.4,FLOW_EXPANSION_BEARISH,7665.0,7620.0,7662.5,CHARM_DOMINATED,38.5,0.184,36.2,53.2,SHORT,34.0
2026-09-14 04:47:00,1676840.0,755240.0,4169455.0,3264450.0,888.69,8376.41,-14324920.88,44911.0,42868.0,-0.4264,0.7969,0.4373,1.0,1400.0,0.0,0.0,1669004.2863,POSITIVE,LONG_GAMMA,DEALER_LONG_GAMMA,0.34,NEUTRAL,MEDIUM,24.1,32.1,56.4,19.7,55.0,23.6,27.4,FLOW_EXPANSION_BEARISH,7625.0,7620.0,7663.0,CHARM_DOMINATED,38.5,0.184,34.6,57.4,SHORT,45.6
2026-09-14 04:48:00,1676890.0,755615.0,4169455.0,3267350.0,887.91,8374.35,-14327158.39,40640.0,-41504.0,-0.4263,0.8254,0.4257,1.0,50.0,0.0,-2237.5162,4988508.584,POSITIVE,LONG_GAMMA,DEALER_LONG_GAMMA,0.44,NEUTRAL,MEDIUM,23.9,28.4,54.2,21.6,49.8,23.6,21.4,,7700.0,7615.0,7663.75,CHARM_DOMINATED,35.5,0.693,33.1,56.1,SHORT,46.0
2026-09-14 04:49:00,1676890.0,757245.0,4169455.0,3273350.0,885.42,8371.66,-14327816.38,35064.0,-97472.0,-0.4263,0.8567,0.4257,0.0,0.0,0.0,-657.9877,1843750.9125,POSITIVE,LONG_GAMMA,DEALER_LONG_GAMMA,0.44,NEUTRAL,MEDIUM,23.8,25.9,52.7,22.8,46.4,23.6,21.4,,7675.0,7620.0,7663.0,CHARM_DOMINATED,38.5,1.0,32.5,55.9,SHORT,46.8
2026-09-14 04:50:00,1678495.0,758630.0,4169455.0,3273350.0,885.42,8371.66,-14327816.38,12941.0,-41215.0,-0.426,0.942,0.5696,1.0,1605.0,0.0,0.0,789.7642,POSITIVE,LONG_GAMMA,DEALER_LONG_GAMMA,0.47,NEUTRAL,MEDIUM,23.7,24.3,51.8,20.1,44.2,23.6,21.4,,7605.0,7620.0,7663.0,CHARM_DOMINATED,38.5,0.684,31.0,57.1,SHORT,52.2
2026-09-14 04:51:00,1678650.0,758630.0,4207180.0,3273350.0,882.98,8379.08,-14330550.66,5265.0,12229.0,-0.4296,-0.8432,0.4891,-0.9918,155.0,37725.0,-2734.273,80.6154,POSITIVE,LONG_GAMMA,DEALER_LONG_GAMMA,0.32,BEARISH,MEDIUM,23.7,31.8,51.2,21.8,46.2,23.6,45.7,FLOW_EXPANSION_BEARISH,7665.0,7665.0,7662.25,CHARM_DOMINATED,38.6,0.184,30.3,54.2,SHORT,47.8
2026-09-14 04:52:00,1685650.0,762355.0,4207180.0,3284425.0,883.24,8367.75,-14288523.18,3889.0,15528.0,-0.4279,-0.6214,0.4975,1.0,7000.0,0.0,42027.4714,19975.593,POSITIVE,LONG_GAMMA,DEALER_LONG_GAMMA,0.34,BEARISH,MEDIUM,23.6,36.7,50.8,19.4,47.5,23.6,45.7,FLOW_EXPANSION_BEARISH,7625.0,7650.0,7663.0,CHARM_DOMINATED,38.6,0.184,30.3,58.6,SHORT,56.6
2026-09-14 04:53:00,1692515.0,765525.0,4210480.0,3293575.0,883.73,8364.71,-14289626.47,4103.0,13013.0,-0.4266,-0.4484,0.4928,0.3507,6865.0,3300.0,-1103.2821,21829.2312,POSITIVE,LONG_GAMMA,DEALER_LONG_GAMMA,0.34,BEARISH,MEDIUM,23.6,39.8,50.5,17.9,48.4,23.5,45.7,FLOW_EXPANSION_BEARISH,7630.0,7615.0,7664.75,CHARM_DOMINATED,35.6,0.693,30.0,57.2,SHORT,54.4
2026-09-14 04:54:00,1697850.0,775860.0,4210480.0,3293575.0,873.73,8364.71,-14289626.47,4629.0,-24035.0,-0.4253,-0.3237,0.4942,1.0,5335.0,0.0,0.0,-20198.2402,POSITIVE,LONG_GAMMA,DEALER_LONG_GAMMA,0.39,NEUTRAL,MEDIUM,28.8,38.3,50.3,29.1,45.5,38.5,35.6,,7675.0,7615.0,7665.25,CHARM_DOMINATED,36.3,1.0,29.9,56.3,SHORT,52.8
2026-09-14 04:55:00,1717950.0,775860.0,4210480.0,3293575.0,894.92,8376.39,-14466776.77,8605.0,-10725.0,-0.4204,-0.0195,0.5424,1.0,20100.0,0.0,-177150.3048,-109037.2471,POSITIVE,LONG_GAMMA,DEALER_LONG_GAMMA,0.47,NEUTRAL,MEDIUM,27.0,37.3,50.2,24.2,43.6,23.6,35.5,,7610.0,7615.0,7665.5,CHARM_DOMINATED,33.3,1.0,29.6,55.5,SHORT,51.8
2026-09-14 04:56:00,1736350.0,778610.0,4229730.0,3293575.0,950.2,8291.03,-14211887.36,8009.0,21644.0,-0.4179,0.438,0.566,-0.0226,18400.0,19250.0,254889.412,39421.1946,POSITIVE,LONG_GAMMA,DEALER_LONG_GAMMA,0.32,BULLISH,MEDIUM,36.4,30.6,50.1,29.7,45.8,53.8,18.3,FLOW_EXPANSION_BEARISH,7650.0,7630.0,7664.25,CHARM_DOMINATED,30.3,1.0,29.2,52.4,SHORT,46.4
2026-09-14 04:57:00,1736350.0,804140.0,4229730.0,3302425.0,896.2,8290.16,-14230562.87,2693.0,10451.0,-0.4179,0.3843,0.5636,0.0,0.0,0.0,-18675.5082,206682.1043,POSITIVE,LONG_GAMMA,PUT_PANIC,0.37,NEUTRAL,MEDIUM,37.2,29.4,50.1,24.6,54.3,38.6,27.3,FLOW_EXPANSION_BEARISH,7640.0,7605.0,7664.75,CHARM_DOMINATED,36.4,1.0,29.7,57.1,SHORT,54.8
2026-09-14 04:58:00,1736350.0,804225.0,4229730.0,3302425.0,896.07,8288.59,-14219488.45,3107.0,-7405.0,-0.4179,0.3897,0.5727,0.0,0.0,0.0,11074.4142,-42670.1006,POSITIVE,LONG_GAMMA,DEALER_LONG_GAMMA,0.42,BULLISH,MEDIUM,37.7,26.6,50.1,24.7,56.3,38.6,21.3,,7680.0,7605.0,7664.25,CHARM_DOMINATED,36.4,0.691,29.6,53.8,SHORT,48.4
2026-09-14 04:59:00,1737295.0,808750.0,4249730.0,3302425.0,879.29,8293.2,-14211858.03,7391.0,-33515.0,-0.4196,0.0025,0.5013,-0.9098,945.0,20000.0,7630.4232,-108754.5332,POSITIVE,LONG_GAMMA,DEALER_LONG_GAMMA,0.5,BULLISH,MEDIUM,38.0,24.5,50.1,21.3,50.6,38.5,20.5,,7620.0,7630.0,7662.5,CHARM_DOMINATED,36.5,0.19,29.2,53.5,SHORT,48.6
2026-09-14 05:00:00,1737295.0,840990.0,4249730.0,3302425.0,800.29,8293.2,-14211858.03,-3077.0,-5562.0,-0.4196,-0.3397,0.3532,0.0,0.0,0.0,0.0,7615.7586,POSITIVE,LONG_GAMMA,DEALER_LONG_GAMMA,0.47,NEUTRAL,MEDIUM,32.8,28.3,50.1,19.1,46.9,23.2,35.5,,7630.0,7630.0,7664.0,CHARM_DOMINATED,33.5,0.699,28.5,53.5,SHORT,50.0
2026-09-14 05:01:00,1755195.0,854735.0,4249730.0,3302425.0,807.42,8294.77,-14222984.52,-9226.0,13344.0,-0.4154,-0.0297,-0.0032,1.0,17900.0,0.0,-11126.4876,-14915.6625,POSITIVE,LONG_GAMMA,DEALER_LONG_GAMMA,0.3,NEUTRAL,MEDIUM,34.7,34.3,50.1,26.4,48.0,38.2,45.4,FLOW_EXPANSION_BEARISH,7635.0,7630.0,7664.25,CHARM_DOMINATED,30.5,1.0,28.2,53.2,SHORT,50.0
2026-09-14 05:02:00,1756635.0,856335.0,4249730.0,3302425.0,806.16,8250.41,-14194451.44,-2382.0,-17582.0,-0.4151,0.0071,-0.003,1.0,1440.0,0.0,28533.0757,4888.0824,POSITIVE,LONG_GAMMA,DEALER_LONG_GAMMA,0.47,NEUTRAL,MEDIUM,30.7,34.7,50.1,22.4,45.2,23.2,35.4,,7630.0,7630.0,7664.0,LONG_GAMMA_PINNING,37.1,0.689,30.0,52.7,SHORT,45.4
2026-09-14 05:03:00,1760685.0,857725.0,4249730.0,3302425.0,805.93,8291.72,-14653170.43,-1833.0,10128.0,-0.4141,0.0978,0.0215,1.0,4050.0,0.0,-458718.9918,-209529.7143,POSITIVE,LONG_GAMMA,DEALER_LONG_GAMMA,0.3,BULLISH,MEDIUM,38.6,33.2,50.1,32.1,46.9,53.2,30.4,FLOW_EXPANSION_BEARISH,7685.0,7630.0,7665.25,LONG_GAMMA_PINNING,34.1,0.698,29.6,52.2,SHORT,45.2
2026-09-14 05:04:00,1767205.0,866180.0,4249730.0,3302425.0,804.35,8318.54,-14952214.74,-5504.0,14231.0,-0.4126,1.0,0.0589,1.0,6520.0,0.0,-299044.3028,-387584.9414,POSITIVE,LONG_GAMMA,DEALER_LONG_GAMMA,0.36,BULLISH,MEDIUM,38.4,27.9,50.1,26.1,48.0,38.2,18.2,FLOW_EXPANSION_BEARISH,7620.0,7630.0,7665.0,LONG_GAMMA_PINNING,37.2,1.0,30.0,53.4,SHORT,46.8
2026-09-14 05:05:00,1767205.0,871055.0,4249730.0,3302425.0,794.66,8228.5,-14820309.98,-31.0,-3381.0,-0.4126,1.0,0.0499,0.0,0.0,0.0,131904.752,131523.1827,POSITIVE,LONG_GAMMA,DEALER_LONG_GAMMA,0.47,BULLISH,MEDIUM,38.3,22.4,50.1,25.7,45.2,38.1,12.2,,7675.0,7630.0,7665.25,LONG_GAMMA_PINNING,37.2,0.689,29.8,52.1,SHORT,44.6
2026-09-14 05:06:00,1767205.0,896290.0,4249730.0,3302425.0,733.66,8228.5,-14820309.98,-5909.0,-11932.0,-0.4126,1.0,0.3509,0.0,0.0,0.0,0.0,444834.0233,POSITIVE,LONG_GAMMA,DEALER_LONG_GAMMA,0.5,BULLISH,MEDIUM,38.2,18.8,50.1,22.0,43.4,37.9,12.2,,7650.0,7630.0,7666.75,LONG_GAMMA_PINNING,34.2,0.698,29.2,52.8,SHORT,47.2
2026-09-14 05:07:00,1805265.0,902155.0,4257730.0,3305100.0,803.43,7960.89,-14484144.51,1627.0,2108.0,-0.4045,0.7175,0.4059,0.6526,38060.0,8000.0,336165.4702,251652.5105,POSITIVE,LONG_GAMMA,DEALER_LONG_GAMMA,0.34,NEUTRAL,MEDIUM,32.9,21.7,50.1,19.6,45.7,23.1,27.1,FLOW_EXPANSION_BEARISH,7635.0,7605.0,7665.0,LONG_GAMMA_TREND,54.2,0.637,29.4,58.4,SHORT,58.0
2026-09-14 05:08:00,1807385.0,902155.0,4257730.0,3305100.0,811.43,7960.89,-14484144.51,1519.0,8207.0,-0.404,0.7075,0.4171,1.0,2120.0,0.0,0.0,102130.3591,POSITIVE,LONG_GAMMA,DEALER_LONG_GAMMA,0.34,NEUTRAL,MEDIUM,29.5,23.6,50.1,18.0,47.2,23.2,27.1,FLOW_EXPANSION_BEARISH,7650.0,7605.0,7665.0,LONG_GAMMA_TREND,51.2,0.646,29.1,57.7,SHORT,57.2
2026-09-14 05:09:00,1807385.0,929370.0,4257730.0,3310650.0,749.88,7960.63,-14485579.1,-4647.0,17347.0,-0.404,0.6679,0.3973,0.0,0.0,0.0,-1434.5871,-168800.0287,POSITIVE,LONG_GAMMA,DEALER_LONG_GAMMA,0.34,NEUTRAL,MEDIUM,27.2,24.8,50.1,17.0,48.2,22.9,27.1,FLOW_EXPANSION_BEARISH,7640.0,7650.0,7664.75,LONG_GAMMA_PINNING,37.3,0.688,29.7,52.8,SHORT,46.2
2026-09-14 05:10:00,1807385.0,929370.0,4257730.0,3316750.0,750.59,7960.04,-14497238.75,-4892.0,-18391.0,-0.404,0.6679,0.3086,0.0,0.0,0.0,-11659.6444,-174629.8508,POSITIVE,LONG_GAMMA,DEALER_LONG_GAMMA,0.5,BULLISH,MEDIUM,30.9,20.3,50.1,16.3,45.3,37.9,12.1,,7640.0,7620.0,7665.5,LONG_GAMMA_PINNING,34.3,0.697,29.1,52.4,SHORT,46.6
2026-09-14 05:11:00,1812920.0,930130.0,4265530.0,3346400.0,759.52,7958.63,-14519507.31,-3260.0,-38467.0,-0.4035,0.4863,0.3628,-0.1699,5535.0,7800.0,-22268.5623,-16246.8098,POSITIVE,LONG_GAMMA,DEALER_LONG_GAMMA,0.5,BULLISH,MEDIUM,33.4,17.4,50.1,15.8,43.4,37.9,12.1,,7615.0,7650.0,7665.5,LONG_GAMMA_PINNING,39.8,1.0,30.1,52.5,SHORT,44.8
2026-09-14 05:12:00,1812920.0,934120.0,4265530.0,3346400.0,740.52,7958.63,-14519507.31,-11562.0,6268.0,-0.4035,-0.0094,0.3628,0.0,0.0,0.0,0.0,-4587.1654,POSITIVE,LONG_GAMMA,DEALER_LONG_GAMMA,0.36,NEUTRAL,MEDIUM,35.0,21.8,50.1,15.5,45.7,37.9,30.1,FLOW_EXPANSION_BEARISH,7655.0,7650.0,7666.75,LONG_GAMMA_PINNING,36.8,1.0,29.7,53.8,SHORT,48.2
2026-09-14 05:13:00,1812920.0,936010.0,4270030.0,3346400.0,733.08,7958.9,-14517075.13,-11464.0,13281.0,-0.4039,-0.3793,0.3103,-1.0,0.0,4500.0,2432.1758,18180.1912,POSITIVE,LONG_GAMMA,DEALER_LONG_GAMMA,0.36,NEUTRAL,MEDIUM,36.0,24.7,50.1,15.3,47.2,37.8,30.1,FLOW_EXPANSION_BEARISH,7650.0,7645.0,7667.25,LONG_GAMMA_PINNING,33.8,1.0,29.2,53.3,SHORT,48.2
2026-09-14 05:14:00,1825070.0,936760.0,4270030.0,3346400.0,744.57,8038.71,-15168449.24,-2631.0,14928.0,-0.4011,0.1796,0.6243,1.0,12150.0,0.0,-651374.1104,-313336.6862,POSITIVE,LONG_GAMMA,DEALER_LONG_GAMMA,0.34,NEUTRAL,MEDIUM,36.7,24.5,50.1,18.7,48.2,37.9,24.0,FLOW_EXPANSION_BEARISH,7685.0,7645.0,7667.25,LONG_GAMMA_PINNING,39.9,1.0,30.6,52.2,SHORT,43.2
2026-09-14 05:15:00,1844990.0,936760.0,4272930.0,3346400.0,777.47,8420.86,-17513000.77,3153.0,22809.0,-0.3969,0.4243,0.6455,0.7458,19920.0,2900.0,-2344551.5244,-1499178.9053,POSITIVE,LONG_GAMMA,PUT_PANIC,0.35,NEUTRAL,MEDIUM,37.2,25.4,50.1,20.9,55.8,38.0,27.0,FLOW_EXPANSION_BEARISH,7680.0,7620.0,7666.75,LONG_GAMMA_PINNING,36.9,1.0,31.8,51.3,SHORT,39.0
2026-09-14 05:16:00,1894560.0,936760.0,4283055.0,3346400.0,907.99,8456.78,-17746166.22,18507.0,31995.0,-0.3866,0.6465,0.614,0.6608,49570.0,10125.0,-233165.4564,-964387.5231,POSITIVE,LONG_GAMMA,DEALER_LONG_GAMMA,0.34,NEUTRAL,MEDIUM,32.4,25.9,50.1,18.8,53.8,23.5,26.8,FLOW_EXPANSION_BEARISH,7640.0,7630.0,7664.75,LONG_GAMMA_PINNING,33.9,1.0,34.6,50.8,SHORT,32.4
2026-09-14 05:17:00,1894560.0,1168850.0,4294855.0,3346400.0,692.43,8236.84,-17663863.14,-24753.0,-52930.0,-0.3878,0.4715,0.507,-1.0,0.0,11800.0,82303.08,1422531.6292,POSITIVE,LONG_GAMMA,DEALER_LONG_GAMMA,0.42,NEUTRAL,MEDIUM,29.0,27.3,50.1,17.5,56.0,22.6,29.8,,7660.0,7605.0,7665.0,LONG_GAMMA_PINNING,37.5,1.0,29.9,59.1,SHORT,58.4
2026-09-14 05:18:00,1906808.0,1177162.0,4297605.0,3364650.0,702.68,8446.75,-19178674.04,-27588.0,-74497.0,-0.3853,0.546,0.5064,0.6333,12248.0,2750.0,-1514810.9008,572604.58,POSITIVE,LONG_GAMMA,DEALER_LONG_GAMMA,0.44,NEUTRAL,MEDIUM,26.8,25.0,50.1,20.1,50.4,22.6,20.8,,7680.0,7650.0,7664.75,LONG_GAMMA_PINNING,37.5,0.687,28.8,56.4,SHORT,55.2
2026-09-14 05:19:00,1927538.0,1180092.0,4297605.0,3366800.0,738.29,8966.53,-21111957.53,-26738.0,-113326.0,-0.3807,0.5759,0.5401,1.0,20730.0,0.0,-1933283.4857,-1648616.005,POSITIVE,LONG_GAMMA,DEALER_LONG_GAMMA,0.47,BULLISH,MEDIUM,30.6,20.3,50.1,21.8,46.8,37.7,11.7,,7680.0,7605.0,7664.75,LONG_GAMMA_PINNING,40.1,0.18,30.4,56.6,SHORT,52.4
2026-09-14 05:20:00,1927538.0,1185312.0,4297605.0,3366800.0,727.29,8966.53,-21111957.53,-32346.0,79919.0,-0.3807,0.5397,0.5401,0.0,0.0,0.0,0.0,-250387.8324,POSITIVE,LONG_GAMMA,DEALER_LONG_GAMMA,0.36,BULLISH,MEDIUM,33.1,19.4,50.1,19.4,47.9,37.7,17.7,FLOW_EXPANSION_BEARISH,7650.0,7605.0,7665.25,LONG_GAMMA_PINNING,37.1,0.689,29.9,56.0,SHORT,52.2
2026-09-14 05:21:00,1927575.0,1185350.0,4297605.0,3396550.0,730.76,8963.54,-21173987.62,-50235.0,109488.0,-0.3807,0.3882,0.5402,1.0,38.0,0.0,-62030.0915,1693032.1475,POSITIVE,LONG_GAMMA,DEALER_LONG_GAMMA,0.34,BULLISH,MEDIUM,34.7,18.8,50.1,21.4,48.6,37.7,17.7,FLOW_EXPANSION_BEARISH,7680.0,7620.0,7667.0,LONG_GAMMA_PINNING,34.1,1.0,29.6,55.4,SHORT,51.6
2026-09-14 05:22:00,1928845.0,1195820.0,4297605.0,3450050.0,728.58,8984.71,-21551394.29,-18717.0,-34599.0,-0.3804,0.8515,0.5121,1.0,1270.0,0.0,-377406.6677,746923.3633,POSITIVE,LONG_GAMMA,DEALER_LONG_GAMMA,0.47,BULLISH,MEDIUM,35.7,16.3,50.1,22.7,45.6,37.7,11.7,,7680.0,7610.0,7669.25,LONG_GAMMA_TREND,57.2,0.628,29.6,60.0,SHORT,60.8
2026-09-14 05:23:00,1932542.0,1197132.0,4297605.0,3450050.0,733.08,9007.79,-21675228.48,-15927.0,-35237.0,-0.3796,1.0,0.5168,1.0,3698.0,0.0,-123834.1869,-219605.3815,POSITIVE,LONG_GAMMA,DEALER_LONG_GAMMA,0.5,BULLISH,MEDIUM,36.4,14.7,50.1,20.0,43.6,37.7,11.7,,7630.0,7610.0,7669.0,LONG_GAMMA_TREND,54.2,0.637,29.3,58.8,SHORT,59.0
2026-09-14 05:24:00,1934088.0,1197132.0,4297605.0,3456250.0,738.8,9007.2,-21686839.44,-19988.0,-4172.0,-0.3793,1.0,0.5212,1.0,1545.0,0.0,-11610.9603,151995.806,POSITIVE,LONG_GAMMA,DEALER_LONG_GAMMA,0.5,BULLISH,LOW,36.9,13.6,43.1,18.2,42.3,37.7,11.7,,7650.0,7625.0,7669.25,LONG_GAMMA_PINNING,37.6,0.687,30.1,52.3,SHORT,44.4
2026-09-14 05:25:00,1945338.0,1198402.0,4320005.0,3474925.0,742.49,9008.36,-21702220.81,-16203.0,50037.0,-0.379,-0.1144,0.378,-0.3314,11250.0,22400.0,-15381.3704,237124.2619,POSITIVE,LONG_GAMMA,DEALER_LONG_GAMMA,0.34,BEARISH,MEDIUM,31.9,24.4,45.5,17.1,45.0,22.7,44.5,FLOW_EXPANSION_BEARISH,7610.0,7635.0,7669.75,LONG_GAMMA_PINNING,34.6,0.696,29.5,51.5,SHORT,44.0
2026-09-14 05:26:00,1955552.0,1200328.0,4320005.0,3474925.0,775.53,9008.71,-21711074.89,-8595.0,35938.0,-0.3768,0.1107,0.4473,1.0,10215.0,0.0,-8854.0879,55604.8444,POSITIVE,LONG_GAMMA,DEALER_LONG_GAMMA,0.34,BEARISH,MEDIUM,28.7,31.4,47.1,16.4,46.8,22.8,44.4,FLOW_EXPANSION_BEARISH,7650.0,7635.0,7670.5,LONG_GAMMA_PINNING,31.6,1.0,28.9,51.5,SHORT,45.2
2026-09-14 05:27:00,1957002.0,1201408.0,4320005.0,3474925.0,779.53,9008.71,-21711074.89,4019.0,8590.0,-0.3765,0.1139,0.4513,1.0,1450.0,0.0,0.0,9069.1214,POSITIVE,LONG_GAMMA,DEALER_LONG_GAMMA,0.34,BEARISH,MEDIUM,26.7,36.0,48.1,15.9,47.9,22.8,44.4,FLOW_EXPANSION_BEARISH,7650.0,7635.0,7670.0,LONG_GAMMA_PINNING,28.6,1.0,29.9,50.4,SHORT,41.0
2026-09-14 05:28:00,1957692.0,1201938.0,4320005.0,3497075.0,781.64,9012.88,-21743014.29,-856.0,-8968.0,-0.3763,0.0578,0.4868,1.0,690.0,0.0,-31939.3914,-3851.9665,POSITIVE,LONG_GAMMA,DEALER_LONG_GAMMA,0.44,NEUTRAL,MEDIUM,25.4,35.4,48.8,19.1,45.1,22.8,34.4,,7680.0,7655.0,7670.25,LONG_GAMMA_PINNING,37.7,1.0,30.9,51.7,SHORT,41.6
2026-09-14 05:29:00,2088642.0,1202058.0,4326755.0,3503825.0,902.55,9335.3,-23144407.53,26241.0,25406.0,-0.3489,0.6826,0.6458,0.902,130950.0,6750.0,-1401393.2435,-712239.2735,POSITIVE,LONG_GAMMA,DEALER_LONG_GAMMA,0.36,BULLISH,MEDIUM,29.9,29.0,49.2,17.7,46.8,38.2,17.2,FLOW_EXPANSION_BEARISH,7615.0,7670.0,7671.0,LONG_GAMMA_PINNING,34.7,1.0,35.2,50.5,SHORT,30.6
2026-09-14 05:30:00,2088680.0,1204065.0,4326755.0,3503825.0,897.55,9335.3,-23144407.53,23106.0,31293.0,-0.3489,0.9101,0.6382,1.0,38.0,0.0,0.0,-684726.9261,POSITIVE,LONG_GAMMA,DEALER_LONG_GAMMA,0.34,BULLISH,MEDIUM,32.8,24.9,49.5,20.3,47.9,38.2,17.2,FLOW_EXPANSION_BEARISH,7715.0,7670.0,7671.5,CHARM_DOMINATED,36.3,0.691,33.6,54.5,SHORT,41.8
2026-09-14 05:31:00,2101605.0,1207200.0,4326755.0,3563775.0,913.21,9333.96,-23387047.48,11416.0,37043.0,-0.3461,0.9117,0.6514,1.0,12925.0,0.0,-242639.956,595346.3395,POSITIVE,LONG_GAMMA,DEALER_LONG_GAMMA,0.36,BULLISH,MEDIUM,34.7,22.2,49.7,18.4,48.6,38.3,17.2,FLOW_EXPANSION_BEARISH,7615.0,7620.0,7671.25,CHARM_DOMINATED,33.3,0.7,32.3,52.8,SHORT,41.0
2026-09-14 05:32:00,2105632.0,1248558.0,4326755.0,3563775.0,882.84,9357.25,-23591076.25,3876.0,-84240.0,-0.3453,0.9131,0.7374,1.0,4028.0,0.0,-204028.7693,477362.2591,POSITIVE,LONG_GAMMA,DEALER_LONG_GAMMA,0.5,BULLISH,MEDIUM,35.9,18.3,49.8,17.2,45.6,38.1,11.2,,7620.0,7620.0,7671.5,LONG_GAMMA_PINNING,38.2,0.685,33.8,53.7,SHORT,39.8
2026-09-14 05:33:00,2182332.0,1248558.0,4326755.0,3563775.0,947.84,9357.25,-23591076.25,23614.0,-68027.0,-0.3295,0.9417,0.8086,1.0,76700.0,0.0,0.0,19305.5933,POSITIVE,LONG_GAMMA,DEALER_LONG_GAMMA,0.5,BULLISH,MEDIUM,36.8,15.7,49.9,16.4,43.6,38.3,10.9,,7615.0,7620.0,7671.25,LONG_GAMMA_PINNING,38.5,0.185,35.5,53.5,SHORT,36.0
2026-09-14 05:34:00,2182912.0,1250558.0,4336592.0,3579938.0,948.53,9356.65,-23603920.66,-4101.0,36607.0,-0.3303,0.811,0.7351,-0.8886,580.0,9838.0,-12844.409,216912.1581,POSITIVE,LONG_GAMMA,DEALER_LONG_GAMMA,0.36,BULLISH,MEDIUM,37.3,16.1,49.9,15.9,45.8,38.3,17.0,FLOW_EXPANSION_BEARISH,7650.0,7630.0,7672.25,LONG_GAMMA_PINNING,35.5,0.694,43.8,37.5,NEUTRAL,12.6
2026-09-14 05:35:00,2182912.0,1416238.0,4336592.0,3579938.0,796.53,9356.65,-23603920.66,-36843.0,11503.0,-0.3303,0.8109,0.7351,0.0,0.0,0.0,0.0,95592.1802,POSITIVE,LONG_GAMMA,DEALER_LONG_GAMMA,0.32,BULLISH,MEDIUM,42.7,16.4,49.9,24.3,47.3,52.8,17.0,FLOW_EXPANSION_BEARISH,7660.0,7630.0,7672.5,LONG_GAMMA_PINNING,38.4,1.0,42.1,39.7,NEUTRAL,4.8
2026-09-14 05:36:00,2182912.0,1416238.0,4336592.0,3579938.0,796.53,9356.65,-23603920.66,-26811.0,-77493.0,-0.3303,0.7841,0.7351,0.0,0.0,0.0,0.0,6422.2045,POSITIVE,LONG_GAMMA,DEALER_LONG_GAMMA,0.44,BULLISH,MEDIUM,46.2,14.5,49.9,29.8,44.7,52.8,11.0,,7660.0,7630.0,7673.0,LONG_GAMMA_PINNING,35.4,1.0,41.6,39.0,NEUTRAL,5.2
2026-09-14 05:37:00,2323512.0,1416738.0,4368992.0,3579938.0,905.47,9360.3,-23522854.71,15155.0,-32204.0,-0.3056,0.6752,0.6937,0.6254,140600.0,32400.0,81065.9555,46955.1822,POSITIVE,LONG_GAMMA,DEALER_LONG_GAMMA,0.5,BULLISH,MEDIUM,43.4,13.1,49.9,24.6,43.1,38.1,10.6,,7615.0,7625.0,7673.75,LONG_GAMMA_PINNING,32.4,1.0,43.6,36.8,NEUTRAL,13.6
2026-09-14 05:38:00,2323512.0,1416738.0,4372042.0,3582988.0,905.47,9360.3,-23522854.71,-185.0,144212.0,-0.306,0.5143,0.6801,-1.0,0.0,3050.0,0.0,40532.9777,POSITIVE,LONG_GAMMA,DEALER_LONG_GAMMA,0.36,BULLISH,MEDIUM,41.5,14.3,49.9,21.2,45.5,38.1,16.6,FLOW_EXPANSION_BEARISH,7615.0,7630.0,7674.0,LONG_GAMMA_PINNING,38.7,1.0,43.5,37.7,NEUTRAL,11.6
2026-09-14 05:39:00,2324012.0,1418288.0,4372042.0,3582988.0,899.47,9360.3,-23522854.71,1154.0,139990.0,-0.3059,0.5984,0.6794,1.0,500.0,0.0,0.0,-40532.9777,POSITIVE,LONG_GAMMA,DEALER_LONG_GAMMA,0.3,BULLISH,MEDIUM,45.6,15.1,49.9,31.3,47.1,53.1,16.6,FLOW_EXPANSION_BEARISH,7690.0,7630.0,7674.0,LONG_GAMMA_PINNING,41.2,0.676,43.7,38.0,NEUTRAL,11.4
2026-09-14 05:40:00,2325120.0,1418345.0,4375118.0,3582988.0,906.11,9360.6,-23517060.37,35115.0,-85225.0,-0.306,0.5737,0.7465,-0.4704,1108.0,3075.0,5794.3337,-37635.8109,POSITIVE,LONG_GAMMA,DEALER_LONG_GAMMA,0.5,BULLISH,MEDIUM,43.0,13.5,49.9,25.6,44.6,38.1,10.6,,7665.0,7630.0,7672.75,LONG_GAMMA_PINNING,38.2,0.685,46.2,38.7,NEUTRAL,15.0
2026-09-14 05:41:00,2327100.0,1421955.0,4375118.0,3582988.0,901.11,9360.6,-23517060.37,34789.0,-85768.0,-0.3056,0.5783,0.7417,1.0,1980.0,0.0,0.0,2897.1668,POSITIVE,LONG_GAMMA,DEALER_LONG_GAMMA,0.5,BULLISH,MEDIUM,41.3,12.5,49.9,21.9,43.0,38.1,10.6,,7645.0,7630.0,7672.5,LONG_GAMMA_PINNING,38.8,1.0,45.9,38.8,NEUTRAL,14.2
2026-09-14 05:42:00,2327552.0,1424918.0,4375118.0,3585712.0,896.42,9360.29,-23524921.98,-758.0,-388.0,-0.3055,-0.2051,0.7411,1.0,452.0,0.0,-7861.608,-6827.9708,POSITIVE,LONG_GAMMA,DEALER_LONG_GAMMA,0.44,NEUTRAL,MEDIUM,34.9,19.5,49.9,23.0,42.0,23.1,32.6,,7700.0,7620.0,7675.25,LONG_GAMMA_PINNING,35.8,1.0,44.2,38.4,NEUTRAL,11.6
2026-09-14 05:43:00,2343512.0,1424918.0,4375118.0,3585712.0,934.49,10186.42,-25350249.7,2434.0,1494.0,-0.3024,0.7335,0.75,1.0,15960.0,0.0,-1825327.717,-919491.8294,POSITIVE,LONG_GAMMA,DEALER_LONG_GAMMA,0.34,BULLISH,MEDIUM,36.1,18.5,49.9,23.7,44.8,38.2,16.5,FLOW_EXPANSION_BEARISH,7680.0,7620.0,7675.75,LONG_GAMMA_PINNING,36.3,1.0,43.9,38.7,NEUTRAL,10.4
2026-09-14 05:44:00,2347992.0,1425152.0,4375118.0,3585712.0,936.95,10167.91,-25344295.44,3493.0,3742.0,-0.3015,0.7727,0.6857,1.0,4480.0,0.0,5954.2622,-905755.9234,POSITIVE,LONG_GAMMA,DEALER_LONG_GAMMA,0.34,NEUTRAL,MEDIUM,31.6,21.0,49.9,20.7,46.6,23.2,25.5,FLOW_EXPANSION_BEARISH,7620.0,7620.0,7674.75,LONG_GAMMA_PINNING,33.3,1.0,43.5,37.9,NEUTRAL,11.2
2026-09-14 05:45:00,2368052.0,1447048.0,4375118.0,3597162.0,935.92,10123.51,-24834206.57,11.0,5739.0,-0.2976,1.0,0.7049,1.0,20060.0,0.0,510088.8663,1174616.2267,POSITIVE,LONG_GAMMA,DEALER_LONG_GAMMA,0.34,NEUTRAL,MEDIUM,28.7,22.6,49.9,18.7,47.8,23.2,25.5,,7625.0,7650.0,7675.0,LONG_GAMMA_PINNING,38.8,1.0,44.6,38.7,NEUTRAL,11.8
2026-09-14 05:46:00,2368082.0,1447078.0,4380805.0,3602850.0,935.92,10123.51,-24834206.57,337.0,-8376.0,-0.2982,0.7563,0.6627,-0.9895,30.0,5688.0,0.0,1164731.1605,POSITIVE,LONG_GAMMA,DEALER_LONG_GAMMA,0.44,NEUTRAL,MEDIUM,26.8,21.5,49.9,20.9,45.1,23.2,19.5,,7685.0,7620.0,7675.5,LONG_GAMMA_PINNING,38.8,0.684,45.7,37.5,LONG,16.4
2026-09-14 05:47:00,2379228.0,1451062.0,4409405.0,3602850.0,925.28,10126.87,-24755793.59,8536.0,-2611.0,-0.2991,0.2023,0.536,-0.4392,11145.0,28600.0,78412.9761,-218815.0762,POSITIVE,LONG_GAMMA,DEALER_LONG_GAMMA,0.47,NEUTRAL,MEDIUM,25.5,23.1,49.9,18.8,43.3,23.1,26.0,,7625.0,7625.0,7675.25,LONG_GAMMA_PINNING,38.8,0.184,44.9,38.1,NEUTRAL,13.6
2026-09-14 05:48:00,2379228.0,1451062.0,4409405.0,3602850.0,925.28,10126.87,-24755793.59,5344.0,16440.0,-0.2991,0.0204,0.4087,0.0,0.0,0.0,0.0,-215837.9451,POSITIVE,LONG_GAMMA,DEALER_LONG_GAMMA,0.36,NEUTRAL,MEDIUM,29.9,24.6,49.9,17.5,45.6,38.1,27.5,,7625.0,7625.0,7676.0,LONG_GAMMA_PINNING,35.8,0.693,43.6,38.3,NEUTRAL,10.6
2026-09-14 05:49:00,2383868.0,1451062.0,4409405.0,3602850.0,929.28,10126.87,-24755793.59,5423.0,20109.0,-0.2982,0.0226,0.4681,1.0,4640.0,0.0,0.0,-39206.488,POSITIVE,LONG_GAMMA,DEALER_LONG_GAMMA,0.36,NEUTRAL,MEDIUM,32.8,25.6,49.9,16.6,47.1,38.1,27.5,,7620.0,7625.0,7676.75,CHARM_DOMINATED,36.3,0.691,44.7,37.3,NEUTRAL,14.8
2026-09-14 05:50:00,2390030.0,1458805.0,4409405.0,3602850.0,927.28,10126.87,-24755793.59,7764.0,-16860.0,-0.297,-0.2188,0.4798,1.0,6162.0,0.0,0.0,-39206.488,POSITIVE,LONG_GAMMA,DEALER_LONG_GAMMA,0.47,BULLISH,MEDIUM,34.7,22.7,49.9,19.5,44.6,38.1,17.4,,7690.0,7625.0,7676.25,CHARM_DOMINATED,33.3,0.7,43.0,35.7,NEUTRAL,14.6
2026-09-14 05:55:00,2392245.0,1460080.0,4409405.0,3602850.0,929.28,10126.87,-24755793.59,7952.0,-16547.0,-0.2966,-0.0841,0.4839,1.0,2215.0,0.0,0.0,0.0,POSITIVE,LONG_GAMMA,DEALER_LONG_GAMMA,0.47,NEUTRAL,MEDIUM,30.7,26.1,49.9,17.9,43.0,23.1,32.4,,7620.0,7625.0,7676.25,LONG_GAMMA_PINNING,41.4,0.676,44.2,39.1,NEUTRAL,10.2
2026-09-14 05:59:00,2464860.0,1477360.0,4488555.0,3711025.0,1026.05,10131.05,-24588353.41,6062.0,6237.0,-0.291,0.0393,0.0835,-0.0431,72615.0,79150.0,167440.1815,83720.0908,POSITIVE,LONG_GAMMA,DEALER_LONG_GAMMA,0.34,BEARISH,MEDIUM,28.1,31.8,49.9,16.9,45.5,23.4,42.3,,7625.0,7620.0,7677.0,LONG_GAMMA_PINNING,38.4,0.685,44.7,38.8,NEUTRAL,11.8
2026-09-14 06:01:00,2467120.0,1521860.0,4494805.0,3715625.0,975.92,10131.02,-24593413.29,-2056.0,-5977.0,-0.2913,0.0144,0.0783,-0.4689,2260.0,6250.0,-5059.8778,81190.1519,POSITIVE,LONG_GAMMA,DEALER_LONG_GAMMA,0.41,NEUTRAL,MEDIUM,31.6,32.0,49.9,25.0,43.6,38.2,32.3,,7630.0,7635.0,7676.5,LONG_GAMMA_PINNING,38.4,1.0,44.2,39.6,NEUTRAL,9.2
2026-09-14 06:02:00,2467120.0,1521860.0,4496192.0,3717012.0,975.92,10131.02,-24593413.29,-2984.0,-4440.0,-0.2914,-0.0208,0.0709,-1.0,0.0,1388.0,0.0,-86250.0296,POSITIVE,LONG_GAMMA,DEALER_LONG_GAMMA,0.41,NEUTRAL,MEDIUM,33.9,32.1,49.9,30.2,42.3,38.2,32.3,,7630.0,7630.0,7677.25,LONG_GAMMA_PINNING,35.4,1.0,43.6,39.3,NEUTRAL,8.6
2026-09-14 06:03:00,2467510.0,1522250.0,4499292.0,3717012.0,975.56,10131.32,-24587358.52,-2048.0,-26122.0,-0.2916,-0.0741,0.0683,-0.7765,390.0,3100.0,6054.7668,-78162.7684,POSITIVE,LONG_GAMMA,DEALER_LONG_GAMMA,0.47,NEUTRAL,MEDIUM,30.2,32.2,49.9,24.9,41.5,23.2,32.3,,7630.0,7635.0,7677.5,LONG_GAMMA_PINNING,39.0,1.0,44.0,39.7,NEUTRAL,8.6
2026-09-14 06:04:00,2467510.0,1522250.0,4499292.0,3717012.0,975.56,10131.32,-24587358.52,-2236.0,8173.0,-0.2916,-0.0885,0.0614,0.0,0.0,0.0,0.0,5557.3223,POSITIVE,LONG_GAMMA,DEALER_LONG_GAMMA,0.34,BEARISH,MEDIUM,27.7,35.7,49.9,21.4,44.5,23.2,42.3,,7630.0,7635.0,7677.0,LONG_GAMMA_PINNING,39.0,0.683,44.0,40.1,NEUTRAL,7.8
2026-09-14 06:05:00,2473640.0,1529310.0,4499292.0,3717012.0,978.69,10093.56,-24565754.07,-7684.0,21018.0,-0.2905,-0.1003,0.0811,1.0,6130.0,0.0,21604.4533,7774.8432,POSITIVE,LONG_GAMMA,DEALER_LONG_GAMMA,0.3,NEUTRAL,MEDIUM,31.4,38.0,49.9,27.9,46.4,38.2,42.3,,7640.0,7635.0,7679.25,LONG_GAMMA_PINNING,36.0,0.692,43.6,40.7,NEUTRAL,5.8
2026-09-14 06:06:00,2479335.0,1529310.0,4511242.0,3717012.0,987.44,10120.64,-24589238.26,3963.0,4022.0,-0.2907,-0.1474,-0.0011,-0.3545,5695.0,11950.0,-23484.1867,-3967.2501,POSITIVE,LONG_GAMMA,DEALER_LONG_GAMMA,0.34,BEARISH,MEDIUM,28.5,39.5,49.9,23.4,47.7,23.2,42.3,,7640.0,7670.0,7678.5,LONG_GAMMA_PINNING,33.0,1.0,43.4,37.9,NEUTRAL,11.0
2026-09-14 06:07:00,2479665.0,1529310.0,4511242.0,3721538.0,988.86,10120.36,-24592385.87,3124.0,2623.0,-0.2906,-0.0908,-0.0166,1.0,330.0,0.0,-3147.6113,-24118.1257,POSITIVE,LONG_GAMMA,DEALER_LONG_GAMMA,0.34,BEARISH,MEDIUM,26.7,40.5,49.9,20.5,48.5,23.2,42.3,,7650.0,7655.0,7679.75,LONG_GAMMA_PINNING,30.0,1.0,43.2,37.0,NEUTRAL,12.4
2026-09-14 06:08:00,2479665.0,1537865.0,4511242.0,3721538.0,979.42,10056.19,-24563465.95,793.0,2097.0,-0.2906,0.0085,-0.0989,0.0,0.0,0.0,28919.9173,13826.0197,POSITIVE,LONG_GAMMA,DEALER_LONG_GAMMA,0.29,NEUTRAL,MEDIUM,30.7,41.1,49.9,30.8,49.0,38.2,42.3,,7680.0,7655.0,7679.5,LONG_GAMMA_PINNING,38.9,1.0,42.6,37.7,NEUTRAL,9.8
2026-09-14 06:09:00,2479665.0,1545605.0,4511242.0,3721538.0,972.42,10056.19,-24563465.95,-755.0,-15188.0,-0.2906,0.0085,-0.0779,0.0,0.0,0.0,0.0,27775.8577,POSITIVE,LONG_GAMMA,DEALER_LONG_GAMMA,0.47,NEUTRAL,MEDIUM,28.1,38.0,49.9,25.3,45.9,23.2,32.3,,7645.0,7655.0,7680.0,LONG_GAMMA_PINNING,38.9,0.683,44.3,38.5,NEUTRAL,11.6
2026-09-14 06:10:00,2479665.0,1555545.0,4519518.0,3741338.0,950.38,10053.92,-24631227.11,-4862.0,-19312.0,-0.2914,-0.541,-0.046,-1.0,0.0,8275.0,-67761.163,-46766.7345,POSITIVE,LONG_GAMMA,DEALER_LONG_GAMMA,0.41,NEUTRAL,MEDIUM,31.6,36.0,49.9,30.4,43.8,38.1,32.3,,7665.0,7625.0,7679.5,LONG_GAMMA_PINNING,38.9,0.183,43.5,40.1,NEUTRAL,6.8
2026-09-14 06:11:00,2498940.0,1564540.0,4521918.0,3745888.0,973.51,10054.26,-24632719.64,-6765.0,-650.0,-0.2881,0.2949,0.031,0.7785,19275.0,2400.0,-1492.524,-49086.8021,POSITIVE,LONG_GAMMA,DEALER_LONG_GAMMA,0.47,NEUTRAL,LOW,28.6,32.4,42.9,25.0,42.5,23.2,25.8,,7640.0,7650.0,7677.75,LONG_GAMMA_PINNING,35.9,0.692,43.4,40.0,NEUTRAL,6.8
2026-09-14 06:12:00,2500170.0,1567610.0,4521918.0,3755288.0,962.73,10053.01,-24666454.7,-8174.0,-44.0,-0.2879,0.3153,0.0166,1.0,1230.0,0.0,-33735.0588,16266.7901,POSITIVE,LONG_GAMMA,DEALER_LONG_GAMMA,0.45,BULLISH,LOW,31.9,27.8,38.4,21.5,48.6,38.1,19.3,,7650.0,7625.0,7680.5,LONG_GAMMA_PINNING,32.9,1.0,43.4,39.3,NEUTRAL,8.2
2026-09-14 06:13:00,2500170.0,1573090.0,4521918.0,3755288.0,954.73,10053.01,-24666454.7,-7559.0,11739.0,-0.2879,0.3153,-0.0107,0.0,0.0,0.0,0.0,17759.314,POSITIVE,LONG_GAMMA,PUT_PANIC,0.37,NEUTRAL,MEDIUM,34.1,26.9,42.5,19.2,56.1,38.1,25.3,,7650.0,7625.0,7680.75,CHARM_DOMINATED,37.2,0.688,44.9,38.6,NEUTRAL,12.6
2026-09-14 06:14:00,2513625.0,1575835.0,4521918.0,3755288.0,952.73,10052.71,-24666468.95,-3869.0,4664.0,-0.2854,0.5217,0.0379,1.0,13455.0,0.0,-14.2519,17606.6654,POSITIVE,LONG_GAMMA,PUT_PANIC,0.34,NEUTRAL,MEDIUM,30.2,29.5,45.1,17.7,61.0,23.1,34.3,,7625.0,7625.0,7680.5,CHARM_DOMINATED,37.2,0.188,30.3,50.5,SHORT,40.4
2026-09-14 06:15:00,2515055.0,1579275.0,4544192.0,3785838.0,946.59,10052.09,-24674322.94,-1633.0,-130.0,-0.2874,0.1784,-0.0514,-0.8794,1430.0,22275.0,-7853.9891,12933.4089,POSITIVE,LONG_GAMMA,DEALER_LONG_GAMMA,0.47,NEUTRAL,LOW,27.7,28.2,39.8,16.8,53.6,23.0,25.7,,7645.0,7625.0,7679.25,CHARM_DOMINATED,34.2,0.697,29.6,48.3,SHORT,37.4
2026-09-14 06:16:00,2515055.0,1590885.0,4544192.0,3785838.0,929.59,10052.09,-24674322.94,-5581.0,4632.0,-0.2874,-0.1605,-0.0149,0.0,0.0,0.0,0.0,-3919.8686,POSITIVE,LONG_GAMMA,DEALER_LONG_GAMMA,0.34,BEARISH,MEDIUM,26.1,33.1,43.4,16.2,52.3,23.0,42.2,,7655.0,7625.0,7680.25,LONG_GAMMA_TREND,39.5,0.681,25.4,54.0,SHORT,57.2
2026-09-14 06:17:00,2516935.0,1590885.0,4549092.0,3798538.0,944.33,10051.49,-24686025.17,-4517.0,-11887.0,-0.2876,-0.2369,-0.03,-0.4454,1880.0,4900.0,-11702.2291,-1916.994,POSITIVE,LONG_GAMMA,DEALER_LONG_GAMMA,0.41,NEUTRAL,MEDIUM,30.3,32.8,45.7,24.5,48.0,38.0,32.2,,7670.0,7640.0,7680.25,LONG_GAMMA_TREND,36.5,0.69,25.5,53.0,SHORT,55.0
2026-09-14 06:18:00,2519580.0,1593740.0,4549092.0,3818138.0,941.09,10050.41,-24696291.07,-7383.0,-12659.0,-0.2871,-0.1667,0.0223,1.0,2645.0,0.0,-10265.9025,-7057.0713,POSITIVE,LONG_GAMMA,DEALER_LONG_GAMMA,0.44,BULLISH,MEDIUM,38.3,27.3,47.2,29.9,45.2,53.0,17.2,,7645.0,7660.0,7680.75,LONG_GAMMA_TREND,33.5,1.0,28.6,50.7,SHORT,44.2
2026-09-14 06:19:00,2519580.0,1593740.0,4549092.0,3818138.0,941.09,10050.41,-24696291.07,-9525.0,2371.0,-0.2871,-0.6405,0.0223,0.0,0.0,0.0,0.0,718.1633,POSITIVE,LONG_GAMMA,DEALER_LONG_GAMMA,0.32,BULLISH,LOW,43.5,27.3,41.2,33.4,46.9,53.0,27.2,,7645.0,7660.0,7681.0,CHARM_DOMINATED,37.2,0.688,29.9,53.3,SHORT,46.8
2026-09-14 06:20:00,2519595.0,1618655.0,4549092.0,3823888.0,909.8,10049.98,-24714355.77,-13598.0,-8055.0,-0.2871,-0.0381,-0.0402,1.0,15.0,0.0,-18064.696,1951.7179,POSITIVE,LONG_GAMMA,DEALER_LONG_GAMMA,0.41,BULLISH,MEDIUM,46.8,23.8,44.3,39.2,44.5,52.9,17.2,,7730.0,7635.0,7680.75,CHARM_DOMINATED,37.2,0.188,29.9,52.5,SHORT,45.2
2026-09-14 06:21:00,2520750.0,1621100.0,4550192.0,3827762.0,909.13,10049.67,-24722206.51,-12089.0,1293.0,-0.287,-0.0261,0.0307,0.0244,1155.0,1100.0,-7850.742,-7824.7677,POSITIVE,LONG_GAMMA,DEALER_LONG_GAMMA,0.36,NEUTRAL,LOW,43.7,25.0,39.3,30.7,46.4,37.9,27.2,,7670.0,7630.0,7681.25,CHARM_DOMINATED,34.2,0.697,28.5,50.2,SHORT,43.4
2026-09-14 06:22:00,2520750.0,1625000.0,4550192.0,3827762.0,889.13,10049.67,-24722206.51,-11685.0,-2967.0,-0.287,0.5524,0.0267,0.0,0.0,0.0,0.0,5106.977,POSITIVE,LONG_GAMMA,DEALER_LONG_GAMMA,0.47,NEUTRAL,LOW,36.4,23.0,36.0,25.2,44.2,22.8,19.3,,7660.0,7630.0,7680.5,CHARM_DOMINATED,38.4,1.0,30.9,53.0,SHORT,44.2
2026-09-14 06:23:00,2526425.0,1625000.0,4550192.0,3839638.0,901.05,10049.16,-24725074.13,-8963.0,10603.0,-0.286,0.7231,0.0911,1.0,5675.0,0.0,-2867.626,11523.906,POSITIVE,LONG_GAMMA,DEALER_LONG_GAMMA,0.34,NEUTRAL,MEDIUM,31.7,23.8,40.9,21.6,46.2,22.9,25.3,,7630.0,7670.0,7680.5,CHARM_DOMINATED,38.4,0.685,31.7,52.1,SHORT,40.8
2026-09-14 06:24:00,2534610.0,1643225.0,4551268.0,3840712.0,896.05,10049.16,-24725074.13,-10971.0,10644.0,-0.2846,0.7472,0.1571,0.7678,8185.0,1075.0,0.0,2491.558,POSITIVE,LONG_GAMMA,PUT_PANIC,0.37,NEUTRAL,MEDIUM,33.9,24.3,44.1,19.3,54.5,37.9,25.3,,7625.0,7625.0,7682.0,CHARM_DOMINATED,35.4,0.694,30.9,52.0,SHORT,42.2
2026-09-14 06:25:00,2534610.0,1644375.0,4551268.0,3840712.0,888.05,10049.16,-24725074.13,-5071.0,-1814.0,-0.2846,0.7469,0.2675,0.0,0.0,0.0,0.0,1433.813,POSITIVE,LONG_GAMMA,DEALER_LONG_GAMMA,0.45,BULLISH,MEDIUM,35.3,22.5,46.2,17.8,56.4,37.8,19.3,,7670.0,7625.0,7682.25,CHARM_DOMINATED,32.4,1.0,31.4,50.2,SHORT,37.6
2026-09-14 06:26:00,2536575.0,1683690.0,4551268.0,3857312.0,848.67,10048.03,-24741887.41,-15048.0,-16663.0,-0.2842,0.8728,0.1237,1.0,1965.0,0.0,-16813.2728,-6972.8234,POSITIVE,LONG_GAMMA,DEALER_LONG_GAMMA,0.5,BULLISH,MEDIUM,36.1,18.2,47.5,16.8,50.7,37.7,10.3,,7640.0,7665.0,7682.25,LONG_GAMMA_PINNING,41.7,0.675,31.9,53.3,SHORT,42.8
2026-09-14 06:27:00,2563918.0,1683742.0,4551268.0,3874362.0,892.05,10047.26,-24746361.94,-12220.0,-6833.0,-0.2793,0.9514,0.3695,1.0,27342.0,0.0,-4474.5343,-10643.9035,POSITIVE,LONG_GAMMA,DEALER_LONG_GAMMA,0.5,BULLISH,MEDIUM,36.7,15.4,48.4,16.2,47.0,37.8,10.2,,7630.0,7675.0,7683.0,LONG_GAMMA_PINNING,38.7,0.684,33.8,51.3,SHORT,35.0
2026-09-14 06:28:00,2563918.0,1702572.0,4551268.0,3876712.0,861.37,10046.95,-24754791.76,-15216.0,-16035.0,-0.2793,0.9443,0.3695,0.0,0.0,0.0,-8429.8167,1954.4609,POSITIVE,LONG_GAMMA,DEALER_LONG_GAMMA,0.5,BULLISH,MEDIUM,37.1,13.6,49.0,15.8,44.5,37.7,10.2,,7680.0,7630.0,7683.75,CHARM_DOMINATED,36.3,0.691,31.3,52.6,SHORT,42.6
2026-09-14 06:29:00,2563918.0,1704608.0,4551268.0,3876712.0,852.37,10046.95,-24754791.76,-13615.0,23225.0,-0.2793,1.0,0.263,0.0,0.0,0.0,0.0,6428.9952,POSITIVE,LONG_GAMMA,DEALER_LONG_GAMMA,0.34,NEUTRAL,MEDIUM,32.1,17.7,49.4,15.5,46.4,22.7,25.2,,7650.0,7630.0,7684.5,CHARM_DOMINATED,36.6,0.19,31.1,52.1,SHORT,42.0
2026-09-14 06:30:00,2566418.0,1704608.0,4555248.0,3881238.0,859.2,10047.29,-24740072.33,-12994.0,14768.0,-0.2793,0.7776,0.6458,-0.2284,2500.0,3980.0,14719.4271,13811.8891,POSITIVE,LONG_GAMMA,DEALER_LONG_GAMMA,0.34,NEUTRAL,MEDIUM,28.8,20.3,49.6,15.3,47.7,22.7,25.2,,7630.0,7655.0,7684.25,CHARM_DOMINATED,33.6,0.699,30.0,50.1,SHORT,40.2
2026-09-14 06:31:00,2573558.0,1716448.0,4555248.0,3883838.0,849.53,10046.98,-24747824.18,-3664.0,3010.0,-0.278,0.8057,0.6821,1.0,7140.0,0.0,-7751.8534,7698.6952,POSITIVE,LONG_GAMMA,DEALER_LONG_GAMMA,0.34,NEUTRAL,MEDIUM,26.7,22.0,49.7,15.2,48.5,22.7,25.2,,7625.0,7635.0,7684.5,LONG_GAMMA_PINNING,39.2,0.683,45.6,37.4,LONG,16.4
2026-09-14 06:32:00,2578388.0,1716448.0,4559148.0,3883838.0,856.95,10047.6,-24729103.47,-3966.0,12736.0,-0.2775,0.2949,0.7188,0.1065,4830.0,3900.0,18720.7116,-1875.2845,POSITIVE,LONG_GAMMA,PUT_PANIC,0.37,NEUTRAL,MEDIUM,30.5,26.0,49.8,15.1,56.0,37.7,33.6,,7625.0,7625.0,7683.75,LONG_GAMMA_PINNING,36.2,0.692,44.9,37.0,NEUTRAL,15.8
2026-09-14 06:33:00,2578572.0,1716482.0,4570410.0,4117650.0,889.4,10016.75,-25578351.75,-44210.0,-73617.0,-0.2786,-0.1328,0.4691,-0.9677,185.0,11262.0,-849248.2819,-418747.572,POSITIVE,LONG_GAMMA,DEALER_LONG_GAMMA,0.5,BULLISH,MEDIUM,33.0,22.8,49.9,15.1,50.4,37.7,17.0,,7680.0,7630.0,7683.5,LONG_GAMMA_PINNING,39.2,1.0,48.4,44.3,NEUTRAL,8.2
2026-09-14 06:34:00,2580852.0,1718988.0,4577910.0,4117650.0,889.64,10017.87,-25576752.71,-42348.0,-66126.0,-0.279,-0.2228,0.3603,-0.5337,2280.0,7500.0,1599.0436,-429309.0483,POSITIVE,LONG_GAMMA,DEALER_LONG_GAMMA,0.5,BULLISH,MEDIUM,34.7,20.8,49.9,15.1,46.8,37.7,17.0,,7630.0,7650.0,7682.75,LONG_GAMMA_PINNING,36.2,1.0,46.1,39.8,NEUTRAL,12.6
2026-09-14 06:35:00,2601752.0,1722388.0,4590960.0,4181400.0,909.53,9942.66,-24934427.83,-49379.0,-83490.0,-0.2766,-0.0053,0.3249,0.2312,20900.0,13050.0,642324.8816,737225.7478,POSITIVE,LONG_GAMMA,DEALER_LONG_GAMMA,0.5,BULLISH,MEDIUM,35.8,19.4,49.9,15.1,44.4,37.8,16.9,,7625.0,7640.0,7681.25,CHARM_DOMINATED,37.2,0.688,47.3,38.5,LONG,17.6
2026-09-14 06:36:00,2642822.0,1722388.0,4714345.0,4181400.0,942.42,9959.71,-24458589.06,-15028.0,153012.0,-0.2816,-0.3934,-0.147,-0.5005,41070.0,123385.0,475838.7647,982906.4423,POSITIVE,LONG_GAMMA,DEALER_LONG_GAMMA,0.34,BEARISH,MEDIUM,31.3,27.3,49.9,15.1,46.4,22.8,42.0,,7620.0,7625.0,7680.0,CHARM_DOMINATED,34.2,0.697,47.3,35.9,LONG,22.8
2026-09-14 06:37:00,2653792.0,1722388.0,4737170.0,4181400.0,951.29,9962.83,-24372280.15,-10015.0,162579.0,-0.2819,-0.4049,-0.1685,-0.3508,10970.0,22825.0,86308.9173,-40888.1216,POSITIVE,LONG_GAMMA,DEALER_LONG_GAMMA,0.34,BEARISH,MEDIUM,28.3,32.5,49.9,15.1,47.7,22.9,42.0,,7620.0,7625.0,7679.5,CHARM_DOMINATED,31.2,1.0,45.9,36.3,LONG,19.2
2026-09-14 06:38:00,2653792.0,1759942.0,4737170.0,4266575.0,902.44,9951.46,-24595268.58,9919.0,38136.0,-0.2819,-0.3783,-0.1896,0.0,0.0,0.0,-222988.4306,-627421.5798,POSITIVE,LONG_GAMMA,DEALER_LONG_GAMMA,0.34,NEUTRAL,MEDIUM,31.6,30.6,49.9,18.6,48.5,37.7,27.0,,7700.0,7625.0,7680.75,CHARM_DOMINATED,37.2,1.0,33.5,50.1,SHORT,33.2
2026-09-14 06:39:00,2654268.0,1760282.0,4737170.0,4266575.0,906.44,9951.46,-24595268.58,8491.0,-95228.0,-0.2818,-0.3689,-0.2168,1.0,475.0,0.0,0.0,-392568.0563,POSITIVE,LONG_GAMMA,DEALER_LONG_GAMMA,0.5,BULLISH,MEDIUM,33.7,25.9,49.9,17.3,45.5,37.7,17.0,,7675.0,7625.0,7682.0,CHARM_DOMINATED,34.2,1.0,32.6,49.5,SHORT,33.8
2026-09-14 06:40:00,2654268.0,1814282.0,4737170.0,4266575.0,806.44,9951.46,-24595268.58,4331.0,-157990.0,-0.2818,-0.4715,-0.2168,0.0,0.0,0.0,0.0,68339.7567,POSITIVE,LONG_GAMMA,DEALER_LONG_GAMMA,0.5,BULLISH,MEDIUM,35.0,22.8,49.9,16.5,43.6,37.4,17.0,,7640.0,7625.0,7682.0,CHARM_DOMINATED,31.2,1.0,31.1,48.9,SHORT,35.6
2026-09-14 06:41:00,2654268.0,1814932.0,4737170.0,4277325.0,806.94,9949.9,-24641531.81,-30840.0,22712.0,-0.2818,-0.3321,-0.2247,0.0,0.0,0.0,-46263.23,88362.6003,POSITIVE,LONG_GAMMA,DEALER_LONG_GAMMA,0.36,NEUTRAL,MEDIUM,35.8,24.3,49.9,16.0,45.8,37.4,27.0,,7635.0,7625.0,7682.25,LONG_GAMMA_PINNING,39.2,0.682,31.9,50.2,SHORT,36.6
2026-09-14 06:42:00,2655418.0,1822932.0,4742070.0,4277325.0,782.29,9950.52,-24625159.8,-37989.0,38848.0,-0.2821,-0.5019,-0.3518,-0.6198,1150.0,4900.0,16372.0116,-14945.6092,POSITIVE,LONG_GAMMA,DEALER_LONG_GAMMA,0.36,NEUTRAL,MEDIUM,36.3,25.3,49.9,15.7,47.3,37.3,27.1,,7625.0,7630.0,7681.25,LONG_GAMMA_PINNING,36.2,0.691,32.3,51.2,SHORT,37.8
2026-09-14 06:43:00,2655488.0,1822932.0,4742070.0,4285975.0,784.06,9949.96,-24635264.5,-15159.0,19622.0,-0.2821,-0.486,-0.3514,1.0,70.0,0.0,-10104.7012,26265.2702,POSITIVE,LONG_GAMMA,DEALER_LONG_GAMMA,0.36,NEUTRAL,MEDIUM,36.7,25.9,49.9,15.5,48.2,37.3,27.1,,7680.0,7675.0,7682.75,LONG_GAMMA_PINNING,33.2,1.0,32.1,49.4,SHORT,34.6
2026-09-14 06:44:00,2657952.0,1865908.0,4746120.0,4306125.0,750.42,9949.18,-24641029.91,-26508.0,10320.0,-0.282,-0.4167,-0.349,-0.2433,2465.0,4050.0,-5765.411,7010.5531,POSITIVE,LONG_GAMMA,DEALER_LONG_GAMMA,0.34,BEARISH,MEDIUM,31.6,31.6,49.9,15.3,48.8,22.2,42.0,,7675.0,7665.0,7684.0,LONG_GAMMA_TREND,43.0,0.671,30.6,54.1,SHORT,47.0
2026-09-14 06:45:00,2658245.0,1866175.0,4751945.0,4306125.0,749.76,9950.32,-24634779.55,-14538.0,-13105.0,-0.2825,-0.5758,-0.3635,-0.9044,292.0,5825.0,6250.3569,-2891.1822,POSITIVE,LONG_GAMMA,DEALER_LONG_GAMMA,0.47,BULLISH,MEDIUM,33.6,26.5,49.9,18.7,45.7,37.2,17.1,,7710.0,7650.0,7682.5,LONG_GAMMA_TREND,46.9,0.159,41.6,41.5,NEUTRAL,0.2
2026-09-14 06:46:00,2658245.0,1870440.0,4751945.0,4308850.0,740.1,9950.01,-24642567.75,-13656.0,-13985.0,-0.2825,-0.5758,-0.3981,0.0,0.0,0.0,-7788.198,7166.1356,POSITIVE,LONG_GAMMA,DEALER_LONG_GAMMA,0.45,NEUTRAL,MEDIUM,34.9,28.4,49.9,17.4,50.7,37.2,32.1,,7680.0,7635.0,7683.5,LONG_GAMMA_TREND,46.9,0.159,41.6,41.6,NEUTRAL,0.0
2026-09-14 06:47:00,2658245.0,1871700.0,4766295.0,4308850.0,735.04,9952.2,-24575746.2,-10648.0,36578.0,-0.2839,-0.791,-0.4435,-1.0,0.0,14350.0,66821.5466,29274.2013,POSITIVE,LONG_GAMMA,PUT_PANIC,0.37,NEUTRAL,MEDIUM,35.7,33.2,49.9,16.6,57.5,37.2,42.1,,7660.0,7625.0,7683.25,LONG_GAMMA_TREND,43.9,0.668,41.3,41.0,NEUTRAL,0.6
2026-09-14 06:48:00,2663820.0,1871700.0,4777295.0,4308850.0,777.12,9952.71,-24572651.43,-5617.0,32938.0,-0.284,-0.6174,-0.4164,-0.3273,5575.0,11000.0,3094.7735,35727.0805,POSITIVE,LONG_GAMMA,PUT_PANIC,0.37,NEUTRAL,MEDIUM,36.3,36.3,49.9,16.0,61.9,37.3,42.1,,7665.0,7670.0,7683.25,LONG_GAMMA_PINNING,41.7,0.675,43.7,37.8,NEUTRAL,11.8
2026-09-14 06:49:00,2663820.0,1874145.0,4777295.0,4319450.0,775.21,9951.84,-24591487.77,3096.0,6110.0,-0.284,-0.6832,-0.4123,0.0,0.0,0.0,-18836.3431,-37387.4591,POSITIVE,LONG_GAMMA,DEALER_LONG_GAMMA,0.36,NEUTRAL,MEDIUM,36.6,33.1,49.9,15.7,57.7,37.3,27.1,,7650.0,7670.0,7683.25,LONG_GAMMA_PINNING,41.7,0.175,45.3,39.0,NEUTRAL,12.6
2026-09-14 06:50:00,2669655.0,1874145.0,4777295.0,4319450.0,782.21,9951.84,-24591487.77,3093.0,72.0,-0.283,-0.3792,-0.4658,1.0,5835.0,0.0,0.0,-44376.3316,POSITIVE,LONG_GAMMA,DEALER_LONG_GAMMA,0.36,NEUTRAL,LOW,36.8,31.0,42.9,15.5,55.0,37.3,27.1,,7630.0,7670.0,7683.0,LONG_GAMMA_PINNING,41.7,0.175,45.3,39.0,NEUTRAL,12.6
2026-09-14 06:51:00,2682595.0,1876770.0,4785645.0,4325075.0,813.88,9989.23,-24606378.66,7099.0,-12889.0,-0.2816,-0.1611,-0.2838,0.2156,12940.0,8350.0,-14890.887,425.3413,POSITIVE,LONG_GAMMA,DEALER_LONG_GAMMA,0.47,NEUTRAL,MEDIUM,31.8,31.4,45.4,15.3,49.8,22.4,32.0,,7650.0,7635.0,7680.25,LONG_GAMMA_PINNING,38.7,0.684,46.8,34.5,LONG,24.6
2026-09-14 06:52:00,2683820.0,1877670.0,4785645.0,4325075.0,813.82,9988.24,-24596078.01,4546.0,4635.0,-0.2814,0.1386,-0.235,1.0,1225.0,0.0,10300.6472,7123.0517,POSITIVE,LONG_GAMMA,DEALER_LONG_GAMMA,0.36,NEUTRAL,MEDIUM,33.8,29.9,47.0,15.2,49.9,37.4,27.0,,7655.0,7635.0,7681.0,LONG_GAMMA_PINNING,35.7,1.0,42.1,35.7,NEUTRAL,12.8
2026-09-14 06:53:00,2687440.0,1877670.0,4785645.0,4325075.0,835.78,10034.96,-24599281.82,1955.0,9267.0,-0.2808,0.4776,-0.1806,1.0,3620.0,0.0,-3203.8108,10993.8617,POSITIVE,LONG_GAMMA,DEALER_LONG_GAMMA,0.34,NEUTRAL,MEDIUM,29.8,28.3,48.0,15.1,49.9,22.4,25.2,,7630.0,7635.0,7680.25,CHARM_DOMINATED,36.3,0.691,43.9,33.8,LONG,20.2
2026-09-14 06:54:00,2687750.0,1878715.0,4791945.0,4325075.0,835.24,10034.34,-24589198.34,5677.0,-6268.0,-0.2813,0.2405,-0.2413,-0.9062,310.0,6300.0,10083.487,5734.958,POSITIVE,LONG_GAMMA,DEALER_LONG_GAMMA,0.41,NEUTRAL,MEDIUM,32.5,27.4,48.7,23.8,46.4,37.4,25.6,,7650.0,7675.0,7679.5,CHARM_DOMINATED,36.6,0.19,42.2,33.6,LONG,17.2
2026-09-14 06:55:00,2701610.0,1884175.0,4791945.0,4325075.0,835.24,10034.34,-24589198.34,6190.0,-821.0,-0.279,0.3713,-0.0728,1.0,13860.0,0.0,0.0,1493.3253,POSITIVE,LONG_GAMMA,DEALER_LONG_GAMMA,0.5,BULLISH,LOW,34.2,21.4,42.2,20.7,44.2,37.4,10.2,,7645.0,7675.0,7681.0,CHARM_DOMINATED,37.2,0.188,44.7,35.9,LONG,17.6
2026-09-14 06:56:00,2701955.0,1885580.0,4791945.0,4325075.0,834.24,10034.34,-24589198.34,3370.0,2329.0,-0.2789,0.509,-0.0692,1.0,345.0,0.0,0.0,-3439.8381,POSITIVE,LONG_GAMMA,DEALER_LONG_GAMMA,0.36,BULLISH,MEDIUM,35.3,19.6,44.9,18.7,46.2,37.4,16.2,,7635.0,7675.0,7681.0,CHARM_DOMINATED,38.4,0.185,30.2,50.2,SHORT,40.0
2026-09-14 06:57:00,2702630.0,1889045.0,4791945.0,4328025.0,829.77,9895.24,-24530361.32,2157.0,-4059.0,-0.2788,0.4982,-0.0274,1.0,675.0,0.0,58837.0115,24376.7623,POSITIVE,LONG_GAMMA,DEALER_LONG_GAMMA,0.44,NEUTRAL,MEDIUM,30.8,19.5,46.7,20.9,44.0,22.4,19.2,,7685.0,7635.0,7679.5,CHARM_DOMINATED,35.4,0.694,28.5,48.6,SHORT,40.2
2026-09-14 06:58:00,2702630.0,1889045.0,4891645.0,4328025.0,816.11,9908.22,-24175118.34,21373.0,23984.0,-0.2882,-0.7493,-0.5207,-1.0,0.0,99700.0,355242.9875,207039.9995,POSITIVE,LONG_GAMMA,PUT_PANIC,0.33,BEARISH,MEDIUM,27.8,32.7,47.9,22.3,53.1,22.4,57.2,,7685.0,7625.0,7678.75,CHARM_DOMINATED,36.4,1.0,43.9,36.5,NEUTRAL,14.8
2026-09-14 06:59:00,2702730.0,1889185.0,4891645.0,4328025.0,816.04,9907.3,-24159597.49,20252.0,27637.0,-0.2882,-0.7388,-0.5294,1.0,100.0,0.0,15520.8419,155963.4089,POSITIVE,LONG_GAMMA,PUT_PANIC,0.34,BEARISH,MEDIUM,25.9,41.3,48.6,19.7,59.0,22.4,57.2,,7670.0,7625.0,7679.25,CHARM_DOMINATED,33.4,1.0,43.2,36.2,NEUTRAL,14.0
2026-09-14 07:00:00,2706830.0,1889185.0,4898620.0,4328025.0,828.09,9908.24,-24132780.63,20787.0,40312.0,-0.2882,-0.9067,-0.5024,-0.2596,4100.0,6975.0,26816.8601,-185871.1485,POSITIVE,LONG_GAMMA,DEALER_LONG_GAMMA,0.34,BEARISH,MEDIUM,24.7,41.6,49.1,18.1,55.9,22.4,42.2,,7635.0,7625.0,7678.5,CHARM_DOMINATED,36.4,1.0,29.8,50.5,SHORT,41.4
2026-09-14 07:01:00,2707885.0,1889185.0,4906695.0,4328025.0,829.06,9909.15,-24109928.74,22825.0,-40258.0,-0.2888,-0.9017,-0.5143,-0.7689,1055.0,8075.0,22851.8899,-160547.5397,POSITIVE,LONG_GAMMA,DEALER_LONG_GAMMA,0.47,NEUTRAL,MEDIUM,23.9,38.3,49.4,17.0,50.3,22.4,32.2,,7625.0,7635.0,7676.75,CHARM_DOMINATED,33.4,1.0,41.9,35.6,NEUTRAL,12.6
2026-09-14 07:02:00,2708865.0,1889405.0,4907782.0,4329112.0,829.25,9879.31,-24086059.79,24125.0,-42842.0,-0.2887,-0.8978,-0.473,-0.052,980.0,1088.0,23868.9533,2191.5706,POSITIVE,LONG_GAMMA,DEALER_LONG_GAMMA,0.47,NEUTRAL,MEDIUM,23.4,36.2,49.6,16.3,46.7,22.4,32.2,,7630.0,7620.0,7677.0,CHARM_DOMINATED,30.4,1.0,41.3,35.4,NEUTRAL,11.8
2026-09-14 07:03:00,2714800.0,1891405.0,4907782.0,4329112.0,841.28,9879.8,-24094083.85,4972.0,-909.0,-0.2877,-0.1402,-0.4381,1.0,5935.0,0.0,-8024.0599,-16911.9283,POSITIVE,LONG_GAMMA,DEALER_LONG_GAMMA,0.47,NEUTRAL,LOW,23.1,34.8,42.7,15.8,44.4,22.4,32.2,,7635.0,7620.0,7676.0,CHARM_DOMINATED,27.4,1.0,40.0,36.6,NEUTRAL,6.8
2026-09-14 07:04:00,2716098.0,1891648.0,4907782.0,4329112.0,844.36,9880.67,-24115823.88,5191.0,-8186.0,-0.2875,-0.0939,-0.4279,1.0,1298.0,0.0,-21740.0245,-38242.4638,POSITIVE,LONG_GAMMA,DEALER_LONG_GAMMA,0.41,NEUTRAL,MEDIUM,28.1,33.9,45.3,24.3,42.9,37.4,32.2,,7650.0,7620.0,7675.0,LONG_GAMMA_TREND,39.4,0.682,40.3,42.1,NEUTRAL,3.6
2026-09-14 07:05:00,2720348.0,1891648.0,4907782.0,4329112.0,849.36,9880.67,-24115823.88,3826.0,-1865.0,-0.2868,0.192,-0.4404,1.0,4250.0,0.0,0.0,-18792.4589,POSITIVE,LONG_GAMMA,DEALER_LONG_GAMMA,0.41,NEUTRAL,MEDIUM,31.4,31.0,46.9,29.8,41.9,37.5,25.7,,7625.0,7620.0,7675.25,LONG_GAMMA_TREND,36.4,0.691,41.2,42.6,NEUTRAL,2.8
2026-09-14 07:06:00,2720372.0,1891648.0,4910358.0,4329112.0,849.07,9881.58,-24116058.61,2520.0,288.0,-0.287,0.5464,-0.535,-0.9808,25.0,2575.0,-234.7392,14764.6726,POSITIVE,LONG_GAMMA,DEALER_LONG_GAMMA,0.29,NEUTRAL,LOW,33.5,29.0,41.0,36.9,44.7,37.5,25.3,,7700.0,7625.0,7674.75,LONG_GAMMA_PINNING,36.4,0.691,43.0,40.7,NEUTRAL,4.6
2026-09-14 07:07:00,2731762.0,1908658.0,4913182.0,4334262.0,877.1,9956.89,-24401363.75,779.0,-2860.0,-0.2853,0.6183,-0.4536,0.6025,11390.0,2825.0,-285305.1339,-131899.9243,POSITIVE,LONG_GAMMA,DEALER_LONG_GAMMA,0.5,BULLISH,MEDIUM,34.9,22.4,44.2,29.2,43.1,37.5,10.3,,7650.0,7625.0,7675.75,LONG_GAMMA_PINNING,33.4,0.7,42.4,40.5,NEUTRAL,3.8
2026-09-14 07:08:00,2732208.0,1913822.0,4915282.0,4336688.0,870.12,9956.89,-24400450.78,-1017.0,-6116.0,-0.2855,0.3978,-0.4866,-0.6503,445.0,2100.0,912.9704,-142078.7122,POSITIVE,LONG_GAMMA,DEALER_LONG_GAMMA,0.5,BULLISH,MEDIUM,35.8,18.2,46.2,24.2,42.0,37.5,10.3,,7625.0,7625.0,7677.0,LONG_GAMMA_TREND,43.1,0.671,41.2,45.1,NEUTRAL,7.8
2026-09-14 07:09:00,2733462.0,1915778.0,4915282.0,4340988.0,870.54,9956.61,-24404368.41,-2228.0,-9422.0,-0.2853,0.3967,-0.4592,1.0,1255.0,0.0,-3917.6336,141267.605,POSITIVE,LONG_GAMMA,DEALER_LONG_GAMMA,0.5,BULLISH,MEDIUM,36.4,15.4,47.5,21.0,41.3,37.5,10.3,,7675.0,7650.0,7676.5,LONG_GAMMA_TREND,40.1,0.68,40.9,44.2,NEUTRAL,6.6
2026-09-14 07:10:00,2733462.0,1915778.0,4915282.0,4340988.0,870.54,9956.61,-24404368.41,-3078.0,-676.0,-0.2853,0.2724,-0.5895,0.0,0.0,0.0,0.0,140237.265,POSITIVE,LONG_GAMMA,DEALER_LONG_GAMMA,0.47,NEUTRAL,LOW,31.5,19.0,41.4,18.9,40.8,22.5,25.7,,7675.0,7650.0,7677.0,LONG_GAMMA_PINNING,36.5,0.69,42.8,41.0,NEUTRAL,3.6
2026-09-14 07:11:00,2750712.0,1933918.0,4915282.0,4340988.0,869.54,9956.61,-24404368.41,-3776.0,4532.0,-0.2824,0.7207,-0.4334,1.0,17250.0,0.0,0.0,1502.3316,POSITIVE,LONG_GAMMA,DEALER_LONG_GAMMA,0.34,NEUTRAL,MEDIUM,28.3,21.2,44.4,17.5,44.0,22.5,25.2,,7645.0,7650.0,7679.0,LONG_GAMMA_PINNING,33.5,0.699,42.3,40.5,NEUTRAL,3.6
2026-09-14 07:12:00,2753468.0,1937382.0,4915282.0,4340988.0,866.54,9956.61,-24404368.41,-2329.0,4489.0,-0.2819,0.8236,-0.4162,1.0,2755.0,0.0,0.0,1958.8168,POSITIVE,LONG_GAMMA,DEALER_LONG_GAMMA,0.34,NEUTRAL,MEDIUM,26.3,22.6,46.4,16.6,46.1,22.5,25.2,,7625.0,7650.0,7678.75,LONG_GAMMA_PINNING,39.1,1.0,43.1,41.1,NEUTRAL,4.0
2026-09-14 07:13:00,2755282.0,1938462.0,4915282.0,4340988.0,871.54,9956.61,-24404368.41,-1173.0,2212.0,-0.2816,1.0,0.3803,1.0,1815.0,0.0,0.0,0.0,POSITIVE,LONG_GAMMA,DEALER_LONG_GAMMA,0.34,NEUTRAL,MEDIUM,25.0,23.5,47.7,16.0,47.5,22.5,25.2,,7660.0,7650.0,7678.75,LONG_GAMMA_PINNING,41.6,0.675,43.5,41.1,NEUTRAL,4.8
2026-09-14 07:14:00,2756942.0,1938462.0,4924158.0,4340988.0,874.46,9957.51,-24383211.94,1934.0,3965.0,-0.2821,0.4514,0.2502,-0.6849,1660.0,8875.0,21156.47,10578.235,POSITIVE,LONG_GAMMA,DEALER_LONG_GAMMA,0.34,NEUTRAL,MEDIUM,24.1,24.1,48.5,15.7,48.4,22.5,25.2,,7630.0,7625.0,7675.5,LONG_GAMMA_PINNING,38.6,0.684,43.3,40.0,NEUTRAL,6.6
2026-09-14 07:15:00,2757055.0,1938575.0,4924158.0,4340988.0,874.46,9957.51,-24383211.94,1934.0,4557.0,-0.2821,0.4533,0.3259,1.0,112.0,0.0,0.0,10578.235,POSITIVE,LONG_GAMMA,DEALER_LONG_GAMMA,0.36,BULLISH,MEDIUM,28.8,21.3,49.0,15.5,49.0,37.5,16.2,,7670.0,7625.0,7677.0,LONG_GAMMA_PINNING,35.6,1.0,41.6,38.4,NEUTRAL,6.4
2026-09-14 07:16:00,2757555.0,1989315.0,4924158.0,4340988.0,815.46,9957.51,-24383211.94,-7936.0,-13248.0,-0.282,-0.1293,0.4798,1.0,500.0,0.0,0.0,-10578.235,POSITIVE,LONG_GAMMA,DEALER_LONG_GAMMA,0.5,BULLISH,MEDIUM,31.8,19.8,49.4,15.3,45.9,37.3,17.0,,7650.0,7625.0,7677.5,LONG_GAMMA_PINNING,36.6,1.0,42.8,42.1,NEUTRAL,1.4
2026-09-14 07:17:00,2757555.0,1989570.0,4924158.0,4346812.0,815.15,9956.91,-24399349.78,-9010.0,-24408.0,-0.282,-0.3693,0.4967,0.0,0.0,0.0,-16137.8365,-18647.1533,POSITIVE,LONG_GAMMA,DEALER_LONG_GAMMA,0.5,BULLISH,MEDIUM,33.7,18.8,49.6,15.2,43.8,37.3,17.0,,7650.0,7635.0,7681.0,LONG_GAMMA_PINNING,33.6,1.0,41.5,40.8,NEUTRAL,1.4
2026-09-14 07:18:00,2757605.0,1990430.0,4924158.0,4346812.0,814.15,9956.91,-24399349.78,-9319.0,-24311.0,-0.282,-0.5852,0.4466,1.0,50.0,0.0,0.0,-8068.9183,POSITIVE,LONG_GAMMA,DEALER_LONG_GAMMA,0.44,NEUTRAL,MEDIUM,29.7,23.4,49.7,18.6,42.5,22.3,32.0,,7700.0,7635.0,7680.0,LONG_GAMMA_PINNING,30.6,1.0,43.4,39.8,NEUTRAL,7.2
2026-09-14 07:19:00,2899265.0,2025800.0,4983482.0,4346812.0,879.99,9966.72,-24083657.2,21697.0,78028.0,-0.2644,0.4116,0.4151,0.4097,141660.0,59325.0,315692.5835,165915.21,POSITIVE,LONG_GAMMA,DEALER_LONG_GAMMA,0.34,NEUTRAL,MEDIUM,27.2,23.9,49.8,17.3,45.1,22.5,25.0,,7650.0,7620.0,7677.5,LONG_GAMMA_TREND,53.8,0.639,46.1,44.6,NEUTRAL,3.0
2026-09-14 07:20:00,2899265.0,2031345.0,4983482.0,4361078.0,872.03,9964.51,-24156075.21,17735.0,76492.0,-0.2644,0.4113,0.4054,0.0,0.0,0.0,-72418.0197,129706.2002,POSITIVE,LONG_GAMMA,DEALER_LONG_GAMMA,0.34,NEUTRAL,MEDIUM,25.5,24.3,49.9,16.5,46.8,22.4,25.0,,7655.0,7620.0,7679.0,LONG_GAMMA_TREND,53.8,0.139,43.7,43.2,NEUTRAL,1.0
2026-09-14 07:21:00,2899265.0,2031345.0,4984532.0,4362128.0,872.03,9964.51,-24156075.21,27783.0,52047.0,-0.2645,0.4025,0.4138,-1.0,0.0,1050.0,0.0,-194055.3016,POSITIVE,LONG_GAMMA,DEALER_LONG_GAMMA,0.34,NEUTRAL,MEDIUM,24.4,24.5,49.9,16.0,47.9,22.4,25.0,,7655.0,7620.0,7676.75,LONG_GAMMA_TREND,53.8,0.139,45.3,44.2,NEUTRAL,2.2
2026-09-14 07:22:00,2901115.0,2032445.0,4994632.0,4362128.0,871.71,9965.76,-24121655.57,31169.0,-85389.0,-0.2651,0.3415,0.3505,-0.6904,1850.0,10100.0,34419.6445,-104427.4597,POSITIVE,LONG_GAMMA,DEALER_LONG_GAMMA,0.47,NEUTRAL,MEDIUM,23.7,22.6,49.9,15.7,45.1,22.4,19.0,,7630.0,7630.0,7676.5,LONG_GAMMA_TREND,50.8,0.648,44.7,43.7,NEUTRAL,2.0
2026-09-14 07:23:00,2901865.0,2033180.0,4997032.0,4364528.0,869.71,9965.76,-24121655.57,31334.0,-69281.0,-0.2652,0.3288,0.3497,-0.5238,750.0,2400.0,0.0,53418.8321,POSITIVE,LONG_GAMMA,DEALER_LONG_GAMMA,0.47,NEUTRAL,MEDIUM,23.3,21.3,49.9,15.5,43.3,22.4,19.0,,7630.0,7625.0,7677.0,LONG_GAMMA_PINNING,36.8,0.689,45.2,38.4,NEUTRAL,13.6
2026-09-14 07:24:00,2907015.0,2034345.0,5013582.0,4364528.0,884.91,10194.96,-24436777.77,2318.0,20372.0,-0.266,-0.5905,0.2768,-0.5253,5150.0,16550.0,-315122.2038,-174770.9241,POSITIVE,LONG_GAMMA,DEALER_LONG_GAMMA,0.34,BEARISH,MEDIUM,23.0,28.4,49.9,15.3,45.6,22.5,41.6,,7655.0,7695.0,7678.0,LONG_GAMMA_PINNING,33.8,0.698,42.6,38.8,NEUTRAL,7.6
2026-09-14 07:25:00,2907960.0,2035065.0,5018882.0,4369328.0,882.94,10238.44,-24780989.15,6425.0,1667.0,-0.2663,-0.6056,0.2549,-0.6974,945.0,5300.0,-344211.374,-346876.6112,POSITIVE,LONG_GAMMA,DEALER_LONG_GAMMA,0.32,BEARISH,LOW,22.8,33.0,42.9,18.7,47.1,22.5,41.7,,7695.0,7630.0,7677.75,LONG_GAMMA_PINNING,39.3,1.0,43.4,39.2,NEUTRAL,8.4
2026-09-14 07:26:00,2910645.0,2043915.0,5028008.0,4369328.0,873.39,10238.64,-24784196.8,7017.0,2641.0,-0.2667,-0.5851,0.1731,-0.5453,2685.0,9125.0,-3207.6566,-16148.4134,POSITIVE,LONG_GAMMA,DEALER_LONG_GAMMA,0.34,BEARISH,MEDIUM,22.7,36.0,45.4,17.4,48.1,22.4,41.7,,7620.0,7700.0,7675.25,LONG_GAMMA_PINNING,36.3,1.0,43.7,38.7,NEUTRAL,10.0
2026-09-14 07:27:00,2911365.0,2052125.0,5028008.0,4369328.0,856.8,10252.42,-24816990.78,3349.0,-11543.0,-0.2666,-0.5301,0.1669,1.0,720.0,0.0,-32793.973,311665.9741,POSITIVE,LONG_GAMMA,DEALER_LONG_GAMMA,0.44,BULLISH,MEDIUM,33.1,29.2,47.0,25.3,45.3,52.4,16.7,,7645.0,7700.0,7676.25,LONG_GAMMA_TREND,38.8,0.684,40.0,42.1,NEUTRAL,4.2
2026-09-14 07:28:00,2975490.0,2052125.0,5028008.0,4369328.0,954.13,10541.97,-25629589.43,16171.0,9235.0,-0.2565,0.4077,0.3228,1.0,64125.0,0.0,-812598.648,-248986.7952,POSITIVE,LONG_GAMMA,DEALER_LONG_GAMMA,0.34,NEUTRAL,MEDIUM,29.4,27.7,48.0,21.7,46.9,22.6,24.8,,7630.0,7700.0,7675.5,LONG_GAMMA_TREND,35.8,0.693,43.6,42.5,NEUTRAL,2.2
2026-09-14 07:29:00,2976275.0,2054495.0,5028008.0,4369328.0,954.29,10545.5,-25654794.59,11747.0,16508.0,-0.2563,0.6553,0.3573,1.0,785.0,0.0,-25205.1667,-400901.0926,POSITIVE,LONG_GAMMA,DEALER_LONG_GAMMA,0.36,BULLISH,MEDIUM,32.3,23.6,48.7,19.4,48.0,37.6,15.8,,7645.0,7700.0,7675.75,LONG_GAMMA_TREND,32.8,1.0,42.7,39.1,NEUTRAL,7.2
2026-09-14 07:30:00,2976750.0,2054495.0,5042258.0,4369328.0,953.69,10553.86,-25658245.74,14547.0,28020.0,-0.2576,0.4928,0.3008,-0.9355,475.0,14250.0,-3451.1521,408368.1511,POSITIVE,LONG_GAMMA,DEALER_LONG_GAMMA,0.36,BULLISH,MEDIUM,34.2,20.9,49.2,17.9,48.7,37.6,15.9,,7645.0,7625.0,7676.25,LONG_GAMMA_PINNING,37.0,0.689,43.4,36.7,NEUTRAL,13.4
2026-09-14 07:31:00,2980235.0,2059645.0,5042258.0,4374128.0,957.46,10555.82,-25700562.87,12662.0,-26092.0,-0.257,0.6601,0.3069,1.0,3485.0,0.0,-42317.1301,396017.7663,POSITIVE,LONG_GAMMA,DEALER_LONG_GAMMA,0.5,BULLISH,MEDIUM,35.4,17.0,49.5,16.9,45.7,37.6,9.9,,7640.0,7625.0,7676.75,LONG_GAMMA_PINNING,37.0,0.189,43.3,36.8,NEUTRAL,13.0
2026-09-14 07:32:00,2991135.0,2077165.0,5042258.0,4374128.0,1045.88,10736.09,-27038971.1,12836.0,-30723.0,-0.2553,0.6969,0.3284,1.0,10900.0,0.0,-1338408.2284,-676034.5199,POSITIVE,LONG_GAMMA,DEALER_LONG_GAMMA,0.47,NEUTRAL,MEDIUM,31.0,17.6,49.7,16.2,43.7,22.9,18.8,,7675.0,7625.0,7677.75,LONG_GAMMA_PINNING,34.0,0.698,43.4,37.6,NEUTRAL,11.6
2026-09-14 07:33:00,2991285.0,2077165.0,5042258.0,4374128.0,1046.49,10756.74,-27088707.08,41.0,-10882.0,-0.2553,0.0514,0.3286,1.0,150.0,0.0,-49735.9749,-671187.9606,POSITIVE,LONG_GAMMA,DEALER_LONG_GAMMA,0.44,NEUTRAL,MEDIUM,28.2,22.4,49.8,19.3,42.4,22.9,31.4,,7680.0,7625.0,7676.25,LONG_GAMMA_TREND,45.5,0.663,42.6,43.6,NEUTRAL,2.0
2026-09-14 07:34:00,3004770.0,2079720.0,5042258.0,4380098.0,1055.36,10755.8,-27121186.37,1350.0,-4633.0,-0.2532,0.3333,0.2845,1.0,13485.0,0.0,-32479.2893,649255.0471,POSITIVE,LONG_GAMMA,DEALER_LONG_GAMMA,0.47,NEUTRAL,MEDIUM,26.3,21.1,49.9,17.8,41.6,22.9,18.8,,7615.0,7615.0,7674.25,LONG_GAMMA_TREND,53.3,0.14,43.1,43.8,NEUTRAL,1.4
2026-09-14 07:35:00,3005065.0,2095655.0,5054198.0,4380098.0,1026.61,10757.68,-27056763.34,-2335.0,7012.0,-0.2543,0.4068,0.1988,-0.9518,295.0,11940.0,64423.0286,710043.9713,POSITIVE,LONG_GAMMA,DEALER_LONG_GAMMA,0.29,NEUTRAL,MEDIUM,30.3,22.4,49.9,29.1,44.5,37.8,24.8,,7680.0,7615.0,7673.75,LONG_GAMMA_TREND,50.3,0.649,42.3,44.5,NEUTRAL,4.4
2026-09-14 07:36:00,3174840.0,2095950.0,5089082.0,4383148.0,1287.51,10844.37,-27664567.61,39221.0,70760.0,-0.2316,0.6121,0.4499,0.6591,169775.0,34885.0,-607804.2756,-230582.9914,POSITIVE,LONG_GAMMA,DEALER_LONG_GAMMA,0.34,NEUTRAL,MEDIUM,27.9,23.1,49.9,24.2,46.4,23.5,24.5,,7610.0,7700.0,7666.75,LONG_GAMMA_TREND,52.8,1.0,50.6,43.0,NEUTRAL,15.2
2026-09-14 07:37:00,3189210.0,2097055.0,5091182.0,4383148.0,1305.66,10828.81,-27624696.04,43618.0,68438.0,-0.2297,0.6038,0.498,0.745,14370.0,2100.0,39871.5787,-299938.2181,POSITIVE,LONG_GAMMA,DEALER_LONG_GAMMA,0.34,NEUTRAL,MEDIUM,26.4,23.6,49.9,21.0,47.7,23.5,24.4,,7625.0,7620.0,7667.0,LONG_GAMMA_TREND,49.8,1.0,48.3,41.2,NEUTRAL,14.2
2026-09-14 07:38:00,3199470.0,2097055.0,5145408.0,4383148.0,1310.88,10831.19,-27618360.97,56485.0,93092.0,-0.2332,0.3374,0.3346,-0.6818,10260.0,54225.0,6335.067,294793.9463,POSITIVE,LONG_GAMMA,DEALER_LONG_GAMMA,0.34,NEUTRAL,MEDIUM,25.4,23.9,49.9,18.9,48.5,23.5,24.5,,7610.0,7685.0,7665.75,LONG_GAMMA_TREND,49.8,1.0,48.1,45.0,NEUTRAL,6.2
2026-09-14 07:39:00,3218535.0,2169695.0,5162638.0,4407972.0,1272.7,10858.41,-27737287.2,43259.0,-92581.0,-0.232,0.2795,0.3527,0.0506,19065.0,17230.0,-118926.2271,227670.7684,POSITIVE,LONG_GAMMA,DEALER_LONG_GAMMA,0.47,NEUTRAL,MEDIUM,24.7,24.2,49.9,17.5,45.5,23.4,24.6,,7630.0,7615.0,7665.5,LONG_GAMMA_TREND,46.8,1.0,45.3,41.6,NEUTRAL,7.4
2026-09-14 07:40:00,3321695.0,2171120.0,5226788.0,4415548.0,1373.82,10865.88,-27518629.0,75661.0,-54465.0,-0.2229,0.2944,0.3311,0.2332,103160.0,64150.0,218658.1999,26762.6635,POSITIVE,LONG_GAMMA,DEALER_LONG_GAMMA,0.5,BULLISH,MEDIUM,29.6,20.1,49.9,16.6,43.6,38.6,12.5,,7615.0,7620.0,7666.0,LONG_GAMMA_TREND,43.8,1.0,47.2,43.6,NEUTRAL,7.2
2026-09-14 07:41:00,3360940.0,2173005.0,5260238.0,4512298.0,1470.69,10930.26,-28380387.53,30210.0,-16192.0,-0.2203,0.0418,0.3195,0.0797,39245.0,33450.0,-861758.538,-265254.589,POSITIVE,LONG_GAMMA,DEALER_LONG_GAMMA,0.5,BULLISH,MEDIUM,32.8,18.5,49.9,16.0,42.3,38.8,15.5,,7615.0,7615.0,7668.25,LONG_GAMMA_TREND,52.4,1.0,47.0,42.7,NEUTRAL,8.6
2026-09-14 07:42:00,3361510.0,2214025.0,5264275.0,4519010.0,1419.44,10909.48,-28371906.27,18512.0,28091.0,-0.2206,-0.0023,0.3116,-0.7526,570.0,4038.0,8481.2598,-476504.6255,POSITIVE,LONG_GAMMA,DEALER_LONG_GAMMA,0.36,NEUTRAL,MEDIUM,34.9,21.0,49.9,15.7,45.0,38.7,25.5,,7630.0,7620.0,7668.0,LONG_GAMMA_TREND,49.4,1.0,32.4,53.1,SHORT,41.4
2026-09-14 07:43:00,3361510.0,2251215.0,5264275.0,4519010.0,1377.44,10909.48,-28371906.27,-1823.0,-83988.0,-0.2206,0.1537,0.2406,0.0,0.0,0.0,0.0,325790.7989,POSITIVE,LONG_GAMMA,DEALER_LONG_GAMMA,0.47,NEUTRAL,MEDIUM,30.9,22.2,49.9,15.5,43.2,23.6,24.4,,7625.0,7620.0,7670.0,LONG_GAMMA_TREND,52.4,1.0,43.2,41.0,NEUTRAL,4.4
2026-09-14 07:44:00,3361510.0,2336795.0,5264275.0,4536610.0,1294.14,10908.01,-28412764.71,-10225.0,-127350.0,-0.2206,0.169,0.2397,0.0,0.0,0.0,-40858.4352,406209.4215,POSITIVE,LONG_GAMMA,DEALER_LONG_GAMMA,0.5,BULLISH,MEDIUM,33.5,18.8,49.9,15.3,42.1,38.3,12.4,,7660.0,7700.0,7674.0,LONG_GAMMA_TREND,52.4,0.643,40.0,41.0,NEUTRAL,2.0
2026-09-14 07:45:00,3362510.0,2373995.0,5264275.0,4578860.0,1265.13,10901.36,-28648685.24,-57577.0,-38408.0,-0.2204,0.0425,0.2694,1.0,1000.0,0.0,-235920.5279,-142630.1114,POSITIVE,LONG_GAMMA,DEALER_LONG_GAMMA,0.5,BULLISH,MEDIUM,35.2,17.6,49.9,15.2,41.4,38.2,15.5,,7620.0,7615.0,7674.75,LONG_GAMMA_TREND,49.4,0.652,41.2,42.5,NEUTRAL,2.6
2026-09-14 07:46:00,3365570.0,2374525.0,5276235.0,4578860.0,1273.33,11249.17,-29106428.66,-49491.0,-15556.0,-0.2211,-0.5511,0.2444,-0.5925,3060.0,11960.0,-457743.4279,-326402.7603,POSITIVE,LONG_GAMMA,DEALER_LONG_GAMMA,0.47,BULLISH,MEDIUM,36.3,16.9,49.9,18.6,40.9,38.3,15.5,,7675.0,7665.0,7673.0,LONG_GAMMA_TREND,49.4,1.0,41.8,43.1,NEUTRAL,2.6
2026-09-14 07:47:00,3365840.0,2374685.0,5276235.0,4591910.0,1275.55,11260.91,-29203987.16,-43454.0,44552.0,-0.2211,-0.4684,0.2312,1.0,270.0,0.0,-97558.499,-139261.482,POSITIVE,LONG_GAMMA,DEALER_LONG_GAMMA,0.34,NEUTRAL,MEDIUM,37.0,19.9,49.9,20.8,44.1,38.3,25.5,,7675.0,7615.0,7671.25,LONG_GAMMA_TREND,46.4,1.0,43.0,43.0,NEUTRAL,0.0
2026-09-14 07:48:00,3366138.0,2380378.0,5276235.0,4600210.0,1272.87,11263.11,-29263569.86,-38755.0,86767.0,-0.221,-0.442,0.2314,1.0,298.0,0.0,-59582.6969,268261.3799,POSITIVE,LONG_GAMMA,DEALER_LONG_GAMMA,0.36,NEUTRAL,MEDIUM,37.4,21.9,49.9,18.8,46.2,38.3,25.5,,7650.0,7615.0,7672.75,LONG_GAMMA_TREND,46.4,1.0,42.9,42.8,NEUTRAL,0.2
2026-09-14 07:49:00,3369688.0,2380378.0,5276235.0,4600210.0,1280.87,11263.11,-29263569.86,-17409.0,24285.0,-0.2205,-0.1878,0.2186,1.0,3550.0,0.0,0.0,247859.615,POSITIVE,LONG_GAMMA,DEALER_LONG_GAMMA,0.36,NEUTRAL,MEDIUM,37.7,23.2,49.9,17.5,47.5,38.3,25.5,,7615.0,7615.0,7671.0,LONG_GAMMA_TREND,43.4,1.0,42.8,41.4,NEUTRAL,2.8
2026-09-14 07:50:00,3372015.0,2391000.0,5276235.0,4600210.0,1263.13,11273.79,-29280432.58,-3378.0,-6922.0,-0.2202,-0.1144,0.246,1.0,2328.0,0.0,-16862.7186,70139.2387,POSITIVE,LONG_GAMMA,DEALER_LONG_GAMMA,0.5,BULLISH,MEDIUM,37.9,20.5,49.9,16.6,44.9,38.2,15.5,,7625.0,7615.0,7672.75,LONG_GAMMA_TREND,48.7,1.0,42.9,42.2,NEUTRAL,1.4
2026-09-14 07:51:00,3394450.0,2394945.0,5276235.0,4604910.0,1288.57,11390.51,-29468169.61,-3518.0,16332.0,-0.217,1.0,0.0798,1.0,22435.0,0.0,-187737.0354,-72508.5285,POSITIVE,LONG_GAMMA,DEALER_LONG_GAMMA,0.34,NEUTRAL,MEDIUM,32.8,21.8,49.9,16.0,46.7,23.3,24.3,,7620.0,7620.0,7673.0,LONG_GAMMA_TREND,45.7,1.0,43.1,41.4,NEUTRAL,3.4
2026-09-14 07:52:00,3394822.0,2394952.0,5295385.0,4604910.0,1287.98,11393.02,-29390954.72,2973.0,13409.0,-0.2187,0.2043,0.0034,-0.9618,372.0,19150.0,77214.8975,-46829.7097,POSITIVE,LONG_GAMMA,DEALER_LONG_GAMMA,0.36,BULLISH,MEDIUM,34.7,21.3,49.9,15.7,47.9,38.3,20.4,,7645.0,7620.0,7672.25,LONG_GAMMA_TREND,42.7,1.0,42.5,40.6,NEUTRAL,3.8
2026-09-14 07:53:00,3403968.0,2396352.0,5295385.0,4615410.0,1313.64,11264.52,-28814585.22,5161.0,12556.0,-0.2174,0.3278,0.1538,1.0,9145.0,0.0,576369.4965,429092.074,POSITIVE,LONG_GAMMA,DEALER_LONG_GAMMA,0.36,BULLISH,MEDIUM,36.0,19.2,49.9,15.5,48.6,38.3,15.3,,7615.0,7615.0,7672.25,LONG_GAMMA_TREND,39.7,1.0,42.8,40.0,NEUTRAL,5.6
2026-09-14 07:54:00,3410898.0,2396352.0,5344585.0,4621560.0,1320.2,11271.48,-28569017.31,14447.0,19499.0,-0.2209,-0.2477,0.0278,-0.7531,6930.0,49200.0,245567.9131,466229.7738,POSITIVE,LONG_GAMMA,DEALER_LONG_GAMMA,0.36,NEUTRAL,MEDIUM,36.8,21.4,49.9,15.3,49.1,38.3,25.5,,7630.0,7615.0,7671.75,LONG_GAMMA_PINNING,37.6,0.687,44.6,37.6,NEUTRAL,14.0
2026-09-14 07:55:00,3410898.0,2396862.0,5349898.0,4626872.0,1319.2,11271.48,-28569017.31,16004.0,-1081.0,-0.2213,-0.309,-0.1597,-1.0,0.0,5312.0,0.0,-204008.2404,POSITIVE,LONG_GAMMA,DEALER_LONG_GAMMA,0.5,BULLISH,LOW,37.3,19.3,42.9,15.2,45.9,38.3,15.5,,7630.0,7615.0,7671.0,LONG_GAMMA_PINNING,34.6,0.696,31.5,48.1,SHORT,33.2
2026-09-14 07:56:00,3417122.0,2396862.0,5351828.0,4626872.0,1324.91,11271.79,-28557702.6,14877.0,10828.0,-0.2206,-0.5385,-0.2396,0.5267,6225.0,1930.0,11314.7105,-405311.3495,POSITIVE,LONG_GAMMA,DEALER_LONG_GAMMA,0.34,BEARISH,MEDIUM,32.4,26.7,45.4,15.1,47.3,23.4,40.5,,7610.0,7610.0,7669.0,LONG_GAMMA_PINNING,31.6,1.0,31.3,47.4,SHORT,32.2
2026-09-14 07:57:00,3422962.0,2398432.0,5351828.0,4638372.0,1369.45,11270.21,-28610180.72,9528.0,-23474.0,-0.2198,-0.3346,-0.1752,1.0,5840.0,0.0,-52478.1267,-143365.6647,POSITIVE,LONG_GAMMA,DEALER_LONG_GAMMA,0.47,NEUTRAL,MEDIUM,29.3,28.0,47.0,15.1,44.7,23.5,30.5,,7660.0,7615.0,7669.5,LONG_GAMMA_PINNING,37.5,1.0,41.7,34.0,NEUTRAL,15.4
2026-09-14 07:58:00,3428162.0,2445932.0,5351828.0,4638372.0,1275.45,11270.21,-28610180.72,1619.0,-38527.0,-0.2191,-0.3999,-0.1355,1.0,5200.0,0.0,0.0,-31896.4186,POSITIVE,LONG_GAMMA,DEALER_LONG_GAMMA,0.47,NEUTRAL,MEDIUM,27.2,28.9,48.0,15.1,43.1,23.2,30.5,,7620.0,7615.0,7669.75,LONG_GAMMA_PINNING,40.0,0.68,42.9,36.3,NEUTRAL,13.2
2026-09-14 07:59:00,3429862.0,2448108.0,5440028.0,4638372.0,1266.1,11274.82,-28580340.54,9168.0,8909.0,-0.2266,-0.6685,-0.44,-0.9622,1700.0,88200.0,29840.1861,35501.8012,POSITIVE,LONG_GAMMA,DEALER_LONG_GAMMA,0.36,NEUTRAL,MEDIUM,31.0,27.8,48.7,15.1,45.5,38.2,25.7,,7650.0,7660.0,7672.25,LONG_GAMMA_PINNING,37.0,0.689,43.5,39.2,NEUTRAL,8.6
2026-09-14 08:00:00,3431312.0,2448108.0,5445728.0,4638372.0,1271.61,11275.06,-28580361.15,10700.0,17062.0,-0.2269,-0.6488,-0.4501,-0.5944,1450.0,5700.0,-20.6096,41148.8516,POSITIVE,LONG_GAMMA,DEALER_LONG_GAMMA,0.36,NEUTRAL,MEDIUM,33.5,27.1,49.2,15.1,47.1,38.2,25.7,,7620.0,7670.0,7672.0,LONG_GAMMA_PINNING,40.0,1.0,43.9,39.5,NEUTRAL,8.8
2026-09-14 08:01:00,3435802.0,2449988.0,5459028.0,4638372.0,1279.27,11309.14,-28571313.56,12251.0,61693.0,-0.2275,-0.7032,-0.4449,-0.4952,4490.0,13300.0,9047.5871,-10406.6043,POSITIVE,LONG_GAMMA,DEALER_LONG_GAMMA,0.34,BEARISH,MEDIUM,29.9,31.9,49.5,15.1,48.1,23.2,40.7,,7630.0,7670.0,7670.25,LONG_GAMMA_PINNING,37.0,1.0,45.5,39.2,NEUTRAL,12.6
2026-09-14 08:02:00,3437308.0,2471428.0,5459028.0,4644072.0,1271.97,11308.52,-28588399.37,8570.0,-23571.0,-0.2273,-0.764,-0.4378,1.0,1505.0,0.0,-17085.8119,-18928.9006,POSITIVE,LONG_GAMMA,DEALER_LONG_GAMMA,0.41,NEUTRAL,MEDIUM,32.8,31.5,49.7,23.8,45.3,38.2,30.7,,7655.0,7625.0,7669.75,LONG_GAMMA_PINNING,37.4,1.0,44.5,39.9,NEUTRAL,9.2
2026-09-14 08:03:00,3439208.0,2472588.0,5484658.0,4644072.0,1271.61,11311.63,-28495898.78,22304.0,-41889.0,-0.2292,-0.8465,-0.4808,-0.862,1900.0,25630.0,92500.5918,33193.9012,POSITIVE,LONG_GAMMA,DEALER_LONG_GAMMA,0.47,NEUTRAL,MEDIUM,29.4,31.2,49.8,20.7,43.4,23.2,30.7,,7625.0,7620.0,7668.25,LONG_GAMMA_PINNING,34.4,1.0,45.1,40.0,NEUTRAL,10.2
2026-09-14 08:04:00,3493962.0,2482608.0,5640808.0,4644072.0,1351.81,11378.84,-28550398.28,44936.0,55677.0,-0.235,-0.516,-0.4916,-0.4808,54755.0,156150.0,-54499.4982,23019.6592,POSITIVE,LONG_GAMMA,DEALER_LONG_GAMMA,0.36,NEUTRAL,MEDIUM,32.5,29.3,49.9,18.7,45.7,38.3,25.9,,7610.0,7625.0,7666.25,LONG_GAMMA_TREND,52.9,0.641,45.3,45.6,NEUTRAL,0.6
2026-09-14 08:05:00,3513485.0,2490145.0,5640808.0,4644072.0,1358.81,11378.84,-28550398.28,45903.0,84609.0,-0.2324,-0.4072,-0.4409,1.0,19522.0,0.0,0.0,-64957.1391,POSITIVE,LONG_GAMMA,DEALER_LONG_GAMMA,0.36,NEUTRAL,MEDIUM,34.5,28.1,49.9,17.4,47.2,38.3,25.8,,7615.0,7625.0,7666.0,LONG_GAMMA_TREND,49.9,0.65,45.5,45.4,NEUTRAL,0.2
2026-09-14 08:06:00,3513568.0,2492782.0,5640808.0,4667572.0,1353.58,11376.37,-28620448.1,37510.0,61904.0,-0.2324,-0.4008,-0.5075,1.0,82.0,0.0,-70049.8215,-54025.4575,POSITIVE,LONG_GAMMA,PUT_PANIC,0.35,NEUTRAL,MEDIUM,35.8,32.5,49.9,20.1,55.2,38.3,40.8,,7670.0,7620.0,7668.25,LONG_GAMMA_TREND,52.8,1.0,44.5,45.6,NEUTRAL,2.2
2026-09-14 08:07:00,3514318.0,2510238.0,5640808.0,4667572.0,1338.58,11376.37,-28620448.1,39296.0,-123886.0,-0.2323,-0.4048,-0.486,1.0,750.0,0.0,0.0,-7775.1616,POSITIVE,LONG_GAMMA,DEALER_LONG_GAMMA,0.42,BEARISH,MEDIUM,31.4,37.2,49.9,18.3,56.9,23.3,45.8,,7640.0,7620.0,7665.25,LONG_GAMMA_TREND,52.8,0.642,45.1,44.8,NEUTRAL,0.6
2026-09-14 08:08:00,3527568.0,2513732.0,5664088.0,4667572.0,1359.24,11540.18,-28762854.3,40629.0,-109677.0,-0.2324,-0.3401,-0.4979,-0.2746,13250.0,23280.0,-142406.2006,-36178.1896,POSITIVE,LONG_GAMMA,DEALER_LONG_GAMMA,0.47,NEUTRAL,MEDIUM,28.6,35.0,49.9,17.1,51.0,23.3,30.8,,7610.0,7700.0,7663.75,LONG_GAMMA_TREND,52.8,0.142,44.5,45.2,NEUTRAL,1.4
2026-09-14 08:09:00,3528418.0,2521778.0,5669968.0,4670822.0,1350.75,11540.82,-28734873.27,-461.0,10957.0,-0.2328,0.0832,-0.4693,-0.7474,850.0,5880.0,27981.028,-22187.6756,POSITIVE,LONG_GAMMA,DEALER_LONG_GAMMA,0.34,BEARISH,MEDIUM,26.7,37.0,49.9,16.4,50.6,23.3,40.8,,7625.0,7605.0,7665.0,LONG_GAMMA_TREND,52.8,0.142,43.1,46.5,NEUTRAL,6.8
2026-09-14 08:10:00,3528728.0,2538268.0,5678542.0,4679398.0,1331.75,11540.82,-28734873.27,-6094.0,25477.0,-0.2335,-0.4246,-0.4722,-0.9302,310.0,8575.0,0.0,85193.6143,POSITIVE,LONG_GAMMA,DEALER_LONG_GAMMA,0.36,NEUTRAL,MEDIUM,30.7,33.1,49.9,15.9,50.4,38.2,25.8,,7655.0,7615.0,7665.75,LONG_GAMMA_TREND,49.8,0.651,42.6,46.2,NEUTRAL,7.2
2026-09-14 08:11:00,3531052.0,2547808.0,5678542.0,4681572.0,1323.04,11540.5,-28746647.3,-2761.0,-18210.0,-0.2332,-0.3667,-0.4829,1.0,2325.0,0.0,-11774.032,51325.5703,POSITIVE,LONG_GAMMA,DEALER_LONG_GAMMA,0.5,BULLISH,MEDIUM,33.3,27.1,49.9,15.6,46.8,38.2,15.8,,7615.0,7610.0,7669.0,LONG_GAMMA_TREND,52.7,1.0,41.6,45.4,NEUTRAL,7.6
2026-09-14 08:12:00,3561988.0,2552608.0,5682222.0,4681572.0,1370.9,12234.69,-29022758.37,6543.0,-12820.0,-0.2294,0.0702,-0.4077,0.7874,30935.0,3680.0,-276111.0697,-157933.0648,POSITIVE,LONG_GAMMA,DEALER_LONG_GAMMA,0.44,BULLISH,MEDIUM,40.3,23.1,49.9,24.1,44.4,53.3,15.7,,7620.0,7610.0,7669.75,LONG_GAMMA_TREND,49.7,1.0,41.7,43.3,NEUTRAL,3.2
2026-09-14 08:13:00,3561988.0,2556422.0,5682222.0,4681572.0,1347.9,12234.69,-29022758.37,-827.0,15909.0,-0.2294,0.3099,-0.4234,0.0,0.0,0.0,0.0,-132168.5188,POSITIVE,LONG_GAMMA,DEALER_LONG_GAMMA,0.32,BULLISH,MEDIUM,44.8,20.4,49.9,29.7,46.4,53.3,15.4,,7655.0,7610.0,7671.0,CHARM_DOMINATED,37.5,0.688,45.0,39.2,NEUTRAL,11.6
2026-09-14 08:14:00,3566088.0,2566932.0,5682222.0,4681572.0,1329.09,12214.08,-28908522.18,-1196.0,19315.0,-0.2288,0.5091,-0.28,1.0,4100.0,0.0,114236.193,201060.6474,POSITIVE,LONG_GAMMA,DEALER_LONG_GAMMA,0.36,BULLISH,MEDIUM,42.5,18.7,49.9,24.6,47.7,38.2,15.4,,7620.0,7610.0,7671.75,CHARM_DOMINATED,37.5,0.188,45.0,39.1,NEUTRAL,11.8
2026-09-14 08:15:00,3570460.0,2593130.0,5682222.0,4681572.0,1277.09,12214.08,-28908522.18,-2325.0,-20896.0,-0.2282,0.8379,-0.2591,1.0,4372.0,0.0,0.0,195173.6314,POSITIVE,LONG_GAMMA,DEALER_LONG_GAMMA,0.41,BULLISH,MEDIUM,46.2,15.5,49.9,33.5,45.0,53.1,9.4,,7675.0,7610.0,7673.25,CHARM_DOMINATED,34.5,0.697,29.3,51.7,SHORT,44.8
2026-09-14 08:16:00,3573198.0,2602848.0,5682222.0,4681572.0,1264.06,12213.71,-28900474.89,-1843.0,-24738.0,-0.2279,0.8394,-0.2379,1.0,2738.0,0.0,8047.289,-53094.452,POSITIVE,LONG_GAMMA,DEALER_LONG_GAMMA,0.5,BULLISH,MEDIUM,43.3,13.4,49.9,27.0,43.2,38.1,9.4,,7620.0,7610.0,7672.5,CHARM_DOMINATED,36.7,1.0,29.5,52.0,SHORT,45.0
2026-09-14 08:17:00,3573875.0,2625420.0,5682222.0,4877572.0,1242.44,12180.02,-29857675.88,-51385.0,-77121.0,-0.2278,1.0,-0.2408,1.0,678.0,0.0,-957200.9856,-531694.9448,POSITIVE,LONG_GAMMA,DEALER_LONG_GAMMA,0.47,NEUTRAL,MEDIUM,36.2,15.2,49.9,22.8,42.1,23.0,18.4,,7640.0,7615.0,7674.5,CHARM_DOMINATED,33.7,1.0,28.0,50.6,SHORT,45.2
2026-09-14 08:18:00,3594800.0,2628615.0,5769172.0,4906898.0,1260.7,12193.41,-29305496.6,-35551.0,-35722.0,-0.2322,-0.452,-0.2929,-0.6121,20925.0,86950.0,552179.2734,-206534.5006,POSITIVE,LONG_GAMMA,DEALER_LONG_GAMMA,0.47,NEUTRAL,MEDIUM,31.6,20.7,49.9,20.1,41.4,23.0,30.8,,7630.0,7615.0,7674.75,CHARM_DOMINATED,30.7,1.0,28.5,50.7,SHORT,44.4
2026-09-14 08:19:00,3613585.0,2644165.0,5769172.0,5023448.0,1285.4,12174.34,-30107045.22,-56932.0,-70882.0,-0.2297,-0.2934,-0.0353,1.0,18785.0,0.0,-801548.612,349892.179,POSITIVE,LONG_GAMMA,DEALER_LONG_GAMMA,0.47,NEUTRAL,MEDIUM,28.6,24.2,49.9,18.3,40.9,23.0,30.7,,7640.0,7615.0,7675.0,LONG_GAMMA_PINNING,39.8,0.681,32.0,53.1,SHORT,42.2
2026-09-14 08:20:00,3628532.0,2648568.0,5769172.0,5030798.0,1290.91,12174.11,-30105954.08,-51928.0,100849.0,-0.2278,-0.1991,-0.0547,1.0,14948.0,0.0,1091.1406,-197717.8796,POSITIVE,LONG_GAMMA,DEALER_LONG_GAMMA,0.34,BEARISH,MEDIUM,26.6,30.0,49.9,17.1,44.1,23.0,40.7,,7625.0,7680.0,7675.0,LONG_GAMMA_PINNING,47.8,0.156,25.4,31.8,NEUTRAL,12.8
2026-09-14 08:21:00,3636942.0,2654522.0,5778372.0,5081598.0,1302.41,12153.41,-30258302.83,-58361.0,21515.0,-0.2274,-0.2027,-0.0544,-0.0449,8410.0,9200.0,-152348.757,49055.8612,POSITIVE,LONG_GAMMA,DEALER_LONG_GAMMA,0.34,BEARISH,MEDIUM,25.4,33.7,49.9,16.4,46.2,23.0,40.7,,7635.0,7640.0,7674.75,LONG_GAMMA_PINNING,47.8,0.156,32.5,50.7,SHORT,36.4
2026-09-14 08:22:00,3663622.0,2657428.0,5778372.0,5103198.0,1323.92,12152.72,-30255453.24,-14347.0,7722.0,-0.224,-0.0344,0.0409,1.0,26680.0,0.0,2849.5961,325479.1553,POSITIVE,LONG_GAMMA,DEALER_LONG_GAMMA,0.36,NEUTRAL,MEDIUM,29.8,30.9,49.9,15.9,47.5,38.1,25.6,,7620.0,7680.0,7676.0,LONG_GAMMA_PINNING,44.8,0.665,32.7,51.0,SHORT,36.6
2026-09-14 08:23:00,3670635.0,2683010.0,5778372.0,5132898.0,1135.77,12148.89,-30381867.97,-39072.0,26647.0,-0.2231,0.7836,0.1118,1.0,7012.0,0.0,-126414.7285,13846.242,POSITIVE,LONG_GAMMA,DEALER_LONG_GAMMA,0.36,BULLISH,MEDIUM,32.5,25.5,49.9,15.6,48.4,37.6,15.3,,7620.0,7625.0,7675.75,LONG_GAMMA_PINNING,44.8,1.0,32.7,52.0,SHORT,38.6
2026-09-14 08:24:00,3673352.0,2704208.0,5782422.0,5132898.0,1114.18,12149.53,-30358446.26,-19295.0,-2200.0,-0.223,0.6371,0.1262,-0.1969,2718.0,4050.0,23421.7077,23253.07,POSITIVE,LONG_GAMMA,DEALER_LONG_GAMMA,0.4,NEUTRAL,LOW,29.0,26.1,42.9,18.9,52.5,22.6,27.3,,7725.0,7620.0,7675.5,LONG_GAMMA_PINNING,41.8,1.0,33.3,49.0,SHORT,31.4
2026-09-14 08:25:00,3686295.0,2705725.0,5813672.0,5132898.0,1134.71,12139.57,-30092298.6,-11399.0,11810.0,-0.2239,0.1297,0.0767,-0.4143,12942.0,31250.0,266147.6571,206567.2486,POSITIVE,LONG_GAMMA,DEALER_LONG_GAMMA,0.34,BEARISH,MEDIUM,26.8,31.2,45.4,17.5,51.6,22.6,40.6,,7640.0,7635.0,7674.5,LONG_GAMMA_PINNING,38.8,1.0,34.3,49.6,SHORT,30.6
2026-09-14 08:26:00,3686375.0,2713455.0,5833608.0,5170522.0,1111.45,12148.83,-30106304.76,-8638.0,24016.0,-0.2256,-0.0554,0.0008,-0.992,80.0,19935.0,-14006.1633,177567.2573,POSITIVE,LONG_GAMMA,DEALER_LONG_GAMMA,0.32,BEARISH,MEDIUM,25.3,34.5,47.0,20.1,51.0,22.6,40.6,,7680.0,7635.0,7674.75,LONG_GAMMA_PINNING,39.8,1.0,44.6,35.3,LONG,18.6
2026-09-14 08:27:00,3689165.0,2713455.0,5909458.0,5170522.0,1105.95,12173.76,-29803573.43,6655.0,63342.0,-0.2313,-0.6738,-0.2823,-0.929,2790.0,75850.0,302731.3321,-422.098,POSITIVE,LONG_GAMMA,DEALER_LONG_GAMMA,0.34,BEARISH,MEDIUM,24.3,36.7,48.0,18.3,50.6,22.5,40.8,,7630.0,7620.0,7675.25,LONG_GAMMA_PINNING,39.8,0.68,46.3,36.1,LONG,20.4
2026-09-14 08:28:00,3693655.0,2717340.0,5932858.0,5170522.0,1062.83,12287.91,-30471947.63,21110.0,11646.0,-0.2326,-0.7406,-0.3112,-0.678,4490.0,23400.0,-668374.1965,-308892.1791,POSITIVE,LONG_GAMMA,DEALER_LONG_GAMMA,0.32,BEARISH,MEDIUM,23.6,38.1,48.7,20.6,50.4,22.4,40.8,,7685.0,7615.0,7673.25,LONG_GAMMA_PINNING,36.8,0.689,45.4,36.4,LONG,18.0
2026-09-14 08:29:00,3697118.0,2721182.0,5932858.0,5170522.0,1066.99,12290.67,-30518775.86,23920.0,25421.0,-0.2322,-0.7272,-0.3134,1.0,3462.0,0.0,-46828.2329,-501963.7991,POSITIVE,LONG_GAMMA,DEALER_LONG_GAMMA,0.34,BEARISH,MEDIUM,23.2,39.0,49.2,18.6,50.3,22.4,40.8,,7650.0,7615.0,7675.0,LONG_GAMMA_TREND,49.0,0.653,45.4,39.8,NEUTRAL,11.2
2026-09-14 08:30:00,3707142.0,2726622.0,6006808.0,5232542.0,1060.25,12294.61,-30770646.16,18688.0,-13270.0,-0.2367,-0.8051,-0.4074,-0.7612,10025.0,73950.0,-251870.2993,33472.1661,POSITIVE,LONG_GAMMA,DEALER_LONG_GAMMA,0.47,NEUTRAL,MEDIUM,22.9,36.2,49.5,17.3,46.7,22.4,30.9,,7615.0,7635.0,7674.0,LONG_GAMMA_TREND,49.0,0.153,43.6,41.2,NEUTRAL,4.8
2026-09-14 08:31:00,3740132.0,2735568.0,6010762.0,5243692.0,1086.88,12189.94,-30467147.1,27126.0,-40328.0,-0.2329,-0.5344,-0.3262,0.7859,32990.0,3955.0,303499.0625,383415.5963,POSITIVE,LONG_GAMMA,DEALER_LONG_GAMMA,0.5,BULLISH,MEDIUM,28.0,29.1,49.7,16.5,44.4,37.5,15.8,,7615.0,7680.0,7671.25,LONG_GAMMA_TREND,46.0,0.662,45.1,41.4,NEUTRAL,7.4
2026-09-14 08:32:00,3798868.0,2747752.0,6042432.0,5243692.0,1299.52,12425.39,-30966435.41,27042.0,25382.0,-0.228,-0.0959,-0.2311,0.2994,58735.0,31670.0,-499288.3166,51454.639,POSITIVE,LONG_GAMMA,DEALER_LONG_GAMMA,0.36,NEUTRAL,MEDIUM,31.5,27.9,49.8,16.0,46.4,37.9,25.7,,7620.0,7690.0,7672.0,CHARM_DOMINATED,36.7,0.69,47.4,36.3,LONG,22.2
2026-09-14 08:33:00,3853972.0,2780648.0,6062708.0,5290468.0,1336.67,12421.45,-31034945.83,21383.0,22193.0,-0.2227,0.105,-0.0622,0.4621,55105.0,20275.0,-68510.4186,-309713.7492,POSITIVE,LONG_GAMMA,DEALER_LONG_GAMMA,0.36,NEUTRAL,MEDIUM,33.8,27.1,49.9,15.7,47.7,38.0,25.6,,7630.0,7620.0,7672.5,CHARM_DOMINATED,33.7,0.699,46.9,35.9,LONG,22.0
2026-09-14 08:34:00,3889022.0,2784728.0,6073402.0,5290468.0,1402.11,12423.09,-30978353.44,29792.0,21849.0,-0.2193,0.1545,-0.0497,0.5324,35050.0,10695.0,56592.3907,91935.6131,POSITIVE,LONG_GAMMA,DEALER_LONG_GAMMA,0.36,BULLISH,MEDIUM,35.3,24.8,49.9,15.5,48.5,38.1,20.4,,7625.0,7625.0,7671.5,CHARM_DOMINATED,30.7,1.0,46.7,35.4,LONG,22.6
2026-09-14 08:35:00,3947748.0,2789638.0,6079202.0,5290468.0,1482.64,12475.3,-31094299.85,38412.0,-15205.0,-0.2126,0.5374,0.0146,0.8202,58725.0,5800.0,-115946.41,254222.358,POSITIVE,LONG_GAMMA,DEALER_LONG_GAMMA,0.47,NEUTRAL,MEDIUM,31.1,22.5,49.9,15.3,45.5,23.3,18.2,,7620.0,7640.0,7670.25,LONG_GAMMA_TREND,41.0,0.677,45.3,38.0,NEUTRAL,14.6
2026-09-14 08:36:00,3966202.0,2793832.0,6159632.0,5290468.0,1504.48,12505.34,-30882977.34,53980.0,28358.0,-0.2166,0.2059,-0.0732,-0.6267,18455.0,80430.0,211322.5091,53647.0635,POSITIVE,LONG_GAMMA,DEALER_LONG_GAMMA,0.36,BULLISH,MEDIUM,33.6,21.7,49.9,15.2,47.1,38.3,20.3,,7625.0,7620.0,7670.75,LONG_GAMMA_TREND,38.0,0.686,45.1,39.5,NEUTRAL,11.2
2026-09-14 08:37:00,3988882.0,2801578.0,6364742.0,5315768.0,1546.63,12518.42,-30844554.84,77285.0,97662.0,-0.2295,-0.2582,-0.2864,-0.8009,22680.0,205110.0,38422.4984,154549.5133,POSITIVE,LONG_GAMMA,DEALER_LONG_GAMMA,0.34,BEARISH,MEDIUM,30.0,28.4,49.9,15.1,48.1,23.3,40.7,,7630.0,7650.0,7669.5,LONG_GAMMA_TREND,41.3,1.0,44.3,41.0,NEUTRAL,6.6
2026-09-14 08:38:00,4041055.0,2824430.0,6370438.0,5389368.0,1641.02,12509.28,-31169254.26,70426.0,32977.0,-0.2237,-0.2438,-0.2303,0.8032,52172.0,5695.0,-324699.4176,-190826.5092,POSITIVE,LONG_GAMMA,DEALER_LONG_GAMMA,0.34,BEARISH,MEDIUM,27.7,32.7,49.9,15.1,48.8,23.5,40.6,,7610.0,7620.0,7669.5,LONG_GAMMA_TREND,38.3,1.0,42.9,38.8,NEUTRAL,8.2
2026-09-14 08:39:00,4050965.0,2833985.0,6370438.0,5432228.0,1645.01,12502.62,-31409727.26,53592.0,-39268.0,-0.2226,-0.2943,-0.2179,1.0,9910.0,0.0,-240472.9994,-407458.7122,POSITIVE,LONG_GAMMA,DEALER_LONG_GAMMA,0.42,BEARISH,MEDIUM,26.2,37.2,49.9,15.1,52.7,23.5,45.6,,7610.0,7610.0,7669.25,LONG_GAMMA_PINNING,39.8,0.68,45.9,38.0,NEUTRAL,15.8
2026-09-14 08:40:00,4093305.0,2835945.0,6459442.0,5437968.0,1747.27,12584.7,-31354450.83,66398.0,-130532.0,-0.2242,-0.4463,-0.2268,-0.3553,42340.0,89005.0,55276.4344,50540.1771,POSITIVE,LONG_GAMMA,DEALER_LONG_GAMMA,0.47,NEUTRAL,MEDIUM,25.3,34.9,49.9,15.1,48.3,23.7,30.6,,7610.0,7640.0,7668.75,LONG_GAMMA_PINNING,39.8,0.18,45.8,38.1,NEUTRAL,15.4
2026-09-14 08:41:00,4141055.0,2856835.0,6472458.0,5471258.0,1759.18,12574.65,-31321480.43,48777.0,-48838.0,-0.2197,-0.2829,-0.1684,0.5716,47750.0,13015.0,32970.3932,326709.6223,POSITIVE,LONG_GAMMA,DEALER_LONG_GAMMA,0.5,BULLISH,MEDIUM,30.0,28.1,49.9,15.1,45.4,38.7,15.5,,7620.0,7640.0,7673.25,LONG_GAMMA_PINNING,36.8,0.689,45.0,37.4,NEUTRAL,15.2
2026-09-14 08:42:00,4148042.0,2930788.0,6472458.0,5521568.0,1256.98,12569.28,-31484631.41,-13627.0,44863.0,-0.2189,0.1928,-0.1019,1.0,6988.0,0.0,-163150.9751,27507.9916,POSITIVE,LONG_GAMMA,DEALER_LONG_GAMMA,0.34,BULLISH,MEDIUM,32.7,25.4,49.9,18.6,47.0,37.6,20.4,,7710.0,7650.0,7674.5,LONG_GAMMA_TREND,41.0,0.677,41.3,41.8,NEUTRAL,1.0
2026-09-14 08:43:00,4166900.0,2975200.0,6490920.0,5536930.0,401.25,12596.58,-31575071.38,-10401.0,-84952.0,-0.2181,0.0218,-0.0822,0.0106,18858.0,18462.0,-90439.9729,-170918.8878,POSITIVE,LONG_GAMMA,DEALER_LONG_GAMMA,0.5,BULLISH,MEDIUM,33.8,21.9,49.9,17.3,44.5,35.8,15.5,,7630.0,7640.0,7675.25,LONG_GAMMA_TREND,38.0,0.686,42.5,41.0,NEUTRAL,3.0
2026-09-14 08:44:00,4178970.0,3004320.0,6550245.0,5588155.0,217.13,12576.09,-31568203.96,-3690.0,-114675.0,-0.221,-0.1683,-0.1233,-0.6619,12070.0,59325.0,6867.4252,23304.0171,POSITIVE,LONG_GAMMA,DEALER_LONG_GAMMA,0.44,BULLISH,MEDIUM,39.6,19.7,49.9,25.2,42.9,50.4,15.5,,7675.0,7635.0,7676.0,CHARM_DOMINATED,36.8,0.69,44.9,38.1,NEUTRAL,13.6
2026-09-14 08:45:00,4199670.0,3029495.0,6560045.0,5727905.0,241.08,12707.73,-32308223.83,-55304.0,68.0,-0.2194,0.0278,-0.0581,0.3574,20700.0,9800.0,-740019.8697,-239780.7483,POSITIVE,LONG_GAMMA,DEALER_LONG_GAMMA,0.36,NEUTRAL,LOW,38.2,21.7,42.9,21.6,45.4,35.5,25.5,,7625.0,7640.0,7678.25,CHARM_DOMINATED,33.8,0.699,45.5,39.0,NEUTRAL,13.0
2026-09-14 08:46:00,4246020.0,3038200.0,6584215.0,5797245.0,232.18,12707.56,-32303326.28,-58126.0,19565.0,-0.2159,-0.0313,-0.0626,0.3145,46350.0,24170.0,4897.5448,-325774.8886,POSITIVE,LONG_GAMMA,DEALER_LONG_GAMMA,0.36,NEUTRAL,MEDIUM,37.2,23.0,45.4,19.3,47.0,35.5,25.4,,7625.0,7665.0,7678.75,CHARM_DOMINATED,30.8,1.0,46.4,40.9,NEUTRAL,11.0
2026-09-14 08:47:00,4260592.0,3047278.0,6617222.0,5860148.0,257.95,12701.8,-32530962.41,-39551.0,-39748.0,-0.2166,-0.1252,-0.1091,-0.3875,14572.0,33008.0,-227636.1295,255206.9299,POSITIVE,LONG_GAMMA,DEALER_LONG_GAMMA,0.47,NEUTRAL,MEDIUM,31.4,25.6,47.0,17.8,44.5,20.5,30.4,,7630.0,7625.0,7679.75,CHARM_DOMINATED,27.8,1.0,45.7,35.1,LONG,21.2
2026-09-14 08:48:00,4301468.0,3072322.0,6679938.0,5869872.0,293.13,12642.7,-31571487.16,-21296.0,83986.0,-0.2166,-0.1683,-0.1594,-0.2108,40875.0,62715.0,959475.2484,733480.7219,POSITIVE,LONG_GAMMA,DEALER_LONG_GAMMA,0.36,NEUTRAL,MEDIUM,32.9,25.5,48.0,16.8,46.4,35.6,25.4,,7645.0,7630.0,7683.0,LONG_GAMMA_TREND,52.4,0.643,45.4,43.5,NEUTRAL,3.8
2026-09-14 08:49:00,4301468.0,3122982.0,6679938.0,5891408.0,113.32,12506.3,-30725367.01,-33945.0,61717.0,-0.2166,-0.0285,-0.1905,0.0,0.0,0.0,846120.1569,1014166.995,POSITIVE,LONG_GAMMA,DEALER_LONG_GAMMA,0.3,BULLISH,MEDIUM,39.0,25.5,48.7,28.4,47.7,50.2,25.4,,7705.0,7630.0,7685.75,LONG_GAMMA_TREND,52.4,0.143,44.8,43.6,NEUTRAL,2.4
2026-09-14 08:50:00,4329985.0,3177245.0,6681162.0,5932122.0,204.75,12500.37,-30944860.91,-20107.0,-6908.0,-0.2135,0.0366,-0.2233,0.9176,28518.0,1225.0,-219493.9078,-52606.4349,POSITIVE,LONG_GAMMA,DEALER_LONG_GAMMA,0.44,BULLISH,MEDIUM,43.0,21.9,49.2,32.5,45.0,50.4,15.3,,7650.0,7630.0,7686.75,LONG_GAMMA_TREND,52.4,0.143,43.8,42.0,NEUTRAL,3.6
2026-09-14 08:51:00,4359440.0,3184490.0,6705222.0,6014832.0,314.88,12610.74,-31238370.51,-25890.0,-80167.0,-0.212,-0.0324,-0.1623,0.1008,29455.0,24060.0,-293509.5957,-1159299.4544,POSITIVE,LONG_GAMMA,DEALER_LONG_GAMMA,0.5,BULLISH,MEDIUM,40.4,19.6,49.5,26.4,43.2,35.6,15.3,,7630.0,7725.0,7687.5,LONG_GAMMA_TREND,49.4,0.652,44.4,44.3,NEUTRAL,0.2
2026-09-14 08:52:00,4415015.0,3184655.0,6803942.0,6046218.0,471.51,12624.24,-30518756.34,3539.0,8711.0,-0.2129,-0.0947,-0.0151,-0.2796,55575.0,98720.0,719614.1714,-100260.8367,POSITIVE,LONG_GAMMA,DEALER_LONG_GAMMA,0.34,BEARISH,MEDIUM,33.6,26.9,49.7,22.4,45.6,20.9,40.3,,7640.0,7625.0,7684.75,LONG_GAMMA_TREND,52.2,1.0,45.8,42.2,NEUTRAL,7.2
2026-09-14 08:53:00,4454198.0,3204392.0,6807192.0,6083272.0,537.28,12764.45,-31673438.59,-13097.0,92697.0,-0.2089,0.091,-0.0278,0.8468,39182.0,3250.0,-1154682.2499,38967.7125,POSITIVE,LONG_GAMMA,DEALER_LONG_GAMMA,0.36,NEUTRAL,MEDIUM,34.5,26.3,49.8,19.8,47.1,36.0,25.2,,7650.0,7670.0,7686.75,LONG_GAMMA_TREND,52.2,0.643,45.9,45.2,NEUTRAL,1.4
2026-09-14 08:54:00,4499368.0,3228942.0,6807192.0,6149588.0,604.71,12749.25,-31800683.17,-7797.0,71734.0,-0.2041,0.2173,0.0132,1.0,45170.0,0.0,-127244.5776,-854015.7016,POSITIVE,LONG_GAMMA,DEALER_LONG_GAMMA,0.36,BULLISH,MEDIUM,35.1,24.1,49.9,18.1,48.1,36.2,20.1,,7645.0,7655.0,7687.25,LONG_GAMMA_TREND,49.2,0.652,46.3,41.7,NEUTRAL,9.2
2026-09-14 08:55:00,4575338.0,3229058.0,6846302.0,6158148.0,790.61,12758.31,-31814028.53,26531.0,-27702.0,-0.1988,0.1954,0.1095,0.3203,75970.0,39110.0,-13345.3665,147239.0672,POSITIVE,LONG_GAMMA,DEALER_LONG_GAMMA,0.53,NEUTRAL,MEDIUM,30.3,24.1,49.9,17.0,43.5,21.5,24.0,,7635.0,7635.0,7684.75,LONG_GAMMA_TREND,51.7,1.0,48.5,41.8,NEUTRAL,13.4
2026-09-14 08:56:00,4584232.0,3273482.0,6867142.0,6175498.0,696.49,12826.73,-32196741.06,27411.0,-44636.0,-0.1994,0.1626,0.0579,-0.4017,8895.0,20840.0,-382712.5311,442934.465,POSITIVE,LONG_GAMMA,DEALER_LONG_GAMMA,0.53,NEUTRAL,MEDIUM,27.2,24.1,49.9,16.3,40.5,21.3,24.0,,7625.0,7625.0,7683.25,LONG_GAMMA_TREND,51.7,0.645,47.9,42.0,NEUTRAL,11.8
2026-09-14 08:57:00,4654345.0,3278640.0,6924742.0,6222182.0,905.9,12830.14,-32037322.74,18036.0,80106.0,-0.1961,0.3291,0.0564,0.098,70112.0,57600.0,159418.327,-41352.13,POSITIVE,LONG_GAMMA,DEALER_LONG_GAMMA,0.43,NEUTRAL,MEDIUM,25.3,24.1,49.9,15.8,38.6,21.7,24.0,,7640.0,7630.0,7682.75,LONG_GAMMA_TREND,48.7,0.654,47.2,41.3,NEUTRAL,11.8
2026-09-14 08:58:00,4783505.0,3279320.0,6990832.0,6238482.0,1211.87,12914.3,-31777852.86,56562.0,43678.0,-0.1875,0.284,0.1045,0.323,129160.0,66090.0,259469.8718,407473.0482,POSITIVE,LONG_GAMMA,DEALER_LONG_GAMMA,0.49,NEUTRAL,MEDIUM,24.2,22.7,49.9,15.5,30.3,22.3,20.0,,7625.0,7630.0,7683.25,LONG_GAMMA_PINNING,38.1,0.686,49.9,39.8,LONG,20.2
2026-09-14 08:59:00,4868370.0,3304955.0,7156198.0,6248032.0,1237.39,12941.49,-30374346.27,108710.0,119212.0,-0.1903,0.0279,0.0644,-0.3217,84865.0,165365.0,1403506.5939,943135.3349,POSITIVE,LONG_GAMMA,DEALER_LONG_GAMMA,0.49,NEUTRAL,MEDIUM,23.5,23.5,49.9,15.3,24.9,22.3,25.0,,7625.0,7625.0,7683.75,LONG_GAMMA_PINNING,38.1,0.186,49.5,39.9,LONG,19.2
2026-09-14 09:00:00,5045215.0,3305055.0,7217642.0,6248032.0,1524.58,12949.5,-29868588.68,135067.0,188587.0,-0.1772,0.1171,0.125,0.4843,176845.0,61445.0,505757.5951,745187.9951,POSITIVE,LONG_GAMMA,DEALER_LONG_GAMMA,0.52,BULLISH,MEDIUM,28.5,18.8,49.9,15.2,21.4,37.8,10.0,,7625.0,7630.0,7682.5,LONG_GAMMA_PINNING,35.1,0.695,49.6,39.2,LONG,20.8
2026-09-14 09:01:00,5053358.0,3311462.0,7223718.0,6268692.0,1489.75,12978.09,-30176934.62,138905.0,19725.0,-0.1768,0.1363,0.116,0.1454,8142.0,6075.0,-308345.9397,-732782.4051,POSITIVE,LONG_GAMMA,DEALER_LONG_GAMMA,0.52,BULLISH,LOW,31.7,15.7,42.9,15.1,19.2,37.7,10.0,,7635.0,7685.0,7685.75,LONG_GAMMA_TREND,51.2,0.646,48.4,41.4,NEUTRAL,14.0
2026-09-14 09:02:00,5199870.0,3311845.0,7271212.0,6273018.0,1799.07,13016.97,-30154766.51,161591.0,-58444.0,-0.1661,0.2232,0.1791,0.5104,146512.0,47495.0,22168.1054,-1097721.0117,POSITIVE,LONG_GAMMA,DEALER_LONG_GAMMA,0.65,BULLISH,MEDIUM,34.0,10.2,45.4,15.1,17.7,38.3,0.0,,7635.0,7635.0,7688.25,LONG_GAMMA_TREND,51.2,0.146,48.5,41.5,NEUTRAL,14.0
2026-09-14 09:03:00,5243025.0,3321530.0,7347638.0,6273018.0,1754.2,13031.95,-29889050.2,147916.0,-131169.0,-0.1672,0.1258,0.1702,-0.2782,43155.0,76425.0,265716.3123,45236.3811,POSITIVE,LONG_GAMMA,DEALER_LONG_GAMMA,0.6,NEUTRAL,MEDIUM,30.2,11.9,47.0,15.1,16.8,23.2,15.0,,7635.0,7640.0,7685.5,LONG_GAMMA_TREND,48.2,0.655,47.5,43.3,NEUTRAL,8.4
2026-09-14 09:04:00,5253045.0,3321980.0,7373138.0,6287342.0,1774.25,13032.46,-29886619.84,109056.0,-6023.0,-0.1679,0.2788,0.1571,-0.4358,10020.0,25500.0,2430.3623,277162.2544,POSITIVE,LONG_GAMMA,DEALER_LONG_GAMMA,0.65,BULLISH,LOW,33.0,7.7,41.0,15.1,16.2,38.2,0.0,,7635.0,7670.0,7686.5,CHARM_DOMINATED,36.3,0.691,47.4,34.3,LONG,26.2
2026-09-14 09:05:00,5261835.0,3345100.0,7414458.0,6297192.0,1703.97,13045.17,-29652497.8,64846.0,-38965.0,-0.1698,0.0479,0.1192,-0.6492,8790.0,41320.0,234122.0387,-25666.0084,POSITIVE,LONG_GAMMA,DEALER_LONG_GAMMA,0.65,BULLISH,MEDIUM,34.8,5.0,44.2,15.1,15.8,38.1,0.0,,7635.0,7635.0,7687.5,CHARM_DOMINATED,36.3,0.191,47.1,35.5,LONG,23.2
2026-09-14 09:06:00,5266900.0,3358705.0,7426458.0,6372838.0,1641.16,13018.62,-30082362.19,52979.0,-161031.0,-0.1701,0.0259,0.1143,-0.4064,5065.0,12000.0,-429864.3889,-231944.5124,POSITIVE,LONG_GAMMA,DEALER_LONG_GAMMA,0.65,BULLISH,MEDIUM,35.9,3.2,46.2,15.1,15.5,37.9,0.0,,7630.0,7630.0,7688.25,CHARM_DOMINATED,36.4,0.191,47.1,36.0,LONG,22.2
2026-09-14 09:07:00,5267718.0,3413272.0,7426458.0,6411078.0,1502.61,13014.03,-30245536.95,-3279.0,-114332.0,-0.1701,-0.3918,0.156,1.0,818.0,0.0,-163174.7624,-414795.7762,POSITIVE,LONG_GAMMA,DEALER_LONG_GAMMA,0.61,BULLISH,MEDIUM,36.5,2.1,47.5,18.6,15.3,37.7,0.0,,7710.0,7635.0,7691.75,CHARM_DOMINATED,33.4,0.7,46.4,36.7,LONG,19.4
2026-09-14 09:08:00,5267908.0,3418802.0,7430458.0,6449298.0,1495.42,13008.67,-30452404.05,-33170.0,-86854.0,-0.1703,-0.5379,0.1325,-0.9093,190.0,4000.0,-206867.1049,-87149.7585,POSITIVE,LONG_GAMMA,DEALER_LONG_GAMMA,0.61,BULLISH,MEDIUM,36.9,1.4,48.4,20.8,15.2,37.7,0.0,,7700.0,7640.0,7693.25,LONG_GAMMA_TREND,43.4,0.67,44.1,42.2,NEUTRAL,3.8
2026-09-14 09:09:00,5324758.0,3419722.0,7456032.0,6461398.0,1779.36,13011.04,-30359242.41,-23438.0,6808.0,-0.1668,-0.0723,0.1198,0.3794,56850.0,25575.0,93161.6392,239666.8429,POSITIVE,LONG_GAMMA,DEALER_LONG_GAMMA,0.52,BULLISH,LOW,37.3,4.4,42.0,18.8,15.1,38.1,10.0,,7650.0,7635.0,7693.0,LONG_GAMMA_TREND,40.4,0.679,44.1,41.2,NEUTRAL,5.8
2026-09-14 09:10:00,5331652.0,3466902.0,7495145.0,6510110.0,1694.91,13484.05,-31133593.73,-36843.0,75408.0,-0.1687,-0.0722,0.0765,-0.7003,6895.0,39112.0,-774351.3173,-155573.9054,POSITIVE,LONG_GAMMA,DEALER_LONG_GAMMA,0.49,NEUTRAL,MEDIUM,32.3,11.6,44.8,17.5,15.1,23.0,25.0,,7655.0,7640.0,7693.25,LONG_GAMMA_PINNING,40.8,0.678,45.1,38.3,NEUTRAL,13.6
2026-09-14 09:11:00,5348240.0,3482250.0,7546420.0,6510110.0,1638.8,13506.04,-30931774.8,-11903.0,89787.0,-0.1705,-0.1919,0.0587,-0.5111,16588.0,51275.0,201818.9279,-229413.4619,POSITIVE,LONG_GAMMA,DEALER_LONG_GAMMA,0.52,BULLISH,MEDIUM,34.2,11.0,46.6,16.6,15.1,37.9,10.0,,7640.0,7640.0,7691.25,LONG_GAMMA_PINNING,37.8,0.687,44.6,37.0,NEUTRAL,15.2
2026-09-14 09:12:00,5385955.0,3486510.0,7582530.0,6510110.0,1784.16,16549.17,-31545589.96,20408.0,9142.0,-0.1694,-0.1379,0.0531,0.0217,37715.0,36110.0,-613815.1579,134596.724,POSITIVE,LONG_GAMMA,DEALER_LONG_GAMMA,0.49,NEUTRAL,MEDIUM,30.3,15.9,47.8,16.0,15.1,23.1,25.0,,7645.0,7640.0,7690.0,LONG_GAMMA_TREND,39.6,0.681,46.1,35.0,LONG,22.2
2026-09-14 09:13:00,5389565.0,3511030.0,7621430.0,6561130.0,1747.35,16548.56,-31541088.03,21714.0,19923.0,-0.1715,-0.2217,-0.0198,-0.8302,3610.0,38900.0,4501.9306,-18390.419,POSITIVE,LONG_GAMMA,DEALER_LONG_GAMMA,0.42,NEUTRAL,MEDIUM,33.0,19.1,48.6,24.4,15.1,38.0,25.0,,7650.0,7635.0,7688.0,LONG_GAMMA_TREND,51.0,0.147,42.1,39.9,NEUTRAL,4.4
2026-09-14 09:14:00,5398322.0,3555472.0,7650530.0,6596080.0,1649.31,16522.86,-31592980.51,-474.0,-2982.0,-0.1726,-0.4511,0.0348,-0.5373,8758.0,29100.0,-51892.4832,182302.8387,POSITIVE,LONG_GAMMA,DEALER_LONG_GAMMA,0.49,BULLISH,MEDIUM,34.7,17.7,49.1,33.4,15.1,37.8,15.0,,7705.0,7650.0,7690.25,LONG_GAMMA_TREND,51.0,0.147,42.6,39.4,NEUTRAL,6.4
2026-09-14 09:15:00,5435445.0,3561570.0,7690400.0,6596080.0,1851.95,16546.91,-31480236.62,23682.0,-62263.0,-0.1718,-0.3058,-0.0956,-0.0357,37122.0,39870.0,112743.8967,335082.3204,POSITIVE,LONG_GAMMA,DEALER_LONG_GAMMA,0.52,BULLISH,MEDIUM,35.9,16.8,49.4,35.7,15.1,38.2,15.0,,7660.0,7635.0,7688.5,LONG_GAMMA_TREND,51.0,0.147,41.6,39.7,NEUTRAL,3.8
2026-09-14 09:16:00,5524560.0,3561770.0,7751450.0,6678705.0,2114.57,16552.72,-31114068.42,26647.0,13966.0,-0.1677,-0.0753,-0.0566,0.1869,89115.0,61050.0,366168.1955,263151.3224,POSITIVE,LONG_GAMMA,DEALER_LONG_GAMMA,0.49,NEUTRAL,MEDIUM,31.6,19.7,49.6,28.5,15.1,23.6,25.0,,7630.0,7660.0,7688.0,LONG_GAMMA_TREND,48.0,0.656,43.3,39.9,NEUTRAL,6.8
2026-09-14 09:17:00,5541288.0,3569068.0,7766925.0,6682930.0,2153.94,16554.37,-31054553.6,16870.0,90254.0,-0.1672,-0.0855,-0.1843,0.0389,16728.0,15475.0,59514.8181,182415.8001,POSITIVE,LONG_GAMMA,DEALER_LONG_GAMMA,0.49,NEUTRAL,MEDIUM,28.8,21.6,49.7,23.8,15.1,23.7,25.0,,7635.0,7635.0,7686.5,LONG_GAMMA_TREND,48.0,1.0,43.5,39.7,NEUTRAL,7.6
2026-09-14 09:18:00,5569690.0,3580100.0,7788990.0,6724895.0,2262.75,16682.94,-31881649.54,22970.0,13817.0,-0.1661,0.0361,-0.1493,0.1256,28402.0,22065.0,-827095.9363,-623246.6052,POSITIVE,LONG_GAMMA,DEALER_LONG_GAMMA,0.43,BEARISH,MEDIUM,27.1,28.0,49.8,20.7,22.1,23.8,40.0,,7645.0,7630.0,7684.5,LONG_GAMMA_TREND,50.7,0.648,44.0,40.1,NEUTRAL,7.8
2026-09-14 09:19:00,5612862.0,3591962.0,7939460.0,6724895.0,2405.32,16711.35,-30735181.69,67633.0,-2474.0,-0.1717,-0.1478,-0.223,-0.5541,43172.0,150470.0,1146467.8541,-53155.5479,POSITIVE,LONG_GAMMA,DEALER_LONG_GAMMA,0.6,NEUTRAL,LOW,26.0,23.4,42.9,18.7,19.6,24.0,15.0,,7640.0,7630.0,7681.25,LONG_GAMMA_TREND,47.7,0.657,45.9,40.5,NEUTRAL,10.8
2026-09-14 09:20:00,5642430.0,3593210.0,8094245.0,6724895.0,2458.69,16739.01,-29702941.18,90075.0,76775.0,-0.1785,-0.3223,-0.2822,-0.6792,29568.0,154785.0,1032240.5011,1473144.7367,POSITIVE,LONG_GAMMA,DEALER_LONG_GAMMA,0.43,BEARISH,MEDIUM,25.3,29.2,45.4,17.4,25.0,24.1,40.0,,7625.0,7625.0,7681.0,LONG_GAMMA_TREND,44.7,1.0,45.7,40.8,NEUTRAL,9.8
2026-09-14 09:21:00,5689142.0,3608898.0,8305165.0,6724895.0,2567.39,16783.88,-27795339.11,124996.0,193202.0,-0.1869,-0.5417,-0.3509,-0.6374,46712.0,210920.0,1907602.0769,1310235.3301,POSITIVE,LONG_GAMMA,DEALER_LONG_GAMMA,0.43,BEARISH,MEDIUM,24.9,33.0,47.0,16.6,28.5,24.2,40.0,,7620.0,7620.0,7678.0,LONG_GAMMA_TREND,51.4,1.0,46.1,44.6,NEUTRAL,3.0
2026-09-14 09:22:00,5694688.0,3650582.0,8384040.0,7044655.0,2620.3,16762.71,-29545878.94,65455.0,-40283.0,-0.191,-0.6018,-0.3832,-0.8686,5545.0,78875.0,-1750539.8304,-1010823.0544,POSITIVE,LONG_GAMMA,DEALER_LONG_GAMMA,0.6,NEUTRAL,MEDIUM,24.7,26.7,48.0,16.0,23.8,24.2,15.0,,7675.0,7620.0,7676.75,LONG_GAMMA_TREND,51.4,0.646,43.3,41.5,NEUTRAL,3.6
2026-09-14 09:23:00,5705202.0,3671362.0,8391990.0,7230860.0,2620.84,16744.03,-30105855.55,28257.0,-256976.0,-0.1906,-0.633,-0.3748,0.1389,10515.0,7950.0,-559976.6087,-2625179.5086,POSITIVE,LONG_GAMMA,DEALER_LONG_GAMMA,0.6,NEUTRAL,MEDIUM,24.5,22.6,48.7,15.7,20.7,24.2,15.0,,7650.0,7640.0,7676.75,LONG_GAMMA_TREND,48.4,0.655,43.0,40.1,NEUTRAL,5.8
2026-09-14 09:24:00,5722680.0,3675525.0,8549510.0,7230860.0,2644.82,16864.94,-29053632.41,26068.0,-310762.0,-0.1981,-0.6949,-0.4664,-0.8003,17478.0,157520.0,1052223.138,167592.1414,POSITIVE,LONG_GAMMA,DEALER_LONG_GAMMA,0.6,NEUTRAL,MEDIUM,24.4,19.9,49.2,15.5,18.7,24.2,15.0,,7625.0,7620.0,7673.5,LONG_GAMMA_TREND,51.8,1.0,43.0,43.2,NEUTRAL,0.4
2026-09-14 09:25:00,5747185.0,3681150.0,8679745.0,7230860.0,2686.97,16887.25,-28152153.94,19270.0,61350.0,-0.2033,-0.6965,-0.4806,-0.6833,24505.0,130235.0,901478.4718,2132109.0245,POSITIVE,LONG_GAMMA,DEALER_LONG_GAMMA,0.34,BEARISH,MEDIUM,24.3,27.0,49.5,15.3,29.7,24.2,40.1,,7615.0,7615.0,7671.0,LONG_GAMMA_TREND,48.8,1.0,43.0,44.0,NEUTRAL,2.0
2026-09-14 09:26:00,5758905.0,3681700.0,8726605.0,7395710.0,2742.36,16884.27,-29299563.31,-50483.0,303816.0,-0.2049,-0.716,-0.4837,-0.5999,11720.0,46860.0,-1147409.3728,-369088.7151,POSITIVE,LONG_GAMMA,PUT_PANIC,0.34,BEARISH,MEDIUM,24.3,36.8,49.7,15.2,43.8,24.3,55.1,,7615.0,7610.0,7668.75,LONG_GAMMA_TREND,51.9,1.0,42.8,45.7,NEUTRAL,5.8
2026-09-14 09:27:00,5785342.0,3692912.0,8820035.0,7567585.0,2795.31,16880.58,-29320260.55,-7722.0,1868.0,-0.2078,-0.6557,-0.512,-0.5589,26438.0,93430.0,-20697.2413,-1560904.112,POSITIVE,LONG_GAMMA,PUT_PANIC,0.34,BEARISH,LOW,24.3,43.2,42.8,15.1,53.0,24.3,55.2,,7625.0,7640.0,7666.75,LONG_GAMMA_TREND,52.0,0.644,42.6,42.3,NEUTRAL,0.6
2026-09-14 09:28:00,5795168.0,3758718.0,8839910.0,7642175.0,2533.47,16871.16,-29720335.83,7843.0,-253553.0,-0.208,-0.6655,-0.5005,-0.3384,9825.0,19875.0,-400075.2776,-87420.809,POSITIVE,LONG_GAMMA,DEALER_LONG_GAMMA,0.42,BEARISH,MEDIUM,24.2,43.9,45.3,15.1,55.5,23.9,45.2,,7630.0,7610.0,7668.5,LONG_GAMMA_TREND,52.0,0.144,42.2,42.1,NEUTRAL,0.2
2026-09-14 09:29:00,5864322.0,3760882.0,8953490.0,7679265.0,2789.49,16796.93,-29632136.05,2372.0,-31292.0,-0.2085,-0.4808,-0.4731,-0.2431,69155.0,113580.0,88199.7768,428115.5566,POSITIVE,LONG_GAMMA,DEALER_LONG_GAMMA,0.47,NEUTRAL,MEDIUM,24.2,39.1,46.9,15.1,50.1,24.2,30.2,,7615.0,7640.0,7669.0,LONG_GAMMA_TREND,49.0,0.653,42.7,42.9,NEUTRAL,0.4
2026-09-14 09:30:00,5868678.0,3767228.0,8953490.0,7803350.0,2759.92,16795.17,-29903740.0,-52666.0,53923.0,-0.2081,-0.3852,-0.4892,1.0,4355.0,0.0,-271603.95,118684.1728,POSITIVE,LONG_GAMMA,DEALER_LONG_GAMMA,0.32,BULLISH,MEDIUM,34.7,34.2,48.0,23.8,50.1,54.2,25.2,,7620.0,7655.0,7670.25,LONG_GAMMA_TREND,49.0,1.0,45.8,42.6,NEUTRAL,6.4
2026-09-14 09:31:00,5895538.0,3772412.0,8975625.0,7826100.0,2868.37,16794.32,-29946643.63,-27090.0,99779.0,-0.2071,-0.2914,-0.5349,0.0964,26860.0,22135.0,-42903.6288,-1316.039,POSITIVE,LONG_GAMMA,DEALER_LONG_GAMMA,0.34,BEARISH,MEDIUM,31.1,36.3,48.7,20.7,50.1,24.3,40.2,,7620.0,7620.0,7669.5,LONG_GAMMA_TREND,46.0,1.0,44.2,45.4,NEUTRAL,2.4
2026-09-14 09:32:00,5907078.0,3778508.0,9197025.0,7838750.0,2844.24,17604.05,-28640803.06,28393.0,20001.0,-0.2178,-0.5118,-0.5926,-0.9009,11540.0,221400.0,1305840.5717,723170.5581,POSITIVE,LONG_GAMMA,DEALER_LONG_GAMMA,0.34,BEARISH,MEDIUM,28.7,37.8,49.2,18.7,50.1,24.3,40.4,,7620.0,7620.0,7670.0,LONG_GAMMA_TREND,43.0,1.0,46.1,32.9,LONG,26.4
2026-09-14 09:33:00,5907098.0,3828378.0,9197025.0,7894500.0,2620.28,17593.92,-28981235.36,29412.0,34516.0,-0.2178,-0.5227,-0.6134,1.0,20.0,0.0,-340432.3012,639957.9247,POSITIVE,LONG_GAMMA,DEALER_LONG_GAMMA,0.34,NEUTRAL,MEDIUM,32.3,33.5,49.5,20.9,50.1,38.9,25.4,,7675.0,7620.0,7671.5,LONG_GAMMA_TREND,40.0,1.0,38.8,36.9,NEUTRAL,3.8
2026-09-14 09:34:00,5907132.0,3847448.0,9197025.0,8408505.0,2579.59,17557.87,-29802476.36,-105892.0,-88974.0,-0.2178,-0.701,-0.6207,1.0,35.0,0.0,-821241.0045,-1212305.1243,POSITIVE,LONG_GAMMA,DEALER_LONG_GAMMA,0.5,BULLISH,MEDIUM,34.6,27.2,49.7,18.8,46.6,38.8,15.4,,7660.0,7650.0,7673.5,LONG_GAMMA_TREND,52.4,1.0,45.0,43.0,NEUTRAL,4.0
2026-09-14 09:35:00,5919208.0,3861172.0,9271225.0,8502065.0,2541.89,17623.69,-31121010.33,-84879.0,-337511.0,-0.2207,-0.7256,-0.6192,-0.7201,12075.0,74200.0,-1318533.9635,-1552591.6192,POSITIVE,LONG_GAMMA,DEALER_LONG_GAMMA,0.5,BULLISH,MEDIUM,36.0,23.1,49.8,17.5,44.3,38.7,15.5,,7615.0,7620.0,7673.75,LONG_GAMMA_TREND,49.4,1.0,43.9,41.7,NEUTRAL,4.4
2026-09-14 09:36:00,5922632.0,3877118.0,9294985.0,8502065.0,2492.36,17627.37,-30979183.3,-86843.0,-235234.0,-0.2216,-0.8436,-0.6183,-0.748,3425.0,23760.0,141827.0279,-7516.8149,POSITIVE,LONG_GAMMA,DEALER_LONG_GAMMA,0.47,NEUTRAL,MEDIUM,31.7,25.7,49.9,16.6,42.8,23.6,30.5,,7625.0,7625.0,7670.5,LONG_GAMMA_TREND,46.4,1.0,44.5,41.8,NEUTRAL,5.4
2026-09-14 09:37:00,5939538.0,3891818.0,9318765.0,8502065.0,2530.75,17629.49,-30917505.3,-124485.0,324725.0,-0.2215,-0.579,-0.5849,-0.169,16905.0,23780.0,61677.9953,1171639.9956,POSITIVE,LONG_GAMMA,DEALER_LONG_GAMMA,0.34,BEARISH,MEDIUM,28.9,30.9,49.9,16.0,45.3,23.7,40.5,,7630.0,7700.0,7667.0,LONG_GAMMA_TREND,52.4,1.0,45.4,44.9,NEUTRAL,1.0
2026-09-14 09:38:00,5950575.0,3939325.0,9318765.0,8518735.0,2487.73,17677.07,-32693219.55,-113993.0,271720.0,-0.2206,-0.4737,-0.5813,1.0,11038.0,0.0,-1775714.2498,-268664.6595,POSITIVE,LONG_GAMMA,DEALER_LONG_GAMMA,0.29,NEUTRAL,MEDIUM,32.3,34.3,49.9,27.9,46.9,38.6,40.5,,7710.0,7610.0,7668.25,LONG_GAMMA_TREND,52.4,0.643,44.9,44.6,NEUTRAL,0.6
2026-09-14 09:39:00,5953130.0,3954935.0,9425925.0,8521485.0,2458.64,17684.67,-32011621.43,10886.0,26285.0,-0.2258,-0.6653,-0.5836,-0.9534,2555.0,107160.0,681598.1258,-648810.5736,POSITIVE,LONG_GAMMA,DEALER_LONG_GAMMA,0.3,NEUTRAL,MEDIUM,34.5,36.5,49.9,32.1,48.0,38.5,40.6,,7615.0,7630.0,7666.5,LONG_GAMMA_TREND,52.4,0.143,44.3,41.5,NEUTRAL,5.6
2026-09-14 09:40:00,5955538.0,3964478.0,9425925.0,8573175.0,2454.54,17653.55,-32224308.26,3323.0,-25482.0,-0.2256,-0.6196,-0.5634,1.0,2408.0,0.0,-212686.8353,1091473.7725,POSITIVE,LONG_GAMMA,DEALER_LONG_GAMMA,0.44,BULLISH,MEDIUM,41.2,29.2,49.9,34.9,45.2,53.5,15.6,,7665.0,7615.0,7667.5,LONG_GAMMA_TREND,52.4,0.143,45.3,42.8,NEUTRAL,5.0
2026-09-14 09:41:00,5968978.0,3964828.0,9460045.0,8586675.0,2505.72,17656.48,-32105153.56,7817.0,35658.0,-0.2263,-0.5616,-0.5547,-0.4348,13440.0,34120.0,119154.7024,500291.9955,POSITIVE,LONG_GAMMA,DEALER_LONG_GAMMA,0.34,BEARISH,MEDIUM,35.0,33.2,49.9,27.9,46.9,23.6,40.7,,7615.0,7630.0,7665.5,LONG_GAMMA_TREND,49.4,0.652,31.7,53.1,SHORT,42.8
2026-09-14 09:42:00,5969655.0,3976430.0,9486765.0,8649250.0,2472.22,17654.08,-32149042.9,-6736.0,-43072.0,-0.2276,-0.696,-0.5669,-0.9505,678.0,26720.0,-43889.3396,-196822.9639,POSITIVE,LONG_GAMMA,DEALER_LONG_GAMMA,0.5,BULLISH,MEDIUM,36.2,27.1,49.9,23.4,44.5,38.5,15.7,,7645.0,7615.0,7666.75,LONG_GAMMA_TREND,49.4,1.0,30.4,51.9,SHORT,43.0
2026-09-14 09:43:00,5977305.0,3976640.0,9521185.0,8653975.0,2486.49,17570.92,-31607067.32,11319.0,-8243.0,-0.2287,-0.7667,-0.5781,-0.6363,7650.0,34420.0,541975.5768,295809.1851,POSITIVE,LONG_GAMMA,DEALER_LONG_GAMMA,0.45,NEUTRAL,MEDIUM,37.0,28.4,49.9,20.5,49.9,38.5,30.7,,7615.0,7610.0,7667.75,LONG_GAMMA_TREND,49.4,0.652,42.5,40.0,NEUTRAL,5.0
2026-09-14 09:44:00,5978198.0,3977538.0,9545560.0,8692170.0,2489.42,17565.49,-31870047.38,-9717.0,4734.0,-0.2298,-0.6535,-0.6774,-0.9294,892.0,24375.0,-262980.0555,101865.0793,POSITIVE,LONG_GAMMA,DEALER_LONG_GAMMA,0.36,NEUTRAL,MEDIUM,37.5,27.5,49.9,18.6,49.9,38.5,25.7,,7610.0,7680.0,7665.75,LONG_GAMMA_TREND,46.4,0.661,28.6,50.3,SHORT,43.4
2026-09-14 09:45:00,5979858.0,4012422.0,9580410.0,8731985.0,2353.08,17568.77,-32002279.72,-5590.0,1575.0,-0.2314,-0.728,-0.6987,-0.9091,1660.0,34850.0,-132232.3438,-446649.3183,POSITIVE,LONG_GAMMA,PUT_PANIC,0.33,BEARISH,LOW,32.5,37.4,42.9,20.8,56.9,23.3,55.8,,7700.0,7620.0,7668.75,LONG_GAMMA_TREND,52.7,1.0,40.8,39.8,NEUTRAL,2.0
2026-09-14 09:46:00,5986538.0,4046838.0,9607210.0,8773255.0,2208.64,17576.77,-32204893.81,-20773.0,-26584.0,-0.2322,-0.7868,-0.7481,-0.601,6680.0,26800.0,-202614.0844,-306920.9747,POSITIVE,LONG_GAMMA,DEALER_LONG_GAMMA,0.5,BULLISH,MEDIUM,34.5,29.8,45.4,18.8,51.0,38.1,15.8,,7635.0,7685.0,7672.25,LONG_GAMMA_TREND,52.8,0.642,39.6,38.3,NEUTRAL,2.6
2026-09-14 09:47:00,6020558.0,4059928.0,9652685.0,8877740.0,2244.45,17565.48,-32731120.58,-19033.0,-51147.0,-0.2317,-0.5305,-0.6012,-0.1441,34020.0,45475.0,-526226.7687,-166814.2269,POSITIVE,LONG_GAMMA,DEALER_LONG_GAMMA,0.47,NEUTRAL,MEDIUM,30.5,30.1,47.0,17.5,47.1,23.1,30.8,,7620.0,7620.0,7670.5,LONG_GAMMA_TREND,49.8,0.651,41.1,38.6,NEUTRAL,5.0
2026-09-14 09:48:00,6034230.0,4065685.0,9700410.0,8890340.0,2248.71,17660.2,-35149935.01,-17852.0,13592.0,-0.233,-0.5179,-0.5967,-0.5546,13672.0,47725.0,-2418814.4363,-1305097.3884,POSITIVE,LONG_GAMMA,DEALER_LONG_GAMMA,0.34,BEARISH,MEDIUM,27.9,33.9,48.0,16.6,48.1,23.1,40.8,,7615.0,7620.0,7670.25,LONG_GAMMA_TREND,46.8,1.0,42.7,38.2,NEUTRAL,9.0
2026-09-14 09:49:00,6045918.0,4067722.0,9700410.0,8898990.0,2274.39,17695.68,-36334873.57,-14887.0,42184.0,-0.2321,-0.3915,-0.5678,1.0,11688.0,0.0,-1184938.5534,-1437456.0683,POSITIVE,LONG_GAMMA,DEALER_LONG_GAMMA,0.34,BEARISH,MEDIUM,26.2,36.3,48.7,16.0,48.8,23.2,40.8,,7620.0,7615.0,7670.0,LONG_GAMMA_PINNING,39.7,0.681,50.6,30.7,LONG,39.8
2026-09-14 09:50:00,6050945.0,4079590.0,9819960.0,9019305.0,2253.08,17629.61,-36698717.84,-8770.0,52288.0,-0.2375,-0.5423,-0.6128,-0.9193,5028.0,119550.0,-363844.2714,698129.1901,POSITIVE,LONG_GAMMA,DEALER_LONG_GAMMA,0.34,BEARISH,MEDIUM,25.1,37.9,49.2,15.7,49.2,23.1,40.9,,7615.0,7690.0,7668.75,LONG_GAMMA_PINNING,36.7,0.69,42.4,35.6,NEUTRAL,13.6
2026-09-14 09:51:00,6062525.0,4084635.0,9933560.0,9205035.0,2290.6,17654.75,-38167753.84,-13448.0,-26547.0,-0.242,-0.6223,-0.6406,-0.815,11580.0,113600.0,-1469036.0033,885436.3575,POSITIVE,LONG_GAMMA,DEALER_LONG_GAMMA,0.5,BULLISH,MEDIUM,29.7,30.3,49.5,15.5,46.0,38.1,16.1,,7610.0,7635.0,7667.0,LONG_GAMMA_TREND,49.3,0.652,41.8,40.1,NEUTRAL,3.4
2026-09-14 09:52:00,6086710.0,4104010.0,9958685.0,9223000.0,2301.62,17656.57,-38428222.43,-3438.0,-42430.0,-0.2413,-0.6445,-0.626,-0.0191,24185.0,25125.0,-260468.5927,-90360.8856,POSITIVE,LONG_GAMMA,DEALER_LONG_GAMMA,0.5,BULLISH,MEDIUM,32.7,25.3,49.7,15.3,43.9,38.1,16.0,,7615.0,7715.0,7667.25,LONG_GAMMA_TREND,46.3,0.661,40.5,38.3,NEUTRAL,4.4
2026-09-14 09:53:00,6087812.0,4112512.0,10017585.0,9276655.0,2280.3,17535.25,-38143166.17,-12477.0,-15291.0,-0.244,-0.711,-0.6717,-0.9633,1102.0,58900.0,285056.265,928733.9734,POSITIVE,LONG_GAMMA,DEALER_LONG_GAMMA,0.5,BULLISH,MEDIUM,34.6,22.1,49.8,15.2,42.5,38.1,16.1,,7640.0,7635.0,7665.75,LONG_GAMMA_TREND,43.3,1.0,42.1,40.5,NEUTRAL,3.2
2026-09-14 09:54:00,6104328.0,4112838.0,10069005.0,9293980.0,2402.95,17620.37,-38302333.72,-2620.0,56633.0,-0.2451,-0.7264,-0.6193,-0.5138,16515.0,51420.0,-159167.5547,927696.6531,POSITIVE,LONG_GAMMA,PUT_PANIC,0.34,BEARISH,MEDIUM,30.6,34.0,49.9,15.1,52.1,23.2,56.1,,7630.0,7615.0,7664.25,LONG_GAMMA_TREND,45.6,1.0,42.6,40.4,NEUTRAL,4.4
2026-09-14 09:55:00,6106548.0,4141948.0,10092720.0,9343795.0,2330.74,17618.27,-38357560.8,-11697.0,25192.0,-0.2461,-0.6613,-0.6307,-0.8288,2220.0,23715.0,-55227.0757,-119491.1513,POSITIVE,LONG_GAMMA,DEALER_LONG_GAMMA,0.3,NEUTRAL,MEDIUM,33.2,36.5,49.9,23.8,51.4,38.1,41.2,,7645.0,7635.0,7665.25,LONG_GAMMA_TREND,45.6,0.663,43.4,41.6,NEUTRAL,3.6
2026-09-14 09:56:00,6110005.0,4152555.0,10348170.0,9448635.0,2263.45,17541.16,-38585803.3,30114.0,42011.0,-0.2575,-0.7945,-0.7259,-0.9733,3458.0,255450.0,-228242.4974,-204679.1416,POSITIVE,LONG_GAMMA,DEALER_LONG_GAMMA,0.34,BEARISH,MEDIUM,29.6,38.2,49.9,20.7,50.9,23.0,41.4,,7610.0,7650.0,7663.25,LONG_GAMMA_TREND,53.7,0.139,46.4,43.7,NEUTRAL,5.4
2026-09-14 09:57:00,6114305.0,4244385.0,10562520.0,9459980.0,2010.74,17551.07,-38577568.76,50815.0,44583.0,-0.2667,-0.9126,-0.7629,-0.9607,4300.0,214350.0,8234.5341,-2806.6665,POSITIVE,LONG_GAMMA,DEALER_LONG_GAMMA,0.34,BEARISH,MEDIUM,27.2,39.4,49.9,18.7,50.6,22.6,41.7,,7650.0,7650.0,7663.25,LONG_GAMMA_TREND,50.7,0.648,45.9,45.5,NEUTRAL,0.8
2026-09-14 09:58:00,6142395.0,4249180.0,10617520.0,9496700.0,2041.38,17550.71,-38669783.49,59561.0,101522.0,-0.267,-0.8332,-0.7382,-0.3239,28090.0,55000.0,-92214.7298,99744.6887,POSITIVE,LONG_GAMMA,DEALER_LONG_GAMMA,0.36,NEUTRAL,MEDIUM,30.9,34.9,49.9,17.4,50.4,37.7,26.7,,7610.0,7625.0,7666.25,LONG_GAMMA_TREND,53.8,1.0,44.5,45.0,NEUTRAL,1.0
2026-09-14 09:59:00,6151785.0,4252370.0,10630000.0,9514575.0,2080.53,17551.19,-38623758.79,49665.0,7383.0,-0.2668,-0.844,-0.724,-0.1413,9390.0,12480.0,46024.7039,86908.9687,POSITIVE,LONG_GAMMA,DEALER_LONG_GAMMA,0.36,NEUTRAL,LOW,33.3,32.0,42.9,16.6,50.3,37.7,26.7,,7625.0,7610.0,7666.5,LONG_GAMMA_TREND,50.8,1.0,43.3,44.2,NEUTRAL,1.8
2026-09-14 10:00:00,6159295.0,4255575.0,10648850.0,9514575.0,2113.07,17555.73,-38396525.6,64894.0,-107622.0,-0.2671,-0.8267,-0.7124,-0.4302,7510.0,18850.0,227233.1863,178619.043,POSITIVE,LONG_GAMMA,DEALER_LONG_GAMMA,0.44,BULLISH,MEDIUM,40.1,26.6,45.4,24.8,46.7,52.8,16.7,,7635.0,7610.0,7667.75,LONG_GAMMA_TREND,50.8,1.0,44.4,45.5,NEUTRAL,2.2
2026-09-14 10:01:00,6173302.0,4255638.0,10660230.0,9523225.0,2167.02,17557.6,-38289185.65,39537.0,-64980.0,-0.2665,-0.6627,-0.6987,0.1035,14008.0,11380.0,107339.9488,190381.5804,POSITIVE,LONG_GAMMA,DEALER_LONG_GAMMA,0.5,BULLISH,MEDIUM,39.3,23.1,47.0,21.4,44.4,37.8,16.7,,7610.0,7610.0,7667.25,LONG_GAMMA_TREND,47.8,1.0,43.1,44.6,NEUTRAL,3.0
2026-09-14 10:02:00,6176268.0,4267278.0,10660230.0,9555385.0,2126.48,17590.98,-39772738.16,8275.0,-21525.0,-0.2663,-0.2239,-0.7323,1.0,2965.0,0.0,-1483552.5062,-824735.2238,POSITIVE,LONG_GAMMA,DEALER_LONG_GAMMA,0.41,BULLISH,MEDIUM,44.0,20.8,48.0,31.4,42.9,52.8,16.7,,7700.0,7610.0,7667.5,LONG_GAMMA_PINNING,39.3,0.682,43.6,40.4,NEUTRAL,6.4
2026-09-14 10:03:00,6181248.0,4267278.0,11061875.0,9961155.0,2153.15,17597.0,-40346851.8,131.0,-19748.0,-0.283,-0.8392,-0.8051,-0.9755,4980.0,401645.0,-574113.6377,-1196119.6395,POSITIVE,LONG_GAMMA,DEALER_LONG_GAMMA,0.5,BULLISH,MEDIUM,41.8,19.5,48.7,25.7,41.9,37.7,17.1,,7610.0,7620.0,7666.25,LONG_GAMMA_PINNING,36.3,0.691,42.0,39.3,NEUTRAL,5.4
