strike,oi_c,oi_p,vol_c,vol_p,oi_net,vol_net,gex,vex,dex,inv_gex,inv_vex_call,inv_vex_put,inv_net
30480.0,30470.0,30460.0,30450.0,30440.0,10.0,10.0,600217.3154867451,601344.1921082777,-1142720.320196628,-2.3877651365611428,792.875431594959,-795.2631967315201,60683.0
