{
  "activo": "ES",
  "spot": 7228.5,
  "banda_pct": 0.01,
  "minutos_ahora": 900,
  "generated_at": "2026-05-04 14:24:32",
  "ranking": [
    "inv_speed",
    "inv_color",
    "color",
    "inv_gamma",
    "speed",
    "inv_vanna",
    "vanna",
    "gamma",
    "charm",
    "inv_delta",
    "inv_charm",
    "delta"
  ],
  "lider": "inv_speed",
  "resumen": [
    "#1 INV_SPEED \u2014 Speed dGamma/dS (flujo neto)    score=4.440  conc=4.439  grad=0.000  val@spot=3.02e+12  p90 | FLIP en 7255.79",
    "#2 INV_COLOR \u2014 Color dGamma/dT (flujo neto)    score=4.373  conc=4.373  grad=0.000  val@spot=1.07e+16  p93 | FLIP en 7292.19",
    "#3 COLOR     \u2014 Color dGamma/dT (OI)            score=4.038  conc=4.038  grad=0.000  val@spot=1.11e+16  p97 | FLIP en 7274.29",
    "#4 INV_GEX   \u2014 Gamma Exposure (flujo neto)     score=3.999  conc=3.998  grad=0.000  val@spot=-1.33e+08  p52 | FLIP en 7230.26",
    "#5 SPEED     \u2014 Speed dGamma/dS (OI)            score=3.887  conc=3.885  grad=0.001  val@spot=1.31e+12  p76 | FLIP en 7226.49",
    "#6 INV_VEX   \u2014 Vanna Exposure (flujo neto)     score=3.148  conc=3.131  grad=0.006  val@spot=2.39e+12  p90 | FLIP en 7259.17",
    "#7 VEX       \u2014 Vanna Exposure (OI)             score=1.806  conc=1.788  grad=0.010  val@spot=1.37e+12  p66",
    "#8 GEX       \u2014 Gamma Exposure (OI)             score=1.670  conc=1.669  grad=0.000  val@spot=-8.61e+09  p7 | FLIP en 7247.54",
    "#9 CHARM     \u2014 Charm dDelta/dT (OI)            score=0.620  conc=0.620  grad=0.000  val@spot=-2.37e+11  p90",
    "#10 INV_DEX   \u2014 Net Delta (flujo neto)          score=0.187  conc=0.187  grad=0.001  val@spot=-1.02e+09  p3 | FLIP en 7246.78",
    "#11 INV_CHARM \u2014 Charm dDelta/dT (flujo neto)    score=0.185  conc=0.185  grad=0.000  val@spot=-3.02e+11  p17 | FLIP en 7282.37",
    "#12 DEX       \u2014 Net Delta (OI)                  score=0.126  conc=0.126  grad=0.001  val@spot=1.25e+10  p28"
  ],
  "por_superficie": {
    "gamma": {
      "n_strikes_banda": 29,
      "var_banda": 4.735641204684397e+19,
      "var_total": 2.837163473627555e+19,
      "concentracion": 1.6691,
      "gradiente_t": 0.0003,
      "score": 1.6696,
      "flip_en_banda": true,
      "nivel_flip": 7247.5385,
      "valor_spot_now": -8607773264.01,
      "percentil_spot": 6.9,
      "interpretacion": "ALTA \u2014 domina el comportamiento cerca del spot"
    },
    "vanna": {
      "n_strikes_banda": 29,
      "var_banda": 5.3165076061545245e+23,
      "var_total": 2.974178194820329e+23,
      "concentracion": 1.7876,
      "gradiente_t": 0.0104,
      "score": 1.8062,
      "flip_en_banda": false,
      "nivel_flip": null,
      "valor_spot_now": 1368626863795.92,
      "percentil_spot": 65.5,
      "interpretacion": "ALTA \u2014 domina el comportamiento cerca del spot"
    },
    "delta": {
      "n_strikes_banda": 29,
      "var_banda": 5.963452691699373e+18,
      "var_total": 4.739217408316333e+19,
      "concentracion": 0.1258,
      "gradiente_t": 0.0011,
      "score": 0.126,
      "flip_en_banda": false,
      "nivel_flip": null,
      "valor_spot_now": 12544587744.91,
      "percentil_spot": 27.6,
      "interpretacion": "BAJA \u2014 energ\u00eda dispersa lejos del spot"
    },
    "charm": {
      "n_strikes_banda": 29,
      "var_banda": 3.581081759086946e+23,
      "var_total": 5.779443086034536e+23,
      "concentracion": 0.6196,
      "gradiente_t": 0.0002,
      "score": 0.6198,
      "flip_en_banda": false,
      "nivel_flip": null,
      "valor_spot_now": -236986250457.92,
      "percentil_spot": 89.7,
      "interpretacion": "ALTA \u2014 domina el comportamiento cerca del spot"
    },
    "color": {
      "n_strikes_banda": 29,
      "var_banda": 5.287695479214571e+35,
      "var_total": 1.309473556222262e+35,
      "concentracion": 4.038,
      "gradiente_t": 0.0,
      "score": 4.0381,
      "flip_en_banda": true,
      "nivel_flip": 7274.2856,
      "valor_spot_now": 1.1065809839835994e+16,
      "percentil_spot": 96.6,
      "interpretacion": "ALTA \u2014 domina el comportamiento cerca del spot"
    },
    "speed": {
      "n_strikes_banda": 29,
      "var_banda": 9.784479506849646e+24,
      "var_total": 2.5187012017837946e+24,
      "concentracion": 3.8847,
      "gradiente_t": 0.0005,
      "score": 3.8868,
      "flip_en_banda": true,
      "nivel_flip": 7226.4911,
      "valor_spot_now": 1307957814627.23,
      "percentil_spot": 75.9,
      "interpretacion": "ALTA \u2014 domina el comportamiento cerca del spot"
    },
    "inv_gamma": {
      "n_strikes_banda": 29,
      "var_banda": 7.2797425991056695e+19,
      "var_total": 1.82074686878409e+19,
      "concentracion": 3.9982,
      "gradiente_t": 0.0002,
      "score": 3.9992,
      "flip_en_banda": true,
      "nivel_flip": 7230.2638,
      "valor_spot_now": -132625226.84,
      "percentil_spot": 51.7,
      "interpretacion": "ALTA \u2014 domina el comportamiento cerca del spot"
    },
    "inv_vanna": {
      "n_strikes_banda": 29,
      "var_banda": 1.1741378324965489e+24,
      "var_total": 3.750280793408157e+23,
      "concentracion": 3.1308,
      "gradiente_t": 0.0056,
      "score": 3.1483,
      "flip_en_banda": true,
      "nivel_flip": 7259.1711,
      "valor_spot_now": 2386778567442.63,
      "percentil_spot": 89.7,
      "interpretacion": "ALTA \u2014 domina el comportamiento cerca del spot"
    },
    "inv_delta": {
      "n_strikes_banda": 29,
      "var_banda": 4.785519278376101e+18,
      "var_total": 2.5567023425684066e+19,
      "concentracion": 0.1872,
      "gradiente_t": 0.001,
      "score": 0.1874,
      "flip_en_banda": true,
      "nivel_flip": 7246.7771,
      "valor_spot_now": -1018953199.54,
      "percentil_spot": 3.4,
      "interpretacion": "BAJA \u2014 energ\u00eda dispersa lejos del spot"
    },
    "inv_charm": {
      "n_strikes_banda": 29,
      "var_banda": 7.392733969738432e+23,
      "var_total": 3.9943406245567915e+24,
      "concentracion": 0.1851,
      "gradiente_t": 0.0,
      "score": 0.1851,
      "flip_en_banda": true,
      "nivel_flip": 7282.3733,
      "valor_spot_now": -301738598216.95,
      "percentil_spot": 17.2,
      "interpretacion": "BAJA \u2014 energ\u00eda dispersa lejos del spot"
    },
    "inv_color": {
      "n_strikes_banda": 29,
      "var_banda": 1.884109873445164e+36,
      "var_total": 4.308624479058968e+35,
      "concentracion": 4.3729,
      "gradiente_t": 0.0,
      "score": 4.3729,
      "flip_en_banda": true,
      "nivel_flip": 7292.1873,
      "valor_spot_now": 1.065417078692995e+16,
      "percentil_spot": 93.1,
      "interpretacion": "ALTA \u2014 domina el comportamiento cerca del spot"
    },
    "inv_speed": {
      "n_strikes_banda": 29,
      "var_banda": 3.3377290344173372e+25,
      "var_total": 7.51920836044424e+24,
      "concentracion": 4.4389,
      "gradiente_t": 0.0003,
      "score": 4.4403,
      "flip_en_banda": true,
      "nivel_flip": 7255.7934,
      "valor_spot_now": 3017491728474.1,
      "percentil_spot": 89.7,
      "interpretacion": "ALTA \u2014 domina el comportamiento cerca del spot"
    }
  },
  "tiene_inv": true
}