{
  "activo": "NDX",
  "spot": 27649.116,
  "banda_pct": 0.01,
  "minutos_ahora": 900,
  "generated_at": "2026-05-04 14:45:03",
  "ranking": [
    "speed",
    "delta",
    "gamma",
    "charm",
    "vanna",
    "color",
    "inv_speed",
    "inv_vanna",
    "inv_gamma",
    "inv_charm",
    "inv_delta",
    "inv_color"
  ],
  "lider": "speed",
  "resumen": [
    "#1 SPEED     \u2014 Speed dGamma/dS (OI)            score=2.414  conc=2.413  grad=0.000  val@spot=7.88e+09  p52",
    "#2 DEX       \u2014 Net Delta (OI)                  score=1.112  conc=1.108  grad=0.004  val@spot=6.65e+09  p52",
    "#3 GEX       \u2014 Gamma Exposure (OI)             score=0.922  conc=0.921  grad=0.001  val@spot=-9.61e+06  p52 | FLIP en 27683.50",
    "#4 CHARM     \u2014 Charm dDelta/dT (OI)            score=0.544  conc=0.544  grad=0.000  val@spot=-4.39e+11  p39",
    "#5 VEX       \u2014 Vanna Exposure (OI)             score=0.327  conc=0.325  grad=0.008  val@spot=6.59e+11  p74",
    "#6 COLOR     \u2014 Color dGamma/dT (OI)            score=0.327  conc=0.327  grad=0.000  val@spot=1.01e+15  p52 | FLIP en 27744.81",
    "#7 INV_SPEED \u2014 Speed dGamma/dS (flujo neto)    score=0.178  conc=0.178  grad=0.000  val@spot=5.16e+10  p52 | FLIP en 27683.41",
    "#8 INV_VEX   \u2014 Vanna Exposure (flujo neto)     score=0.175  conc=0.175  grad=0.004  val@spot=1.19e+13  p52",
    "#9 INV_GEX   \u2014 Gamma Exposure (flujo neto)     score=0.157  conc=0.157  grad=0.001  val@spot=2.65e+10  p74",
    "#10 INV_CHARM \u2014 Charm dDelta/dT (flujo neto)    score=0.151  conc=0.151  grad=0.000  val@spot=-1.12e+13  p52",
    "#11 INV_DEX   \u2014 Net Delta (flujo neto)          score=0.150  conc=0.149  grad=0.003  val@spot=-5.71e+10  p52",
    "#12 INV_COLOR \u2014 Color dGamma/dT (flujo neto)    score=0.026  conc=0.026  grad=0.000  val@spot=-1.25e+17  p52"
  ],
  "por_superficie": {
    "gamma": {
      "n_strikes_banda": 23,
      "var_banda": 3.7951757084593984e+17,
      "var_total": 4.12029932515302e+17,
      "concentracion": 0.9211,
      "gradiente_t": 0.0005,
      "score": 0.9216,
      "flip_en_banda": true,
      "nivel_flip": 27683.4988,
      "valor_spot_now": -9608626.05,
      "percentil_spot": 52.2,
      "interpretacion": "ALTA \u2014 domina el comportamiento cerca del spot"
    },
    "vanna": {
      "n_strikes_banda": 23,
      "var_banda": 4.773014192597575e+22,
      "var_total": 1.4710931460132693e+23,
      "concentracion": 0.3245,
      "gradiente_t": 0.0078,
      "score": 0.327,
      "flip_en_banda": false,
      "nivel_flip": null,
      "valor_spot_now": 658721977375.74,
      "percentil_spot": 73.9,
      "interpretacion": "MEDIA \u2014 relevante, monitorear en conjunto"
    },
    "delta": {
      "n_strikes_banda": 23,
      "var_banda": 1.2687676384189356e+18,
      "var_total": 1.1452543304464591e+18,
      "concentracion": 1.1078,
      "gradiente_t": 0.0035,
      "score": 1.1117,
      "flip_en_banda": false,
      "nivel_flip": null,
      "valor_spot_now": 6650363296.43,
      "percentil_spot": 52.2,
      "interpretacion": "ALTA \u2014 domina el comportamiento cerca del spot"
    },
    "charm": {
      "n_strikes_banda": 23,
      "var_banda": 2.5718187287318463e+24,
      "var_total": 4.730962129085713e+24,
      "concentracion": 0.5436,
      "gradiente_t": 0.0002,
      "score": 0.5437,
      "flip_en_banda": false,
      "nivel_flip": null,
      "valor_spot_now": -438937180609.95,
      "percentil_spot": 39.1,
      "interpretacion": "MEDIA \u2014 relevante, monitorear en conjunto"
    },
    "color": {
      "n_strikes_banda": 23,
      "var_banda": 4.719146417932848e+33,
      "var_total": 1.4452126193030153e+34,
      "concentracion": 0.3265,
      "gradiente_t": 0.0,
      "score": 0.3265,
      "flip_en_banda": true,
      "nivel_flip": 27744.8108,
      "valor_spot_now": 1013289817528867.0,
      "percentil_spot": 52.2,
      "interpretacion": "MEDIA \u2014 relevante, monitorear en conjunto"
    },
    "speed": {
      "n_strikes_banda": 23,
      "var_banda": 8.193966774550379e+21,
      "var_total": 3.396116184487754e+21,
      "concentracion": 2.4127,
      "gradiente_t": 0.0004,
      "score": 2.4137,
      "flip_en_banda": false,
      "nivel_flip": null,
      "valor_spot_now": 7882401453.43,
      "percentil_spot": 52.2,
      "interpretacion": "ALTA \u2014 domina el comportamiento cerca del spot"
    },
    "inv_gamma": {
      "n_strikes_banda": 23,
      "var_banda": 5.378449832406704e+19,
      "var_total": 3.4359717901583496e+20,
      "concentracion": 0.1565,
      "gradiente_t": 0.0008,
      "score": 0.1567,
      "flip_en_banda": false,
      "nivel_flip": null,
      "valor_spot_now": 26484545800.62,
      "percentil_spot": 73.9,
      "interpretacion": "BAJA \u2014 energ\u00eda dispersa lejos del spot"
    },
    "inv_vanna": {
      "n_strikes_banda": 23,
      "var_banda": 2.474661424888474e+25,
      "var_total": 1.41693114635337e+26,
      "concentracion": 0.1746,
      "gradiente_t": 0.0035,
      "score": 0.1753,
      "flip_en_banda": false,
      "nivel_flip": null,
      "valor_spot_now": 11895992544842.36,
      "percentil_spot": 52.2,
      "interpretacion": "BAJA \u2014 energ\u00eda dispersa lejos del spot"
    },
    "inv_delta": {
      "n_strikes_banda": 23,
      "var_banda": 1.110362542618432e+21,
      "var_total": 7.43529152162274e+21,
      "concentracion": 0.1493,
      "gradiente_t": 0.0027,
      "score": 0.1497,
      "flip_en_banda": false,
      "nivel_flip": null,
      "valor_spot_now": -57120954807.99,
      "percentil_spot": 52.2,
      "interpretacion": "BAJA \u2014 energ\u00eda dispersa lejos del spot"
    },
    "inv_charm": {
      "n_strikes_banda": 23,
      "var_banda": 2.2017038355526427e+27,
      "var_total": 1.453922780289859e+28,
      "concentracion": 0.1514,
      "gradiente_t": 0.0001,
      "score": 0.1514,
      "flip_en_banda": false,
      "nivel_flip": null,
      "valor_spot_now": -11206091103686.93,
      "percentil_spot": 52.2,
      "interpretacion": "BAJA \u2014 energ\u00eda dispersa lejos del spot"
    },
    "inv_color": {
      "n_strikes_banda": 23,
      "var_banda": 2.688224903178851e+36,
      "var_total": 1.0140530302606697e+38,
      "concentracion": 0.0265,
      "gradiente_t": 0.0,
      "score": 0.0265,
      "flip_en_banda": false,
      "nivel_flip": null,
      "valor_spot_now": -1.2495168899570995e+17,
      "percentil_spot": 52.2,
      "interpretacion": "BAJA \u2014 energ\u00eda dispersa lejos del spot"
    },
    "inv_speed": {
      "n_strikes_banda": 23,
      "var_banda": 6.806978699375161e+23,
      "var_total": 3.833828469325927e+24,
      "concentracion": 0.1776,
      "gradiente_t": 0.0,
      "score": 0.1776,
      "flip_en_banda": true,
      "nivel_flip": 27683.4139,
      "valor_spot_now": 51633409730.88,
      "percentil_spot": 52.2,
      "interpretacion": "BAJA \u2014 energ\u00eda dispersa lejos del spot"
    }
  },
  "tiene_inv": true
}