{
  "activo": "NQ",
  "spot": 27770.75,
  "banda_pct": 0.01,
  "minutos_ahora": 900,
  "generated_at": "2026-05-04 14:24:11",
  "ranking": [
    "speed",
    "color",
    "gamma",
    "vanna",
    "charm",
    "delta",
    "inv_vanna",
    "inv_gamma",
    "inv_delta",
    "inv_speed",
    "inv_color",
    "inv_charm"
  ],
  "lider": "speed",
  "resumen": [
    "#1 SPEED     \u2014 Speed dGamma/dS (OI)            score=4.530  conc=4.530  grad=0.000  val@spot=1.36e+12  p100 | FLIP en 27953.45",
    "#2 COLOR     \u2014 Color dGamma/dT (OI)            score=4.080  conc=4.080  grad=0.000  val@spot=5.93e+15  p91 | FLIP en 27884.59",
    "#3 GEX       \u2014 Gamma Exposure (OI)             score=2.523  conc=2.522  grad=0.000  val@spot=7.48e+08  p54 | FLIP en 27758.83",
    "#4 VEX       \u2014 Vanna Exposure (OI)             score=2.122  conc=2.100  grad=0.010  val@spot=4.01e+12  p100 | FLIP en 27999.34",
    "#5 CHARM     \u2014 Charm dDelta/dT (OI)            score=1.290  conc=1.289  grad=0.000  val@spot=-1.28e+11  p27",
    "#6 DEX       \u2014 Net Delta (OI)                  score=0.167  conc=0.167  grad=0.001  val@spot=4.12e+09  p9",
    "#7 INV_VEX   \u2014 Vanna Exposure (flujo neto)     score=0.112  conc=0.111  grad=0.006  val@spot=2.91e+13  p54",
    "#8 INV_GEX   \u2014 Gamma Exposure (flujo neto)     score=0.010  conc=0.010  grad=0.000  val@spot=1.67e+10  p54",
    "#9 INV_DEX   \u2014 Net Delta (flujo neto)          score=0.005  conc=0.005  grad=0.001  val@spot=-2.35e+11  p54",
    "#10 INV_SPEED \u2014 Speed dGamma/dS (flujo neto)    score=0.005  conc=0.005  grad=0.000  val@spot=3.21e+12  p64",
    "#11 INV_COLOR \u2014 Color dGamma/dT (flujo neto)    score=0.004  conc=0.004  grad=0.000  val@spot=2.22e+17  p54",
    "#12 INV_CHARM \u2014 Charm dDelta/dT (flujo neto)    score=0.003  conc=0.003  grad=0.000  val@spot=-3.89e+12  p50"
  ],
  "por_superficie": {
    "gamma": {
      "n_strikes_banda": 22,
      "var_banda": 5.768529295232445e+18,
      "var_total": 2.2873000063795313e+18,
      "concentracion": 2.522,
      "gradiente_t": 0.0004,
      "score": 2.523,
      "flip_en_banda": true,
      "nivel_flip": 27758.8311,
      "valor_spot_now": 748304150.13,
      "percentil_spot": 54.5,
      "interpretacion": "ALTA \u2014 domina el comportamiento cerca del spot"
    },
    "vanna": {
      "n_strikes_banda": 22,
      "var_banda": 7.163407622237823e+23,
      "var_total": 3.410565008558809e+23,
      "concentracion": 2.1004,
      "gradiente_t": 0.0104,
      "score": 2.1221,
      "flip_en_banda": true,
      "nivel_flip": 27999.3363,
      "valor_spot_now": 4006940400289.33,
      "percentil_spot": 100.0,
      "interpretacion": "ALTA \u2014 domina el comportamiento cerca del spot"
    },
    "delta": {
      "n_strikes_banda": 22,
      "var_banda": 6.795922958724576e+17,
      "var_total": 4.081468929636702e+18,
      "concentracion": 0.1665,
      "gradiente_t": 0.0007,
      "score": 0.1666,
      "flip_en_banda": false,
      "nivel_flip": null,
      "valor_spot_now": 4118695435.34,
      "percentil_spot": 9.1,
      "interpretacion": "BAJA \u2014 energ\u00eda dispersa lejos del spot"
    },
    "charm": {
      "n_strikes_banda": 22,
      "var_banda": 3.7279522038433194e+22,
      "var_total": 2.891446868988993e+22,
      "concentracion": 1.2893,
      "gradiente_t": 0.0004,
      "score": 1.2898,
      "flip_en_banda": false,
      "nivel_flip": null,
      "valor_spot_now": -127580395939.65,
      "percentil_spot": 27.3,
      "interpretacion": "ALTA \u2014 domina el comportamiento cerca del spot"
    },
    "color": {
      "n_strikes_banda": 22,
      "var_banda": 5.255345147568086e+35,
      "var_total": 1.2882158545179879e+35,
      "concentracion": 4.0796,
      "gradiente_t": 0.0,
      "score": 4.0796,
      "flip_en_banda": true,
      "nivel_flip": 27884.5929,
      "valor_spot_now": 5928552466911490.0,
      "percentil_spot": 90.9,
      "interpretacion": "ALTA \u2014 domina el comportamiento cerca del spot"
    },
    "speed": {
      "n_strikes_banda": 22,
      "var_banda": 1.3655761639756388e+24,
      "var_total": 3.014764614193151e+23,
      "concentracion": 4.5296,
      "gradiente_t": 0.0002,
      "score": 4.5305,
      "flip_en_banda": true,
      "nivel_flip": 27953.4528,
      "valor_spot_now": 1357733687073.32,
      "percentil_spot": 100.0,
      "interpretacion": "ALTA \u2014 domina el comportamiento cerca del spot"
    },
    "inv_gamma": {
      "n_strikes_banda": 22,
      "var_banda": 1.1730751438248742e+20,
      "var_total": 1.1992597688876272e+22,
      "concentracion": 0.0098,
      "gradiente_t": 0.0002,
      "score": 0.0098,
      "flip_en_banda": false,
      "nivel_flip": null,
      "valor_spot_now": 16714416535.26,
      "percentil_spot": 54.5,
      "interpretacion": "BAJA \u2014 energ\u00eda dispersa lejos del spot"
    },
    "inv_vanna": {
      "n_strikes_banda": 22,
      "var_banda": 5.265582796090475e+26,
      "var_total": 4.731481017083655e+27,
      "concentracion": 0.1113,
      "gradiente_t": 0.006,
      "score": 0.112,
      "flip_en_banda": false,
      "nivel_flip": null,
      "valor_spot_now": 29093229877132.57,
      "percentil_spot": 54.5,
      "interpretacion": "BAJA \u2014 energ\u00eda dispersa lejos del spot"
    },
    "inv_delta": {
      "n_strikes_banda": 22,
      "var_banda": 2.0702659072353924e+20,
      "var_total": 3.817882342863287e+22,
      "concentracion": 0.0054,
      "gradiente_t": 0.0009,
      "score": 0.0054,
      "flip_en_banda": false,
      "nivel_flip": null,
      "valor_spot_now": -234817447157.6,
      "percentil_spot": 54.5,
      "interpretacion": "BAJA \u2014 energ\u00eda dispersa lejos del spot"
    },
    "inv_charm": {
      "n_strikes_banda": 22,
      "var_banda": 1.8328828746046707e+25,
      "var_total": 5.322668317838124e+27,
      "concentracion": 0.0034,
      "gradiente_t": 0.0,
      "score": 0.0034,
      "flip_en_banda": false,
      "nivel_flip": null,
      "valor_spot_now": -3891267808238.7,
      "percentil_spot": 50.0,
      "interpretacion": "BAJA \u2014 energ\u00eda dispersa lejos del spot"
    },
    "inv_color": {
      "n_strikes_banda": 22,
      "var_banda": 7.241839056843211e+36,
      "var_total": 1.6774688467706588e+39,
      "concentracion": 0.0043,
      "gradiente_t": 0.0,
      "score": 0.0043,
      "flip_en_banda": false,
      "nivel_flip": null,
      "valor_spot_now": 2.2176563907859187e+17,
      "percentil_spot": 54.5,
      "interpretacion": "BAJA \u2014 energ\u00eda dispersa lejos del spot"
    },
    "inv_speed": {
      "n_strikes_banda": 22,
      "var_banda": 9.102770681308931e+24,
      "var_total": 1.9900980323806238e+27,
      "concentracion": 0.0046,
      "gradiente_t": 0.0,
      "score": 0.0046,
      "flip_en_banda": false,
      "nivel_flip": null,
      "valor_spot_now": 3214009230880.98,
      "percentil_spot": 63.6,
      "interpretacion": "BAJA \u2014 energ\u00eda dispersa lejos del spot"
    }
  },
  "tiene_inv": true
}