{
  "activo": "SPX",
  "spot": 7202.28,
  "banda_pct": 0.01,
  "minutos_ahora": 900,
  "generated_at": "2026-05-04 14:42:58",
  "ranking": [
    "inv_color",
    "inv_speed",
    "inv_charm",
    "speed",
    "inv_gamma",
    "inv_vanna",
    "color",
    "charm",
    "gamma",
    "delta",
    "vanna",
    "inv_delta"
  ],
  "lider": "inv_color",
  "resumen": [
    "#1 INV_COLOR \u2014 Color dGamma/dT (flujo neto)    score=5.053  conc=5.053  grad=0.000  val@spot=1.98e+15  p50 | FLIP en 7156.79",
    "#2 INV_SPEED \u2014 Speed dGamma/dS (flujo neto)    score=4.861  conc=4.861  grad=0.000  val@spot=-1.49e+11  p61 | FLIP en 7188.77",
    "#3 INV_CHARM \u2014 Charm dDelta/dT (flujo neto)    score=3.296  conc=3.296  grad=0.000  val@spot=1.26e+12  p54",
    "#4 SPEED     \u2014 Speed dGamma/dS (OI)            score=2.958  conc=2.957  grad=0.000  val@spot=2.04e+11  p50 | FLIP en 7184.94",
    "#5 INV_GEX   \u2014 Gamma Exposure (flujo neto)     score=2.754  conc=2.752  grad=0.000  val@spot=-2.13e+09  p57",
    "#6 INV_VEX   \u2014 Vanna Exposure (flujo neto)     score=1.220  conc=1.214  grad=0.004  val@spot=-1.24e+12  p50 | FLIP en 7265.78",
    "#7 COLOR     \u2014 Color dGamma/dT (OI)            score=1.001  conc=1.001  grad=0.000  val@spot=3.36e+15  p54 | FLIP en 7216.59",
    "#8 CHARM     \u2014 Charm dDelta/dT (OI)            score=0.803  conc=0.803  grad=0.001  val@spot=-4.90e+12  p25",
    "#9 GEX       \u2014 Gamma Exposure (OI)             score=0.768  conc=0.767  grad=0.001  val@spot=-3.14e+09  p25 | FLIP en 7251.20",
    "#10 DEX       \u2014 Net Delta (OI)                  score=0.760  conc=0.758  grad=0.004  val@spot=6.92e+10  p54",
    "#11 VEX       \u2014 Vanna Exposure (OI)             score=0.475  conc=0.472  grad=0.005  val@spot=2.22e+12  p50",
    "#12 INV_DEX   \u2014 Net Delta (flujo neto)          score=0.464  conc=0.463  grad=0.002  val@spot=-2.75e+10  p54"
  ],
  "por_superficie": {
    "gamma": {
      "n_strikes_banda": 28,
      "var_banda": 4.261248467003126e+19,
      "var_total": 5.5551253342145815e+19,
      "concentracion": 0.7671,
      "gradiente_t": 0.0008,
      "score": 0.7677,
      "flip_en_banda": true,
      "nivel_flip": 7251.198,
      "valor_spot_now": -3142938415.87,
      "percentil_spot": 25.0,
      "interpretacion": "ALTA \u2014 domina el comportamiento cerca del spot"
    },
    "vanna": {
      "n_strikes_banda": 28,
      "var_banda": 6.726016061643098e+23,
      "var_total": 1.423707094086954e+24,
      "concentracion": 0.4724,
      "gradiente_t": 0.0052,
      "score": 0.4749,
      "flip_en_banda": false,
      "nivel_flip": null,
      "valor_spot_now": 2223547759117.33,
      "percentil_spot": 50.0,
      "interpretacion": "MEDIA \u2014 relevante, monitorear en conjunto"
    },
    "delta": {
      "n_strikes_banda": 28,
      "var_banda": 1.3131838349913391e+20,
      "var_total": 1.7329961668715322e+20,
      "concentracion": 0.7578,
      "gradiente_t": 0.0036,
      "score": 0.7605,
      "flip_en_banda": false,
      "nivel_flip": null,
      "valor_spot_now": 69188782968.95,
      "percentil_spot": 53.6,
      "interpretacion": "ALTA \u2014 domina el comportamiento cerca del spot"
    },
    "charm": {
      "n_strikes_banda": 28,
      "var_banda": 2.006754801387036e+26,
      "var_total": 2.4987420438475974e+26,
      "concentracion": 0.8031,
      "gradiente_t": 0.0005,
      "score": 0.8035,
      "flip_en_banda": false,
      "nivel_flip": null,
      "valor_spot_now": -4895579756689.92,
      "percentil_spot": 25.0,
      "interpretacion": "ALTA \u2014 domina el comportamiento cerca del spot"
    },
    "color": {
      "n_strikes_banda": 28,
      "var_banda": 3.8011304436647585e+34,
      "var_total": 3.7957627235176774e+34,
      "concentracion": 1.0014,
      "gradiente_t": 0.0,
      "score": 1.0014,
      "flip_en_banda": true,
      "nivel_flip": 7216.5934,
      "valor_spot_now": 3363177251154704.0,
      "percentil_spot": 53.6,
      "interpretacion": "ALTA \u2014 domina el comportamiento cerca del spot"
    },
    "speed": {
      "n_strikes_banda": 28,
      "var_banda": 1.3100599336928034e+24,
      "var_total": 4.429860837588056e+23,
      "concentracion": 2.9573,
      "gradiente_t": 0.0003,
      "score": 2.9582,
      "flip_en_banda": true,
      "nivel_flip": 7184.9421,
      "valor_spot_now": 204361831545.98,
      "percentil_spot": 50.0,
      "interpretacion": "ALTA \u2014 domina el comportamiento cerca del spot"
    },
    "inv_gamma": {
      "n_strikes_banda": 28,
      "var_banda": 5.1360625047918944e+19,
      "var_total": 1.8660157696377352e+19,
      "concentracion": 2.7524,
      "gradiente_t": 0.0004,
      "score": 2.7536,
      "flip_en_banda": false,
      "nivel_flip": null,
      "valor_spot_now": -2128871964.21,
      "percentil_spot": 57.1,
      "interpretacion": "ALTA \u2014 domina el comportamiento cerca del spot"
    },
    "inv_vanna": {
      "n_strikes_banda": 28,
      "var_banda": 6.707512832608807e+23,
      "var_total": 5.5227050067138975e+23,
      "concentracion": 1.2145,
      "gradiente_t": 0.0043,
      "score": 1.2197,
      "flip_en_banda": true,
      "nivel_flip": 7265.779,
      "valor_spot_now": -1239050634198.57,
      "percentil_spot": 50.0,
      "interpretacion": "ALTA \u2014 domina el comportamiento cerca del spot"
    },
    "inv_delta": {
      "n_strikes_banda": 28,
      "var_banda": 1.6483469911787448e+19,
      "var_total": 3.5620943175295783e+19,
      "concentracion": 0.4627,
      "gradiente_t": 0.0021,
      "score": 0.4637,
      "flip_en_banda": false,
      "nivel_flip": null,
      "valor_spot_now": -27471222016.83,
      "percentil_spot": 53.6,
      "interpretacion": "MEDIA \u2014 relevante, monitorear en conjunto"
    },
    "inv_charm": {
      "n_strikes_banda": 28,
      "var_banda": 8.880884956070348e+25,
      "var_total": 2.694667563063962e+25,
      "concentracion": 3.2957,
      "gradiente_t": 0.0001,
      "score": 3.2962,
      "flip_en_banda": false,
      "nivel_flip": null,
      "valor_spot_now": 1264378938444.19,
      "percentil_spot": 53.6,
      "interpretacion": "ALTA \u2014 domina el comportamiento cerca del spot"
    },
    "inv_color": {
      "n_strikes_banda": 28,
      "var_banda": 1.333167831472456e+36,
      "var_total": 2.6381714837342005e+35,
      "concentracion": 5.0534,
      "gradiente_t": 0.0,
      "score": 5.0534,
      "flip_en_banda": true,
      "nivel_flip": 7156.7862,
      "valor_spot_now": 1979707120800936.0,
      "percentil_spot": 50.0,
      "interpretacion": "ALTA \u2014 domina el comportamiento cerca del spot"
    },
    "inv_speed": {
      "n_strikes_banda": 28,
      "var_banda": 1.3108003309266258e+25,
      "var_total": 2.6965645531771927e+24,
      "concentracion": 4.861,
      "gradiente_t": 0.0001,
      "score": 4.8614,
      "flip_en_banda": true,
      "nivel_flip": 7188.7655,
      "valor_spot_now": -148642993680.01,
      "percentil_spot": 60.7,
      "interpretacion": "ALTA \u2014 domina el comportamiento cerca del spot"
    }
  },
  "tiene_inv": true
}